"network","net_seed","tau","k","n","sum","sumsq","n0","node_theory_sum"
"NSFG 25-44",1001,0.2,1,30,5,5,25,6.59793036943307
"NSFG 25-44",1001,0.2,2,30,16,22,17,13.9317750397068
"NSFG 25-44",1001,0.2,3,30,24,52,15,21.2656197099806
"NSFG 25-44",1001,0.2,4,30,21,63,19,28.1395179422289
"NSFG 25-44",1001,0.2,5,30,25,63,16,33.7715607918086
"NSFG 25-44",1001,0.2,6,30,43,173,15,40.1395179422289
"NSFG 25-44",1001,0.2,7,30,59,255,13,50.2790358844578
"NSFG 25-44",1001,0.2,8,30,78,408,7,49.3798393140763
"NSFG 25-44",1001,0.2,10,30,63,277,6,78.6278307400301
"NSFG 25-44",1001,0.2,12,30,96,586,6,80.2790358844578
"NSFG 25-44",1001,0.2,13,30,75,445,11,87.6588751985341
"NSFG 25-44",1001,0.2,14,30,102,644,8,101.937911082992
"NSFG 25-44",1001,0.4,1,30,11,13,20,13.7426844229755
"NSFG 25-44",1001,0.4,2,30,34,108,11,30.7529021390299
"NSFG 25-44",1001,0.4,3,30,68,336,10,56.6943775228334
"NSFG 25-44",1001,0.4,4,30,50,144,9,66.2981864412422
"NSFG 25-44",1001,0.4,5,30,91,683,10,87.4472796618633
"NSFG 25-44",1001,0.4,6,30,71,361,11,91.6051997584737
"NSFG 25-44",1001,0.4,7,30,134,1372,6,134.102177160544
"NSFG 25-44",1001,0.4,8,30,125,815,4,102.535066586158
"NSFG 25-44",1001,0.4,10,30,234,4126,5,197.113785716663
"NSFG 25-44",1001,0.4,12,30,200,2472,8,183.210399516947
"NSFG 25-44",1001,0.4,13,30,197,2309,8,201.745466103106
"NSFG 25-44",1001,0.4,14,30,321,5499,2,252.955865620053
"NSFG 25-44",1001,0.6,1,30,34,174,16,34.3132814006493
"NSFG 25-44",1001,0.6,2,30,45,173,11,55.3342594378065
"NSFG 25-44",1001,0.6,3,30,73,293,6,87.8349540161614
"NSFG 25-44",1001,0.6,4,30,134,1404,2,138.46151681746
"NSFG 25-44",1001,0.6,5,30,101,577,8,140.752431024242
"NSFG 25-44",1001,0.6,6,30,115,751,7,162.377604668831
"NSFG 25-44",1001,0.6,7,30,246,3638,5,222.671297189033
"NSFG 25-44",1001,0.6,8,30,186,2606,3,162.125868222944
"NSFG 25-44",1001,0.6,10,30,410,9008,1,393.885245030735
"NSFG 25-44",1001,0.6,12,30,281,3877,3,324.755209337662
"NSFG 25-44",1001,0.6,13,30,342,4994,1,360.881077560605
"NSFG 25-44",1001,0.6,14,30,459,9913,2,487.636286898267
"NSFG 25-44",1001,0.8,1,30,50,300,7,73.2789457085037
"NSFG 25-44",1001,0.8,2,30,99,669,1,121.214433624063
"NSFG 25-44",1001,0.8,3,30,158,1902,3,177.597740803937
"NSFG 25-44",1001,0.8,4,30,128,710,4,195.965861294393
"NSFG 25-44",1001,0.8,5,30,154,1116,2,238.269469700409
"NSFG 25-44",1001,0.8,6,30,203,1647,3,270.717288964724
"NSFG 25-44",1001,0.8,7,30,644,22974,2,449.593975477164
"NSFG 25-44",1001,0.8,8,30,401,12719,3,234.239096321575
"NSFG 25-44",1001,0.8,10,30,737,26321,1,882.034264087934
"NSFG 25-44",1001,0.8,12,30,459,8587,2,541.434577929448
"NSFG 25-44",1001,0.8,13,30,427,8367,4,607.673674251022
"NSFG 25-44",1001,0.8,14,30,843,29619,2,885.10825218047
"NSFG 25-44",1001,0.9,1,30,42,146,4,50.2555443256074
"NSFG 25-44",1001,0.9,2,30,150,3338,4,176.620142807748
"NSFG 25-44",1001,0.9,3,30,292,6542,1,279.729196964281
"NSFG 25-44",1001,0.9,4,30,315,6605,2,384.952391514052
"NSFG 25-44",1001,0.9,5,30,187,1651,4,304.131231458963
"NSFG 25-44",1001,0.9,6,30,197,1663,6,352.272635391333
"NSFG 25-44",1001,0.9,7,30,684,25258,2,569.545270782667
"NSFG 25-44",1001,0.9,8,30,692,27892,0,279.424211797111
"NSFG 25-44",1001,0.9,10,30,963,40579,0,1126.226859261
"NSFG 25-44",1001,0.9,12,30,539,11067,3,704.545270782667
"NSFG 25-44",1001,0.9,13,30,714,17822,1,794.969482579777
"NSFG 25-44",1001,0.9,14,30,1191,52141,2,1202.51475336244
"NSFG 25-44",1002,0.2,1,30,5,5,25,6.50594108182798
"NSFG 25-44",1002,0.2,2,30,14,16,17,14.1617482587195
"NSFG 25-44",1002,0.2,3,30,18,30,17,20.2537375463246
"NSFG 25-44",1002,0.2,4,30,23,53,18,29.7953251191205
"NSFG 25-44",1002,0.2,5,30,22,44,17,35.335378681095
"NSFG 25-44",1002,0.2,6,30,39,107,11,41.3813733248976
"NSFG 25-44",1002,0.2,7,30,36,152,18,53.0387145126104
"NSFG 25-44",1002,0.2,8,30,61,211,7,50.2997321901272
"NSFG 25-44",1002,0.2,9,30,64,262,8,60.1172876257383
"NSFG 25-44",1002,0.2,10,30,55,205,9,60
"NSFG 25-44",1002,0.2,12,30,56,272,10,89.9379110829919
"NSFG 25-44",1002,0.4,1,30,10,10,20,13.0891777643597
"NSFG 25-44",1002,0.4,2,30,54,460,11,32.7134221148772
"NSFG 25-44",1002,0.4,3,30,57,233,9,52.9911731240106
"NSFG 25-44",1002,0.4,4,30,86,462,6,70.6548974986808
"NSFG 25-44",1002,0.4,5,30,68,412,9,75.4663242539071
"NSFG 25-44",1002,0.4,6,30,116,630,4,96.8332530274001
"NSFG 25-44",1002,0.4,7,30,135,1137,6,122.556892858332
"NSFG 25-44",1002,0.4,8,30,97,623,8,108.634462066572
"NSFG 25-44",1002,0.4,9,30,218,2594,2,136.536457426223
"NSFG 25-44",1002,0.4,10,30,105,639,7,120
"NSFG 25-44",1002,0.4,12,30,237,3063,1,228.955865620053
"NSFG 25-44",1002,0.6,1,30,27,69,14,37.938455045238
"NSFG 25-44",1002,0.6,2,30,38,74,7,45.0629341114718
"NSFG 25-44",1002,0.6,3,30,102,710,9,97.5020837350647
"NSFG 25-44",1002,0.6,4,30,167,2615,5,128.794387098557
"NSFG 25-44",1002,0.6,5,30,134,948,6,143.169213453968
"NSFG 25-44",1002,0.6,6,30,155,1035,2,156.939844201948
"NSFG 25-44",1002,0.6,7,30,222,2570,2,222.067101581601
"NSFG 25-44",1002,0.6,8,30,164,1244,3,174.209780371573
"NSFG 25-44",1002,0.6,9,30,264,3984,4,226.648929995166
"NSFG 25-44",1002,0.6,10,30,143,1109,5,180
"NSFG 25-44",1002,0.6,12,30,354,7248,4,451.636286898267
"NSFG 25-44",1002,0.8,1,30,40,120,4,42.3036084060157
"NSFG 25-44",1002,0.8,2,30,141,2351,4,93.0550360763463
"NSFG 25-44",1002,0.8,3,30,131,1569,8,186.045560068252
"NSFG 25-44",1002,0.8,4,30,301,6749,3,264.956385286298
"NSFG 25-44",1002,0.8,5,30,192,2344,5,270.652776880283
"NSFG 25-44",1002,0.8,6,30,193,1665,4,298.87668651244
"NSFG 25-44",1002,0.8,7,30,339,5011,4,429.882397193762
"NSFG 25-44",1002,0.8,8,30,253,2339,1,253.950674604976
"NSFG 25-44",1002,0.8,9,30,397,8403,2,382.140445531527
"NSFG 25-44",1002,0.8,10,30,249,2287,2,240
"NSFG 25-44",1002,0.8,12,30,836,28936,2,837.10825218047
"NSFG 25-44",1002,0.9,1,30,31,45,3,35.4565615729481
"NSFG 25-44",1002,0.9,2,30,170,3672,4,170.277721628037
"NSFG 25-44",1002,0.9,3,30,258,7500,2,216.30498516717
"NSFG 25-44",1002,0.9,4,30,301,5785,2,359.582706795207
"NSFG 25-44",1002,0.9,5,30,317,8241,2,354.870600896652
"NSFG 25-44",1002,0.9,6,30,234,2326,5,343.816073818385
"NSFG 25-44",1002,0.9,7,30,378,6432,4,544.175586063822
"NSFG 25-44",1002,0.9,8,30,267,2753,3,325.935300448326
"NSFG 25-44",1002,0.9,9,30,524,15212,3,534.751374266711
"NSFG 25-44",1002,0.9,10,30,221,2161,7,270
"NSFG 25-44",1002,0.9,12,30,1145,46137,0,1148.51475336244
"NSFG 25-44",1003,0.2,1,30,7,9,24,6.59793036943307
"NSFG 25-44",1003,0.2,2,30,6,8,25,15.8175554356111
"NSFG 25-44",1003,0.2,3,30,16,30,20,21.1276357785729
"NSFG 25-44",1003,0.2,4,30,32,98,12,30.0712929819357
"NSFG 25-44",1003,0.2,5,30,49,175,10,31.9777696835094
"NSFG 25-44",1003,0.2,6,30,42,122,10,43.7730948026298
"NSFG 25-44",1003,0.2,7,30,45,145,11,45.5875822165984
"NSFG 25-44",1003,0.2,8,30,49,181,11,57.2909180481138
"NSFG 25-44",1003,0.2,9,30,59,245,10,58.231507229834
"NSFG 25-44",1003,0.2,10,30,80,502,13,97.2556614800602
"NSFG 25-44",1003,0.2,11,30,69,367,10,79.798393140763
"NSFG 25-44",1003,0.4,1,30,13,15,18,15.7032043988228
"NSFG 25-44",1003,0.4,2,30,35,107,12,41.6446797826264
"NSFG 25-44",1003,0.4,3,30,41,113,12,49.7236398309316
"NSFG 25-44",1003,0.4,4,30,93,791,4,68.2587064170896
"NSFG 25-44",1003,0.4,5,30,62,292,8,73.9414753838035
"NSFG 25-44",1003,0.4,6,30,117,1009,3,93.5657197343211
"NSFG 25-44",1003,0.4,7,30,56,200,9,98.8128175952913
"NSFG 25-44",1003,0.4,8,30,79,423,8,140.656288338746
"NSFG 25-44",1003,0.4,9,30,144,982,1,133.268924133144
"NSFG 25-44",1003,0.4,10,30,213,3639,6,296.446797826264
"NSFG 25-44",1003,0.4,11,30,192,2064,6,197.350665861579
"NSFG 25-44",1003,0.6,1,30,42,342,11,30.0839121486291
"NSFG 25-44",1003,0.6,2,30,55,233,9,69.23075840873
"NSFG 25-44",1003,0.6,3,30,71,427,8,121.669908032323
"NSFG 25-44",1003,0.6,4,30,159,1819,4,172.900666441053
"NSFG 25-44",1003,0.6,5,30,146,1628,4,141.356626631674
"NSFG 25-44",1003,0.6,6,30,181,2821,6,172.044734387734
"NSFG 25-44",1003,0.6,7,30,193,2275,4,181.585995883694
"NSFG 25-44",1003,0.6,8,30,251,3049,2,254.567796159956
"NSFG 25-44",1003,0.6,9,30,213,2325,5,227.857321210028
"NSFG 25-44",1003,0.6,10,30,435,10609,2,669.398442019477
"NSFG 25-44",1003,0.6,11,30,410,9656,1,379.258682229436
"NSFG 25-44",1003,0.8,1,30,25,31,7,33.8557891417007
"NSFG 25-44",1003,0.8,2,30,97,1057,3,133.886162520535
"NSFG 25-44",1003,0.8,3,30,191,5975,4,169.149921539622
"NSFG 25-44",1003,0.8,4,30,298,11664,4,386.041794741479
"NSFG 25-44",1003,0.8,5,30,344,13286,2,273.468716635054
"NSFG 25-44",1003,0.8,6,30,185,1573,1,207.358644482362
"NSFG 25-44",1003,0.8,7,30,218,1930,2,262.33398178485
"NSFG 25-44",1003,0.8,8,30,407,7447,3,490.489614005794
"NSFG 25-44",1003,0.8,9,30,328,4244,2,370.87668651244
"NSFG 25-44",1003,0.8,10,30,778,31204,4,1380.45560068251
"NSFG 25-44",1003,0.8,11,30,882,46522,4,686.390963215746
"NSFG 25-44",1003,0.9,1,30,47,177,3,65.0545270782666
"NSFG 25-44",1003,0.9,2,30,85,441,4,104.739369437689
"NSFG 25-44",1003,0.9,3,30,171,2269,3,218.419125560407
"NSFG 25-44",1003,0.9,4,30,378,7300,1,444.148322524689
"NSFG 25-44",1003,0.9,5,30,285,6541,1,323.158494998096
"NSFG 25-44",1003,0.9,6,30,652,41670,2,483.349339772029
"NSFG 25-44",1003,0.9,7,30,371,7691,1,372.930214211622
"NSFG 25-44",1003,0.9,8,30,443,8773,2,662.083622973015
"NSFG 25-44",1003,0.9,9,30,345,4969,4,473.441302862837
"NSFG 25-44",1003,0.9,10,30,1188,53164,2,1982.453718522
"NSFG 25-44",1003,0.9,11,30,1631,122259,2,931.242117971111
"NSFG 25-44",1004,0.2,1,30,2,2,28,7.60981253308902
"NSFG 25-44",1004,0.2,2,30,10,14,22,13.5638178892865
"NSFG 25-44",1004,0.2,3,30,23,51,17,20.5757000529424
"NSFG 25-44",1004,0.2,4,30,38,148,16,27.3576089975857
"NSFG 25-44",1004,0.2,5,30,29,161,18,34.2775018736365
"NSFG 25-44",1004,0.2,6,30,29,75,15,43.7730948026298
"NSFG 25-44",1004,0.2,7,30,56,254,11,56.7182860168139
"NSFG 25-44",1004,0.2,8,30,49,161,10,55.0371805017891
"NSFG 25-44",1004,0.2,9,30,66,468,12,91.2556614800602
"NSFG 25-44",1004,0.2,12,30,75,319,5,76.1395179422289
"NSFG 25-44",1004,0.2,18,30,98,688,8,127.317750397068
"NSFG 25-44",1004,0.4,1,30,14,16,17,17.2280532689263
"NSFG 25-44",1004,0.4,2,30,21,45,17,32.2777510091334
"NSFG 25-44",1004,0.4,3,30,72,498,8,56.6943775228334
"NSFG 25-44",1004,0.4,4,30,71,329,6,76.7542929790948
"NSFG 25-44",1004,0.4,5,30,75,303,5,73.5058042780597
"NSFG 25-44",1004,0.4,6,30,130,1372,3,112.953083939923
"NSFG 25-44",1004,0.4,7,30,125,1223,10,158.064087976456
"NSFG 25-44",1004,0.4,8,30,101,593,5,125.189964084839
"NSFG 25-44",1004,0.4,9,30,240,4160,3,284.446797826264
"NSFG 25-44",1004,0.4,12,30,157,1271,5,163.605199758474
"NSFG 25-44",1004,0.4,18,30,216,3146,9,307.490932206211
"NSFG 25-44",1004,0.6,1,30,24,42,11,27.0629341114718
"NSFG 25-44",1004,0.6,2,30,66,578,9,81.314670557359
"NSFG 25-44",1004,0.6,3,30,188,5514,3,107.169213453968
"NSFG 25-44",1004,0.6,4,30,126,1170,5,166.858710366738
"NSFG 25-44",1004,0.6,5,30,107,607,9,137.127257379653
"NSFG 25-44",1004,0.6,6,30,178,1838,3,176.274103639754
"NSFG 25-44",1004,0.6,7,30,385,11629,7,311.488051481456
"NSFG 25-44",1004,0.6,8,30,221,2253,0,218.9202553215
"NSFG 25-44",1004,0.6,9,30,795,29645,3,651.398442019478
"NSFG 25-44",1004,0.6,12,30,244,3714,3,270.377604668831
"NSFG 25-44",1004,0.6,18,30,528,11468,1,577.762155121211
"NSFG 25-44",1004,0.8,1,30,103,2749,7,70.463005953732
"NSFG 25-44",1004,0.8,2,30,60,278,6,69.1195481607873
"NSFG 25-44",1004,0.8,3,30,129,1107,5,180.413680558708
"NSFG 25-44",1004,0.8,4,30,245,3865,1,257.916535899369
"NSFG 25-44",1004,0.8,5,30,148,886,3,174.910825218047
"NSFG 25-44",1004,0.8,6,30,313,6067,2,374.907059891275
"NSFG 25-44",1004,0.8,7,30,767,33631,2,634.038029414707
"NSFG 25-44",1004,0.8,8,30,326,4450,1,382.075933447086
"NSFG 25-44",1004,0.8,9,30,1046,49932,3,1356.45560068251
"NSFG 25-44",1004,0.8,12,30,458,9222,1,414.717288964724
"NSFG 25-44",1004,0.8,18,30,730,21410,2,1023.34734850205
"NSFG 25-44",1004,0.9,1,30,68,1296,5,81.9676502241629
"NSFG 25-44",1004,0.9,2,30,137,5935,2,149.136317695667
"NSFG 25-44",1004,0.9,3,30,126,828,4,231.103967919829
"NSFG 25-44",1004,0.9,4,30,311,7933,3,300.38677578457
"NSFG 25-44",1004,0.9,5,30,348,9846,1,352.756460503415
"NSFG 25-44",1004,0.9,6,30,514,20202,0,508.719024490874
"NSFG 25-44",1004,0.9,7,30,901,39375,2,732.334081061918
"NSFG 25-44",1004,0.9,8,30,441,10353,3,435.870600896652
"NSFG 25-44",1004,0.9,9,30,1763,113723,1,1955.453718522
"NSFG 25-44",1004,0.9,12,30,723,20393,2,514.272635391333
"NSFG 25-44",1004,0.9,18,30,924,30690,2,1373.93896515955
"NSFG 25-44",1005,0.2,1,30,7,9,24,6.50594108182798
"NSFG 25-44",1005,0.2,2,30,19,41,18,15.6795715042035
"NSFG 25-44",1005,0.2,3,30,31,71,10,21.4495982851908
"NSFG 25-44",1005,0.2,4,30,24,50,15,26.9896518471653
"NSFG 25-44",1005,0.2,5,30,33,73,13,33.2656197099806
"NSFG 25-44",1005,0.2,6,30,57,253,10,42.5312394199612
"NSFG 25-44",1005,0.2,7,30,36,92,13,44.7596786281526
"NSFG 25-44",1005,0.2,8,30,55,199,8,49.3798393140763
"NSFG 25-44",1005,0.2,9,30,80,500,10,63.2909180481138
"NSFG 25-44",1005,0.2,10,30,78,328,4,64.231507229834
"NSFG 25-44",1005,0.2,11,30,76,362,6,68.7596786281526
"NSFG 25-44",1005,0.4,1,30,9,15,23,14.6140266344632
"NSFG 25-44",1005,0.4,2,30,31,69,13,29.4458888217983
"NSFG 25-44",1005,0.4,3,30,58,274,10,43.6242443505176
"NSFG 25-44",1005,0.4,4,30,57,215,9,59.7631198550843
"NSFG 25-44",1005,0.4,5,30,102,592,6,86.1402663446317
"NSFG 25-44",1005,0.4,6,30,99,655,9,95.7440752630404
"NSFG 25-44",1005,0.4,7,30,110,584,3,97.0701331723158
"NSFG 25-44",1005,0.4,8,30,93,485,7,102.535066586158
"NSFG 25-44",1005,0.4,9,30,164,1400,1,154.616808314593
"NSFG 25-44",1005,0.4,10,30,141,1117,5,142.219226392937
"NSFG 25-44",1005,0.4,11,30,161,1237,4,145.070133172316
"NSFG 25-44",1005,0.6,1,30,41,331,11,31.8964989709235
"NSFG 25-44",1005,0.6,2,30,85,579,6,71.6475408384558
"NSFG 25-44",1005,0.6,3,30,81,479,8,105.960822239105
"NSFG 25-44",1005,0.6,4,30,116,766,3,101.00138915671
"NSFG 25-44",1005,0.6,5,30,135,977,2,140.148235416811
"NSFG 25-44",1005,0.6,6,30,190,2014,5,176.274103639754
"NSFG 25-44",1005,0.6,7,30,139,939,6,162.251736445887
"NSFG 25-44",1005,0.6,8,30,161,1077,2,162.125868222944
"NSFG 25-44",1005,0.6,9,30,281,3569,4,291.297859990331
"NSFG 25-44",1005,0.6,10,30,254,3814,5,235.585995883694
"NSFG 25-44",1005,0.6,11,30,200,1798,1,234.251736445887
"NSFG 25-44",1005,0.8,1,30,91,1227,3,60.6072168120313
"NSFG 25-44",1005,0.8,2,30,113,1621,6,116.990523991905
"NSFG 25-44",1005,0.8,3,30,103,879,4,133.950674604976
"NSFG 25-44",1005,0.8,4,30,198,2038,1,200.189770926551
"NSFG 25-44",1005,0.8,5,30,178,2288,9,284.732475654141
"NSFG 25-44",1005,0.8,6,30,224,2812,5,310.140445531527
"NSFG 25-44",1005,0.8,7,30,188,1472,4,252.478192643149
"NSFG 25-44",1005,0.8,8,30,225,1897,2,234.239096321575
"NSFG 25-44",1005,0.8,9,30,451,7315,0,534.201192289196
"NSFG 25-44",1005,0.8,10,30,371,6575,4,369.533228719496
"NSFG 25-44",1005,0.8,11,30,275,3169,4,348.478192643149
"NSFG 25-44",1005,0.9,1,30,45,171,3,77.739369437689
"NSFG 25-44",1005,0.9,2,30,166,3088,0,178.734283200985
"NSFG 25-44",1005,0.9,3,30,291,8079,1,273.38677578457
"NSFG 25-44",1005,0.9,4,30,180,1908,5,243.30498516717
"NSFG 25-44",1005,0.9,5,30,179,1493,3,321.044354604859
"NSFG 25-44",1005,0.9,6,30,310,4880,4,400.897864435785
"NSFG 25-44",1005,0.9,7,30,248,2150,1,315.848423594222
"NSFG 25-44",1005,0.9,8,30,239,2121,3,279.424211797111
"NSFG 25-44",1005,0.9,9,30,484,8868,3,695.426044152726
"NSFG 25-44",1005,0.9,10,30,531,12147,3,460.272635391333
"NSFG 25-44",1005,0.9,11,30,344,4266,2,423.848423594222
"NSFG 25-44",1006,0.2,1,30,8,12,24,7.7937911082992
"NSFG 25-44",1006,0.2,2,30,9,15,24,15.219625066178
"NSFG 25-44",1006,0.2,3,30,15,29,21,21.725566148006
"NSFG 25-44",1006,0.2,4,30,19,37,18,29.4273679687001
"NSFG 25-44",1006,0.2,5,30,29,83,16,37.1751644331968
"NSFG 25-44",1006,0.2,6,30,39,111,12,39.8175554356111
"NSFG 25-44",1006,0.2,7,30,70,318,8,53.1307038002155
"NSFG 25-44",1006,0.2,8,30,45,265,14,71.7792308459149
"NSFG 25-44",1006,0.2,10,30,72,348,10,75.5001949614572
"NSFG 25-44",1006,0.2,11,30,79,385,8,77.1307038002155
"NSFG 25-44",1006,0.2,13,30,105,787,4,94.5580717689157
"NSFG 25-44",1006,0.4,1,30,12,14,19,21.5847643263649
"NSFG 25-44",1006,0.4,2,30,41,177,11,37.7236398309316
"NSFG 25-44",1006,0.4,3,30,53,183,11,52.5555020182667
"NSFG 25-44",1006,0.4,4,30,159,2393,4,78.0613062963264
"NSFG 25-44",1006,0.4,5,30,104,1102,12,89.8434707434545
"NSFG 25-44",1006,0.4,6,30,86,494,9,93.3478841814492
"NSFG 25-44",1006,0.4,7,30,146,1302,5,135.627026030648
"NSFG 25-44",1006,0.4,8,30,232,3844,4,206.660460858941
"NSFG 25-44",1006,0.4,10,30,232,4740,4,184.914994755835
"NSFG 25-44",1006,0.4,11,30,170,1714,2,194.300968121372
"NSFG 25-44",1006,0.4,13,30,209,2667,6,234.420799033895
"NSFG 25-44",1006,0.6,1,30,63,1151,9,34.9174770080807
"NSFG 25-44",1006,0.6,2,30,90,584,4,80.7104749499276
"NSFG 25-44",1006,0.6,3,30,129,1195,2,112.00277831342
"NSFG 25-44",1006,0.6,4,30,229,5717,3,150.545428966089
"NSFG 25-44",1006,0.6,5,30,148,1606,5,161.899277284343
"NSFG 25-44",1006,0.6,6,30,250,7774,4,161.773409061399
"NSFG 25-44",1006,0.6,7,30,316,6738,3,280.674075502452
"NSFG 25-44",1006,0.6,8,30,224,3780,5,334.321616340908
"NSFG 25-44",1006,0.6,10,30,390,11074,4,360.050291014573
"NSFG 25-44",1006,0.6,11,30,447,21001,3,378.050291014573
"NSFG 25-44",1006,0.6,13,30,486,14284,3,451.510418675324
"NSFG 25-44",1006,0.8,1,30,219,23111,8,47.9354879155589
"NSFG 25-44",1006,0.8,2,30,62,210,5,84.6072168120313
"NSFG 25-44",1006,0.8,3,30,179,3697,3,146.622403501449
"NSFG 25-44",1006,0.8,4,30,521,43911,3,293.115782834015
"NSFG 25-44",1006,0.8,5,30,391,25033,3,288.956385286299
"NSFG 25-44",1006,0.8,6,30,265,3317,2,246.781801049165
"NSFG 25-44",1006,0.8,7,30,1051,86297,1,545.3359271394
"NSFG 25-44",1006,0.8,8,30,1112,116138,3,718.580734142297
"NSFG 25-44",1006,0.8,10,30,1147,122767,7,659.575023460975
"NSFG 25-44",1006,0.8,11,30,1159,103387,4,689.206902970518
"NSFG 25-44",1006,0.8,13,30,1426,96566,1,818.869155858896
"NSFG 25-44",1006,0.9,1,30,253,36193,0,75.6252290444519
"NSFG 25-44",1006,0.9,2,30,408,50300,3,212.560529492778
"NSFG 25-44",1006,0.9,3,30,282,13732,1,241.674669886015
"NSFG 25-44",1006,0.9,4,30,1105,158267,3,384.952391514052
"NSFG 25-44",1006,0.9,5,30,609,46543,1,492.289726457059
"NSFG 25-44",1006,0.9,6,30,1084,131788,6,345.930214211622
"NSFG 25-44",1006,0.9,7,30,1764,224424,3,671.024009658044
"NSFG 25-44",1006,0.9,8,30,1873,237013,4,1006.68850707065
"NSFG 25-44",1006,0.9,10,30,2286,336688,0,900.013837184637
"NSFG 25-44",1006,0.9,11,30,2137,304359,2,903.75829285903
"NSFG 25-44",1006,0.9,13,30,2080,199686,3,1112.09054156533
"NSFG 25-44",1007,0.2,1,30,3,3,27,7.14986609506359
"NSFG 25-44",1007,0.2,2,30,24,78,17,13.7018018206941
"NSFG 25-44",1007,0.2,3,30,35,297,18,21.0816411347704
"NSFG 25-44",1007,0.2,4,30,24,88,19,29.841319762923
"NSFG 25-44",1007,0.2,5,30,46,174,11,37.4511322960121
"NSFG 25-44",1007,0.2,6,30,43,113,9,38.8516679157577
"NSFG 25-44",1007,0.2,7,30,54,212,11,47.6573411877129
"NSFG 25-44",1007,0.2,8,30,62,698,13,94.9145366785943
"NSFG 25-44",1007,0.2,10,30,55,223,11,73.8903824283681
"NSFG 25-44",1007,0.2,11,30,84,414,7,71.5193572563052
"NSFG 25-44",1007,0.2,12,30,89,431,6,88.5580717689156
"NSFG 25-44",1007,0.4,1,30,21,97,19,18.9707376919018
"NSFG 25-44",1007,0.4,2,30,55,615,11,38.8128175952913
"NSFG 25-44",1007,0.4,3,30,54,440,11,55.8230353113457
"NSFG 25-44",1007,0.4,4,30,98,1016,5,74.1402663446317
"NSFG 25-44",1007,0.4,5,30,77,393,6,89.6256351905826
"NSFG 25-44",1007,0.4,6,30,68,298,9,86.5949820424194
"NSFG 25-44",1007,0.4,7,30,95,509,6,112.318621873351
"NSFG 25-44",1007,0.4,8,30,368,7956,3,318.19226392937
"NSFG 25-44",1007,0.4,10,30,164,1612,3,195.371101293688
"NSFG 25-44",1007,0.4,11,30,120,952,8,158.140266344632
"NSFG 25-44",1007,0.4,12,30,254,3174,4,222.420799033895
"NSFG 25-44",1007,0.6,1,30,32,170,11,29.4797165411976
"NSFG 25-44",1007,0.6,2,30,61,277,5,61.3762155121211
"NSFG 25-44",1007,0.6,3,30,77,509,6,89.0433452310243
"NSFG 25-44",1007,0.6,4,30,109,931,7,123.356626631674
"NSFG 25-44",1007,0.6,5,30,189,1897,4,195.734231300504
"NSFG 25-44",1007,0.6,6,30,183,1547,0,149.085301305339
"NSFG 25-44",1007,0.6,7,30,195,1725,3,198.503472891774
"NSFG 25-44",1007,0.6,8,30,639,20385,2,760.279519580083
"NSFG 25-44",1007,0.6,10,30,405,8331,1,375.759376807791
"NSFG 25-44",1007,0.6,11,30,279,3795,2,270.503472891775
"NSFG 25-44",1007,0.6,12,30,426,8622,1,433.510418675323
"NSFG 25-44",1007,0.8,1,30,59,647,8,49.3434577929447
"NSFG 25-44",1007,0.8,2,30,132,2064,4,116.990523991905
"NSFG 25-44",1007,0.8,3,30,107,1003,6,142.398493869291
"NSFG 25-44",1007,0.8,4,30,217,2501,2,236.796987738582
"NSFG 25-44",1007,0.8,5,30,285,4769,1,310.075933447086
"NSFG 25-44",1007,0.8,6,30,245,3285,6,273.533228719496
"NSFG 25-44",1007,0.8,7,30,249,2451,1,338.364355163684
"NSFG 25-44",1007,0.8,8,30,1161,53933,0,1628.12927493354
"NSFG 25-44",1007,0.8,10,30,600,16486,3,684.918481253919
"NSFG 25-44",1007,0.8,11,30,519,9973,0,432.956385286299
"NSFG 25-44",1007,0.8,12,30,677,18971,2,794.869155858895
"NSFG 25-44",1007,0.9,1,30,34,60,3,41.7989827526592
"NSFG 25-44",1007,0.9,2,30,114,1220,8,157.592879268615
"NSFG 25-44",1007,0.9,3,30,175,2351,1,190.935300448326
"NSFG 25-44",1007,0.9,4,30,366,9440,2,393.408953087
"NSFG 25-44",1007,0.9,5,30,333,6387,4,475.376603311163
"NSFG 25-44",1007,0.9,6,30,303,4645,4,358.615056571044
"NSFG 25-44",1007,0.9,7,30,317,3651,1,438.46856640197
"NSFG 25-44",1007,0.9,8,30,1435,74395,2,2372.42320110178
"NSFG 25-44",1007,0.9,10,30,790,25924,2,984.579452914118
"NSFG 25-44",1007,0.9,11,30,579,12097,1,550.696847188444
"NSFG 25-44",1007,0.9,12,30,942,31904,1,1085.09054156533
"NSFG 25-44",1008,0.2,1,30,5,5,25,6.87389823224833
"NSFG 25-44",1008,0.2,2,30,12,20,21,14.7136839843501
"NSFG 25-44",1008,0.2,3,30,18,68,22,22.7834429554645
"NSFG 25-44",1008,0.2,4,30,23,71,18,28.9674215306747
"NSFG 25-44",1008,0.2,5,30,35,107,14,38.5550037472731
"NSFG 25-44",1008,0.2,6,30,51,179,10,44.5090091034705
"NSFG 25-44",1008,0.2,7,30,90,816,11,50.7849769662858
"NSFG 25-44",1008,0.2,8,30,61,211,8,52.231507229834
"NSFG 25-44",1008,0.2,9,30,76,374,8,72.2138789458072
"NSFG 25-44",1008,0.2,11,30,87,651,11,78.4185538266867
"NSFG 25-44",1008,0.2,12,30,77,509,10,89.9379110829919
"NSFG 25-44",1008,0.2,15,30,95,519,5,111.387509368183
"NSFG 25-44",1008,0.4,1,30,7,7,23,16.1388755045667
"NSFG 25-44",1008,0.4,2,30,41,105,9,38.8128175952913
"NSFG 25-44",1008,0.4,3,30,50,206,14,52.7733375711387
"NSFG 25-44",1008,0.4,4,30,55,197,10,64.3376664653948
"NSFG 25-44",1008,0.4,5,30,101,1109,6,72.8522976194439
"NSFG 25-44",1008,0.4,6,30,104,532,4,99.8829507676071
"NSFG 25-44",1008,0.4,7,30,116,1118,8,119.725030670997
"NSFG 25-44",1008,0.4,8,30,166,1762,4,114.733857546986
"NSFG 25-44",1008,0.4,9,30,172,1858,5,199.490932206211
"NSFG 25-44",1008,0.4,11,30,224,2488,5,190.815599275421
"NSFG 25-44",1008,0.4,12,30,260,3510,4,228.955865620053
"NSFG 25-44",1008,0.4,15,30,186,2272,5,278.025998792369
"NSFG 25-44",1008,0.6,1,30,33,209,15,30.6881077560605
"NSFG 25-44",1008,0.6,2,30,69,837,8,74.0643232681816
"NSFG 25-44",1008,0.6,3,30,81,621,8,89.6475408384558
"NSFG 25-44",1008,0.6,4,30,232,5066,5,153.566407003246
"NSFG 25-44",1008,0.6,5,30,149,3441,8,163.711864106637
"NSFG 25-44",1008,0.6,6,30,216,3820,3,211.317448870779
"NSFG 25-44",1008,0.6,7,30,287,4951,2,255.902055597763
"NSFG 25-44",1008,0.6,8,30,209,2379,5,197.169213453968
"NSFG 25-44",1008,0.6,9,30,334,6766,4,379.510418675324
"NSFG 25-44",1008,0.6,11,30,294,4568,4,361.132814006492
"NSFG 25-44",1008,0.6,12,30,510,14254,3,451.636286898267
"NSFG 25-44",1008,0.6,15,30,502,12736,3,569.07682567857
"NSFG 25-44",1008,0.8,1,30,58,418,8,84.5427047275903
"NSFG 25-44",1008,0.8,2,30,103,1781,4,101.502855340661
"NSFG 25-44",1008,0.8,3,30,196,4398,1,156.478192643149
"NSFG 25-44",1008,0.8,4,30,280,5500,2,248.060746757668
"NSFG 25-44",1008,0.8,5,30,337,8721,2,341.051270749574
"NSFG 25-44",1008,0.8,6,30,248,3886,4,321.404204550613
"NSFG 25-44",1008,0.8,7,30,404,8032,0,397.499090013889
"NSFG 25-44",1008,0.8,8,30,300,3708,2,320.12525884211
"NSFG 25-44",1008,0.8,9,30,693,30649,4,739.764794387525
"NSFG 25-44",1008,0.8,11,30,734,20050,1,644.151866894172
"NSFG 25-44",1008,0.8,12,30,1168,61570,4,837.10825218047
"NSFG 25-44",1008,0.8,15,30,969,36863,2,1056.94508930598
"NSFG 25-44",1008,0.9,1,30,38,92,5,77.7393694376889
"NSFG 25-44",1008,0.9,2,30,163,3067,4,225.2453718522
"NSFG 25-44",1008,0.9,3,30,243,5217,1,220.533265953644
"NSFG 25-44",1008,0.9,4,30,252,6684,4,262.332248706304
"NSFG 25-44",1008,0.9,5,30,378,13988,4,371.783724042548
"NSFG 25-44",1008,0.9,6,30,444,11992,0,405.126145222259
"NSFG 25-44",1008,0.9,7,30,458,10700,2,552.63214763677
"NSFG 25-44",1008,0.9,8,30,399,6341,1,397.816073818385
"NSFG 25-44",1008,0.9,9,30,1189,65187,0,1080.19959572187
"NSFG 25-44",1008,0.9,11,30,742,21504,3,867.817906174
"NSFG 25-44",1008,0.9,12,30,1635,100857,2,1148.51475336244
"NSFG 25-44",1008,0.9,15,30,1239,54609,1,1356.36317695667
"NSFG 25-44",1009,0.2,1,30,10,16,22,7.28785002647122
"NSFG 25-44",1009,0.2,2,30,11,11,19,15.0356464909679
"NSFG 25-44",1009,0.2,3,30,17,33,20,18.9198928760509
"NSFG 25-44",1009,0.2,4,30,33,123,14,29.6573411877129
"NSFG 25-44",1009,0.2,5,30,41,169,13,41.682639525846
"NSFG 25-44",1009,0.2,6,30,48,240,13,40.6914536678594
"NSFG 25-44",1009,0.2,7,30,51,173,9,49.4971269398146
"NSFG 25-44",1009,0.2,8,30,56,206,11,57.4289019795214
"NSFG 25-44",1009,0.2,9,30,85,499,5,77.4572683392971
"NSFG 25-44",1009,0.2,12,30,67,263,8,73.3798393140763
"NSFG 25-44",1009,0.4,1,30,9,9,21,13.7426844229755
"NSFG 25-44",1009,0.4,2,30,29,83,17,30.9707376919018
"NSFG 25-44",1009,0.4,3,30,64,580,10,49.0701331723158
"NSFG 25-44",1009,0.4,4,30,69,297,6,70.8727330515527
"NSFG 25-44",1009,0.4,5,30,62,212,8,99.8639061755633
"NSFG 25-44",1009,0.4,6,30,104,928,5,93.5657197343211
"NSFG 25-44",1009,0.4,7,30,183,1777,3,119.289359565253
"NSFG 25-44",1009,0.4,8,30,104,738,6,151.33023042947
"NSFG 25-44",1009,0.4,9,30,178,2124,5,219.096131964685
"NSFG 25-44",1009,0.4,12,30,160,1232,3,150.535066586158
"NSFG 25-44",1009,0.6,1,30,25,39,10,30.6881077560605
"NSFG 25-44",1009,0.6,2,30,103,2303,6,56.5426506526695
"NSFG 25-44",1009,0.6,3,30,79,385,6,74.5426506526694
"NSFG 25-44",1009,0.6,4,30,108,818,2,131.815365135714
"NSFG 25-44",1009,0.6,5,30,221,5697,6,256.757987651081
"NSFG 25-44",1009,0.6,6,30,148,1796,3,164.794387098557
"NSFG 25-44",1009,0.6,7,30,236,3036,4,220.858710366738
"NSFG 25-44",1009,0.6,8,30,301,5813,2,293.236315035569
"NSFG 25-44",1009,0.6,9,30,405,9281,3,470.139759790042
"NSFG 25-44",1009,0.6,12,30,261,2855,4,234.125868222944
"NSFG 25-44",1009,0.8,1,30,34,78,8,49.3434577929447
"NSFG 25-44",1009,0.8,2,30,76,316,2,114.174584237134
"NSFG 25-44",1009,0.8,3,30,90,344,3,148.030373378834
"NSFG 25-44",1009,0.8,4,30,178,2516,3,208.637590190866
"NSFG 25-44",1009,0.8,5,30,447,11737,2,432.569312779652
"NSFG 25-44",1009,0.8,6,30,203,2761,3,246.781801049165
"NSFG 25-44",1009,0.8,7,30,292,4122,2,373.56360209833
"NSFG 25-44",1009,0.8,8,30,490,16170,4,597.495324687116
"NSFG 25-44",1009,0.8,9,30,902,36170,4,934.064637466769
"NSFG 25-44",1009,0.8,12,30,335,4305,2,330.239096321575
"NSFG 25-44",1009,0.9,1,30,85,2475,2,90.4242117971111
"NSFG 25-44",1009,0.9,2,30,226,7686,1,214.674669886015
"NSFG 25-44",1009,0.9,3,30,170,3284,4,190.935300448326
"NSFG 25-44",1009,0.9,4,30,289,8671,2,264.446389099541
"NSFG 25-44",1009,0.9,5,30,607,20887,1,733.301731286081
"NSFG 25-44",1009,0.9,6,30,430,12628,1,356.500916177807
"NSFG 25-44",1009,0.9,7,30,496,11650,1,523.034182131452
"NSFG 25-44",1009,0.9,8,30,542,15178,3,769.904783028103
"NSFG 25-44",1009,0.9,9,30,1313,60531,1,1321.21160055089
"NSFG 25-44",1009,0.9,12,30,384,5144,1,387.424211797111
"NSFG 25-44",1010,0.2,1,30,8,10,23,6.87389823224833
"NSFG 25-44",1010,0.2,2,30,14,18,18,13.103871451261
"NSFG 25-44",1010,0.2,3,30,19,37,18,20.3457268339297
"NSFG 25-44",1010,0.2,4,30,29,59,13,28.1395179422289
"NSFG 25-44",1010,0.2,5,30,35,145,12,36.0252983381332
"NSFG 25-44",1010,0.2,6,30,53,209,9,42.4852447761586
"NSFG 25-44",1010,0.2,7,30,68,418,9,49.0831751455917
"NSFG 25-44",1010,0.2,8,30,70,408,11,59.4066716630308
"NSFG 25-44",1010,0.2,9,30,40,136,16,65.4986609506358
"NSFG 25-44",1010,0.2,12,30,96,684,8,100.976625595602
"NSFG 25-44",1010,0.4,1,30,11,15,21,15.049697740207
"NSFG 25-44",1010,0.4,2,30,33,61,8,27.7032043988228
"NSFG 25-44",1010,0.4,3,30,38,108,13,45.1490932206211
"NSFG 25-44",1010,0.4,4,30,84,498,7,68.9122130757054
"NSFG 25-44",1010,0.4,5,30,101,661,2,91.58615516643
"NSFG 25-44",1010,0.4,6,30,84,606,6,101.407799637711
"NSFG 25-44",1010,0.4,7,30,156,1470,3,112.536457426223
"NSFG 25-44",1010,0.4,8,30,148,1368,3,157.865297015628
"NSFG 25-44",1010,0.4,9,30,174,1724,4,147.210399516948
"NSFG 25-44",1010,0.4,12,30,254,4458,8,281.236398309316
"NSFG 25-44",1010,0.6,1,30,23,37,12,27.0629341114718
"NSFG 25-44",1010,0.6,2,30,52,140,4,61.9804111195525
"NSFG 25-44",1010,0.6,3,30,142,1796,2,104.148235416811
"NSFG 25-44",1010,0.6,4,30,179,2017,2,138.46151681746
"NSFG 25-44",1010,0.6,5,30,236,3480,2,184.858710366738
"NSFG 25-44",1010,0.6,6,30,159,1513,5,181.107668499206
"NSFG 25-44",1010,0.6,7,30,250,3290,1,230.525840085642
"NSFG 25-44",1010,0.6,8,30,331,5631,1,289.006945783549
"NSFG 25-44",1010,0.6,9,30,230,2678,2,307.006945783549
"NSFG 25-44",1010,0.6,12,30,473,10815,3,596.643232681816
"NSFG 25-44",1010,0.8,1,30,42,232,4,52.1593975477164
"NSFG 25-44",1010,0.8,2,30,112,1664,1,84.6072168120313
"NSFG 25-44",1010,0.8,3,30,135,937,1,163.518042030078
"NSFG 25-44",1010,0.8,4,30,178,2388,3,177.662252888378
"NSFG 25-44",1010,0.8,5,30,379,8679,1,345.275180381731
"NSFG 25-44",1010,0.8,6,30,405,14687,1,301.692626267212
"NSFG 25-44",1010,0.8,7,30,306,5836,1,304.573078106425
"NSFG 25-44",1010,0.8,8,30,494,13696,3,535.54465008214
"NSFG 25-44",1010,0.8,9,30,338,5342,2,483.514276703306
"NSFG 25-44",1010,0.8,12,30,903,30073,0,1175.02102275307
"NSFG 25-44",1010,0.9,1,30,113,5571,1,58.7121058985555
"NSFG 25-44",1010,0.9,2,30,72,230,4,83.5979655053185
"NSFG 25-44",1010,0.9,3,30,250,5860,3,245.902950672489
"NSFG 25-44",1010,0.9,4,30,255,5707,0,270.788810279252
"NSFG 25-44",1010,0.9,5,30,618,29802,1,460.577620558504
"NSFG 25-44",1010,0.9,6,30,513,21127,1,411.46856640197
"NSFG 25-44",1010,0.9,7,30,428,10434,2,478.637233873474
"NSFG 25-44",1010,0.9,8,30,652,20334,3,807.95931010637
"NSFG 25-44",1010,0.9,9,30,492,10350,4,771.535098309259
"NSFG 25-44",1010,0.9,12,30,1132,44362,0,1655.90844773933
"NSFG 25-44",1011,0.2,1,30,14,22,19,7.60981253308902
"NSFG 25-44",1011,0.2,2,30,14,20,19,13.9317750397068
"NSFG 25-44",1011,0.2,3,30,27,89,17,21.127635778573
"NSFG 25-44",1011,0.2,4,30,27,59,13,26.8516679157577
"NSFG 25-44",1011,0.2,5,30,35,77,10,33.7715607918086
"NSFG 25-44",1011,0.2,6,30,30,80,16,48.0505966762664
"NSFG 25-44",1011,0.2,7,30,84,506,7,49.8190894464324
"NSFG 25-44",1011,0.2,8,30,72,326,8,59.0387145126104
"NSFG 25-44",1011,0.2,10,30,108,852,8,79.3177503970682
"NSFG 25-44",1011,0.4,1,30,10,12,21,14.6140266344632
"NSFG 25-44",1011,0.4,2,30,38,86,10,30.5350665861579
"NSFG 25-44",1011,0.4,3,30,64,322,11,51.4663242539071
"NSFG 25-44",1011,0.4,4,30,48,192,14,70.2192263929369
"NSFG 25-44",1011,0.4,5,30,64,212,6,74.8128175952913
"NSFG 25-44",1011,0.4,6,30,171,2257,5,149.113785716663
"NSFG 25-44",1011,0.4,7,30,118,1024,8,126.695768362898
"NSFG 25-44",1011,0.4,8,30,151,1165,7,148.280532689263
"NSFG 25-44",1011,0.4,10,30,202,2714,4,211.490932206211
"NSFG 25-44",1011,0.6,1,30,26,46,8,18.6041956074315
"NSFG 25-44",1011,0.6,2,30,56,236,7,55.3342594378065
"NSFG 25-44",1011,0.6,3,30,92,580,6,107.773409061399
"NSFG 25-44",1011,0.6,4,30,123,865,4,120.335648594516
"NSFG 25-44",1011,0.6,5,30,123,1893,6,136.523061772222
"NSFG 25-44",1011,0.6,6,30,179,2467,4,229.443317093722
"NSFG 25-44",1011,0.6,7,30,199,2129,5,216.629341114718
"NSFG 25-44",1011,0.6,8,30,245,2557,4,289.006945783549
"NSFG 25-44",1011,0.6,10,30,276,4650,3,433.762155121211
"NSFG 25-44",1011,0.8,1,30,72,1324,5,100.030373378834
"NSFG 25-44",1011,0.8,2,30,68,304,5,100.094885463275
"NSFG 25-44",1011,0.8,3,30,150,2412,4,188.861499823023
"NSFG 25-44",1011,0.8,4,30,192,2188,2,214.269469700409
"NSFG 25-44",1011,0.8,5,30,162,1022,0,183.358644482362
"NSFG 25-44",1011,0.8,6,30,439,13719,4,398.842547806834
"NSFG 25-44",1011,0.8,7,30,319,4731,3,393.275180381731
"NSFG 25-44",1011,0.8,8,30,366,5050,1,529.912770572597
"NSFG 25-44",1011,0.8,10,30,716,20732,1,831.347348502045
"NSFG 25-44",1011,0.9,1,30,151,3805,6,204.587793031911
"NSFG 25-44",1011,0.9,2,30,164,2812,2,142.793896515956
"NSFG 25-44",1011,0.9,3,30,194,3696,0,220.533265953644
"NSFG 25-44",1011,0.9,4,30,277,4751,3,389.180672300526
"NSFG 25-44",1011,0.9,5,30,295,6795,1,287.218108313067
"NSFG 25-44",1011,0.9,6,30,431,13115,0,504.4907437044
"NSFG 25-44",1011,0.9,7,30,496,13204,3,567.43113038943
"NSFG 25-44",1011,0.9,8,30,404,6174,3,723.393694376889
"NSFG 25-44",1011,0.9,10,30,831,28319,3,1157.93896515956
"NSFG 25-44",1012,0.2,1,30,11,21,23,8.29973219012717
"NSFG 25-44",1012,0.2,2,30,13,25,21,13.5178232454839
"NSFG 25-44",1012,0.2,3,30,25,53,15,22.9214268868722
"NSFG 25-44",1012,0.2,4,30,32,96,15,27.725566148006
"NSFG 25-44",1012,0.2,5,30,42,114,10,37.95707337784
"NSFG 25-44",1012,0.2,6,30,37,91,10,39.8635500794136
"NSFG 25-44",1012,0.2,7,30,76,614,13,55.2464574151325
"NSFG 25-44",1012,0.2,8,30,84,514,8,71.1813004764819
"NSFG 25-44",1012,0.2,9,30,77,437,9,58.1395179422289
"NSFG 25-44",1012,0.2,10,30,105,1191,6,81.2035307929725
"NSFG 25-44",1012,0.2,11,30,57,177,6,68.115753614917
"NSFG 25-44",1012,0.2,12,30,88,478,8,74.7596786281526
"NSFG 25-44",1012,0.2,13,30,102,708,10,97.7776968350937
"NSFG 25-44",1012,0.2,16,30,119,1045,10,118.077429025221
"NSFG 25-44",1012,0.4,1,30,37,795,21,20.2777510091334
"NSFG 25-44",1012,0.4,2,30,49,307,15,37.5058042780597
"NSFG 25-44",1012,0.4,3,30,40,130,12,55.6051997584738
"NSFG 25-44",1012,0.4,4,30,92,1086,7,70.2192263929369
"NSFG 25-44",1012,0.4,5,30,86,720,8,100.299577281307
"NSFG 25-44",1012,0.4,6,30,110,834,5,93.5657197343211
"NSFG 25-44",1012,0.4,7,30,136,1604,4,141.50858595819
"NSFG 25-44",1012,0.4,8,30,210,3650,7,200.561065378527
"NSFG 25-44",1012,0.4,9,30,119,729,6,127.605199758474
"NSFG 25-44",1012,0.4,10,30,233,3217,3,212.362274417699
"NSFG 25-44",1012,0.4,11,30,124,884,8,140.713422114877
"NSFG 25-44",1012,0.4,12,30,157,1345,4,157.070133172316
"NSFG 25-44",1012,0.4,13,30,295,4599,2,244.441234466004
"NSFG 25-44",1012,0.4,16,30,320,6754,5,296.561065378527
"NSFG 25-44",1012,0.6,1,30,20,28,13,21.6251736445887
"NSFG 25-44",1012,0.6,2,30,123,2685,8,80.7104749499276
"NSFG 25-44",1012,0.6,3,30,115,2169,12,116.836343172871
"NSFG 25-44",1012,0.6,4,30,88,428,6,102.209780371573
"NSFG 25-44",1012,0.6,5,30,132,1122,5,170.962211395815
"NSFG 25-44",1012,0.6,6,30,181,1693,2,156.939844201948
"NSFG 25-44",1012,0.6,7,30,268,5830,4,264.964989709234
"NSFG 25-44",1012,0.6,8,30,646,21948,4,448.514586145453
"NSFG 25-44",1012,0.6,9,30,248,2312,2,216.377604668831
"NSFG 25-44",1012,0.6,10,30,459,15541,2,413.823700075973
"NSFG 25-44",1012,0.6,11,30,226,2146,3,227.00138915671
"NSFG 25-44",1012,0.6,12,30,252,3034,3,252.251736445887
"NSFG 25-44",1012,0.6,13,30,492,12496,2,474.469851757719
"NSFG 25-44",1012,0.6,16,30,663,19493,1,578.013891567098
"NSFG 25-44",1012,0.8,1,30,49,187,3,46.5275180381731
"NSFG 25-44",1012,0.8,2,30,106,778,4,133.886162520535
"NSFG 25-44",1012,0.8,3,30,247,5723,2,179.005710681322
"NSFG 25-44",1012,0.8,4,30,243,5335,1,184.702102275307
"NSFG 25-44",1012,0.8,5,30,268,5676,1,315.707812956629
"NSFG 25-44",1012,0.8,6,30,251,5321,6,249.597740803937
"NSFG 25-44",1012,0.8,7,30,520,17460,6,543.927957262014
"NSFG 25-44",1012,0.8,8,30,1063,50363,3,850.929902616564
"NSFG 25-44",1012,0.8,9,30,272,2924,3,342.717288964724
"NSFG 25-44",1012,0.8,10,30,559,22405,2,677.87863186699
"NSFG 25-44",1012,0.8,11,30,328,4128,3,323.134734850205
"NSFG 25-44",1012,0.8,12,30,417,6987,2,372.47819264315
"NSFG 25-44",1012,0.8,13,30,963,38045,0,928.690806294989
"NSFG 25-44",1012,0.8,16,30,1002,45074,3,1059.82554114519
"NSFG 25-44",1012,0.9,1,30,141,5573,3,124.250458088904
"NSFG 25-44",1012,0.9,2,30,65,225,3,138.565615729481
"NSFG 25-44",1012,0.9,3,30,237,4451,1,322.012004829022
"NSFG 25-44",1012,0.9,4,30,194,1988,4,264.446389099541
"NSFG 25-44",1012,0.9,5,30,369,9769,2,397.153408761392
"NSFG 25-44",1012,0.9,6,30,385,13159,5,333.2453718522
"NSFG 25-44",1012,0.9,7,30,852,32720,2,947.976401172096
"NSFG 25-44",1012,0.9,8,30,1178,59942,2,1180.04801931609
"NSFG 25-44",1012,0.9,9,30,304,3458,3,433.272635391333
"NSFG 25-44",1012,0.9,10,30,758,35202,2,1086.0581917895
"NSFG 25-44",1012,0.9,11,30,348,4426,2,387.908036909193
"NSFG 25-44",1012,0.9,12,30,491,9345,3,450.848423594222
"NSFG 25-44",1012,0.9,13,30,1015,44975,2,1158.60163021655
"NSFG 25-44",1012,0.9,16,30,1429,77077,2,1446.78738875378
"NSFG 25-44",1013,0.2,1,30,7,7,23,7.33384467027376
"NSFG 25-44",1013,0.2,2,30,13,19,19,14.1617482587195
"NSFG 25-44",1013,0.2,3,30,18,30,16,20.2077429025221
"NSFG 25-44",1013,0.2,4,30,18,40,19,30.3012662009485
"NSFG 25-44",1013,0.2,5,30,36,100,12,34.5534697364518
"NSFG 25-44",1013,0.2,6,30,39,125,13,45.566885910929
"NSFG 25-44",1013,0.2,7,30,54,176,10,48.6232287075663
"NSFG 25-44",1013,0.2,8,30,97,469,5,56.5550037472731
"NSFG 25-44",1013,0.2,9,30,70,414,9,63.6128805547316
"NSFG 25-44",1013,0.4,1,30,17,19,14,20.0599154562614
"NSFG 25-44",1013,0.4,2,30,28,64,13,34.6739420907246
"NSFG 25-44",1013,0.4,3,30,40,92,10,41.4458888217983
"NSFG 25-44",1013,0.4,4,30,76,434,9,59.3274487493404
"NSFG 25-44",1013,0.4,5,30,112,1174,6,85.268924133144
"NSFG 25-44",1013,0.4,6,30,155,2095,4,103.58615516643
"NSFG 25-44",1013,0.4,7,30,162,2172,8,120.378537329612
"NSFG 25-44",1013,0.4,8,30,99,667,10,128.67533293079
"NSFG 25-44",1013,0.4,9,30,127,1051,4,147.428235069819
"NSFG 25-44",1013,0.6,1,30,56,584,11,58.4811056979074
"NSFG 25-44",1013,0.6,2,30,47,253,13,71.6475408384558
"NSFG 25-44",1013,0.6,3,30,97,811,4,85.4181715864356
"NSFG 25-44",1013,0.6,4,30,121,687,3,108.251736445887
"NSFG 25-44",1013,0.6,5,30,260,6528,6,147.398582705988
"NSFG 25-44",1013,0.6,6,30,235,3473,4,222.797165411976
"NSFG 25-44",1013,0.6,7,30,286,6202,3,241.401361019408
"NSFG 25-44",1013,0.6,8,30,234,2220,2,234.629341114718
"NSFG 25-44",1013,0.6,9,30,238,3714,3,261.088079618758
"NSFG 25-44",1013,0.8,1,30,24,30,9,36.6717288964724
"NSFG 25-44",1013,0.8,2,30,88,776,7,70.5275180381731
"NSFG 25-44",1013,0.8,3,30,86,374,5,143.806463746677
"NSFG 25-44",1013,0.8,4,30,210,4606,3,162.174584237134
"NSFG 25-44",1013,0.8,5,30,229,3753,3,238.269469700409
"NSFG 25-44",1013,0.8,6,30,447,15507,1,349.56360209833
"NSFG 25-44",1013,0.8,7,30,519,20277,2,424.250517684219
"NSFG 25-44",1013,0.8,8,30,448,8210,2,436.986758665133
"NSFG 25-44",1013,0.8,9,30,420,8516,4,484.922246580692
"NSFG 25-44",1013,0.9,1,30,40,174,2,43.9131231458963
"NSFG 25-44",1013,0.9,2,30,214,10572,4,140.679756122718
"NSFG 25-44",1013,0.9,3,30,261,9621,4,239.560529492778
"NSFG 25-44",1013,0.9,4,30,423,17397,3,361.696847188444
"NSFG 25-44",1013,0.9,5,30,479,23271,7,321.044354604859
"NSFG 25-44",1013,0.9,6,30,606,35914,6,548.887691962378
"NSFG 25-44",1013,0.9,7,30,1325,93117,2,696.393694376889
"NSFG 25-44",1013,0.9,8,30,388,6036,1,444.3271624696
"NSFG 25-44",1013,0.9,9,30,556,14286,3,653.143236287985
"NSFG 25-44",1014,0.2,1,30,7,9,24,6.45994643802544
"NSFG 25-44",1014,0.2,2,30,19,49,20,14.8516679157577
"NSFG 25-44",1014,0.2,3,30,23,43,15,19.8857803959043
"NSFG 25-44",1014,0.2,4,30,36,98,12,28.1855125860315
"NSFG 25-44",1014,0.2,5,30,30,106,15,34.1855125860315
"NSFG 25-44",1014,0.2,6,30,82,572,8,45.566885910929
"NSFG 25-44",1014,0.2,7,30,54,184,7,51.2449234043112
"NSFG 25-44",1014,0.2,8,30,66,290,10,57.6588751985341
"NSFG 25-44",1014,0.2,9,30,62,228,5,61.451132296012
"NSFG 25-44",1014,0.2,10,30,72,420,6,71.1307038002155
"NSFG 25-44",1014,0.4,1,30,20,40,16,18.7529021390298
"NSFG 25-44",1014,0.4,2,30,35,91,11,33.584764326365
"NSFG 25-44",1014,0.4,3,30,46,206,11,59.0905686044247
"NSFG 25-44",1014,0.4,4,30,61,243,6,64.7733375711387
"NSFG 25-44",1014,0.4,5,30,74,464,12,84.6154174745282
"NSFG 25-44",1014,0.4,6,30,149,2015,5,117.963301655977
"NSFG 25-44",1014,0.4,7,30,108,832,5,134.973519372032
"NSFG 25-44",1014,0.4,8,30,116,770,6,141.745466103105
"NSFG 25-44",1014,0.4,9,30,150,1366,8,144.596372882484
"NSFG 25-44",1014,0.4,10,30,155,1551,5,184.914994755835
"NSFG 25-44",1014,0.6,1,30,28,52,8,32.5006945783549
"NSFG 25-44",1014,0.6,2,30,47,137,9,69.23075840873
"NSFG 25-44",1014,0.6,3,30,113,651,3,98.7104749499276
"NSFG 25-44",1014,0.6,4,30,83,461,7,107.647540838456
"NSFG 25-44",1014,0.6,5,30,117,1157,10,146.190191491125
"NSFG 25-44",1014,0.6,6,30,321,7085,0,248.777576531529
"NSFG 25-44",1014,0.6,7,30,225,5615,4,261.944011672077
"NSFG 25-44",1014,0.6,8,30,193,1757,4,270.881077560605
"NSFG 25-44",1014,0.6,9,30,270,3190,2,279.818143449134
"NSFG 25-44",1014,0.6,10,30,314,5460,2,334.674075502452
"NSFG 25-44",1014,0.8,1,30,45,145,4,90.1745842371335
"NSFG 25-44",1014,0.8,2,30,68,562,6,135.294132397921
"NSFG 25-44",1014,0.8,3,30,196,3812,4,166.33398178485
"NSFG 25-44",1014,0.8,4,30,185,3679,2,212.861499823023
"NSFG 25-44",1014,0.8,5,30,197,2307,4,262.204957615968
"NSFG 25-44",1014,0.8,6,30,394,9560,3,419.962095967621
"NSFG 25-44",1014,0.8,7,30,335,7215,2,432.698336948534
"NSFG 25-44",1014,0.8,8,30,325,4203,2,487.673674251022
"NSFG 25-44",1014,0.8,9,30,430,8274,3,439.867210504346
"NSFG 25-44",1014,0.8,10,30,572,14482,0,620.151866894172
"NSFG 25-44",1014,0.9,1,30,61,337,2,115.793896515956
"NSFG 25-44",1014,0.9,2,30,251,6651,2,248.500916177807
"NSFG 25-44",1014,0.9,3,30,252,4696,2,250.131231458963
"NSFG 25-44",1014,0.9,4,30,172,1700,4,211.592879268615
"NSFG 25-44",1014,0.9,5,30,300,4946,3,458.463480165267
"NSFG 25-44",1014,0.9,6,30,567,21429,2,567.914955501511
"NSFG 25-44",1014,0.9,7,30,727,33747,2,850.725943083192
"NSFG 25-44",1014,0.9,8,30,432,6740,2,659.969482579777
"NSFG 25-44",1014,0.9,9,30,543,12413,3,598.175586063822
"NSFG 25-44",1014,0.9,10,30,598,16380,3,900.013837184637
"NSFG 25-44",1015,0.2,1,30,12,44,25,7.33384467027376
"NSFG 25-44",1015,0.2,2,30,12,16,20,13.8397857521017
"NSFG 25-44",1015,0.2,3,30,19,27,14,20.1617482587195
"NSFG 25-44",1015,0.2,4,30,32,98,14,28.6914536678594
"NSFG 25-44",1015,0.2,5,30,36,108,13,35.0594108182798
"NSFG 25-44",1015,0.2,6,30,23,55,18,38.115753614917
"NSFG 25-44",1015,0.2,7,30,36,94,13,44.2997321901272
"NSFG 25-44",1015,0.2,8,30,56,214,8,50.8976625595602
"NSFG 25-44",1015,0.2,9,30,41,121,14,60.2092769133434
"NSFG 25-44",1015,0.2,10,30,54,196,10,69.1989287605087
"NSFG 25-44",1015,0.4,1,30,18,32,16,14.8318621873351
"NSFG 25-44",1015,0.4,2,30,20,34,16,28.3567110574386
"NSFG 25-44",1015,0.4,3,30,51,327,12,46.4561065378527
"NSFG 25-44",1015,0.4,4,30,71,333,10,67.8230353113457
"NSFG 25-44",1015,0.4,5,30,120,750,6,89.1899640848387
"NSFG 25-44",1015,0.4,6,30,68,296,11,78.9707376919018
"NSFG 25-44",1015,0.4,7,30,100,532,5,95.1096131964685
"NSFG 25-44",1015,0.4,8,30,88,434,7,104.277751009133
"NSFG 25-44",1015,0.4,9,30,138,1042,5,137.407799637711
"NSFG 25-44",1015,0.4,10,30,177,1939,3,199.509976798255
"NSFG 25-44",1015,0.6,1,30,23,31,10,21.6251736445887
"NSFG 25-44",1015,0.6,2,30,68,432,8,72.8559320533187
"NSFG 25-44",1015,0.6,3,30,69,211,4,78.7720199046896
"NSFG 25-44",1015,0.6,4,30,113,839,4,134.23214756544
"NSFG 25-44",1015,0.6,5,30,162,1790,5,169.14962457352
"NSFG 25-44",1015,0.6,6,30,160,1258,4,144.855932053319
"NSFG 25-44",1015,0.6,7,30,135,801,2,159.23075840873
"NSFG 25-44",1015,0.6,8,30,146,1022,2,169.376215512121
"NSFG 25-44",1015,0.6,9,30,208,2436,4,246.587385040404
"NSFG 25-44",1015,0.6,10,30,363,6813,2,375.15518120036
"NSFG 25-44",1015,0.8,1,30,54,350,2,42.3036084060157
"NSFG 25-44",1015,0.8,2,30,70,264,3,100.094885463275
"NSFG 25-44",1015,0.8,3,30,110,1092,2,125.502855340661
"NSFG 25-44",1015,0.8,4,30,200,2652,2,184.702102275307
"NSFG 25-44",1015,0.8,5,30,189,1791,4,225.597740803937
"NSFG 25-44",1015,0.8,6,30,196,1482,1,214.398493869291
"NSFG 25-44",1015,0.8,7,30,202,1498,1,235.582554114519
"NSFG 25-44",1015,0.8,8,30,295,3735,1,301.821650436094
"NSFG 25-44",1015,0.8,9,30,420,7004,0,406.075933447086
"NSFG 25-44",1015,0.8,10,30,489,11957,1,573.68886094044
"NSFG 25-44",1015,0.9,1,30,78,822,3,96.7666329768222
"NSFG 25-44",1015,0.9,2,30,141,2901,3,144.908036909193
"NSFG 25-44",1015,0.9,3,30,167,2211,2,214.190844773933
"NSFG 25-44",1015,0.9,4,30,214,2790,3,289.816073818385
"NSFG 25-44",1015,0.9,5,30,385,8237,2,399.26754915463
"NSFG 25-44",1015,0.9,6,30,241,2391,3,274.049440841563
"NSFG 25-44",1015,0.9,7,30,223,1863,3,290.478738875378
"NSFG 25-44",1015,0.9,8,30,274,3412,4,366.10396791983
"NSFG 25-44",1015,0.9,9,30,498,9826,2,591.833164884111
"NSFG 25-44",1015,0.9,10,30,700,20072,0,842.932046567237
"NSFG 25-44",1016,0.2,1,30,3,5,28,7.01188216365596
"NSFG 25-44",1016,0.2,2,30,15,25,19,13.103871451261
"NSFG 25-44",1016,0.2,3,30,19,33,17,19.7477964644966
"NSFG 25-44",1016,0.2,4,30,25,61,16,28.5074750926493
"NSFG 25-44",1016,0.2,5,30,25,73,17,34.9674215306747
"NSFG 25-44",1016,0.2,6,30,45,173,13,39.9555393670187
"NSFG 25-44",1016,0.2,7,30,37,109,13,47.0594108182798
"NSFG 25-44",1016,0.2,8,30,51,253,14,54.7152179951713
"NSFG 25-44",1016,0.2,9,30,47,231,12,73.3177503970683
"NSFG 25-44",1016,0.2,11,30,56,228,10,72.8991965703815
"NSFG 25-44",1016,0.2,12,30,86,480,7,78.8991965703815
"NSFG 25-44",1016,0.2,13,30,96,452,5,95.937911082992
"NSFG 25-44",1016,0.4,1,30,9,9,21,17.8815599275421
"NSFG 25-44",1016,0.4,2,30,21,39,17,28.7923821631825
"NSFG 25-44",1016,0.4,3,30,51,189,9,50.8128175952913
"NSFG 25-44",1016,0.4,4,30,56,178,9,58.2382709849807
"NSFG 25-44",1016,0.4,5,30,71,305,8,81.7835552871931
"NSFG 25-44",1016,0.4,6,30,56,236,9,89.2090086768825
"NSFG 25-44",1016,0.4,7,30,102,636,4,106.001390840065
"NSFG 25-44",1016,0.4,8,30,132,930,1,124.754292979095
"NSFG 25-44",1016,0.4,9,30,219,2471,4,184.67811461092
"NSFG 25-44",1016,0.4,11,30,177,1649,4,164.67533293079
"NSFG 25-44",1016,0.4,12,30,123,1045,8,176.67533293079
"NSFG 25-44",1016,0.4,13,30,175,2311,6,217.429625909885
"NSFG 25-44",1016,0.6,1,30,19,21,12,25.2503472891775
"NSFG 25-44",1016,0.6,2,30,63,267,6,61.9804111195525
"NSFG 25-44",1016,0.6,3,30,53,265,12,87.2307584087299
"NSFG 25-44",1016,0.6,4,30,134,1348,6,128.794387098557
"NSFG 25-44",1016,0.6,5,30,111,797,7,138.939844201948
"NSFG 25-44",1016,0.6,6,30,157,1047,2,156.939844201948
"NSFG 25-44",1016,0.6,7,30,170,1610,5,217.23353672215
"NSFG 25-44",1016,0.6,8,30,197,2279,4,227.378993825541
"NSFG 25-44",1016,0.6,9,30,283,4437,2,406.095025402307
"NSFG 25-44",1016,0.6,11,30,239,2849,3,288.629341114718
"NSFG 25-44",1016,0.6,12,30,298,4298,2,306.629341114718
"NSFG 25-44",1016,0.6,13,30,389,7537,5,447.885245030735
"NSFG 25-44",1016,0.8,1,30,41,187,8,45.1195481607873
"NSFG 25-44",1016,0.8,2,30,56,144,4,70.5275180381731
"NSFG 25-44",1016,0.8,3,30,116,704,5,152.254283010992
"NSFG 25-44",1016,0.8,4,30,127,711,1,162.174584237134
"NSFG 25-44",1016,0.8,5,30,228,2476,0,255.165108229039
"NSFG 25-44",1016,0.8,6,30,283,3777,3,290.428867248125
"NSFG 25-44",1016,0.8,7,30,300,4288,2,342.588264795842
"NSFG 25-44",1016,0.8,8,30,404,6802,1,397.56360209833
"NSFG 25-44",1016,0.8,9,30,604,15638,1,779.187950954328
"NSFG 25-44",1016,0.8,11,30,456,7396,0,475.195481607873
"NSFG 25-44",1016,0.8,12,30,553,11689,1,499.195481607873
"NSFG 25-44",1016,0.8,13,30,400,7370,3,709.047505422801
"NSFG 25-44",1016,0.9,1,30,75,943,2,48.1414039323704
"NSFG 25-44",1016,0.9,2,30,150,2264,2,142.793896515955
"NSFG 25-44",1016,0.9,3,30,165,2131,3,167.679756122718
"NSFG 25-44",1016,0.9,4,30,161,1419,4,198.908036909193
"NSFG 25-44",1016,0.9,5,30,283,3641,2,333.729196964281
"NSFG 25-44",1016,0.9,6,30,324,5110,2,320.560529492778
"NSFG 25-44",1016,0.9,7,30,369,5607,1,438.46856640197
"NSFG 25-44",1016,0.9,8,30,321,4553,3,444.3271624696
"NSFG 25-44",1016,0.9,9,30,766,22984,1,1097.11271886776
"NSFG 25-44",1016,0.9,11,30,511,9109,1,614.121058985555
"NSFG 25-44",1016,0.9,12,30,568,13682,4,641.121058985556
"NSFG 25-44",1016,0.9,13,30,788,24772,3,1365.78738875378
"NSFG 25-44",1017,0.2,1,30,7,7,23,6.64392501323561
"NSFG 25-44",1017,0.2,2,30,17,33,20,15.0356464909679
"NSFG 25-44",1017,0.2,3,30,24,60,18,20.2537375463246
"NSFG 25-44",1017,0.2,4,30,23,63,17,27.0356464909679
"NSFG 25-44",1017,0.2,5,30,36,92,11,38.3710251720629
"NSFG 25-44",1017,0.2,6,30,38,136,11,39.6335768604009
"NSFG 25-44",1017,0.2,7,30,33,105,15,49.451132296012
"NSFG 25-44",1017,0.2,8,30,78,388,6,51.7715607918086
"NSFG 25-44",1017,0.2,9,30,60,284,12,62.1870465968527
"NSFG 25-44",1017,0.2,11,30,56,176,8,71.5193572563053
"NSFG 25-44",1017,0.2,12,30,100,526,4,76.1395179422289
"NSFG 25-44",1017,0.4,1,30,22,56,16,17.6637243746702
"NSFG 25-44",1017,0.4,2,30,34,198,20,45.3478841814492
"NSFG 25-44",1017,0.4,3,30,29,75,15,50.1593109366755
"NSFG 25-44",1017,0.4,4,30,75,295,7,63.4663242539071
"NSFG 25-44",1017,0.4,5,30,116,764,5,109.884341607672
"NSFG 25-44",1017,0.4,6,30,88,432,7,86.5949820424194
"NSFG 25-44",1017,0.4,7,30,129,1163,8,134.973519372032
"NSFG 25-44",1017,0.4,8,30,111,643,6,113.862515335498
"NSFG 25-44",1017,0.4,9,30,124,838,6,145.467715093972
"NSFG 25-44",1017,0.4,11,30,190,2338,7,162.49697740207
"NSFG 25-44",1017,0.4,12,30,149,1331,6,163.605199758474
"NSFG 25-44",1017,0.6,1,30,53,639,10,34.9174770080807
"NSFG 25-44",1017,0.6,2,30,56,496,10,54.7300638303751
"NSFG 25-44",1017,0.6,3,30,84,488,4,87.8349540161614
"NSFG 25-44",1017,0.6,4,30,110,644,7,111.272714483045
"NSFG 25-44",1017,0.6,5,30,204,3064,4,186.671297189033
"NSFG 25-44",1017,0.6,6,30,161,1211,4,143.647540838456
"NSFG 25-44",1017,0.6,7,30,281,4023,1,258.318838027488
"NSFG 25-44",1017,0.6,8,30,166,1294,4,193.544039809379
"NSFG 25-44",1017,0.6,9,30,242,2684,3,271.963600552525
"NSFG 25-44",1017,0.6,11,30,292,4630,4,306.755209337662
"NSFG 25-44",1017,0.6,12,30,211,2289,5,270.377604668831
"NSFG 25-44",1017,0.8,1,30,28,42,6,36.6717288964724
"NSFG 25-44",1017,0.8,2,30,85,1093,6,93.0550360763462
"NSFG 25-44",1017,0.8,3,30,140,2100,6,180.413680558708
"NSFG 25-44",1017,0.8,4,30,164,1218,2,183.294132397921
"NSFG 25-44",1017,0.8,5,30,342,8260,2,276.284656389826
"NSFG 25-44",1017,0.8,6,30,187,1639,5,269.309319087338
"NSFG 25-44",1017,0.8,7,30,372,6864,1,394.683150259117
"NSFG 25-44",1017,0.8,8,30,230,2022,1,291.965861294393
"NSFG 25-44",1017,0.8,9,30,319,4033,2,460.986758665133
"NSFG 25-44",1017,0.8,11,30,477,10993,1,503.35487915559
"NSFG 25-44",1017,0.8,12,30,330,4314,3,414.717288964724
"NSFG 25-44",1017,0.9,1,30,79,1227,1,75.6252290444519
"NSFG 25-44",1017,0.9,2,30,168,3440,1,168.1635812348
"NSFG 25-44",1017,0.9,3,30,126,740,1,144.424211797111
"NSFG 25-44",1017,0.9,4,30,246,3132,1,275.017091065726
"NSFG 25-44",1017,0.9,5,30,530,14912,0,511.316989996192
"NSFG 25-44",1017,0.9,6,30,269,2967,2,377.642320110178
"NSFG 25-44",1017,0.9,7,30,495,13843,2,533.604884097637
"NSFG 25-44",1017,0.9,8,30,267,2787,4,391.473652638674
"NSFG 25-44",1017,0.9,9,30,383,5655,3,610.860428423244
"NSFG 25-44",1017,0.9,11,30,570,13540,0,656.403866850296
"NSFG 25-44",1017,0.9,12,30,403,5859,2,514.272635391333
"NSFG 25-44",1018,0.2,1,30,6,6,24,6.41395179422289
"NSFG 25-44",1018,0.2,2,30,14,24,20,12.9198928760509
"NSFG 25-44",1018,0.2,3,30,21,43,17,19.9317750397068
"NSFG 25-44",1018,0.2,4,30,38,104,11,27.4495982851908
"NSFG 25-44",1018,0.2,5,30,29,67,14,33.4036036413882
"NSFG 25-44",1018,0.2,6,30,33,99,15,43.0371805017891
"NSFG 25-44",1018,0.2,8,30,43,185,12,51.9555393670188
"NSFG 25-44",1018,0.2,9,30,56,278,12,58.3694911612416
"NSFG 25-44",1018,0.2,10,30,70,296,7,61.3798393140763
"NSFG 25-44",1018,0.2,11,30,120,896,8,88.0774290252208
"NSFG 25-44",1018,0.2,13,30,80,422,9,91.798393140763
"NSFG 25-44",1018,0.4,1,30,13,13,17,12.4356711057439
"NSFG 25-44",1018,0.4,2,30,17,27,18,26.1783555287193
"NSFG 25-44",1018,0.4,3,30,45,137,9,42.7529021390299
"NSFG 25-44",1018,0.4,4,30,77,327,6,63.0306531481632
"NSFG 25-44",1018,0.4,5,30,100,828,6,80.9122130757053
"NSFG 25-44",1018,0.4,6,30,87,501,10,109.032043988228
"NSFG 25-44",1018,0.4,8,30,112,738,7,112.773337571139
"NSFG 25-44",1018,0.4,9,30,152,1324,6,127.605199758474
"NSFG 25-44",1018,0.4,10,30,124,734,4,126.535066586158
"NSFG 25-44",1018,0.4,11,30,156,1826,6,236.561065378527
"NSFG 25-44",1018,0.4,13,30,214,2238,2,221.350665861579
"NSFG 25-44",1018,0.6,1,30,24,46,11,21.6251736445887
"NSFG 25-44",1018,0.6,2,30,50,286,8,58.3552374749638
"NSFG 25-44",1018,0.6,3,30,61,229,8,79.9804111195525
"NSFG 25-44",1018,0.6,4,30,80,346,5,95.5636286898267
"NSFG 25-44",1018,0.6,5,30,97,657,8,140.752431024242
"NSFG 25-44",1018,0.6,6,30,266,4128,3,193.191580647835
"NSFG 25-44",1018,0.6,8,30,207,2497,3,193.544039809379
"NSFG 25-44",1018,0.6,9,30,269,4581,6,222.419560743145
"NSFG 25-44",1018,0.6,10,30,174,1432,3,198.125868222944
"NSFG 25-44",1018,0.6,11,30,579,16889,3,488.013891567098
"NSFG 25-44",1018,0.6,13,30,428,8120,2,415.258682229436
"NSFG 25-44",1018,0.8,1,30,85,3079,5,40.8956385286298
"NSFG 25-44",1018,0.8,2,30,66,318,4,84.6072168120313
"NSFG 25-44",1018,0.8,3,30,112,910,2,140.990523991905
"NSFG 25-44",1018,0.8,4,30,215,3255,2,233.98104798381
"NSFG 25-44",1018,0.8,5,30,302,4820,2,266.428867248125
"NSFG 25-44",1018,0.8,6,30,496,11858,2,373.499090013889
"NSFG 25-44",1018,0.8,8,30,276,3504,2,290.557891417007
"NSFG 25-44",1018,0.8,9,30,656,24910,4,384.956385286298
"NSFG 25-44",1018,0.8,10,30,267,2737,2,282.239096321575
"NSFG 25-44",1018,0.8,11,30,1034,46864,4,939.825541145194
"NSFG 25-44",1018,0.8,13,30,601,15161,4,734.390963215746
"NSFG 25-44",1018,0.9,1,30,61,395,2,69.2828078647407
"NSFG 25-44",1018,0.9,2,30,117,1745,1,113.195931010637
"NSFG 25-44",1018,0.9,3,30,279,11053,2,222.647406346881
"NSFG 25-44",1018,0.9,4,30,308,9480,2,239.076704380696
"NSFG 25-44",1018,0.9,5,30,253,3355,2,285.10396791983
"NSFG 25-44",1018,0.9,6,30,525,13123,2,443.180672300526
"NSFG 25-44",1018,0.9,8,30,507,13015,1,387.2453718522
"NSFG 25-44",1018,0.9,9,30,880,43050,2,475.555443256074
"NSFG 25-44",1018,0.9,10,30,305,3399,2,333.424211797111
"NSFG 25-44",1018,0.9,11,30,1455,84381,3,1311.78738875378
"NSFG 25-44",1018,0.9,13,30,756,20950,1,985.24211797111
"NSFG 25-44",1019,0.2,1,30,11,13,20,6.41395179422289
"NSFG 25-44",1019,0.2,2,30,20,56,19,13.9317750397068
"NSFG 25-44",1019,0.2,3,30,20,30,14,20.4837107653373
"NSFG 25-44",1019,0.2,4,30,15,23,19,29.1054054620823
"NSFG 25-44",1019,0.2,5,30,37,137,17,34.5994643802543
"NSFG 25-44",1019,0.2,6,30,47,133,10,43.7271001588273
"NSFG 25-44",1019,0.2,7,30,47,163,11,47.2433893934899
"NSFG 25-44",1019,0.2,8,30,50,202,12,52.1395179422289
"NSFG 25-44",1019,0.2,9,30,46,252,12,70.5580717689156
"NSFG 25-44",1019,0.2,12,30,73,435,10,72
"NSFG 25-44",1019,0.4,1,30,11,11,19,20.4955865620053
"NSFG 25-44",1019,0.4,2,30,50,718,14,33.8025998792369
"NSFG 25-44",1019,0.4,3,30,52,184,11,47.3274487493404
"NSFG 25-44",1019,0.4,4,30,128,2116,10,75.8829507676071
"NSFG 25-44",1019,0.4,5,30,90,490,5,72.4166265137
"NSFG 25-44",1019,0.4,6,30,113,783,7,102.061306296326
"NSFG 25-44",1019,0.4,7,30,94,630,7,103.387364205602
"NSFG 25-44",1019,0.4,8,30,92,478,5,115.605199758474
"NSFG 25-44",1019,0.4,9,30,210,3318,6,181.628416870713
"NSFG 25-44",1019,0.4,12,30,143,1023,4,144
"NSFG 25-44",1019,0.6,1,30,17,23,16,25.2503472891775
"NSFG 25-44",1019,0.6,2,30,37,143,10,57.7510418675324
"NSFG 25-44",1019,0.6,3,30,108,796,4,93.876910090476
"NSFG 25-44",1019,0.6,4,30,120,1354,6,146.9202553215
"NSFG 25-44",1019,0.6,5,30,158,1138,2,146.794387098557
"NSFG 25-44",1019,0.6,6,30,180,1568,4,176.878299247186
"NSFG 25-44",1019,0.6,7,30,261,4559,2,178.565017846536
"NSFG 25-44",1019,0.6,8,30,144,1012,3,198.377604668831
"NSFG 25-44",1019,0.6,9,30,213,2981,6,352.925811948339
"NSFG 25-44",1019,0.6,12,30,181,1735,6,216
"NSFG 25-44",1019,0.8,1,30,33,63,6,53.5673674251022
"NSFG 25-44",1019,0.8,2,30,135,4157,3,95.8709758311178
"NSFG 25-44",1019,0.8,3,30,125,1599,6,143.806463746677
"NSFG 25-44",1019,0.8,4,30,156,1492,4,221.309319087338
"NSFG 25-44",1019,0.8,5,30,235,2465,0,232.637590190866
"NSFG 25-44",1019,0.8,6,30,407,10365,1,352.379541853101
"NSFG 25-44",1019,0.8,7,30,299,6427,5,341.180294918456
"NSFG 25-44",1019,0.8,8,30,271,2669,1,318.717288964724
"NSFG 25-44",1019,0.8,9,30,753,28465,1,815.795167766359
"NSFG 25-44",1019,0.8,12,30,286,3156,3,288
"NSFG 25-44",1019,0.9,1,30,63,473,5,79.8535098309259
"NSFG 25-44",1019,0.9,2,30,169,2025,0,174.506002414511
"NSFG 25-44",1019,0.9,3,30,179,2737,0,176.136317695667
"NSFG 25-44",1019,0.9,4,30,172,1286,1,222.1635812348
"NSFG 25-44",1019,0.9,5,30,253,2753,2,329.500916177807
"NSFG 25-44",1019,0.9,6,30,442,13162,2,472.778637805844
"NSFG 25-44",1019,0.9,7,30,397,9751,2,368.701933425148
"NSFG 25-44",1019,0.9,8,30,257,2649,4,406.272635391333
"NSFG 25-44",1019,0.9,9,30,701,28643,2,957.579452914118
"NSFG 25-44",1019,0.9,12,30,316,3652,2,324
"NSFG 25-44",1020,0.2,1,30,8,14,24,6.59793036943307
"NSFG 25-44",1020,0.2,2,30,14,30,22,13.5178232454839
"NSFG 25-44",1020,0.2,3,30,17,33,20,20.2997321901272
"NSFG 25-44",1020,0.2,4,30,21,53,18,29.24338939349
"NSFG 25-44",1020,0.2,5,30,31,85,15,35.7493304753179
"NSFG 25-44",1020,0.2,6,30,35,89,13,38.5757000529424
"NSFG 25-44",1020,0.2,7,30,50,170,10,47.24338939349
"NSFG 25-44",1020,0.2,8,30,62,312,12,58.7627466497952
"NSFG 25-44",1020,0.2,9,30,73,375,8,67.0624788399223
"NSFG 25-44",1020,0.2,10,30,73,337,7,79.3177503970682
"NSFG 25-44",1020,0.2,13,30,87,417,6,82.1395179422288
"NSFG 25-44",1020,0.2,15,30,92,636,9,101.03871451261
"NSFG 25-44",1020,0.4,1,30,18,24,15,20.4955865620053
"NSFG 25-44",1020,0.4,2,30,34,94,12,32.2777510091334
"NSFG 25-44",1020,0.4,3,30,49,171,12,46.6739420907246
"NSFG 25-44",1020,0.4,4,30,87,625,9,71.7440752630404
"NSFG 25-44",1020,0.4,5,30,106,598,6,88.9721285319668
"NSFG 25-44",1020,0.4,6,30,95,439,2,92.4765419699615
"NSFG 25-44",1020,0.4,7,30,161,1349,2,107.308404157297
"NSFG 25-44",1020,0.4,8,30,178,2004,5,147.409190477776
"NSFG 25-44",1020,0.4,9,30,132,1588,11,168.993954804141
"NSFG 25-44",1020,0.4,10,30,245,3725,3,211.490932206211
"NSFG 25-44",1020,0.4,13,30,177,1615,3,175.605199758474
"NSFG 25-44",1020,0.4,15,30,266,3486,2,232.280532689264
"NSFG 25-44",1020,0.6,1,30,62,1362,11,42.7720199046896
"NSFG 25-44",1020,0.6,2,30,25,49,15,66.2097803715727
"NSFG 25-44",1020,0.6,3,30,62,240,6,83.0013891567097
"NSFG 25-44",1020,0.6,4,30,98,624,5,128.794387098557
"NSFG 25-44",1020,0.6,5,30,192,2504,5,185.46290597417
"NSFG 25-44",1020,0.6,6,30,166,1550,1,156.939844201948
"NSFG 25-44",1020,0.6,7,30,206,2024,2,212.399971862698
"NSFG 25-44",1020,0.6,8,30,271,3731,1,293.840510643001
"NSFG 25-44",1020,0.6,9,30,323,5071,3,340.84189979971
"NSFG 25-44",1020,0.6,10,30,448,9630,1,433.762155121211
"NSFG 25-44",1020,0.6,13,30,286,3610,4,288.377604668831
"NSFG 25-44",1020,0.6,15,30,333,5529,5,415.006945783549
"NSFG 25-44",1020,0.8,1,30,27,29,4,31.0398493869291
"NSFG 25-44",1020,0.8,2,30,74,388,2,87.423156566803
"NSFG 25-44",1020,0.8,3,30,139,1999,1,129.726764972819
"NSFG 25-44",1020,0.8,4,30,283,7435,1,222.717288964724
"NSFG 25-44",1020,0.8,5,30,322,6246,3,305.852023814928
"NSFG 25-44",1020,0.8,6,30,253,2927,2,307.324505776755
"NSFG 25-44",1020,0.8,7,30,350,5250,1,349.628114182771
"NSFG 25-44",1020,0.8,8,30,812,28810,3,549.624348855999
"NSFG 25-44",1020,0.8,9,30,759,33073,2,553.912770572597
"NSFG 25-44",1020,0.8,10,30,804,25786,1,831.347348502045
"NSFG 25-44",1020,0.8,13,30,402,6358,3,438.717288964724
"NSFG 25-44",1020,0.8,15,30,576,13422,2,697.912770572597
"NSFG 25-44",1020,0.9,1,30,74,726,0,77.7393694376889
"NSFG 25-44",1020,0.9,2,30,102,642,3,134.337334943007
"NSFG 25-44",1020,0.9,3,30,243,8429,2,195.1635812348
"NSFG 25-44",1020,0.9,4,30,402,20216,1,272.902950672489
"NSFG 25-44",1020,0.9,5,30,295,4577,3,433.093795446422
"NSFG 25-44",1020,0.9,6,30,305,4305,0,356.500916177807
"NSFG 25-44",1020,0.9,7,30,376,6814,2,341.218108313067
"NSFG 25-44",1020,0.9,8,30,770,27480,3,727.621975163363
"NSFG 25-44",1020,0.9,9,30,1367,82737,1,847.644152465792
"NSFG 25-44",1020,0.9,10,30,1033,37747,1,1157.93896515956
"NSFG 25-44",1020,0.9,13,30,485,8235,1,541.272635391333
"NSFG 25-44",1020,0.9,15,30,775,20369,0,912.393694376889
"NSFG 25-44",1021,0.2,1,30,5,5,25,7.51782324548394
"NSFG 25-44",1021,0.2,2,30,11,17,22,13.8397857521017
"NSFG 25-44",1021,0.2,3,30,10,16,23,21.0356464909679
"NSFG 25-44",1021,0.2,4,30,31,81,13,27.4036036413882
"NSFG 25-44",1021,0.2,5,30,24,66,18,32.9436572033628
"NSFG 25-44",1021,0.2,6,30,67,335,11,48.0046020324638
"NSFG 25-44",1021,0.2,7,30,44,120,11,53.2226930878206
"NSFG 25-44",1021,0.2,8,30,66,278,8,58.1648162803621
"NSFG 25-44",1021,0.2,9,30,55,267,15,59.5193572563052
"NSFG 25-44",1021,0.2,10,30,46,174,13,68.8309716100883
"NSFG 25-44",1021,0.2,11,30,61,243,9,78.5105431142918
"NSFG 25-44",1021,0.2,12,30,61,295,12,80.2790358844578
"NSFG 25-44",1021,0.2,13,30,78,620,13,98.6975897111446
"NSFG 25-44",1021,0.2,15,30,131,1181,6,117.596786281526
"NSFG 25-44",1021,0.4,1,30,23,43,14,22.8917776435965
"NSFG 25-44",1021,0.4,2,30,30,76,13,32.2777510091334
"NSFG 25-44",1021,0.4,3,30,62,614,12,50.3771464895474
"NSFG 25-44",1021,0.4,4,30,84,564,5,64.5555020182667
"NSFG 25-44",1021,0.4,5,30,60,238,8,78.7338575469861
"NSFG 25-44",1021,0.4,6,30,155,1523,6,128.855079299574
"NSFG 25-44",1021,0.4,7,30,144,1328,7,146.0831325685
"NSFG 25-44",1021,0.4,8,30,182,1716,3,148.062697136391
"NSFG 25-44",1021,0.4,9,30,163,1253,3,134.140266344632
"NSFG 25-44",1021,0.4,10,30,112,744,6,156.596372882484
"NSFG 25-44",1021,0.4,11,30,221,2747,3,197.350665861579
"NSFG 25-44",1021,0.4,12,30,166,1606,8,183.210399516947
"NSFG 25-44",1021,0.4,13,30,258,3928,4,254.025998792369
"NSFG 25-44",1021,0.4,15,30,311,6487,6,310.701331723158
"NSFG 25-44",1021,0.6,1,30,21,51,14,27.6671297189033
"NSFG 25-44",1021,0.6,2,30,50,188,10,55.938455045238
"NSFG 25-44",1021,0.6,3,30,92,546,4,89.0433452310243
"NSFG 25-44",1021,0.6,4,30,86,658,8,137.857321210028
"NSFG 25-44",1021,0.6,5,30,127,951,5,128.064323268182
"NSFG 25-44",1021,0.6,6,30,265,4423,4,314.030702134126
"NSFG 25-44",1021,0.6,7,30,185,1989,3,284.903444754472
"NSFG 25-44",1021,0.6,8,30,211,2143,5,289.006945783549
"NSFG 25-44",1021,0.6,9,30,191,1759,4,234.503472891774
"NSFG 25-44",1021,0.6,10,30,302,5432,5,303.255903916017
"NSFG 25-44",1021,0.6,11,30,335,6293,2,387.717420733477
"NSFG 25-44",1021,0.6,12,30,325,4973,3,324.755209337662
"NSFG 25-44",1021,0.6,13,30,309,5655,3,505.888023344154
"NSFG 25-44",1021,0.6,15,30,572,15932,4,632.517364458872
"NSFG 25-44",1021,0.8,1,30,70,582,5,70.463005953732
"NSFG 25-44",1021,0.8,2,30,132,2626,3,100.094885463275
"NSFG 25-44",1021,0.8,3,30,144,1656,1,153.662252888378
"NSFG 25-44",1021,0.8,4,30,177,2147,3,250.87668651244
"NSFG 25-44",1021,0.8,5,30,173,1453,2,214.33398178485
"NSFG 25-44",1021,0.8,6,30,482,13772,2,500.216378978613
"NSFG 25-44",1021,0.8,7,30,534,17338,1,596.02284272529
"NSFG 25-44",1021,0.8,8,30,347,5787,2,514.425101921353
"NSFG 25-44",1021,0.8,9,30,271,2953,4,384.956385286298
"NSFG 25-44",1021,0.8,10,30,367,6311,3,507.514276703306
"NSFG 25-44",1021,0.8,11,30,468,10342,1,627.256228365542
"NSFG 25-44",1021,0.8,12,30,561,11559,1,541.434577929448
"NSFG 25-44",1021,0.8,13,30,740,21792,2,945.586444823619
"NSFG 25-44",1021,0.8,15,30,1155,51513,2,1204.78192643149
"NSFG 25-44",1021,0.9,1,30,114,3364,7,65.0545270782666
"NSFG 25-44",1021,0.9,2,30,218,4102,4,191.419125560407
"NSFG 25-44",1021,0.9,3,30,174,2354,3,245.902950672489
"NSFG 25-44",1021,0.9,4,30,308,6904,1,308.843337357519
"NSFG 25-44",1021,0.9,5,30,230,2202,1,282.989827526593
"NSFG 25-44",1021,0.9,6,30,600,19954,2,641.909869264807
"NSFG 25-44",1021,0.9,7,30,614,21334,1,774.616888926659
"NSFG 25-44",1021,0.9,8,30,367,6123,1,619.800815108274
"NSFG 25-44",1021,0.9,9,30,369,4705,1,496.696847188445
"NSFG 25-44",1021,0.9,10,30,534,14162,3,661.115972748852
"NSFG 25-44",1021,0.9,11,30,723,23865,3,960.84008347643
"NSFG 25-44",1021,0.9,12,30,567,12333,3,704.545270782667
"NSFG 25-44",1021,0.9,13,30,864,29434,4,1302.36317695667
"NSFG 25-44",1021,0.9,15,30,1385,70619,2,1673.48423594222
"NSFG 25-44",1022,0.2,1,30,14,58,23,7.19586073886613
"NSFG 25-44",1022,0.2,2,30,11,15,21,14.5297054091399
"NSFG 25-44",1022,0.2,3,30,13,21,21,20.0237643273119
"NSFG 25-44",1022,0.2,4,30,22,52,18,28.0015340108213
"NSFG 25-44",1022,0.2,5,30,35,143,16,41.1766984440181
"NSFG 25-44",1022,0.2,6,30,29,61,13,47.1766984440181
"NSFG 25-44",1022,0.2,7,30,49,183,9,46.1395179422289
"NSFG 25-44",1022,0.2,8,30,61,265,11,67.1797664656606
"NSFG 25-44",1022,0.2,9,30,74,458,11,84.3564649096786
"NSFG 25-44",1022,0.2,11,30,91,825,14,103.715607918086
"NSFG 25-44",1022,0.4,1,30,35,275,19,20.2777510091334
"NSFG 25-44",1022,0.4,2,30,26,48,14,32.0599154562614
"NSFG 25-44",1022,0.4,3,30,57,329,10,51.9019953596509
"NSFG 25-44",1022,0.4,4,30,46,130,9,60.634462066572
"NSFG 25-44",1022,0.4,5,30,81,391,7,97.685550646844
"NSFG 25-44",1022,0.4,6,30,135,1049,1,112.953083939923
"NSFG 25-44",1022,0.4,7,30,97,519,4,105.783555287193
"NSFG 25-44",1022,0.4,8,30,188,2986,5,173.113785716663
"NSFG 25-44",1022,0.4,9,30,194,2600,5,251.771464895474
"NSFG 25-44",1022,0.4,11,30,286,5574,4,290.584282490766
"NSFG 25-44",1022,0.6,1,30,38,156,13,48.2097803715727
"NSFG 25-44",1022,0.6,2,30,80,548,4,71.0433452310243
"NSFG 25-44",1022,0.6,3,30,201,4017,2,99.9188661647905
"NSFG 25-44",1022,0.6,4,30,208,5102,4,127.585995883694
"NSFG 25-44",1022,0.6,5,30,220,3370,2,208.422339056565
"NSFG 25-44",1022,0.6,6,30,193,2169,4,197.420949899855
"NSFG 25-44",1022,0.6,7,30,136,1068,6,195.482494854617
"NSFG 25-44",1022,0.6,8,30,354,10592,0,357.885245030735
"NSFG 25-44",1022,0.6,9,30,611,24123,4,560.76910090476
"NSFG 25-44",1022,0.6,11,30,615,30967,6,602.206861371643
"NSFG 25-44",1022,0.8,1,30,50,302,6,90.1745842371336
"NSFG 25-44",1022,0.8,2,30,211,9439,7,122.622403501448
"NSFG 25-44",1022,0.8,3,30,487,33383,0,294.45924062696
"NSFG 25-44",1022,0.8,4,30,308,11542,3,280.444053937542
"NSFG 25-44",1022,0.8,5,30,363,22129,2,295.996234673228
"NSFG 25-44",1022,0.8,6,30,450,11578,1,445.305553760566
"NSFG 25-44",1022,0.8,7,30,277,3411,2,351.036084060156
"NSFG 25-44",1022,0.8,8,30,1148,100922,1,805.874866540218
"NSFG 25-44",1022,0.8,9,30,1836,171262,0,1145.26011907464
"NSFG 25-44",1022,0.8,11,30,1551,140061,2,1277.73831171779
"NSFG 25-44",1022,0.9,1,30,42,90,3,86.1959310106371
"NSFG 25-44",1022,0.9,2,30,152,3778,3,134.337334943007
"NSFG 25-44",1022,0.9,3,30,312,24048,4,243.788810279252
"NSFG 25-44",1022,0.9,4,30,489,35875,3,323.642320110178
"NSFG 25-44",1022,0.9,5,30,792,70704,2,441.55035701937
"NSFG 25-44",1022,0.9,6,30,285,4709,2,369.18575853723
"NSFG 25-44",1022,0.9,7,30,316,4534,4,421.555443256074
"NSFG 25-44",1022,0.9,8,30,1238,139118,1,905.209768195274
"NSFG 25-44",1022,0.9,9,30,2230,276214,4,1638.33265953644
"NSFG 25-44",1022,0.9,11,30,2897,327849,0,1907.97497964662
"NSFG 25-44",1023,0.2,1,30,3,5,28,6.78190894464324
"NSFG 25-44",1023,0.2,2,30,18,130,23,14.2077429025221
"NSFG 25-44",1023,0.2,3,30,22,48,18,19.609812533089
"NSFG 25-44",1023,0.2,4,30,33,71,10,29.4733626125027
"NSFG 25-44",1023,0.2,5,30,42,134,13,36.853201926579
"NSFG 25-44",1023,0.2,6,30,29,107,18,43.5431215836171
"NSFG 25-44",1023,0.2,7,30,51,435,14,49.4971269398146
"NSFG 25-44",1023,0.2,8,30,53,253,15,52.6454590240569
"NSFG 25-44",1023,0.2,9,30,59,525,13,76.7213540384564
"NSFG 25-44",1023,0.2,10,30,61,267,10,70.2108109241646
"NSFG 25-44",1023,0.2,11,30,76,396,10,71.5193572563052
"NSFG 25-44",1023,0.4,1,30,12,12,18,12
"NSFG 25-44",1023,0.4,2,30,24,40,13,33.8025998792369
"NSFG 25-44",1023,0.4,3,30,39,89,9,49.0701331723158
"NSFG 25-44",1023,0.4,4,30,62,242,7,64.5555020182667
"NSFG 25-44",1023,0.4,5,30,47,183,10,91.8039907193019
"NSFG 25-44",1023,0.4,6,30,77,375,8,106.200181800893
"NSFG 25-44",1023,0.4,7,30,105,641,6,114.49697740207
"NSFG 25-44",1023,0.4,8,30,175,1597,4,118.001390840065
"NSFG 25-44",1023,0.4,9,30,217,3437,6,201.233616629186
"NSFG 25-44",1023,0.4,10,30,138,1266,3,168.359492737569
"NSFG 25-44",1023,0.4,11,30,174,1562,3,158.140266344632
"NSFG 25-44",1023,0.6,1,30,25,137,16,43.3762155121211
"NSFG 25-44",1023,0.6,2,30,72,710,8,74.668518875613
"NSFG 25-44",1023,0.6,3,30,64,246,8,89.0433452310243
"NSFG 25-44",1023,0.6,4,30,137,981,5,149.941233358658
"NSFG 25-44",1023,0.6,5,30,93,751,10,130.481105697907
"NSFG 25-44",1023,0.6,6,30,190,1996,3,195.004167470129
"NSFG 25-44",1023,0.6,7,30,180,2212,3,161.647540838456
"NSFG 25-44",1023,0.6,8,30,160,1502,4,206.23214756544
"NSFG 25-44",1023,0.6,9,30,430,10164,3,433.888023344154
"NSFG 25-44",1023,0.6,10,30,245,3243,2,321.38177213896
"NSFG 25-44",1023,0.6,11,30,276,3236,1,270.503472891775
"NSFG 25-44",1023,0.8,1,30,36,136,7,36.6717288964724
"NSFG 25-44",1023,0.8,2,30,107,1457,6,152.189770926551
"NSFG 25-44",1023,0.8,3,30,81,279,2,90.3036084060157
"NSFG 25-44",1023,0.8,4,30,145,1387,5,186.110072152693
"NSFG 25-44",1023,0.8,5,30,314,9496,1,293.180294918456
"NSFG 25-44",1023,0.8,6,30,217,2389,3,388.986758665133
"NSFG 25-44",1023,0.8,7,30,463,18013,1,438.330216458078
"NSFG 25-44",1023,0.8,8,30,340,5252,2,329.98104798381
"NSFG 25-44",1023,0.8,9,30,878,37264,3,1035.43846863855
"NSFG 25-44",1023,0.8,10,30,774,35110,1,561.017132043967
"NSFG 25-44",1023,0.8,11,30,376,5756,4,432.956385286299
"NSFG 25-44",1023,0.9,1,30,37,63,1,37.5707019661852
"NSFG 25-44",1023,0.9,2,30,136,1394,0,138.565615729481
"NSFG 25-44",1023,0.9,3,30,170,2788,1,190.935300448326
"NSFG 25-44",1023,0.9,4,30,254,3694,1,304.615056571044
"NSFG 25-44",1023,0.9,5,30,447,18623,1,454.235199378793
"NSFG 25-44",1023,0.9,6,30,354,14034,6,403.012004829022
"NSFG 25-44",1023,0.9,7,30,307,3897,2,410.984741289889
"NSFG 25-44",1023,0.9,8,30,495,8827,1,425.299898930466
"NSFG 25-44",1023,0.9,9,30,1452,89788,1,1380.40753156152
"NSFG 25-44",1023,0.9,10,30,973,51439,3,745.681588478333
"NSFG 25-44",1023,0.9,11,30,451,7609,3,550.696847188444
"NSFG 25-44",1024,0.2,1,30,9,9,21,7.01188216365596
"NSFG 25-44",1024,0.2,2,30,11,25,24,14.9436572033628
"NSFG 25-44",1024,0.2,3,30,10,24,25,20.9436572033628
"NSFG 25-44",1024,0.2,4,30,22,46,18,26.3917214777323
"NSFG 25-44",1024,0.2,5,30,45,193,11,36.347260844751
"NSFG 25-44",1024,0.2,6,30,41,127,12,42.1632822695408
"NSFG 25-44",1024,0.2,7,30,63,409,13,54.8785002647122
"NSFG 25-44",1024,0.2,9,30,48,194,12,59.7953251191205
"NSFG 25-44",1024,0.2,11,30,58,240,13,70.6914536678594
"NSFG 25-44",1024,0.2,14,30,106,804,5,96.4185538266868
"NSFG 25-44",1024,0.4,1,30,15,19,17,16.1388755045667
"NSFG 25-44",1024,0.4,2,30,25,49,14,32.4955865620053
"NSFG 25-44",1024,0.4,3,30,50,396,13,61.9224307917598
"NSFG 25-44",1024,0.4,4,30,77,371,6,68.4765419699615
"NSFG 25-44",1024,0.4,5,30,87,417,4,78.733857546986
"NSFG 25-44",1024,0.4,6,30,121,731,3,97.7045952388878
"NSFG 25-44",1024,0.4,7,30,158,2124,8,163.292141245383
"NSFG 25-44",1024,0.4,9,30,111,667,4,134.140266344632
"NSFG 25-44",1024,0.4,11,30,154,1224,5,153.565719734321
"NSFG 25-44",1024,0.4,14,30,242,2970,3,226.815599275421
"NSFG 25-44",1024,0.6,1,30,53,555,9,38.5426506526694
"NSFG 25-44",1024,0.6,2,30,58,234,7,59.5636286898267
"NSFG 25-44",1024,0.6,3,30,66,210,7,78.7720199046896
"NSFG 25-44",1024,0.6,4,30,131,1027,4,133.023756350577
"NSFG 25-44",1024,0.6,5,30,111,1661,8,157.669908032323
"NSFG 25-44",1024,0.6,6,30,139,955,3,179.295081676911
"NSFG 25-44",1024,0.6,7,30,310,6106,3,299.404139332827
"NSFG 25-44",1024,0.6,9,30,194,1938,5,230.878299247186
"NSFG 25-44",1024,0.6,11,30,277,3189,2,256.00277831342
"NSFG 25-44",1024,0.6,14,30,395,6595,2,415.132814006493
"NSFG 25-44",1024,0.8,1,30,44,144,4,45.1195481607873
"NSFG 25-44",1024,0.8,2,30,83,585,6,94.4630059537321
"NSFG 25-44",1024,0.8,3,30,108,800,7,157.886162520535
"NSFG 25-44",1024,0.8,4,30,184,1820,1,204.413680558708
"NSFG 25-44",1024,0.8,5,30,186,1766,3,227.005710681322
"NSFG 25-44",1024,0.8,6,30,303,4121,3,358.011421362645
"NSFG 25-44",1024,0.8,7,30,542,14676,1,648.117728188565
"NSFG 25-44",1024,0.8,9,30,357,5275,3,368.060746757669
"NSFG 25-44",1024,0.8,11,30,403,5543,0,411.836837125511
"NSFG 25-44",1024,0.8,14,30,556,12176,4,716.151866894172
"NSFG 25-44",1024,0.9,1,30,164,4210,8,92.5383521903481
"NSFG 25-44",1024,0.9,2,30,132,1156,3,157.592879268615
"NSFG 25-44",1024,0.9,3,30,108,592,4,140.195931010637
"NSFG 25-44",1024,0.9,4,30,252,3724,2,285.587793031911
"NSFG 25-44",1024,0.9,5,30,229,3903,3,325.272635391333
"NSFG 25-44",1024,0.9,6,30,251,3045,4,360.729196964281
"NSFG 25-44",1024,0.9,7,30,529,15839,4,770.388608140185
"NSFG 25-44",1024,0.9,9,30,443,7881,2,471.3271624696
"NSFG 25-44",1024,0.9,11,30,446,6668,0,531.669583649311
"NSFG 25-44",1024,0.9,14,30,648,14894,1,948.817906173999
"NSFG 25-44",1025,0.2,1,30,7,7,23,6.87389823224833
"NSFG 25-44",1025,0.2,2,30,16,22,17,12.7359143008407
"NSFG 25-44",1025,0.2,3,30,40,264,16,24.3012662009485
"NSFG 25-44",1025,0.2,4,30,27,65,16,26.8976625595602
"NSFG 25-44",1025,0.2,5,30,20,56,19,36.6232287075663
"NSFG 25-44",1025,0.2,6,30,53,229,12,49.3844413465402
"NSFG 25-44",1025,0.2,7,30,44,146,10,46.6454590240569
"NSFG 25-44",1025,0.2,8,30,44,194,15,56.2330412406553
"NSFG 25-44",1025,0.2,9,30,55,197,8,55.103871451261
"NSFG 25-44",1025,0.2,10,30,62,310,10,66.8991965703815
"NSFG 25-44",1025,0.2,11,30,83,477,11,85.3177503970682
"NSFG 25-44",1025,0.4,1,30,8,8,22,16.3567110574386
"NSFG 25-44",1025,0.4,2,30,39,151,13,32.9312576677492
"NSFG 25-44",1025,0.4,3,30,85,757,7,56.9122130757054
"NSFG 25-44",1025,0.4,4,30,71,273,7,66.5160219941141
"NSFG 25-44",1025,0.4,5,30,50,162,10,87.6651152147352
"NSFG 25-44",1025,0.4,6,30,121,991,8,138.004172520195
"NSFG 25-44",1025,0.4,7,30,89,479,7,119.071524012381
"NSFG 25-44",1025,0.4,8,30,118,902,6,141.527630550233
"NSFG 25-44",1025,0.4,9,30,107,649,7,111.485368845951
"NSFG 25-44",1025,0.4,10,30,145,1207,2,152.67533293079
"NSFG 25-44",1025,0.4,11,30,206,3044,7,223.490932206211
"NSFG 25-44",1025,0.6,1,30,33,175,16,35.5216726155122
"NSFG 25-44",1025,0.6,2,30,77,821,10,68.6265628012985
"NSFG 25-44",1025,0.6,3,30,53,275,9,84.8139759790041
"NSFG 25-44",1025,0.6,4,30,148,1282,4,138.46151681746
"NSFG 25-44",1025,0.6,5,30,159,1685,4,192.713253263347
"NSFG 25-44",1025,0.6,6,30,218,2354,2,280.195748117964
"NSFG 25-44",1025,0.6,7,30,198,2548,5,202.128646536363
"NSFG 25-44",1025,0.6,8,30,265,3901,3,267.860099523448
"NSFG 25-44",1025,0.6,9,30,201,1593,1,174.083912148629
"NSFG 25-44",1025,0.6,10,30,231,2781,5,270.629341114718
"NSFG 25-44",1025,0.6,11,30,415,8477,2,451.762155121211
"NSFG 25-44",1025,0.8,1,30,36,88,6,42.3036084060157
"NSFG 25-44",1025,0.8,2,30,146,2498,3,102.910825218047
"NSFG 25-44",1025,0.8,3,30,185,2665,3,231.100596144598
"NSFG 25-44",1025,0.8,4,30,191,1555,0,190.33398178485
"NSFG 25-44",1025,0.8,5,30,222,2526,4,329.787511730487
"NSFG 25-44",1025,0.8,6,30,434,7510,1,549.495324687116
"NSFG 25-44",1025,0.8,7,30,278,4126,3,329.91653589937
"NSFG 25-44",1025,0.8,8,30,407,7477,2,415.867210504345
"NSFG 25-44",1025,0.8,9,30,239,2141,1,244.159397547716
"NSFG 25-44",1025,0.8,10,30,352,5582,5,451.195481607873
"NSFG 25-44",1025,0.8,11,30,1062,43080,1,855.347348502045
"NSFG 25-44",1025,0.9,1,30,42,150,4,65.0545270782666
"NSFG 25-44",1025,0.9,2,30,114,754,1,117.424211797111
"NSFG 25-44",1025,0.9,3,30,136,1234,4,182.478738875378
"NSFG 25-44",1025,0.9,4,30,297,5321,3,304.615056571044
"NSFG 25-44",1025,0.9,5,30,304,4784,4,376.012004829022
"NSFG 25-44",1025,0.9,6,30,507,10211,4,751.845169713133
"NSFG 25-44",1025,0.9,7,30,274,3718,4,400.414039323704
"NSFG 25-44",1025,0.9,8,30,523,13473,2,581.746288030007
"NSFG 25-44",1025,0.9,9,30,281,2875,2,289.511088651215
"NSFG 25-44",1025,0.9,10,30,534,10248,1,587.121058985556
"NSFG 25-44",1025,0.9,11,30,1131,48265,2,1184.93896515955
"NSFG 25-44",1026,0.2,1,30,6,8,25,7.10387145126104
"NSFG 25-44",1026,0.2,2,30,18,30,17,15.6335768604009
"NSFG 25-44",1026,0.2,3,30,25,57,16,21.4036036413882
"NSFG 25-44",1026,0.2,4,30,40,180,14,27.3116143537831
"NSFG 25-44",1026,0.2,5,30,38,114,13,33.2656197099806
"NSFG 25-44",1026,0.2,6,30,41,117,11,38.4377161215348
"NSFG 25-44",1026,0.2,7,30,43,117,10,49.0831751455917
"NSFG 25-44",1026,0.2,8,30,65,385,12,55.5891162274197
"NSFG 25-44",1026,0.2,9,30,59,303,14,59.5653519001078
"NSFG 25-44",1026,0.2,10,30,84,586,7,84.5611397905582
"NSFG 25-44",1026,0.2,11,30,80,378,6,74.2790358844578
"NSFG 25-44",1026,0.2,12,30,74,384,10,81.1069394729036
"NSFG 25-44",1026,0.4,1,30,12,42,23,16.3567110574386
"NSFG 25-44",1026,0.4,2,30,35,93,9,36.634462066572
"NSFG 25-44",1026,0.4,3,30,56,230,9,50.5949820424194
"NSFG 25-44",1026,0.4,4,30,52,204,10,63.0306531481632
"NSFG 25-44",1026,0.4,5,30,77,279,6,76.1198309125229
"NSFG 25-44",1026,0.4,6,30,89,505,9,85.2879687251878
"NSFG 25-44",1026,0.4,7,30,122,746,5,114.932648507814
"NSFG 25-44",1026,0.4,8,30,101,645,6,128.67533293079
"NSFG 25-44",1026,0.4,9,30,127,901,5,134.140266344632
"NSFG 25-44",1026,0.4,10,30,179,2027,7,232.620980834788
"NSFG 25-44",1026,0.4,11,30,126,1044,7,171.210399516947
"NSFG 25-44",1026,0.4,12,30,244,2712,2,184.517412834179
"NSFG 25-44",1026,0.6,1,30,47,435,14,51.23075840873
"NSFG 25-44",1026,0.6,2,30,84,1366,8,60.7720199046896
"NSFG 25-44",1026,0.6,3,30,143,1995,3,113.211169528282
"NSFG 25-44",1026,0.6,4,30,74,276,6,127.585995883694
"NSFG 25-44",1026,0.6,5,30,184,1886,3,137.731452987085
"NSFG 25-44",1026,0.6,6,30,124,782,4,152.106279342496
"NSFG 25-44",1026,0.6,7,30,232,2276,0,225.69227522619
"NSFG 25-44",1026,0.6,8,30,249,3179,3,237.650319151875
"NSFG 25-44",1026,0.6,9,30,228,2644,4,212.752431024242
"NSFG 25-44",1026,0.6,10,30,494,11320,2,488.139759790041
"NSFG 25-44",1026,0.6,11,30,230,2628,5,306.755209337662
"NSFG 25-44",1026,0.6,12,30,311,5127,2,335.630730271428
"NSFG 25-44",1026,0.8,1,30,50,250,3,56.3833071798739
"NSFG 25-44",1026,0.8,2,30,194,3214,1,145.149921539622
"NSFG 25-44",1026,0.8,3,30,169,3105,3,148.030373378834
"NSFG 25-44",1026,0.8,4,30,143,1463,4,179.070222765763
"NSFG 25-44",1026,0.8,5,30,241,2521,1,269.244807002897
"NSFG 25-44",1026,0.8,6,30,229,3229,1,232.702102275307
"NSFG 25-44",1026,0.8,7,30,390,6254,1,436.922246580692
"NSFG 25-44",1026,0.8,8,30,420,8512,1,424.31502976866
"NSFG 25-44",1026,0.8,9,30,365,5447,2,365.244807002897
"NSFG 25-44",1026,0.8,10,30,781,24287,2,1067.88628790286
"NSFG 25-44",1026,0.8,11,30,435,6565,0,517.434577929447
"NSFG 25-44",1026,0.8,12,30,551,14621,5,566.778035722392
"NSFG 25-44",1026,0.9,1,30,57,875,4,60.8262462917926
"NSFG 25-44",1026,0.9,2,30,152,2488,0,204.10396791983
"NSFG 25-44",1026,0.9,3,30,193,3439,6,218.419125560407
"NSFG 25-44",1026,0.9,4,30,275,5323,4,368.039268368155
"NSFG 25-44",1026,0.9,5,30,254,3512,4,367.555443256074
"NSFG 25-44",1026,0.9,6,30,358,8144,1,299.419125560407
"NSFG 25-44",1026,0.9,7,30,337,4699,1,476.523093480237
"NSFG 25-44",1026,0.9,8,30,401,8587,4,554.262462917926
"NSFG 25-44",1026,0.9,9,30,399,6575,3,479.783724042548
"NSFG 25-44",1026,0.9,10,30,906,29922,1,1377.80956605621
"NSFG 25-44",1026,0.9,11,30,432,6764,2,677.545270782666
"NSFG 25-44",1026,0.9,12,30,723,25017,3,729.914955501511
"NSFG 25-44",1027,0.2,1,30,4,4,26,7.88578039590428
"NSFG 25-44",1027,0.2,2,30,14,20,19,13.5178232454839
"NSFG 25-44",1027,0.2,3,30,14,26,19,21.1736304223755
"NSFG 25-44",1027,0.2,4,30,46,180,10,28.9214268868722
"NSFG 25-44",1027,0.2,5,30,36,168,13,34.4614804488467
"NSFG 25-44",1027,0.2,6,30,53,217,13,50.1203556473808
"NSFG 25-44",1027,0.2,7,30,40,114,10,46.1855125860315
"NSFG 25-44",1027,0.2,8,30,70,490,11,55.2671537208018
"NSFG 25-44",1027,0.2,9,30,78,382,7,60.0712929819357
"NSFG 25-44",1027,0.2,10,30,98,1030,10,123.47260844751
"NSFG 25-44",1027,0.2,11,30,75,469,11,76.7627466497952
"NSFG 25-44",1027,0.2,12,30,75,307,7,85.798393140763
"NSFG 25-44",1027,0.4,1,30,13,19,19,13.9605199758474
"NSFG 25-44",1027,0.4,2,30,29,65,12,32.2777510091334
"NSFG 25-44",1027,0.4,3,30,51,139,8,59.7440752630405
"NSFG 25-44",1027,0.4,4,30,70,240,6,66.0803508883702
"NSFG 25-44",1027,0.4,5,30,140,2990,8,106.398972761721
"NSFG 25-44",1027,0.4,6,30,92,526,7,129.944257063934
"NSFG 25-44",1027,0.4,7,30,87,603,10,112.100786320479
"NSFG 25-44",1027,0.4,8,30,141,1649,9,130.418017353765
"NSFG 25-44",1027,0.4,9,30,145,1055,3,137.625635190583
"NSFG 25-44",1027,0.4,10,30,415,10931,5,420.613062963264
"NSFG 25-44",1027,0.4,11,30,196,1912,1,187.548065982342
"NSFG 25-44",1027,0.4,12,30,197,2249,6,209.350665861579
"NSFG 25-44",1027,0.6,1,30,35,279,18,39.1468462601009
"NSFG 25-44",1027,0.6,2,30,51,153,5,55.3342594378065
"NSFG 25-44",1027,0.6,3,30,98,1158,6,90.8559320533187
"NSFG 25-44",1027,0.6,4,30,155,1881,5,112.481105697907
"NSFG 25-44",1027,0.6,5,30,171,3167,6,158.274103639754
"NSFG 25-44",1027,0.6,6,30,257,5919,7,270.528618399061
"NSFG 25-44",1027,0.6,7,30,143,1029,4,187.627951958008
"NSFG 25-44",1027,0.6,8,30,293,4379,3,237.046123544444
"NSFG 25-44",1027,0.6,9,30,257,8019,5,253.837732329581
"NSFG 25-44",1027,0.6,10,30,885,44299,4,1013.78993825541
"NSFG 25-44",1027,0.6,11,30,436,8494,1,347.840510643
"NSFG 25-44",1027,0.6,12,30,428,7484,2,397.258682229436
"NSFG 25-44",1027,0.8,1,30,145,9423,7,73.2789457085037
"NSFG 25-44",1027,0.8,2,30,91,1251,3,111.358644482362
"NSFG 25-44",1027,0.8,3,30,180,2628,2,233.916535899369
"NSFG 25-44",1027,0.8,4,30,241,4335,3,203.005710681322
"NSFG 25-44",1027,0.8,5,30,511,32287,0,295.996234673228
"NSFG 25-44",1027,0.8,6,30,574,25674,1,559.351113828817
"NSFG 25-44",1027,0.8,7,30,474,20624,1,370.747662343558
"NSFG 25-44",1027,0.8,8,30,380,7852,4,391.931722588786
"NSFG 25-44",1027,0.8,9,30,918,62118,1,435.643300872188
"NSFG 25-44",1027,0.8,10,30,2278,209222,2,2182.99843079243
"NSFG 25-44",1027,0.8,11,30,644,17772,1,632.888107875085
"NSFG 25-44",1027,0.8,12,30,632,15038,2,710.390963215747
"NSFG 25-44",1027,0.9,1,30,46,122,2,62.9403866850296
"NSFG 25-44",1027,0.9,2,30,213,4141,2,210.446389099541
"NSFG 25-44",1027,0.9,3,30,146,1038,1,197.277721628037
"NSFG 25-44",1027,0.9,4,30,268,4882,1,270.788810279252
"NSFG 25-44",1027,0.9,5,30,489,37855,2,329.500916177807
"NSFG 25-44",1027,0.9,6,30,1131,105305,1,967.487489823311
"NSFG 25-44",1027,0.9,7,30,700,53446,0,442.696847188445
"NSFG 25-44",1027,0.9,8,30,489,10493,2,524.664497412607
"NSFG 25-44",1027,0.9,9,30,1273,140733,2,572.805901344978
"NSFG 25-44",1027,0.9,10,30,3356,414468,1,3187.51374266711
"NSFG 25-44",1027,0.9,11,30,920,33568,4,924.8996967914
"NSFG 25-44",1027,0.9,12,30,732,18980,1,958.242117971111
"NSFG 25-44",1028,0.2,1,30,8,10,23,8.39172147773226
"NSFG 25-44",1028,0.2,2,30,4,4,26,14.0237643273119
"NSFG 25-44",1028,0.2,3,30,25,67,16,22.0015340108213
"NSFG 25-44",1028,0.2,4,30,36,94,12,28.3234965174391
"NSFG 25-44",1028,0.2,5,30,36,174,13,35.5193572563052
"NSFG 25-44",1028,0.2,6,30,38,118,14,45.6128805547316
"NSFG 25-44",1028,0.2,7,30,82,452,8,57.7761628242724
"NSFG 25-44",1028,0.2,8,30,64,268,8,50.9436572033628
"NSFG 25-44",1028,0.2,9,30,77,383,9,63.2909180481138
"NSFG 25-44",1028,0.2,10,30,84,478,11,68.2790358844579
"NSFG 25-44",1028,0.2,12,30,100,682,8,73.3798393140763
"NSFG 25-44",1028,0.2,14,30,78,434,8,103.317750397068
"NSFG 25-44",1028,0.4,1,30,26,56,13,23.3274487493404
"NSFG 25-44",1028,0.4,2,30,28,104,17,35.9809554079562
"NSFG 25-44",1028,0.4,3,30,75,401,6,56.4765419699615
"NSFG 25-44",1028,0.4,4,30,57,211,8,68.0408708642176
"NSFG 25-44",1028,0.4,5,30,83,529,7,82.8727330515527
"NSFG 25-44",1028,0.4,6,30,96,676,8,98.3581018975036
"NSFG 25-44",1028,0.4,7,30,229,4183,6,166.34183898559
"NSFG 25-44",1028,0.4,8,30,102,608,6,109.287968725188
"NSFG 25-44",1028,0.4,9,30,133,1377,6,142.635852906637
"NSFG 25-44",1028,0.4,10,30,149,1489,8,159.210399516948
"NSFG 25-44",1028,0.4,12,30,188,1628,2,150.535066586158
"NSFG 25-44",1028,0.4,14,30,228,3406,3,259.490932206211
"NSFG 25-44",1028,0.6,1,30,39,263,12,37.938455045238
"NSFG 25-44",1028,0.6,2,30,52,198,10,60.7720199046896
"NSFG 25-44",1028,0.6,3,30,103,2039,11,115.023756350577
"NSFG 25-44",1028,0.6,4,30,155,1649,3,141.482494854617
"NSFG 25-44",1028,0.6,5,30,119,1117,6,154.648929995166
"NSFG 25-44",1028,0.6,6,30,230,3234,1,218.567796159956
"NSFG 25-44",1028,0.6,7,30,417,8949,2,352.573352786795
"NSFG 25-44",1028,0.6,8,30,209,1839,1,183.876910090476
"NSFG 25-44",1028,0.6,9,30,338,5018,1,261.088079618758
"NSFG 25-44",1028,0.6,10,30,227,2593,1,288.755209337662
"NSFG 25-44",1028,0.6,12,30,218,2042,1,234.125868222944
"NSFG 25-44",1028,0.6,14,30,596,19344,3,505.76215512121
"NSFG 25-44",1028,0.8,1,30,52,294,6,57.7912770572597
"NSFG 25-44",1028,0.8,2,30,93,707,4,124.030373378834
"NSFG 25-44",1028,0.8,3,30,196,3462,1,187.453529945637
"NSFG 25-44",1028,0.8,4,30,174,1852,2,208.637590190866
"NSFG 25-44",1028,0.8,5,30,293,16827,4,263.612927493354
"NSFG 25-44",1028,0.8,6,30,536,24802,3,387.578788787747
"NSFG 25-44",1028,0.8,7,30,915,46369,5,701.620583529226
"NSFG 25-44",1028,0.8,8,30,361,6269,2,300.413680558708
"NSFG 25-44",1028,0.8,9,30,417,8277,4,468.026608052062
"NSFG 25-44",1028,0.8,10,30,409,6115,1,493.434577929448
"NSFG 25-44",1028,0.8,12,30,323,3825,0,330.239096321575
"NSFG 25-44",1028,0.8,14,30,1381,87697,1,927.347348502044
"NSFG 25-44",1028,0.9,1,30,101,2057,5,77.7393694376889
"NSFG 25-44",1028,0.9,2,30,287,18079,5,206.218108313067
"NSFG 25-44",1028,0.9,3,30,407,18751,0,275.500916177807
"NSFG 25-44",1028,0.9,4,30,312,5422,1,313.071618143993
"NSFG 25-44",1028,0.9,5,30,398,17396,4,386.582706795207
"NSFG 25-44",1028,0.9,6,30,487,22579,2,419.925127974918
"NSFG 25-44",1028,0.9,7,30,1190,80060,2,1005.0581917895
"NSFG 25-44",1028,0.9,8,30,442,8278,0,366.10396791983
"NSFG 25-44",1028,0.9,9,30,515,12885,5,587.604884097637
"NSFG 25-44",1028,0.9,10,30,485,7935,0,650.545270782666
"NSFG 25-44",1028,0.9,12,30,339,4277,3,387.424211797111
"NSFG 25-44",1028,0.9,14,30,2468,229482,1,1265.93896515955
"NSFG 25-44",1029,0.2,1,30,11,13,20,7.19586073886613
"NSFG 25-44",1029,0.2,2,30,8,10,23,13.5178232454839
"NSFG 25-44",1029,0.2,3,30,26,60,14,21.8635500794137
"NSFG 25-44",1029,0.2,4,30,38,474,18,27.9095447232162
"NSFG 25-44",1029,0.2,5,30,34,90,14,35.6573411877128
"NSFG 25-44",1029,0.2,6,30,47,281,16,42.1172876257383
"NSFG 25-44",1029,0.2,7,30,40,134,13,48.6232287075663
"NSFG 25-44",1029,0.2,8,30,41,163,14,50.7596786281526
"NSFG 25-44",1029,0.2,9,30,64,330,12,82.9766255956024
"NSFG 25-44",1029,0.2,10,30,49,215,15,72.4645484704893
"NSFG 25-44",1029,0.2,11,30,115,911,6,79.798393140763
"NSFG 25-44",1029,0.4,1,30,17,37,17,15.7032043988228
"NSFG 25-44",1029,0.4,2,30,32,72,14,29.2280532689263
"NSFG 25-44",1029,0.4,3,30,47,179,11,53.6446797826264
"NSFG 25-44",1029,0.4,4,30,69,471,8,58.8917776435966
"NSFG 25-44",1029,0.4,5,30,65,279,8,68.0599154562615
"NSFG 25-44",1029,0.4,6,30,73,315,8,100.100786320479
"NSFG 25-44",1029,0.4,7,30,86,514,9,111.011608556119
"NSFG 25-44",1029,0.4,8,30,79,339,5,109.070133172316
"NSFG 25-44",1029,0.4,9,30,322,6828,2,245.236398309317
"NSFG 25-44",1029,0.4,10,30,154,1840,9,171.844861583519
"NSFG 25-44",1029,0.4,11,30,322,5630,2,197.350665861579
"NSFG 25-44",1029,0.6,1,30,24,36,10,25.8545428966089
"NSFG 25-44",1029,0.6,2,30,71,1449,10,65.6055847641412
"NSFG 25-44",1029,0.6,3,30,84,450,4,119.253125602597
"NSFG 25-44",1029,0.6,4,30,94,544,4,119.127257379653
"NSFG 25-44",1029,0.6,5,30,144,1758,5,146.794387098557
"NSFG 25-44",1029,0.6,6,30,219,2635,2,166.606973920851
"NSFG 25-44",1029,0.6,7,30,174,1514,3,196.69088606948
"NSFG 25-44",1029,0.6,8,30,146,1062,4,180.251736445887
"NSFG 25-44",1029,0.6,9,30,533,13893,2,542.643232681816
"NSFG 25-44",1029,0.6,10,30,329,6791,3,332.861488680158
"NSFG 25-44",1029,0.6,11,30,647,23285,2,379.258682229436
"NSFG 25-44",1029,0.8,1,30,30,38,4,45.1195481607873
"NSFG 25-44",1029,0.8,2,30,77,331,4,81.7912770572597
"NSFG 25-44",1029,0.8,3,30,173,2681,3,170.557891417008
"NSFG 25-44",1029,0.8,4,30,212,3938,2,190.33398178485
"NSFG 25-44",1029,0.8,5,30,170,2316,1,234.045560068252
"NSFG 25-44",1029,0.8,6,30,438,14514,3,304.508566021984
"NSFG 25-44",1029,0.8,7,30,339,4523,1,383.41939124003
"NSFG 25-44",1029,0.8,8,30,273,2701,0,276.478192643149
"NSFG 25-44",1029,0.8,9,30,1014,46554,3,1103.02102275307
"NSFG 25-44",1029,0.8,10,30,622,19700,1,593.400439223841
"NSFG 25-44",1029,0.8,11,30,724,29664,4,686.390963215746
"NSFG 25-44",1029,0.9,1,30,43,167,3,52.3696847188444
"NSFG 25-44",1029,0.9,2,30,136,1420,0,121.652492583585
"NSFG 25-44",1029,0.9,3,30,194,2908,1,275.500916177807
"NSFG 25-44",1029,0.9,4,30,511,21247,2,382.838251120815
"NSFG 25-44",1029,0.9,5,30,412,15832,1,424.637233873474
"NSFG 25-44",1029,0.9,6,30,330,8294,2,371.299898930467
"NSFG 25-44",1029,0.9,7,30,292,3844,3,446.925127974918
"NSFG 25-44",1029,0.9,8,30,271,2847,4,342.848423594222
"NSFG 25-44",1029,0.9,9,30,1496,87878,2,1574.90844773933
"NSFG 25-44",1029,0.9,10,30,809,32985,1,794.306817522785
"NSFG 25-44",1029,0.9,11,30,1586,94320,1,931.242117971111
"NSFG 25-44",1030,0.2,1,30,5,5,25,6.45994643802544
"NSFG 25-44",1030,0.2,2,30,16,20,16,13.3338446702738
"NSFG 25-44",1030,0.2,3,30,20,40,18,20.0237643273119
"NSFG 25-44",1030,0.2,4,30,31,65,13,26.6676893405475
"NSFG 25-44",1030,0.2,5,30,40,122,13,34.8754322430696
"NSFG 25-44",1030,0.2,6,30,53,169,9,40.9214268868721
"NSFG 25-44",1030,0.2,7,30,45,217,12,50.5090091034705
"NSFG 25-44",1030,0.2,8,30,58,256,12,65.2479914259538
"NSFG 25-44",1030,0.2,9,30,58,244,9,58.1395179422289
"NSFG 25-44",1030,0.2,10,30,79,465,10,86.2169469674497
"NSFG 25-44",1030,0.2,11,30,50,202,13,72.8991965703815
"NSFG 25-44",1030,0.4,1,30,10,10,20,18.5350665861579
"NSFG 25-44",1030,0.4,2,30,31,93,13,32.0599154562614
"NSFG 25-44",1030,0.4,3,30,46,140,10,42.7529021390299
"NSFG 25-44",1030,0.4,4,30,49,191,8,65.2090086768825
"NSFG 25-44",1030,0.4,5,30,47,175,13,88.318621873351
"NSFG 25-44",1030,0.4,6,30,99,591,4,95.3084041572966
"NSFG 25-44",1030,0.4,7,30,128,916,3,114.714812954942
"NSFG 25-44",1030,0.4,8,30,180,1972,5,180.520194514309
"NSFG 25-44",1030,0.4,9,30,118,776,5,127.605199758474
"NSFG 25-44",1030,0.4,10,30,185,2405,6,244.166265137
"NSFG 25-44",1030,0.4,11,30,145,1169,5,164.67533293079
"NSFG 25-44",1030,0.6,1,30,27,65,12,31.8964989709234
"NSFG 25-44",1030,0.6,2,30,24,46,16,51.1048901857864
"NSFG 25-44",1030,0.6,3,30,80,738,6,72.1258682229436
"NSFG 25-44",1030,0.6,4,30,92,508,7,119.731452987085
"NSFG 25-44",1030,0.6,5,30,137,1409,7,183.046123544444
"NSFG 25-44",1030,0.6,6,30,250,3444,3,170.836343172871
"NSFG 25-44",1030,0.6,7,30,201,2723,4,205.14962457352
"NSFG 25-44",1030,0.6,8,30,266,4978,6,362.718809890186
"NSFG 25-44",1030,0.6,9,30,247,2727,2,216.377604668831
"NSFG 25-44",1030,0.6,10,30,482,11544,6,524.391496235928
"NSFG 25-44",1030,0.6,11,30,223,2389,2,288.629341114718
"NSFG 25-44",1030,0.8,1,30,44,180,9,57.7912770572597
"NSFG 25-44",1030,0.8,2,30,97,1593,3,132.478192643149
"NSFG 25-44",1030,0.8,3,30,112,724,4,166.33398178485
"NSFG 25-44",1030,0.8,4,30,225,5433,3,221.309319087338
"NSFG 25-44",1030,0.8,5,30,237,4343,2,243.901349209952
"NSFG 25-44",1030,0.8,6,30,468,9940,2,286.204957615968
"NSFG 25-44",1030,0.8,7,30,378,7922,4,415.802698419905
"NSFG 25-44",1030,0.8,8,30,535,12877,0,628.470661989604
"NSFG 25-44",1030,0.8,9,30,313,4025,2,342.717288964724
"NSFG 25-44",1030,0.8,10,30,849,25923,0,1042.54283010992
"NSFG 25-44",1030,0.8,11,30,436,6682,1,475.195481607873
"NSFG 25-44",1030,0.9,1,30,124,4052,3,103.109054156533
"NSFG 25-44",1030,0.9,2,30,133,1959,1,102.625229044452
"NSFG 25-44",1030,0.9,3,30,181,3861,2,184.592879268615
"NSFG 25-44",1030,0.9,4,30,249,6191,1,270.788810279252
"NSFG 25-44",1030,0.9,5,30,345,6075,3,397.153408761392
"NSFG 25-44",1030,0.9,6,30,344,6418,5,392.441302862837
"NSFG 25-44",1030,0.9,7,30,385,8127,3,436.354426008733
"NSFG 25-44",1030,0.9,8,30,564,15744,2,843.8996967914
"NSFG 25-44",1030,0.9,9,30,361,5331,5,433.272635391333
"NSFG 25-44",1030,0.9,10,30,887,30409,3,1475.06002414511
"NSFG 25-44",1030,0.9,11,30,416,6584,3,614.121058985555
"NSFG 25-44",1031,0.2,1,30,6,6,24,6.91989287605087
"NSFG 25-44",1031,0.2,2,30,16,24,18,12.9198928760509
"NSFG 25-44",1031,0.2,3,30,37,125,14,22.9674215306747
"NSFG 25-44",1031,0.2,4,30,28,76,16,29.1973947496874
"NSFG 25-44",1031,0.2,5,30,37,155,16,34.737448311662
"NSFG 25-44",1031,0.2,6,30,44,182,15,47.084709156413
"NSFG 25-44",1031,0.2,7,30,66,320,9,46.4154858050442
"NSFG 25-44",1031,0.2,8,30,75,355,10,59.0387145126104
"NSFG 25-44",1031,0.2,10,30,54,246,11,71.682639525846
"NSFG 25-44",1031,0.2,13,30,93,667,10,94.5580717689157
"NSFG 25-44",1031,0.4,1,30,20,94,19,18.5350665861579
"NSFG 25-44",1031,0.4,2,30,48,430,15,46.001390840065
"NSFG 25-44",1031,0.4,3,30,39,147,14,52.1198309125229
"NSFG 25-44",1031,0.4,4,30,107,1587,10,100.280532689263
"NSFG 25-44",1031,0.4,5,30,94,428,5,86.3581018975036
"NSFG 25-44",1031,0.4,6,30,114,982,8,150.856470139639
"NSFG 25-44",1031,0.4,7,30,103,827,7,103.387364205602
"NSFG 25-44",1031,0.4,8,30,159,1389,3,148.280532689263
"NSFG 25-44",1031,0.4,10,30,171,1745,3,170.102177160544
"NSFG 25-44",1031,0.4,13,30,171,1667,7,234.420799033895
"NSFG 25-44",1031,0.6,1,30,16,36,18,19.8125868222944
"NSFG 25-44",1031,0.6,2,30,43,181,11,45.6671297189033
"NSFG 25-44",1031,0.6,3,30,50,146,8,92.668518875613
"NSFG 25-44",1031,0.6,4,30,123,1531,7,160.816754292424
"NSFG 25-44",1031,0.6,5,30,127,781,5,140.752431024242
"NSFG 25-44",1031,0.6,6,30,397,13415,5,326.114614282755
"NSFG 25-44",1031,0.6,7,30,211,2935,3,159.23075840873
"NSFG 25-44",1031,0.6,8,30,313,5859,3,289.006945783549
"NSFG 25-44",1031,0.6,10,30,292,4504,2,337.090857932178
"NSFG 25-44",1031,0.6,13,30,437,8115,0,451.510418675324
"NSFG 25-44",1031,0.8,1,30,87,1361,6,47.9354879155589
"NSFG 25-44",1031,0.8,2,30,86,686,2,91.6470661989604
"NSFG 25-44",1031,0.8,3,30,245,12179,3,171.965861294393
"NSFG 25-44",1031,0.8,4,30,284,8292,4,308.603451485259
"NSFG 25-44",1031,0.8,5,30,352,17994,2,252.349168474267
"NSFG 25-44",1031,0.8,6,30,846,52222,2,649.46118598151
"NSFG 25-44",1031,0.8,7,30,710,45370,2,307.389017861196
"NSFG 25-44",1031,0.8,8,30,1203,74301,1,529.912770572597
"NSFG 25-44",1031,0.8,10,30,411,6883,0,569.464951308282
"NSFG 25-44",1031,0.8,13,30,783,23251,0,818.869155858896
"NSFG 25-44",1031,0.9,1,30,78,928,3,84.0817906174
"NSFG 25-44",1031,0.9,2,30,115,1031,2,130.109054156533
"NSFG 25-44",1031,0.9,3,30,480,35518,0,404.463480165266
"NSFG 25-44",1031,0.9,4,30,952,93472,1,541.398780613592
"NSFG 25-44",1031,0.9,5,30,432,15940,2,352.756460503415
"NSFG 25-44",1031,0.9,6,30,1016,80106,2,969.601630216548
"NSFG 25-44",1031,0.9,7,30,1429,145563,0,370.816073818385
"NSFG 25-44",1031,0.9,8,30,2134,225024,2,723.393694376889
"NSFG 25-44",1031,0.9,10,30,567,11701,0,752.024009658044
"NSFG 25-44",1031,0.9,13,30,850,28854,4,1112.09054156533
"NSFG 25-44",1032,0.2,1,30,6,8,25,7.7937911082992
"NSFG 25-44",1032,0.2,2,30,17,33,20,13.7018018206941
"NSFG 25-44",1032,0.2,3,30,44,514,18,25.3131483646044
"NSFG 25-44",1032,0.2,4,30,19,31,17,30.3932554885535
"NSFG 25-44",1032,0.2,5,30,58,222,9,40.1188216365596
"NSFG 25-44",1032,0.2,6,30,61,647,15,42.6692233513688
"NSFG 25-44",1032,0.2,7,30,82,406,5,50.6009983910756
"NSFG 25-44",1032,0.2,8,30,55,197,10,58.1188216365596
"NSFG 25-44",1032,0.2,9,30,70,460,9,79.389043379004
"NSFG 25-44",1032,0.2,10,30,82,442,6,73.798393140763
"NSFG 25-44",1032,0.2,11,30,87,507,9,82.2821039061004
"NSFG 25-44",1032,0.2,13,30,75,347,8,82.1395179422288
"NSFG 25-44",1032,0.2,14,30,124,1148,7,104.697589711145
"NSFG 25-44",1032,0.4,1,30,21,31,13,14.6140266344632
"NSFG 25-44",1032,0.4,2,30,47,471,14,42.951693099858
"NSFG 25-44",1032,0.4,3,30,63,661,13,66.7148129549422
"NSFG 25-44",1032,0.4,4,30,65,345,13,75.4472796618633
"NSFG 25-44",1032,0.4,5,30,80,674,10,109.230834949056
"NSFG 25-44",1032,0.4,6,30,112,842,7,95.5262397101685
"NSFG 25-44",1032,0.4,7,30,184,2468,3,129.745466103105
"NSFG 25-44",1032,0.4,8,30,117,1135,12,142.616808314593
"NSFG 25-44",1032,0.4,9,30,184,2908,7,230.205745161153
"NSFG 25-44",1032,0.4,10,30,164,1374,3,185.350665861579
"NSFG 25-44",1032,0.4,11,30,216,2338,3,203.885732447737
"NSFG 25-44",1032,0.4,13,30,170,1510,6,175.605199758474
"NSFG 25-44",1032,0.4,14,30,194,2146,5,266.025998792369
"NSFG 25-44",1032,0.6,1,30,35,189,15,60.2936925202018
"NSFG 25-44",1032,0.6,2,30,68,444,6,67.4181715864356
"NSFG 25-44",1032,0.6,3,30,67,355,11,103.544039809379
"NSFG 25-44",1032,0.6,4,30,153,2111,3,160.212558684992
"NSFG 25-44",1032,0.6,5,30,124,738,3,154.044734387734
"NSFG 25-44",1032,0.6,6,30,153,1957,8,182.316059714069
"NSFG 25-44",1032,0.6,7,30,153,1443,5,244.422339056565
"NSFG 25-44",1032,0.6,8,30,446,17888,10,301.69505353961
"NSFG 25-44",1032,0.6,9,30,539,14401,3,495.515975302163
"NSFG 25-44",1032,0.6,10,30,461,14863,4,361.258682229436
"NSFG 25-44",1032,0.6,11,30,398,7698,0,390.134203163202
"NSFG 25-44",1032,0.6,13,30,240,2770,5,288.377604668831
"NSFG 25-44",1032,0.6,14,30,415,8487,2,523.888023344154
"NSFG 25-44",1032,0.8,1,30,56,346,4,53.5673674251022
"NSFG 25-44",1032,0.8,2,30,183,6169,5,153.597740803937
"NSFG 25-44",1032,0.8,3,30,289,10445,4,217.02089737074
"NSFG 25-44",1032,0.8,4,30,341,14691,5,387.449764618865
"NSFG 25-44",1032,0.8,5,30,413,14621,3,339.643300872188
"NSFG 25-44",1032,0.8,6,30,383,11865,2,289.02089737074
"NSFG 25-44",1032,0.8,7,30,632,28870,1,441.146156212849
"NSFG 25-44",1032,0.8,8,30,909,45317,2,529.912770572597
"NSFG 25-44",1032,0.8,9,30,988,51734,1,993.199372316973
"NSFG 25-44",1032,0.8,10,30,1271,85467,1,662.390963215746
"NSFG 25-44",1032,0.8,11,30,670,18486,1,717.366300518234
"NSFG 25-44",1032,0.8,13,30,374,5314,1,438.717288964724
"NSFG 25-44",1032,0.8,14,30,662,18728,4,969.58644482362
"NSFG 25-44",1032,0.9,1,30,196,22634,1,94.6524925835852
"NSFG 25-44",1032,0.9,2,30,148,2516,2,134.337334943007
"NSFG 25-44",1032,0.9,3,30,465,37381,2,241.674669886015
"NSFG 25-44",1032,0.9,4,30,516,34004,2,450.4907437044
"NSFG 25-44",1032,0.9,5,30,515,34303,1,397.153408761393
"NSFG 25-44",1032,0.9,6,30,959,61117,1,481.235199378792
"NSFG 25-44",1032,0.9,7,30,736,36546,1,594.914955501511
"NSFG 25-44",1032,0.9,8,30,1521,129223,2,723.393694376889
"NSFG 25-44",1032,0.9,9,30,1255,79825,5,1416.34791824656
"NSFG 25-44",1032,0.9,10,30,2186,246204,2,904.242117971111
"NSFG 25-44",1032,0.9,11,30,919,34723,4,986.209768195274
"NSFG 25-44",1032,0.9,13,30,407,6239,3,541.272635391333
"NSFG 25-44",1032,0.9,14,30,921,33005,3,1329.36317695667
"NSFG 25-44",1033,0.2,1,30,9,9,21,7.33384467027376
"NSFG 25-44",1033,0.2,2,30,13,23,21,14.2997321901272
"NSFG 25-44",1033,0.2,3,30,30,58,11,21.1736304223755
"NSFG 25-44",1033,0.2,4,30,21,59,20,28.737448311662
"NSFG 25-44",1033,0.2,5,30,38,120,13,35.1514001058849
"NSFG 25-44",1033,0.2,6,30,37,115,15,42.5772340637637
"NSFG 25-44",1033,0.2,7,30,58,266,13,46.5994643802544
"NSFG 25-44",1033,0.2,8,30,56,256,10,56.8769662538909
"NSFG 25-44",1033,0.2,10,30,60,360,11,88.9766255956023
"NSFG 25-44",1033,0.2,11,30,79,367,6,67.3798393140763
"NSFG 25-44",1033,0.2,13,30,140,1352,8,115.25566148006
"NSFG 25-44",1033,0.2,14,30,85,483,9,94.3487948555723
"NSFG 25-44",1033,0.4,1,30,17,37,17,14.8318621873351
"NSFG 25-44",1033,0.4,2,30,29,53,12,34.8917776435965
"NSFG 25-44",1033,0.4,3,30,68,332,9,55.1695286527299
"NSFG 25-44",1033,0.4,4,30,69,417,10,77.8434707434545
"NSFG 25-44",1033,0.4,5,30,78,390,7,77.6446797826264
"NSFG 25-44",1033,0.4,6,30,87,465,5,101.843470743454
"NSFG 25-44",1033,0.4,7,30,153,1499,4,105.347884181449
"NSFG 25-44",1033,0.4,8,30,99,583,9,133.467715093972
"NSFG 25-44",1033,0.4,10,30,361,6557,2,257.236398309316
"NSFG 25-44",1033,0.4,11,30,185,1603,3,138.535066586158
"NSFG 25-44",1033,0.4,13,30,231,3511,8,332.446797826264
"NSFG 25-44",1033,0.4,14,30,233,3597,6,220.062697136391
"NSFG 25-44",1033,0.6,1,30,20,36,16,26.4587385040404
"NSFG 25-44",1033,0.6,2,30,48,150,10,49.292303363492
"NSFG 25-44",1033,0.6,3,30,101,763,5,104.752431024242
"NSFG 25-44",1033,0.6,4,30,120,1070,6,125.773409061399
"NSFG 25-44",1033,0.6,5,30,122,1142,7,139.544039809379
"NSFG 25-44",1033,0.6,6,30,217,3209,3,211.92164447821
"NSFG 25-44",1033,0.6,7,30,268,3932,1,193.669908032323
"NSFG 25-44",1033,0.6,8,30,277,4475,3,262.422339056565
"NSFG 25-44",1033,0.6,10,30,497,12451,1,560.643232681816
"NSFG 25-44",1033,0.6,11,30,215,2137,5,216.125868222944
"NSFG 25-44",1033,0.6,13,30,744,24386,2,723.398442019478
"NSFG 25-44",1033,0.6,14,30,419,8065,3,379.485273168037
"NSFG 25-44",1033,0.8,1,30,50,232,5,47.9354879155589
"NSFG 25-44",1033,0.8,2,30,140,2360,1,132.478192643149
"NSFG 25-44",1033,0.8,3,30,192,3530,2,215.612927493354
"NSFG 25-44",1033,0.8,4,30,206,3390,3,226.941198596881
"NSFG 25-44",1033,0.8,5,30,257,5221,2,238.269469700409
"NSFG 25-44",1033,0.8,6,30,233,2559,3,287.612927493354
"NSFG 25-44",1033,0.8,7,30,354,7276,3,297.533228719496
"NSFG 25-44",1033,0.8,8,30,331,6453,4,427.130969523432
"NSFG 25-44",1033,0.8,10,30,923,36169,4,1127.02102275307
"NSFG 25-44",1033,0.8,11,30,270,2932,4,306.239096321575
"NSFG 25-44",1033,0.8,13,30,1187,52423,1,1452.45560068251
"NSFG 25-44",1033,0.8,14,30,626,18116,3,662.64901155351
"NSFG 25-44",1033,0.9,1,30,60,488,5,86.195931010637
"NSFG 25-44",1033,0.9,2,30,161,3155,1,159.707019661852
"NSFG 25-44",1033,0.9,3,30,350,10118,2,338.925127974918
"NSFG 25-44",1033,0.9,4,30,247,4173,5,374.381689547867
"NSFG 25-44",1033,0.9,5,30,366,10164,0,340.071618143992
"NSFG 25-44",1033,0.9,6,30,344,7860,3,453.751374266711
"NSFG 25-44",1033,0.9,7,30,427,8965,1,396.18575853723
"NSFG 25-44",1033,0.9,8,30,434,8890,3,579.63214763677
"NSFG 25-44",1033,0.9,10,30,1078,44754,2,1601.90844773933
"NSFG 25-44",1033,0.9,11,30,333,3781,0,360.424211797111
"NSFG 25-44",1033,0.9,13,30,1356,68774,2,2063.453718522
"NSFG 25-44",1033,0.9,14,30,922,32610,2,912.87751948897
"NSFG 25-44",1034,0.2,1,30,7,9,24,7.0578768074585
"NSFG 25-44",1034,0.2,2,30,13,31,24,14.4377161215348
"NSFG 25-44",1034,0.2,3,30,22,52,18,21.2656197099806
"NSFG 25-44",1034,0.2,4,30,31,87,16,27.8635500794136
"NSFG 25-44",1034,0.2,5,30,43,149,12,35.7033358315154
"NSFG 25-44",1034,0.2,6,30,39,113,11,45.1989287605087
"NSFG 25-44",1034,0.2,7,30,48,168,11,49.3591430084069
"NSFG 25-44",1034,0.2,8,30,67,313,8,62.1663502911834
"NSFG 25-44",1034,0.2,9,30,63,297,11,56.8516679157577
"NSFG 25-44",1034,0.2,10,30,103,711,5,75.316216386247
"NSFG 25-44",1034,0.2,11,30,73,461,14,81.8681521118775
"NSFG 25-44",1034,0.2,14,30,105,775,7,90.8991965703815
"NSFG 25-44",1034,0.4,1,30,14,16,17,19.4064087976456
"NSFG 25-44",1034,0.4,2,30,44,322,15,36.634462066572
"NSFG 25-44",1034,0.4,3,30,57,217,8,55.3873642056018
"NSFG 25-44",1034,0.4,4,30,69,325,5,68.4765419699615
"NSFG 25-44",1034,0.4,5,30,100,560,2,82.2192263929369
"NSFG 25-44",1034,0.4,6,30,117,1241,8,103.368319613558
"NSFG 25-44",1034,0.4,7,30,104,742,8,113.625635190583
"NSFG 25-44",1034,0.4,8,30,181,1971,4,157.865297015628
"NSFG 25-44",1034,0.4,9,30,110,668,6,121.287968725188
"NSFG 25-44",1034,0.4,10,30,193,2463,6,185.568501414451
"NSFG 25-44",1034,0.4,11,30,273,5169,3,215.648852302821
"NSFG 25-44",1034,0.4,14,30,253,2627,2,200.67533293079
"NSFG 25-44",1034,0.6,1,30,29,89,10,25.2503472891775
"NSFG 25-44",1034,0.6,2,30,65,459,10,74.6685188756131
"NSFG 25-44",1034,0.6,3,30,91,595,9,108.377604668831
"NSFG 25-44",1034,0.6,4,30,124,2614,8,111.272714483045
"NSFG 25-44",1034,0.6,5,30,117,825,6,151.627951958008
"NSFG 25-44",1034,0.6,6,30,223,2757,5,218.567796159956
"NSFG 25-44",1034,0.6,7,30,228,3106,5,210.587385040404
"NSFG 25-44",1034,0.6,8,30,340,7696,1,293.840510643
"NSFG 25-44",1034,0.6,9,30,171,1357,3,194.022367193867
"NSFG 25-44",1034,0.6,10,30,447,11405,1,375.759376807791
"NSFG 25-44",1034,0.6,11,30,449,11687,2,402.822310919263
"NSFG 25-44",1034,0.6,14,30,350,5206,0,342.629341114718
"NSFG 25-44",1034,0.8,1,30,96,1240,3,64.8311264441887
"NSFG 25-44",1034,0.8,2,30,69,237,2,108.54270472759
"NSFG 25-44",1034,0.8,3,30,176,3190,3,198.717288964724
"NSFG 25-44",1034,0.8,4,30,150,1228,6,215.677439577795
"NSFG 25-44",1034,0.8,5,30,285,6553,1,281.916535899369
"NSFG 25-44",1034,0.8,6,30,300,4270,1,363.643300872188
"NSFG 25-44",1034,0.8,7,30,473,13201,2,382.011421362645
"NSFG 25-44",1034,0.8,8,30,468,14566,5,677.749607698108
"NSFG 25-44",1034,0.8,9,30,321,4051,1,320.189770926551
"NSFG 25-44",1034,0.8,10,30,757,30197,2,689.142390886077
"NSFG 25-44",1034,0.8,11,30,760,29658,2,752.56554745288
"NSFG 25-44",1034,0.8,14,30,452,8030,3,547.195481607873
"NSFG 25-44",1034,0.9,1,30,88,2468,5,81.9676502241629
"NSFG 25-44",1034,0.9,2,30,137,2575,1,153.364598482141
"NSFG 25-44",1034,0.9,3,30,249,5341,0,245.902950672489
"NSFG 25-44",1034,0.9,4,30,316,8598,2,287.701933425148
"NSFG 25-44",1034,0.9,5,30,357,6209,2,477.4907437044
"NSFG 25-44",1034,0.9,6,30,396,7722,4,502.376603311163
"NSFG 25-44",1034,0.9,7,30,509,13097,2,569.545270782666
"NSFG 25-44",1034,0.9,8,30,755,28841,2,979.20468195857
"NSFG 25-44",1034,0.9,9,30,368,5572,2,384.647406346881
"NSFG 25-44",1034,0.9,10,30,846,32058,1,923.269381510244
"NSFG 25-44",1034,0.9,11,30,1307,73011,4,1127.85717454216
"NSFG 25-44",1034,0.9,14,30,571,12271,3,695.121058985556
"NSFG 25-44",1035,0.2,1,30,2,2,28,6.96588751985341
"NSFG 25-44",1035,0.2,2,30,16,30,18,13.011882163656
"NSFG 25-44",1035,0.2,3,30,17,27,18,19.4718286016814
"NSFG 25-44",1035,0.2,4,30,37,107,10,27.7715607918086
"NSFG 25-44",1035,0.2,5,30,37,169,13,32.2997321901272
"NSFG 25-44",1035,0.2,6,30,60,282,9,46.8087412935977
"NSFG 25-44",1035,0.2,7,30,47,167,13,48.7152179951713
"NSFG 25-44",1035,0.2,8,30,61,297,10,61.798393140763
"NSFG 25-44",1035,0.2,9,30,61,209,6,54
"NSFG 25-44",1035,0.2,11,30,69,299,9,67.3798393140763
"NSFG 25-44",1035,0.4,1,30,13,25,20,15.9210399516948
"NSFG 25-44",1035,0.4,2,30,26,60,15,30.9707376919018
"NSFG 25-44",1035,0.4,3,30,37,71,7,44.7134221148772
"NSFG 25-44",1035,0.4,4,30,74,408,12,75.2294441089913
"NSFG 25-44",1035,0.4,5,30,117,1233,7,78.0803508883703
"NSFG 25-44",1035,0.4,6,30,213,3039,4,151.509976798255
"NSFG 25-44",1035,0.4,7,30,99,581,8,114.49697740207
"NSFG 25-44",1035,0.4,8,30,180,1892,5,161.350665861579
"NSFG 25-44",1035,0.4,9,30,90,430,5,108
"NSFG 25-44",1035,0.4,11,30,120,830,8,138.535066586158
"NSFG 25-44",1035,0.6,1,30,17,19,14,27.0629341114718
"NSFG 25-44",1035,0.6,2,30,61,375,8,60.1678242972582
"NSFG 25-44",1035,0.6,3,30,59,207,9,81.7929979418468
"NSFG 25-44",1035,0.6,4,30,131,1215,5,144.503472891774
"NSFG 25-44",1035,0.6,5,30,159,1539,2,130.481105697907
"NSFG 25-44",1035,0.6,6,30,199,2401,6,256.027923820706
"NSFG 25-44",1035,0.6,7,30,172,1768,3,221.46290597417
"NSFG 25-44",1035,0.6,8,30,299,5289,5,325.258682229436
"NSFG 25-44",1035,0.6,9,30,181,1345,2,162
"NSFG 25-44",1035,0.6,11,30,194,1812,5,216.125868222944
"NSFG 25-44",1035,0.8,1,30,27,41,7,52.1593975477164
"NSFG 25-44",1035,0.8,2,30,71,265,5,97.2789457085037
"NSFG 25-44",1035,0.8,3,30,177,2529,0,166.33398178485
"NSFG 25-44",1035,0.8,4,30,186,1792,1,229.757138351653
"NSFG 25-44",1035,0.8,5,30,270,6426,6,210.110072152693
"NSFG 25-44",1035,0.8,6,30,345,8137,5,466.425101921353
"NSFG 25-44",1035,0.8,7,30,273,3429,2,331.324505776755
"NSFG 25-44",1035,0.8,8,30,537,11339,1,614.390963215746
"NSFG 25-44",1035,0.8,9,30,193,1503,2,216
"NSFG 25-44",1035,0.8,11,30,263,2829,3,306.239096321575
"NSFG 25-44",1035,0.9,1,30,61,685,2,88.3100714038741
"NSFG 25-44",1035,0.9,2,30,90,614,4,125.880773370059
"NSFG 25-44",1035,0.9,3,30,181,2711,1,195.1635812348
"NSFG 25-44",1035,0.9,4,30,237,2657,1,355.354426008733
"NSFG 25-44",1035,0.9,5,30,234,4026,4,251.277721628037
"NSFG 25-44",1035,0.9,6,30,678,23372,2,940.003664711229
"NSFG 25-44",1035,0.9,7,30,293,4225,3,434.240285615496
"NSFG 25-44",1035,0.9,8,30,596,14306,3,850.242117971111
"NSFG 25-44",1035,0.9,9,30,248,2204,2,243
"NSFG 25-44",1035,0.9,11,30,312,3628,3,360.424211797111
"NSFG 25-44",1036,0.2,1,30,10,12,21,7.01188216365596
"NSFG 25-44",1036,0.2,2,30,14,30,22,14.4377161215348
"NSFG 25-44",1036,0.2,3,30,23,51,17,22.0015340108213
"NSFG 25-44",1036,0.2,4,30,31,71,13,27.6795715042035
"NSFG 25-44",1036,0.2,5,30,46,130,10,35.9793036943307
"NSFG 25-44",1036,0.2,6,30,23,57,19,41.1054054620823
"NSFG 25-44",1036,0.2,7,30,61,387,15,56.1203556473808
"NSFG 25-44",1036,0.2,8,30,36,110,14,48.7819089446433
"NSFG 25-44",1036,0.2,9,30,55,193,11,58.1395179422289
"NSFG 25-44",1036,0.2,10,30,79,407,8,66.6232287075663
"NSFG 25-44",1036,0.2,12,30,81,521,10,87.1782324548393
"NSFG 25-44",1036,0.2,13,30,81,411,7,83.5193572563052
"NSFG 25-44",1036,0.4,1,30,14,16,17,13.7426844229755
"NSFG 25-44",1036,0.4,2,30,33,63,10,30.0993954804141
"NSFG 25-44",1036,0.4,3,30,54,206,10,46.0204354321088
"NSFG 25-44",1036,0.4,4,30,86,374,6,67.3873642056018
"NSFG 25-44",1036,0.4,5,30,74,428,7,92.6753329307896
"NSFG 25-44",1036,0.4,6,30,101,617,7,93.1300486285773
"NSFG 25-44",1036,0.4,7,30,101,1083,8,137.151874900751
"NSFG 25-44",1036,0.4,8,30,96,514,7,98.6140266344632
"NSFG 25-44",1036,0.4,9,30,126,1014,6,127.605199758474
"NSFG 25-44",1036,0.4,10,30,126,944,6,150.061306296327
"NSFG 25-44",1036,0.4,12,30,193,2047,5,215.885732447737
"NSFG 25-44",1036,0.4,13,30,193,1815,4,182.140266344632
"NSFG 25-44",1036,0.6,1,30,28,62,12,35.5216726155122
"NSFG 25-44",1036,0.6,2,30,58,218,7,58.9594330823953
"NSFG 25-44",1036,0.6,3,30,90,414,3,101.127257379653
"NSFG 25-44",1036,0.6,4,30,102,616,8,120.335648594516
"NSFG 25-44",1036,0.6,5,30,229,3081,3,192.713253263347
"NSFG 25-44",1036,0.6,6,30,134,1038,6,173.253125602597
"NSFG 25-44",1036,0.6,7,30,217,2563,2,329.6139197044
"NSFG 25-44",1036,0.6,8,30,130,824,3,151.854542896609
"NSFG 25-44",1036,0.6,9,30,306,4222,2,216.377604668831
"NSFG 25-44",1036,0.6,10,30,255,2971,2,273.046123544444
"NSFG 25-44",1036,0.6,12,30,387,6327,1,415.38455045238
"NSFG 25-44",1036,0.6,13,30,269,3273,4,306.503472891774
"NSFG 25-44",1036,0.8,1,30,67,1225,4,43.7115782834015
"NSFG 25-44",1036,0.8,2,30,78,1018,6,97.2789457085037
"NSFG 25-44",1036,0.8,3,30,193,2901,1,214.204957615968
"NSFG 25-44",1036,0.8,4,30,132,1022,5,186.110072152693
"NSFG 25-44",1036,0.8,5,30,312,6708,3,345.275180381731
"NSFG 25-44",1036,0.8,6,30,270,3100,1,300.284656389826
"NSFG 25-44",1036,0.8,7,30,621,19783,2,649.525698065951
"NSFG 25-44",1036,0.8,8,30,238,2038,1,214.527518038173
"NSFG 25-44",1036,0.8,9,30,543,11749,1,342.717288964724
"NSFG 25-44",1036,0.8,10,30,358,4906,1,448.379541853102
"NSFG 25-44",1036,0.8,12,30,514,10090,2,752.630059537321
"NSFG 25-44",1036,0.8,13,30,407,6307,1,480.956385286298
"NSFG 25-44",1036,0.9,1,30,41,117,4,62.9403866850296
"NSFG 25-44",1036,0.9,2,30,121,1949,1,157.592879268615
"NSFG 25-44",1036,0.9,3,30,223,2795,0,254.359512245437
"NSFG 25-44",1036,0.9,4,30,170,1494,0,205.250458088904
"NSFG 25-44",1036,0.9,5,30,277,3887,2,397.153408761392
"NSFG 25-44",1036,0.9,6,30,276,3226,3,417.810987581681
"NSFG 25-44",1036,0.9,7,30,716,24520,2,899.351172127644
"NSFG 25-44",1036,0.9,8,30,223,1895,3,245.597965505318
"NSFG 25-44",1036,0.9,9,30,594,14266,1,433.272635391333
"NSFG 25-44",1036,0.9,10,30,429,6453,1,591.34933977203
"NSFG 25-44",1036,0.9,12,30,681,15559,0,1021.66632976822
"NSFG 25-44",1036,0.9,13,30,467,7921,2,604.696847188444
"NSFG 25-44",1037,0.2,1,30,9,9,21,7.19586073886613
"NSFG 25-44",1037,0.2,2,30,14,20,19,13.7477964644967
"NSFG 25-44",1037,0.2,3,30,29,65,13,20.9436572033628
"NSFG 25-44",1037,0.2,4,30,27,63,15,30.347260844751
"NSFG 25-44",1037,0.2,5,30,31,115,16,33.8175554356111
"NSFG 25-44",1037,0.2,6,30,49,203,15,43.3131483646044
"NSFG 25-44",1037,0.2,7,30,56,202,11,47.1514001058849
"NSFG 25-44",1037,0.2,8,30,43,175,14,49.3798393140763
"NSFG 25-44",1037,0.2,9,30,65,405,11,63.6588751985341
"NSFG 25-44",1037,0.2,10,30,71,421,12,71.0387145126104
"NSFG 25-44",1037,0.2,11,30,71,469,16,72.8991965703815
"NSFG 25-44",1037,0.4,1,30,23,89,19,17.4458888217983
"NSFG 25-44",1037,0.4,2,30,34,78,11,30.317231033286
"NSFG 25-44",1037,0.4,3,30,70,468,8,56.6943775228334
"NSFG 25-44",1037,0.4,4,30,44,138,12,78.2791418491983
"NSFG 25-44",1037,0.4,5,30,98,1334,10,82.4370619458089
"NSFG 25-44",1037,0.4,6,30,104,836,7,100.754292979095
"NSFG 25-44",1037,0.4,7,30,103,635,8,106.654897498681
"NSFG 25-44",1037,0.4,8,30,128,1098,5,102.535066586158
"NSFG 25-44",1037,0.4,9,30,141,1227,4,153.745466103105
"NSFG 25-44",1037,0.4,10,30,212,3066,3,172.280532689263
"NSFG 25-44",1037,0.4,11,30,177,1583,5,164.67533293079
"NSFG 25-44",1037,0.6,1,30,15,15,15,22.8335648594516
"NSFG 25-44",1037,0.6,2,30,46,116,9,48.6881077560605
"NSFG 25-44",1037,0.6,3,30,69,269,6,98.7104749499276
"NSFG 25-44",1037,0.6,4,30,174,2220,6,159.004167470129
"NSFG 25-44",1037,0.6,5,30,148,1748,3,173.378993825541
"NSFG 25-44",1037,0.6,6,30,195,2123,6,203.46290597417
"NSFG 25-44",1037,0.6,7,30,163,1251,3,199.107668499206
"NSFG 25-44",1037,0.6,8,30,228,2568,3,162.125868222944
"NSFG 25-44",1037,0.6,9,30,245,2971,1,288.881077560605
"NSFG 25-44",1037,0.6,10,30,388,11300,1,325.006945783549
"NSFG 25-44",1037,0.6,11,30,299,4177,3,288.629341114718
"NSFG 25-44",1037,0.8,1,30,82,1102,2,54.975337302488
"NSFG 25-44",1037,0.8,2,30,58,168,3,74.7514276703306
"NSFG 25-44",1037,0.8,3,30,146,1462,3,166.33398178485
"NSFG 25-44",1037,0.8,4,30,185,2007,3,242.428867248125
"NSFG 25-44",1037,0.8,5,30,194,1648,2,234.045560068252
"NSFG 25-44",1037,0.8,6,30,348,5680,1,397.434577929448
"NSFG 25-44",1037,0.8,7,30,281,3821,3,311.612927493354
"NSFG 25-44",1037,0.8,8,30,331,4915,3,234.239096321575
"NSFG 25-44",1037,0.8,9,30,389,5981,2,511.673674251023
"NSFG 25-44",1037,0.8,10,30,990,52462,2,577.912770572597
"NSFG 25-44",1037,0.8,11,30,376,6342,6,475.195481607873
"NSFG 25-44",1037,0.9,1,30,74,1734,2,62.9403866850296
"NSFG 25-44",1037,0.9,2,30,191,3515,1,206.218108313067
"NSFG 25-44",1037,0.9,3,30,278,8312,0,258.587793031911
"NSFG 25-44",1037,0.9,4,30,234,6982,5,349.012004829022
"NSFG 25-44",1037,0.9,5,30,250,3368,3,384.46856640197
"NSFG 25-44",1037,0.9,6,30,505,13423,1,542.545270782667
"NSFG 25-44",1037,0.9,7,30,397,6967,2,421.555443256074
"NSFG 25-44",1037,0.9,8,30,499,9551,1,279.424211797111
"NSFG 25-44",1037,0.9,9,30,520,9458,1,686.969482579777
"NSFG 25-44",1037,0.9,10,30,1608,101870,0,777.393694376889
"NSFG 25-44",1037,0.9,11,30,484,8574,2,614.121058985555
"NSFG 25-44",1038,0.2,1,30,7,7,23,7.01188216365596
"NSFG 25-44",1038,0.2,2,30,19,45,18,13.1958607388661
"NSFG 25-44",1038,0.2,3,30,18,28,16,19.3338446702738
"NSFG 25-44",1038,0.2,4,30,28,90,17,26.9436572033628
"NSFG 25-44",1038,0.2,5,30,38,106,12,34.0935232984264
"NSFG 25-44",1038,0.2,6,30,38,144,8,45.1529341167061
"NSFG 25-44",1038,0.2,7,30,36,72,7,42
"NSFG 25-44",1038,0.2,8,30,65,309,12,51.3116143537831
"NSFG 25-44",1038,0.2,9,30,74,514,12,73.3177503970682
"NSFG 25-44",1038,0.2,10,30,52,202,11,66.8991965703815
"NSFG 25-44",1038,0.2,13,30,84,454,8,80.7596786281526
"NSFG 25-44",1038,0.4,1,30,17,29,16,17.2280532689263
"NSFG 25-44",1038,0.4,2,30,24,38,12,30.7529021390299
"NSFG 25-44",1038,0.4,3,30,55,551,8,53.2090086768825
"NSFG 25-44",1038,0.4,4,30,73,355,5,76.318621873351
"NSFG 25-44",1038,0.4,5,30,73,307,8,89.8434707434545
"NSFG 25-44",1038,0.4,6,30,106,1076,9,113.606590598539
"NSFG 25-44",1038,0.4,7,30,82,354,6,84
"NSFG 25-44",1038,0.4,8,30,124,862,4,109.723639830932
"NSFG 25-44",1038,0.4,9,30,231,2847,6,199.490932206211
"NSFG 25-44",1038,0.4,10,30,163,1461,5,152.67533293079
"NSFG 25-44",1038,0.4,13,30,170,1456,5,169.070133172316
"NSFG 25-44",1038,0.6,1,30,37,169,13,34.3132814006493
"NSFG 25-44",1038,0.6,2,30,66,514,5,58.9594330823953
"NSFG 25-44",1038,0.6,3,30,34,92,11,70.3132814006492
"NSFG 25-44",1038,0.6,4,30,169,2211,1,146.9202553215
"NSFG 25-44",1038,0.6,5,30,166,1284,3,169.14962457352
"NSFG 25-44",1038,0.6,6,30,167,2813,4,220.984578589682
"NSFG 25-44",1038,0.6,7,30,104,534,5,126
"NSFG 25-44",1038,0.6,8,30,159,1177,2,183.876910090476
"NSFG 25-44",1038,0.6,9,30,376,7336,2,415.76215512121
"NSFG 25-44",1038,0.6,10,30,276,3258,1,270.629341114718
"NSFG 25-44",1038,0.6,13,30,208,2240,3,270.251736445887
"NSFG 25-44",1038,0.8,1,30,69,1657,7,52.1593975477164
"NSFG 25-44",1038,0.8,2,30,96,626,3,122.622403501448
"NSFG 25-44",1038,0.8,3,30,152,2264,1,181.821650436094
"NSFG 25-44",1038,0.8,4,30,224,4242,1,266.364355163684
"NSFG 25-44",1038,0.8,5,30,228,2634,4,319.931722588787
"NSFG 25-44",1038,0.8,6,30,448,11816,1,511.480137997699
"NSFG 25-44",1038,0.8,7,30,154,1012,5,168
"NSFG 25-44",1038,0.8,8,30,292,4084,2,297.597740803937
"NSFG 25-44",1038,0.8,9,30,688,19444,1,807.347348502044
"NSFG 25-44",1038,0.8,10,30,357,5271,4,451.195481607873
"NSFG 25-44",1038,0.8,13,30,333,4535,4,396.478192643149
"NSFG 25-44",1038,0.9,1,30,121,3093,2,160.190844773933
"NSFG 25-44",1038,0.9,2,30,91,681,1,87.8262462917925
"NSFG 25-44",1038,0.9,3,30,140,1056,4,226.875687133355
"NSFG 25-44",1038,0.9,4,30,275,6511,1,342.669583649311
"NSFG 25-44",1038,0.9,5,30,330,5160,2,420.408953087
"NSFG 25-44",1038,0.9,6,30,459,12761,1,580.599797860933
"NSFG 25-44",1038,0.9,7,30,196,1342,1,189
"NSFG 25-44",1038,0.9,8,30,391,6623,2,393.587793031911
"NSFG 25-44",1038,0.9,9,30,881,28227,0,1130.93896515956
"NSFG 25-44",1038,0.9,10,30,466,7880,2,587.121058985556
"NSFG 25-44",1038,0.9,13,30,427,6181,0,477.848423594222
"NSFG 25-44",1039,0.2,1,30,6,8,25,6.32196250661781
"NSFG 25-44",1039,0.2,2,30,6,6,24,13.3798393140763
"NSFG 25-44",1039,0.2,3,30,16,38,22,19.8397857521017
"NSFG 25-44",1039,0.2,4,30,26,76,19,29.0594108182798
"NSFG 25-44",1039,0.2,5,30,18,36,19,32.7136839843501
"NSFG 25-44",1039,0.2,6,30,52,234,5,37.9777696835094
"NSFG 25-44",1039,0.2,7,30,64,248,7,51.2909180481138
"NSFG 25-44",1039,0.2,8,30,57,325,14,61.7064038531579
"NSFG 25-44",1039,0.2,9,30,54,190,10,58.8754322430696
"NSFG 25-44",1039,0.2,10,30,66,326,10,86.2169469674497
"NSFG 25-44",1039,0.2,11,30,55,209,10,73.1291697893942
"NSFG 25-44",1039,0.2,12,30,52,252,12,74.7596786281526
"NSFG 25-44",1039,0.2,14,30,109,729,4,88.1395179422289
"NSFG 25-44",1039,0.4,1,30,12,24,21,16.5745466103105
"NSFG 25-44",1039,0.4,2,30,30,98,16,34.0204354321088
"NSFG 25-44",1039,0.4,3,30,82,1188,8,58.6548974986808
"NSFG 25-44",1039,0.4,4,30,98,1322,8,71.5262397101685
"NSFG 25-44",1039,0.4,5,30,58,206,10,69.1490932206211
"NSFG 25-44",1039,0.4,6,30,92,514,4,78.9707376919018
"NSFG 25-44",1039,0.4,7,30,138,1352,8,131.052479420337
"NSFG 25-44",1039,0.4,8,30,198,2264,3,173.767292375279
"NSFG 25-44",1039,0.4,9,30,138,1014,5,130.654897498681
"NSFG 25-44",1039,0.4,10,30,228,3154,5,244.166265137
"NSFG 25-44",1039,0.4,11,30,202,2518,5,173.388755045667
"NSFG 25-44",1039,0.4,12,30,143,1239,6,157.070133172316
"NSFG 25-44",1039,0.4,14,30,205,2087,4,187.605199758474
"NSFG 25-44",1039,0.6,1,30,23,33,11,32.5006945783549
"NSFG 25-44",1039,0.6,2,30,52,192,8,79.5020837350647
"NSFG 25-44",1039,0.6,3,30,79,535,8,101.127257379653
"NSFG 25-44",1039,0.6,4,30,126,1378,5,124.565017846537
"NSFG 25-44",1039,0.6,5,30,94,588,9,127.46012766075
"NSFG 25-44",1039,0.6,6,30,171,2239,5,168.419560743145
"NSFG 25-44",1039,0.6,7,30,219,3159,5,246.839121486291
"NSFG 25-44",1039,0.6,8,30,313,4985,3,347.009724096969
"NSFG 25-44",1039,0.6,9,30,239,3181,3,227.857321210028
"NSFG 25-44",1039,0.6,10,30,454,10962,2,524.391496235928
"NSFG 25-44",1039,0.6,11,30,361,6947,1,288.629341114718
"NSFG 25-44",1039,0.6,12,30,397,7667,1,252.251736445887
"NSFG 25-44",1039,0.6,14,30,270,3422,2,306.377604668831
"NSFG 25-44",1039,0.8,1,30,83,3511,7,40.8956385286298
"NSFG 25-44",1039,0.8,2,30,71,253,4,84.6072168120313
"NSFG 25-44",1039,0.8,3,30,154,1518,2,164.926011907464
"NSFG 25-44",1039,0.8,4,30,287,7769,1,231.165108229039
"NSFG 25-44",1039,0.8,5,30,174,2500,5,165.055036076346
"NSFG 25-44",1039,0.8,6,30,227,3357,3,190.463005953732
"NSFG 25-44",1039,0.8,7,30,373,7899,4,486.201192289195
"NSFG 25-44",1039,0.8,8,30,454,9660,1,631.286601744376
"NSFG 25-44",1039,0.8,9,30,325,6307,6,365.244807002897
"NSFG 25-44",1039,0.8,10,30,652,19364,3,1042.54283010992
"NSFG 25-44",1039,0.8,11,30,570,15210,2,496.31502976866
"NSFG 25-44",1039,0.8,12,30,953,42245,1,372.47819264315
"NSFG 25-44",1039,0.8,14,30,478,9098,1,462.717288964724
"NSFG 25-44",1039,0.9,1,30,49,401,6,111.565615729481
"NSFG 25-44",1039,0.9,2,30,169,2313,2,214.674669886015
"NSFG 25-44",1039,0.9,3,30,218,7032,2,212.076704380696
"NSFG 25-44",1039,0.9,4,30,269,7719,0,230.620142807748
"NSFG 25-44",1039,0.9,5,30,212,1994,2,268.190844773933
"NSFG 25-44",1039,0.9,6,30,373,8445,3,394.555443256074
"NSFG 25-44",1039,0.9,7,30,587,13491,1,679.480571230992
"NSFG 25-44",1039,0.9,8,30,643,18473,3,947.492576060015
"NSFG 25-44",1039,0.9,9,30,479,11305,4,462.870600896652
"NSFG 25-44",1039,0.9,10,30,784,26958,4,1475.06002414511
"NSFG 25-44",1039,0.9,11,30,918,42278,1,635.262462917926
"NSFG 25-44",1039,0.9,12,30,1427,80537,0,450.848423594222
"NSFG 25-44",1039,0.9,14,30,613,13467,1,568.272635391333
"NSFG 25-44",1040,0.2,1,30,4,4,26,7.74779646449665
"NSFG 25-44",1040,0.2,2,30,14,22,20,13.3338446702738
"NSFG 25-44",1040,0.2,3,30,19,39,17,21.7715607918086
"NSFG 25-44",1040,0.2,4,30,23,49,16,29.335378681095
"NSFG 25-44",1040,0.2,5,30,41,99,7,39.6128805547316
"NSFG 25-44",1040,0.2,6,30,57,235,10,49.1084734837249
"NSFG 25-44",1040,0.2,7,30,39,103,11,50.9229608976934
"NSFG 25-44",1040,0.2,8,30,85,661,8,84.3357686040093
"NSFG 25-44",1040,0.2,9,30,77,417,9,66.8325056209096
"NSFG 25-44",1040,0.2,11,30,103,653,4,75.6588751985342
"NSFG 25-44",1040,0.4,1,30,12,16,20,22.4561065378527
"NSFG 25-44",1040,0.4,2,30,23,51,15,32.9312576677492
"NSFG 25-44",1040,0.4,3,30,40,122,14,54.733857546986
"NSFG 25-44",1040,0.4,4,30,69,259,7,70.8727330515527
"NSFG 25-44",1040,0.4,5,30,109,1133,5,90.7148129549422
"NSFG 25-44",1040,0.4,6,30,136,2488,10,143.232225789121
"NSFG 25-44",1040,0.4,7,30,112,922,8,118.200181800893
"NSFG 25-44",1040,0.4,8,30,275,5707,7,268.090086768825
"NSFG 25-44",1040,0.4,9,30,177,2109,10,180.539239106353
"NSFG 25-44",1040,0.4,11,30,165,1805,8,177.745466103105
"NSFG 25-44",1040,0.6,1,30,60,906,10,47.0013891567098
"NSFG 25-44",1040,0.6,2,30,62,326,6,50.5006945783549
"NSFG 25-44",1040,0.6,3,30,89,503,6,76.9594330823952
"NSFG 25-44",1040,0.6,4,30,137,1445,2,104.626562801299
"NSFG 25-44",1040,0.6,5,30,192,3748,3,188.483884011327
"NSFG 25-44",1040,0.6,6,30,269,5327,4,298.925811948339
"NSFG 25-44",1040,0.6,7,30,211,2485,2,235.963600552525
"NSFG 25-44",1040,0.6,8,30,601,18463,3,630.37746398232
"NSFG 25-44",1040,0.6,9,30,274,3608,3,332.38316129567
"NSFG 25-44",1040,0.6,11,30,353,5841,0,324.881077560605
"NSFG 25-44",1040,0.8,1,30,46,208,8,45.1195481607873
"NSFG 25-44",1040,0.8,2,30,88,742,3,124.030373378834
"NSFG 25-44",1040,0.8,3,30,155,2447,3,174.781801049165
"NSFG 25-44",1040,0.8,4,30,338,10474,3,222.717288964724
"NSFG 25-44",1040,0.8,5,30,431,15069,3,349.499090013889
"NSFG 25-44",1040,0.8,6,30,735,24825,2,607.222089659935
"NSFG 25-44",1040,0.8,7,30,363,6591,2,382.011421362645
"NSFG 25-44",1040,0.8,8,30,1091,48699,2,1318.37590190866
"NSFG 25-44",1040,0.8,9,30,541,12777,2,634.167053583589
"NSFG 25-44",1040,0.8,11,30,728,20992,1,559.673674251022
"NSFG 25-44",1040,0.9,1,30,45,155,1,60.8262462917926
"NSFG 25-44",1040,0.9,2,30,321,14771,1,265.414039323704
"NSFG 25-44",1040,0.9,3,30,357,11411,1,338.925127974918
"NSFG 25-44",1040,0.9,4,30,278,4792,1,277.131231458963
"NSFG 25-44",1040,0.9,5,30,670,28942,0,441.55035701937
"NSFG 25-44",1040,0.9,6,30,870,39498,2,677.850255949837
"NSFG 25-44",1040,0.9,7,30,430,8804,2,565.316989996193
"NSFG 25-44",1040,0.9,8,30,1395,73619,1,1970.73652638674
"NSFG 25-44",1040,0.9,9,30,702,19996,3,858.214854431977
"NSFG 25-44",1040,0.9,11,30,848,27240,2,740.969482579778
"NSFG 25-44",1041,0.2,1,30,5,7,26,6.55193572563052
"NSFG 25-44",1041,0.2,2,30,15,23,19,14.7136839843501
"NSFG 25-44",1041,0.2,3,30,29,69,15,20.3457268339297
"NSFG 25-44",1041,0.2,4,30,26,76,17,29.7953251191205
"NSFG 25-44",1041,0.2,5,30,65,379,12,36.853201926579
"NSFG 25-44",1041,0.2,6,30,55,229,12,40.2775018736365
"NSFG 25-44",1041,0.2,7,30,60,250,8,52.072826992757
"NSFG 25-44",1041,0.2,8,30,67,301,10,48.7359143008407
"NSFG 25-44",1041,0.2,9,30,51,187,11,63.6588751985341
"NSFG 25-44",1041,0.2,10,30,50,160,8,71.0387145126104
"NSFG 25-44",1041,0.2,11,30,45,161,14,67.3798393140763
"NSFG 25-44",1041,0.2,12,30,141,1189,5,106.495982851908
"NSFG 25-44",1041,0.2,13,30,90,586,7,89.7746288134511
"NSFG 25-44",1041,0.2,14,30,86,588,10,106.077429025221
"NSFG 25-44",1041,0.2,16,30,93,603,10,101.519357256305
"NSFG 25-44",1041,0.4,1,30,63,1927,17,20.0599154562614
"NSFG 25-44",1041,0.4,2,30,28,60,13,28.7923821631825
"NSFG 25-44",1041,0.4,3,30,44,128,8,54.733857546986
"NSFG 25-44",1041,0.4,4,30,53,237,10,75.2294441089913
"NSFG 25-44",1041,0.4,5,30,99,689,9,97.9033861997159
"NSFG 25-44",1041,0.4,6,30,76,430,9,87.4663242539071
"NSFG 25-44",1041,0.4,7,30,114,1380,3,124.299577281307
"NSFG 25-44",1041,0.4,8,30,104,582,6,100.138875504567
"NSFG 25-44",1041,0.4,9,30,175,1607,3,153.745466103105
"NSFG 25-44",1041,0.4,10,30,234,3534,4,172.280532689263
"NSFG 25-44",1041,0.4,11,30,155,1179,3,138.535066586158
"NSFG 25-44",1041,0.4,12,30,226,3630,6,307.376664653948
"NSFG 25-44",1041,0.4,13,30,225,2865,6,208.280532689263
"NSFG 25-44",1041,0.4,14,30,235,3227,5,272.561065378527
"NSFG 25-44",1041,0.4,16,30,276,3538,1,218.140266344632
"NSFG 25-44",1041,0.6,1,30,38,124,7,28.2713253263347
"NSFG 25-44",1041,0.6,2,30,51,153,5,53.5216726155122
"NSFG 25-44",1041,0.6,3,30,120,1394,8,110.794387098557
"NSFG 25-44",1041,0.6,4,30,124,1246,7,111.272714483044
"NSFG 25-44",1041,0.6,5,30,197,3091,6,196.338426907936
"NSFG 25-44",1041,0.6,6,30,209,3117,5,148.481105697907
"NSFG 25-44",1041,0.6,7,30,313,6439,2,259.527229242351
"NSFG 25-44",1041,0.6,8,30,119,699,5,151.250347289178
"NSFG 25-44",1041,0.6,9,30,227,2493,4,288.881077560605
"NSFG 25-44",1041,0.6,10,30,416,10444,2,325.006945783549
"NSFG 25-44",1041,0.6,11,30,252,2470,2,216.125868222944
"NSFG 25-44",1041,0.6,12,30,574,15754,2,669.14670557359
"NSFG 25-44",1041,0.6,13,30,480,12564,1,383.840510643001
"NSFG 25-44",1041,0.6,14,30,472,11120,3,542.013891567098
"NSFG 25-44",1041,0.6,16,30,544,17094,2,360.503472891775
"NSFG 25-44",1041,0.8,1,30,119,3503,4,91.5825541145194
"NSFG 25-44",1041,0.8,2,30,65,309,8,93.0550360763462
"NSFG 25-44",1041,0.8,3,30,121,1133,5,136.766614359748
"NSFG 25-44",1041,0.8,4,30,331,12509,1,267.77232504107
"NSFG 25-44",1041,0.8,5,30,480,15370,0,366.394728542519
"NSFG 25-44",1041,0.8,6,30,349,9199,3,280.573078106425
"NSFG 25-44",1041,0.8,7,30,439,14041,2,418.618638174676
"NSFG 25-44",1041,0.8,8,30,193,1429,2,217.343457792945
"NSFG 25-44",1041,0.8,9,30,413,6401,2,511.673674251023
"NSFG 25-44",1041,0.8,10,30,1039,50453,4,577.912770572597
"NSFG 25-44",1041,0.8,11,30,275,2983,3,306.239096321575
"NSFG 25-44",1041,0.8,12,30,900,31178,0,1343.97740803937
"NSFG 25-44",1041,0.8,13,30,542,15062,2,593.593975477164
"NSFG 25-44",1041,0.8,14,30,641,17669,2,1011.82554114519
"NSFG 25-44",1041,0.8,16,30,1231,89411,2,552.956385286299
"NSFG 25-44",1041,0.9,1,30,121,4023,2,65.0545270782666
"NSFG 25-44",1041,0.9,2,30,173,12267,3,123.766632976822
"NSFG 25-44",1041,0.9,3,30,166,5952,5,209.962563987459
"NSFG 25-44",1041,0.9,4,30,471,21611,3,448.376603311163
"NSFG 25-44",1041,0.9,5,30,699,32703,2,557.828078647407
"NSFG 25-44",1041,0.9,6,30,365,10069,3,432.609970334341
"NSFG 25-44",1041,0.9,7,30,510,21148,4,480.751374266711
"NSFG 25-44",1041,0.9,8,30,217,1759,3,230.798982752659
"NSFG 25-44",1041,0.9,9,30,448,7236,2,686.969482579777
"NSFG 25-44",1041,0.9,10,30,1360,72770,0,777.393694376889
"NSFG 25-44",1041,0.9,11,30,309,3567,3,360.424211797111
"NSFG 25-44",1041,0.9,12,30,1102,43946,1,1909.60529492778
"NSFG 25-44",1041,0.9,13,30,996,44850,1,858.393694376889
"NSFG 25-44",1041,0.9,14,30,858,26922,2,1392.78738875378
"NSFG 25-44",1041,0.9,16,30,1948,168378,2,685.696847188444
"NSFG 25-44",1042,0.2,1,30,6,6,24,7.10387145126104
"NSFG 25-44",1042,0.2,2,30,12,14,19,12.6439250132356
"NSFG 25-44",1042,0.2,3,30,21,39,17,21.5875822165984
"NSFG 25-44",1042,0.2,4,30,23,65,19,26.8516679157577
"NSFG 25-44",1042,0.2,5,30,28,60,15,35.2893840372925
"NSFG 25-44",1042,0.2,6,30,33,99,16,40.737448311662
"NSFG 25-44",1042,0.2,7,30,38,104,12,47.8873144067256
"NSFG 25-44",1042,0.2,8,30,30,72,14,49.3798393140763
"NSFG 25-44",1042,0.2,9,30,75,489,11,65.6826395258461
"NSFG 25-44",1042,0.2,11,30,78,372,6,82.5580717689156
"NSFG 25-44",1042,0.2,12,30,88,470,5,78.8991965703815
"NSFG 25-44",1042,0.2,16,30,72,396,7,113.891916439189
"NSFG 25-44",1042,0.4,1,30,20,34,14,15.7032043988228
"NSFG 25-44",1042,0.4,2,30,34,142,13,29.4458888217983
"NSFG 25-44",1042,0.4,3,30,49,187,11,47.9809554079562
"NSFG 25-44",1042,0.4,4,30,63,261,9,68.2587064170896
"NSFG 25-44",1042,0.4,5,30,65,299,9,77.8625153354983
"NSFG 25-44",1042,0.4,6,30,98,912,10,92.6943775228334
"NSFG 25-44",1042,0.4,7,30,97,569,5,109.486759686016
"NSFG 25-44",1042,0.4,8,30,82,410,10,102.535066586158
"NSFG 25-44",1042,0.4,9,30,172,2028,6,163.765901535214
"NSFG 25-44",1042,0.4,11,30,141,1423,12,210.420799033895
"NSFG 25-44",1042,0.4,12,30,213,2243,3,176.67533293079
"NSFG 25-44",1042,0.4,16,30,271,3989,2,276.738030067181
"NSFG 25-44",1042,0.6,1,30,23,47,13,26.4587385040404
"NSFG 25-44",1042,0.6,2,30,74,464,4,51.7090857932178
"NSFG 25-44",1042,0.6,3,30,86,346,4,88.4391496235929
"NSFG 25-44",1042,0.6,4,30,172,2510,4,134.23214756544
"NSFG 25-44",1042,0.6,5,30,127,947,5,159.482494854617
"NSFG 25-44",1042,0.6,6,30,132,862,5,155.127257379653
"NSFG 25-44",1042,0.6,7,30,272,5172,3,211.191580647835
"NSFG 25-44",1042,0.6,8,30,173,1299,4,162.125868222944
"NSFG 25-44",1042,0.6,9,30,531,18117,3,318.486662324747
"NSFG 25-44",1042,0.6,11,30,395,6597,2,415.510418675323
"NSFG 25-44",1042,0.6,12,30,252,3276,6,306.629341114718
"NSFG 25-44",1042,0.6,16,30,559,18389,4,506.114614282755
"NSFG 25-44",1042,0.8,1,30,32,62,6,45.1195481607873
"NSFG 25-44",1042,0.8,2,30,67,241,2,86.0151866894171
"NSFG 25-44",1042,0.8,3,30,115,743,3,125.502855340661
"NSFG 25-44",1042,0.8,4,30,279,11381,3,193.149921539622
"NSFG 25-44",1042,0.8,5,30,154,1164,4,262.204957615968
"NSFG 25-44",1042,0.8,6,30,519,20259,1,315.77232504107
"NSFG 25-44",1042,0.8,7,30,326,10350,3,332.732475654141
"NSFG 25-44",1042,0.8,8,30,211,1745,3,234.239096321575
"NSFG 25-44",1042,0.8,9,30,783,31967,1,573.624348855999
"NSFG 25-44",1042,0.8,11,30,559,11901,2,770.869155858895
"NSFG 25-44",1042,0.8,12,30,405,7269,5,499.195481607873
"NSFG 25-44",1042,0.8,16,30,763,29607,5,911.988704019683
"NSFG 25-44",1042,0.9,1,30,42,142,2,43.9131231458963
"NSFG 25-44",1042,0.9,2,30,74,364,4,125.880773370059
"NSFG 25-44",1042,0.9,3,30,129,891,3,165.565615729481
"NSFG 25-44",1042,0.9,4,30,309,8907,1,298.272635391333
"NSFG 25-44",1042,0.9,5,30,255,2761,0,344.299898930467
"NSFG 25-44",1042,0.9,6,30,508,22042,2,375.528179716941
"NSFG 25-44",1042,0.9,7,30,503,19491,2,457.495829941104
"NSFG 25-44",1042,0.9,8,30,249,2159,1,279.424211797111
"NSFG 25-44",1042,0.9,9,30,1071,52495,0,782.105800275444
"NSFG 25-44",1042,0.9,11,30,632,15196,3,1058.09054156533
"NSFG 25-44",1042,0.9,12,30,548,11338,3,641.121058985556
"NSFG 25-44",1042,0.9,16,30,1185,59893,2,1195.20468195857
"NSFG 25-44",1043,0.2,1,30,17,149,24,7.42583395787885
"NSFG 25-44",1043,0.2,2,30,15,19,17,14.2537375463246
"NSFG 25-44",1043,0.2,3,30,24,54,17,22.9674215306747
"NSFG 25-44",1043,0.2,4,30,26,60,16,28.1395179422289
"NSFG 25-44",1043,0.2,5,30,20,46,19,35.7033358315154
"NSFG 25-44",1043,0.2,6,30,58,282,12,48.2345752514765
"NSFG 25-44",1043,0.2,7,30,62,292,11,48.2092769133433
"NSFG 25-44",1043,0.2,8,30,52,260,10,57.1989287605087
"NSFG 25-44",1043,0.2,9,30,66,298,9,63.2909180481138
"NSFG 25-44",1043,0.2,10,30,80,420,5,68.2790358844579
"NSFG 25-44",1043,0.2,11,30,62,272,8,66
"NSFG 25-44",1043,0.2,12,30,84,494,10,81.6588751985341
"NSFG 25-44",1043,0.4,1,30,15,23,19,21.8025998792369
"NSFG 25-44",1043,0.4,2,30,36,206,13,32.9312576677492
"NSFG 25-44",1043,0.4,3,30,58,268,7,55.3873642056018
"NSFG 25-44",1043,0.4,4,30,62,250,9,69.1300486285773
"NSFG 25-44",1043,0.4,5,30,96,856,7,82.001390840065
"NSFG 25-44",1043,0.4,6,30,155,1379,2,109.032043988228
"NSFG 25-44",1043,0.4,7,30,106,648,8,107.308404157297
"NSFG 25-44",1043,0.4,8,30,114,904,6,152.41940819383
"NSFG 25-44",1043,0.4,9,30,100,918,11,153.309794997362
"NSFG 25-44",1043,0.4,10,30,192,1850,1,159.210399516948
"NSFG 25-44",1043,0.4,11,30,146,1050,3,132
"NSFG 25-44",1043,0.4,12,30,190,1782,4,189.745466103105
"NSFG 25-44",1043,0.6,1,30,47,177,8,46.3971935492783
"NSFG 25-44",1043,0.6,2,30,50,324,13,75.876910090476
"NSFG 25-44",1043,0.6,3,30,137,1807,6,119.253125602597
"NSFG 25-44",1043,0.6,4,30,157,1769,3,116.106279342496
"NSFG 25-44",1043,0.6,5,30,166,1616,4,146.794387098557
"NSFG 25-44",1043,0.6,6,30,215,2929,3,202.858710366738
"NSFG 25-44",1043,0.6,7,30,184,1960,5,203.337037751226
"NSFG 25-44",1043,0.6,8,30,249,3239,5,266.047512701154
"NSFG 25-44",1043,0.6,9,30,430,13308,5,331.174770080807
"NSFG 25-44",1043,0.6,10,30,312,4610,4,288.755209337662
"NSFG 25-44",1043,0.6,11,30,179,1495,5,198
"NSFG 25-44",1043,0.6,12,30,252,3068,2,342.881077560605
"NSFG 25-44",1043,0.8,1,30,22,26,10,56.3833071798739
"NSFG 25-44",1043,0.8,2,30,165,4583,3,132.478192643149
"NSFG 25-44",1043,0.8,3,30,121,921,3,214.204957615968
"NSFG 25-44",1043,0.8,4,30,183,1827,1,198.781801049165
"NSFG 25-44",1043,0.8,5,30,242,5114,5,362.170818910361
"NSFG 25-44",1043,0.8,6,30,464,18320,5,550.903294564502
"NSFG 25-44",1043,0.8,7,30,292,3912,2,338.364355163684
"NSFG 25-44",1043,0.8,8,30,359,5395,1,472.186005599778
"NSFG 25-44",1043,0.8,9,30,572,18502,0,525.753373024881
"NSFG 25-44",1043,0.8,10,30,547,12323,3,493.434577929448
"NSFG 25-44",1043,0.8,11,30,265,2617,1,264
"NSFG 25-44",1043,0.8,12,30,448,7676,3,583.673674251022
"NSFG 25-44",1043,0.9,1,30,165,5795,3,96.7666329768222
"NSFG 25-44",1043,0.9,2,30,79,465,4,140.679756122718
"NSFG 25-44",1043,0.9,3,30,377,12403,0,277.615056571044
"NSFG 25-44",1043,0.9,4,30,205,2075,1,281.359512245437
"NSFG 25-44",1043,0.9,5,30,320,7132,2,399.26754915463
"NSFG 25-44",1043,0.9,6,30,734,35772,2,696.87751948897
"NSFG 25-44",1043,0.9,7,30,400,6894,0,444.810987581682
"NSFG 25-44",1043,0.9,8,30,403,6745,3,596.545270782666
"NSFG 25-44",1043,0.9,9,30,757,31563,1,754.621975163363
"NSFG 25-44",1043,0.9,10,30,697,17043,1,650.545270782666
"NSFG 25-44",1043,0.9,11,30,296,3176,2,297
"NSFG 25-44",1043,0.9,12,30,449,7945,4,767.969482579778
"NSFG 25-44",1044,0.2,1,30,7,9,24,7.47182860168139
"NSFG 25-44",1044,0.2,2,30,18,26,16,12.8279035884458
"NSFG 25-44",1044,0.2,3,30,12,22,22,21.9555393670187
"NSFG 25-44",1044,0.2,4,30,28,142,19,30.7152179951713
"NSFG 25-44",1044,0.2,5,30,38,202,15,38.463014459668
"NSFG 25-44",1044,0.2,6,30,38,114,15,39.2656197099806
"NSFG 25-44",1044,0.2,7,30,26,72,18,45.7715607918086
"NSFG 25-44",1044,0.2,8,30,47,153,11,59.7286341696486
"NSFG 25-44",1044,0.2,9,30,82,438,7,71.1560021383487
"NSFG 25-44",1044,0.2,11,30,93,589,9,88.0774290252209
"NSFG 25-44",1044,0.4,1,30,18,22,14,14.1783555287193
"NSFG 25-44",1044,0.4,2,30,35,89,11,31.1885732447737
"NSFG 25-44",1044,0.4,3,30,34,142,12,49.7236398309317
"NSFG 25-44",1044,0.4,4,30,99,729,7,88.2995772813072
"NSFG 25-44",1044,0.4,5,30,82,338,6,86.7937730032475
"NSFG 25-44",1044,0.4,6,30,107,595,4,91.1695286527299
"NSFG 25-44",1044,0.4,7,30,86,486,9,95.1096131964685
"NSFG 25-44",1044,0.4,8,30,106,672,6,150.241052665111
"NSFG 25-44",1044,0.4,9,30,237,3929,4,196.876905571748
"NSFG 25-44",1044,0.4,11,30,251,3315,2,247.017171916379
"NSFG 25-44",1044,0.6,1,30,58,846,10,34.9174770080807
"NSFG 25-44",1044,0.6,2,30,45,115,9,81.314670557359
"NSFG 25-44",1044,0.6,3,30,69,257,5,92.0643232681816
"NSFG 25-44",1044,0.6,4,30,128,1016,2,134.836343172871
"NSFG 25-44",1044,0.6,5,30,184,1622,2,164.316059714069
"NSFG 25-44",1044,0.6,6,30,114,578,3,135.188802334415
"NSFG 25-44",1044,0.6,7,30,184,2030,2,159.834954016161
"NSFG 25-44",1044,0.6,8,30,310,5930,3,310.757987651081
"NSFG 25-44",1044,0.6,9,30,372,11620,4,390.990135216521
"NSFG 25-44",1044,0.6,11,30,446,11922,3,507.348151004904
"NSFG 25-44",1044,0.8,1,30,71,1187,5,73.2789457085037
"NSFG 25-44",1044,0.8,2,30,89,631,5,121.214433624063
"NSFG 25-44",1044,0.8,3,30,181,4195,3,156.478192643149
"NSFG 25-44",1044,0.8,4,30,252,5654,1,245.244807002897
"NSFG 25-44",1044,0.8,5,30,194,2070,2,270.652776880283
"NSFG 25-44",1044,0.8,6,30,230,2056,0,255.22962031348
"NSFG 25-44",1044,0.8,7,30,307,8047,2,269.373831171779
"NSFG 25-44",1044,0.8,8,30,493,12051,1,563.704047629857
"NSFG 25-44",1044,0.8,9,30,830,38146,2,900.273360409509
"NSFG 25-44",1044,0.8,11,30,812,30786,4,849.715468992501
"NSFG 25-44",1044,0.9,1,30,35,59,3,54.4838251120814
"NSFG 25-44",1044,0.9,2,30,83,343,0,106.853509830926
"NSFG 25-44",1044,0.9,3,30,123,973,4,159.22319454977
"NSFG 25-44",1044,0.9,4,30,266,7886,1,298.272635391333
"NSFG 25-44",1044,0.9,5,30,359,9663,3,473.262462917926
"NSFG 25-44",1044,0.9,6,30,248,2434,2,335.359512245437
"NSFG 25-44",1044,0.9,7,30,440,18080,3,317.962563987459
"NSFG 25-44",1044,0.9,8,30,716,23632,2,875.611802689956
"NSFG 25-44",1044,0.9,9,30,1086,61966,1,1259.90152914701
"NSFG 25-44",1044,0.9,11,30,1202,62698,2,1311.78738875378
"NSFG 25-44",1045,0.2,1,30,5,5,25,6.96588751985341
"NSFG 25-44",1045,0.2,2,30,15,21,18,13.1498660950636
"NSFG 25-44",1045,0.2,3,30,22,48,16,19.2878500264712
"NSFG 25-44",1045,0.2,4,30,30,66,13,28.0015340108213
"NSFG 25-44",1045,0.2,5,30,38,94,9,36.1172876257383
"NSFG 25-44",1045,0.2,6,30,41,133,12,43.1291697893942
"NSFG 25-44",1045,0.2,7,30,64,248,8,46.737448311662
"NSFG 25-44",1045,0.2,8,30,56,418,12,64.1901146184953
"NSFG 25-44",1045,0.2,9,30,62,224,5,54.3219625066178
"NSFG 25-44",1045,0.2,12,30,56,232,12,78.8991965703815
"NSFG 25-44",1045,0.2,14,30,61,257,8,86.7596786281526
"NSFG 25-44",1045,0.4,1,30,15,23,18,14.1783555287193
"NSFG 25-44",1045,0.4,2,30,44,178,12,34.0204354321088
"NSFG 25-44",1045,0.4,3,30,49,181,9,44.4955865620053
"NSFG 25-44",1045,0.4,4,30,44,142,11,68.6943775228334
"NSFG 25-44",1045,0.4,5,30,78,582,7,85.7045952388878
"NSFG 25-44",1045,0.4,6,30,113,889,6,116.874123891618
"NSFG 25-44",1045,0.4,7,30,115,759,5,99.684159806779
"NSFG 25-44",1045,0.4,8,30,195,2225,5,150.894559323727
"NSFG 25-44",1045,0.4,9,30,116,718,8,109.524848870103
"NSFG 25-44",1045,0.4,12,30,200,2136,7,176.67533293079
"NSFG 25-44",1045,0.4,14,30,188,1862,6,181.070133172316
"NSFG 25-44",1045,0.6,1,30,22,34,12,23.4377604668831
"NSFG 25-44",1045,0.6,2,30,68,640,8,64.3971935492783
"NSFG 25-44",1045,0.6,3,30,72,282,6,96.2936925202017
"NSFG 25-44",1045,0.6,4,30,125,955,4,130.00277831342
"NSFG 25-44",1045,0.6,5,30,202,3250,5,183.650319151875
"NSFG 25-44",1045,0.6,6,30,159,1377,6,248.777576531529
"NSFG 25-44",1045,0.6,7,30,166,1234,2,173.731452987085
"NSFG 25-44",1045,0.6,8,30,295,4539,1,338.550985592928
"NSFG 25-44",1045,0.6,9,30,151,1093,5,168.646151681746
"NSFG 25-44",1045,0.6,12,30,262,3442,5,306.629341114718
"NSFG 25-44",1045,0.6,14,30,294,3660,2,288.251736445887
"NSFG 25-44",1045,0.8,1,30,45,245,5,71.8709758311179
"NSFG 25-44",1045,0.8,2,30,88,588,5,101.502855340661
"NSFG 25-44",1045,0.8,3,30,120,894,3,145.214433624063
"NSFG 25-44",1045,0.8,4,30,191,1943,5,245.244807002897
"NSFG 25-44",1045,0.8,5,30,266,6682,4,317.115782834015
"NSFG 25-44",1045,0.8,6,30,273,3767,2,341.115782834015
"NSFG 25-44",1045,0.8,7,30,214,1832,1,235.582554114519
"NSFG 25-44",1045,0.8,8,30,709,25723,0,693.237276349352
"NSFG 25-44",1045,0.8,9,30,211,1791,2,230.079698773858
"NSFG 25-44",1045,0.8,12,30,428,6810,1,499.195481607873
"NSFG 25-44",1045,0.8,14,30,373,5377,3,420.478192643149
"NSFG 25-44",1045,0.9,1,30,76,706,3,81.9676502241629
"NSFG 25-44",1045,0.9,2,30,89,439,2,106.853509830926
"NSFG 25-44",1045,0.9,3,30,141,893,0,174.02217730243
"NSFG 25-44",1045,0.9,4,30,251,3137,0,344.783724042548
"NSFG 25-44",1045,0.9,5,30,284,6298,1,321.044354604859
"NSFG 25-44",1045,0.9,6,30,715,28905,2,713.790642634866
"NSFG 25-44",1045,0.9,7,30,274,2838,1,336.989827526593
"NSFG 25-44",1045,0.9,8,30,769,28809,2,854.470398757585
"NSFG 25-44",1045,0.9,9,30,220,1952,5,255.684842359422
"NSFG 25-44",1045,0.9,12,30,450,7942,4,641.121058985556
"NSFG 25-44",1045,0.9,14,30,413,6375,3,504.848423594222
"NSFG 25-44",1046,0.2,1,30,12,12,18,7.01188216365596
"NSFG 25-44",1046,0.2,2,30,17,31,17,13.7937911082992
"NSFG 25-44",1046,0.2,3,30,26,46,12,20.8056732719551
"NSFG 25-44",1046,0.2,4,30,20,32,16,27.219625066178
"NSFG 25-44",1046,0.2,5,30,40,102,9,32.621694696745
"NSFG 25-44",1046,0.2,6,30,43,167,13,41.0594108182798
"NSFG 25-44",1046,0.2,7,30,55,235,12,47.7953251191205
"NSFG 25-44",1046,0.2,8,30,46,216,12,53.6113465439103
"NSFG 25-44",1046,0.2,10,30,65,265,9,61.3798393140763
"NSFG 25-44",1046,0.2,12,30,59,385,12,78.8991965703815
"NSFG 25-44",1046,0.2,18,30,109,891,8,120.418553826687
"NSFG 25-44",1046,0.4,1,30,18,26,15,15.267533293079
"NSFG 25-44",1046,0.4,2,30,66,1044,14,34.4561065378527
"NSFG 25-44",1046,0.4,3,30,46,166,9,52.5555020182667
"NSFG 25-44",1046,0.4,4,30,55,183,8,71.0905686044247
"NSFG 25-44",1046,0.4,5,30,83,567,9,80.0408708642176
"NSFG 25-44",1046,0.4,6,30,100,760,10,94.4370619458088
"NSFG 25-44",1046,0.4,7,30,129,823,4,101.644679782626
"NSFG 25-44",1046,0.4,8,30,103,513,2,121.268924133144
"NSFG 25-44",1046,0.4,10,30,158,1186,2,126.535066586158
"NSFG 25-44",1046,0.4,12,30,165,1455,6,176.67533293079
"NSFG 25-44",1046,0.4,18,30,275,3523,2,274.815599275421
"NSFG 25-44",1046,0.6,1,30,32,98,10,28.2713253263347
"NSFG 25-44",1046,0.6,2,30,76,1204,7,54.1258682229436
"NSFG 25-44",1046,0.6,3,30,84,466,7,75.7510418675323
"NSFG 25-44",1046,0.6,4,30,134,1268,3,145.711864106637
"NSFG 25-44",1046,0.6,5,30,129,1005,5,137.731452987085
"NSFG 25-44",1046,0.6,6,30,184,2364,3,161.773409061399
"NSFG 25-44",1046,0.6,7,30,131,1005,9,189.440538780303
"NSFG 25-44",1046,0.6,8,30,250,3022,2,208.648929995166
"NSFG 25-44",1046,0.6,10,30,153,1171,3,198.125868222944
"NSFG 25-44",1046,0.6,12,30,281,3497,1,306.629341114718
"NSFG 25-44",1046,0.6,18,30,426,8494,6,487.132814006492
"NSFG 25-44",1046,0.8,1,30,44,178,7,50.7514276703306
"NSFG 25-44",1046,0.8,2,30,87,509,3,104.318795095433
"NSFG 25-44",1046,0.8,3,30,99,621,3,102.975337302488
"NSFG 25-44",1046,0.8,4,30,176,2192,3,217.085409455181
"NSFG 25-44",1046,0.8,5,30,188,1674,1,197.43834325622
"NSFG 25-44",1046,0.8,6,30,325,8283,3,293.244807002897
"NSFG 25-44",1046,0.8,7,30,294,3484,1,341.180294918456
"NSFG 25-44",1046,0.8,8,30,334,4836,1,353.916535899369
"NSFG 25-44",1046,0.8,10,30,265,2633,2,282.239096321575
"NSFG 25-44",1046,0.8,12,30,465,8135,1,499.195481607873
"NSFG 25-44",1046,0.8,18,30,655,16405,1,812.151866894171
"NSFG 25-44",1046,0.9,1,30,30,38,4,60.8262462917925
"NSFG 25-44",1046,0.9,2,30,121,1541,2,108.967650224163
"NSFG 25-44",1046,0.9,3,30,191,2429,0,167.679756122718
"NSFG 25-44",1046,0.9,4,30,332,9208,5,306.729196964282
"NSFG 25-44",1046,0.9,5,30,255,3289,1,263.962563987459
"NSFG 25-44",1046,0.9,6,30,387,10511,3,400.897864435785
"NSFG 25-44",1046,0.9,7,30,279,3347,4,444.810987581682
"NSFG 25-44",1046,0.9,8,30,350,4854,1,450.669583649311
"NSFG 25-44",1046,0.9,10,30,279,3021,4,333.424211797111
"NSFG 25-44",1046,0.9,12,30,519,9765,2,641.121058985556
"NSFG 25-44",1046,0.9,18,30,851,24271,0,1056.817906174
"NSFG 25-44",1047,0.2,1,30,12,16,20,6.41395179422289
"NSFG 25-44",1047,0.2,2,30,9,11,22,13.2418553826687
"NSFG 25-44",1047,0.2,3,30,19,39,19,22.6454590240569
"NSFG 25-44",1047,0.2,4,30,25,59,15,27.5415875727959
"NSFG 25-44",1047,0.2,5,30,31,65,12,34.4154858050442
"NSFG 25-44",1047,0.2,6,30,62,260,9,45.7968591299418
"NSFG 25-44",1047,0.2,7,30,54,238,12,47.9333090505281
"NSFG 25-44",1047,0.2,8,30,61,247,9,51.8635500794137
"NSFG 25-44",1047,0.2,9,30,54,208,10,62.2790358844578
"NSFG 25-44",1047,0.2,10,30,78,370,6,66.8991965703815
"NSFG 25-44",1047,0.2,12,30,104,588,5,77.1054054620823
"NSFG 25-44",1047,0.2,15,30,112,856,5,102.418553826687
"NSFG 25-44",1047,0.4,1,30,14,18,18,14.8318621873351
"NSFG 25-44",1047,0.4,2,30,31,145,16,35.7631198550843
"NSFG 25-44",1047,0.4,3,30,41,143,11,50.1593109366755
"NSFG 25-44",1047,0.4,4,30,69,423,7,65.4268442297545
"NSFG 25-44",1047,0.4,5,30,94,636,7,78.733857546986
"NSFG 25-44",1047,0.4,6,30,98,664,6,102.49697740207
"NSFG 25-44",1047,0.4,7,30,113,701,3,114.714812954942
"NSFG 25-44",1047,0.4,8,30,131,921,4,111.466324253907
"NSFG 25-44",1047,0.4,9,30,120,902,8,147.210399516948
"NSFG 25-44",1047,0.4,10,30,189,1737,4,152.67533293079
"NSFG 25-44",1047,0.4,12,30,189,1707,3,167.526239710169
"NSFG 25-44",1047,0.4,15,30,272,4074,3,238.815599275421
"NSFG 25-44",1047,0.6,1,30,49,393,9,40.9594330823953
"NSFG 25-44",1047,0.6,2,30,46,178,9,69.23075840873
"NSFG 25-44",1047,0.6,3,30,74,406,7,119.253125602597
"NSFG 25-44",1047,0.6,4,30,188,2482,4,131.211169528282
"NSFG 25-44",1047,0.6,5,30,148,1520,4,142.565017846536
"NSFG 25-44",1047,0.6,6,30,144,1044,4,165.398582705988
"NSFG 25-44",1047,0.6,7,30,264,4796,3,251.068490738311
"NSFG 25-44",1047,0.6,8,30,223,3325,5,206.23214756544
"NSFG 25-44",1047,0.6,9,30,193,1801,4,270.755209337662
"NSFG 25-44",1047,0.6,10,30,260,3254,3,270.629341114718
"NSFG 25-44",1047,0.6,12,30,225,2341,2,277.627951958008
"NSFG 25-44",1047,0.6,15,30,441,8381,2,433.132814006493
"NSFG 25-44",1047,0.8,1,30,39,101,6,42.3036084060157
"NSFG 25-44",1047,0.8,2,30,150,2648,6,157.821650436094
"NSFG 25-44",1047,0.8,3,30,139,1621,5,217.02089737074
"NSFG 25-44",1047,0.8,4,30,251,4297,2,236.796987738582
"NSFG 25-44",1047,0.8,5,30,182,1472,2,231.22962031348
"NSFG 25-44",1047,0.8,6,30,257,3265,2,298.87668651244
"NSFG 25-44",1047,0.8,7,30,447,14245,5,510.136680204755
"NSFG 25-44",1047,0.8,8,30,242,3344,4,289.149921539622
"NSFG 25-44",1047,0.8,9,30,347,4753,2,469.434577929448
"NSFG 25-44",1047,0.8,10,30,366,5376,1,451.195481607873
"NSFG 25-44",1047,0.8,12,30,549,12213,1,435.836837125511
"NSFG 25-44",1047,0.8,15,30,706,18322,1,740.151866894171
"NSFG 25-44",1047,0.9,1,30,41,81,1,62.9403866850296
"NSFG 25-44",1047,0.9,2,30,165,1899,0,178.734283200985
"NSFG 25-44",1047,0.9,3,30,197,2533,3,264.930214211622
"NSFG 25-44",1047,0.9,4,30,318,6118,1,338.441302862837
"NSFG 25-44",1047,0.9,5,30,227,2487,1,272.419125560407
"NSFG 25-44",1047,0.9,6,30,383,6701,2,449.523093480237
"NSFG 25-44",1047,0.9,7,30,561,20009,2,632.969482579778
"NSFG 25-44",1047,0.9,8,30,349,6861,4,357.647406346881
"NSFG 25-44",1047,0.9,9,30,377,5457,3,623.545270782667
"NSFG 25-44",1047,0.9,10,30,433,6829,1,587.121058985556
"NSFG 25-44",1047,0.9,12,30,720,20808,1,571.354426008733
"NSFG 25-44",1047,0.9,15,30,770,21802,2,975.817906173999
"NSFG 25-44",1048,0.2,1,30,3,3,27,7.93177503970683
"NSFG 25-44",1048,0.2,2,30,19,39,17,13.4718286016814
"NSFG 25-44",1048,0.2,3,30,19,41,19,20.5297054091399
"NSFG 25-44",1048,0.2,4,30,16,26,19,27.4495982851908
"NSFG 25-44",1048,0.2,5,30,31,89,13,33.9555393670187
"NSFG 25-44",1048,0.2,6,30,47,329,16,46.7167520059926
"NSFG 25-44",1048,0.2,7,30,60,266,9,51.1989287605087
"NSFG 25-44",1048,0.2,8,30,32,62,9,57.6588751985341
"NSFG 25-44",1048,0.2,10,30,77,407,9,65.5193572563052
"NSFG 25-44",1048,0.2,13,30,116,870,7,90.4185538266867
"NSFG 25-44",1048,0.4,1,30,12,14,19,14.3961910815912
"NSFG 25-44",1048,0.4,2,30,34,130,13,32.9312576677492
"NSFG 25-44",1048,0.4,3,30,37,123,13,54.733857546986
"NSFG 25-44",1048,0.4,4,30,45,139,11,59.3274487493404
"NSFG 25-44",1048,0.4,5,30,63,233,7,82.001390840065
"NSFG 25-44",1048,0.4,6,30,86,608,6,109.2498795411
"NSFG 25-44",1048,0.4,7,30,139,1479,4,135.627026030648
"NSFG 25-44",1048,0.4,8,30,137,1037,3,141.745466103105
"NSFG 25-44",1048,0.4,10,30,135,1043,4,146.140266344632
"NSFG 25-44",1048,0.4,13,30,270,3348,1,214.815599275421
"NSFG 25-44",1048,0.6,1,30,32,116,12,41.5636286898267
"NSFG 25-44",1048,0.6,2,30,82,860,13,69.8349540161614
"NSFG 25-44",1048,0.6,3,30,101,821,8,114.419560743145
"NSFG 25-44",1048,0.6,4,30,95,707,5,116.710474949928
"NSFG 25-44",1048,0.6,5,30,177,1703,2,174.587385040404
"NSFG 25-44",1048,0.6,6,30,219,3387,5,231.255903916017
"NSFG 25-44",1048,0.6,7,30,231,4427,1,213.004167470129
"NSFG 25-44",1048,0.6,8,30,263,2975,0,270.881077560605
"NSFG 25-44",1048,0.6,10,30,272,2970,3,252.503472891775
"NSFG 25-44",1048,0.6,13,30,317,5101,5,397.132814006492
"NSFG 25-44",1048,0.8,1,30,34,132,8,38.0796987738582
"NSFG 25-44",1048,0.8,2,30,90,536,2,102.910825218047
"NSFG 25-44",1048,0.8,3,30,138,962,2,194.493379332566
"NSFG 25-44",1048,0.8,4,30,199,2355,2,155.134734850204
"NSFG 25-44",1048,0.8,5,30,258,3138,0,267.836837125511
"NSFG 25-44",1048,0.8,6,30,562,17486,2,407.290367071149
"NSFG 25-44",1048,0.8,7,30,458,15832,3,377.787511730487
"NSFG 25-44",1048,0.8,8,30,383,6003,4,487.673674251022
"NSFG 25-44",1048,0.8,10,30,274,3274,5,408.956385286299
"NSFG 25-44",1048,0.8,13,30,664,16502,1,692.151866894171
"NSFG 25-44",1048,0.9,1,30,51,239,3,69.2828078647407
"NSFG 25-44",1048,0.9,2,30,86,530,5,127.994913763296
"NSFG 25-44",1048,0.9,3,30,195,2167,4,298.756460503415
"NSFG 25-44",1048,0.9,4,30,214,3984,1,217.935300448326
"NSFG 25-44",1048,0.9,5,30,340,6090,1,359.098881683126
"NSFG 25-44",1048,0.9,6,30,788,34300,2,548.887691962378
"NSFG 25-44",1048,0.9,7,30,621,32525,5,628.741201793304
"NSFG 25-44",1048,0.9,8,30,469,8299,3,659.969482579777
"NSFG 25-44",1048,0.9,10,30,377,4995,1,523.696847188444
"NSFG 25-44",1048,0.9,13,30,843,24977,1,921.817906174
"NSFG 25-44",1049,0.2,1,30,5,5,25,6.7359143008407
"NSFG 25-44",1049,0.2,2,30,15,27,20,13.0578768074585
"NSFG 25-44",1049,0.2,3,30,25,65,17,21.0356464909679
"NSFG 25-44",1049,0.2,4,30,25,71,16,28.9674215306747
"NSFG 25-44",1049,0.2,5,30,33,109,17,36.7612126389739
"NSFG 25-44",1049,0.2,6,30,56,186,9,38.0237643273119
"NSFG 25-44",1049,0.2,7,30,59,243,11,46.9214268868721
"NSFG 25-44",1049,0.2,8,30,52,202,10,50.7596786281526
"NSFG 25-44",1049,0.2,9,30,54,298,13,60.8991965703815
"NSFG 25-44",1049,0.2,11,30,83,531,10,81.7301681804698
"NSFG 25-44",1049,0.2,12,30,78,392,7,78.8991965703815
"NSFG 25-44",1049,0.4,1,30,28,160,19,18.7529021390298
"NSFG 25-44",1049,0.4,2,30,30,78,13,31.1885732447737
"NSFG 25-44",1049,0.4,3,30,28,64,15,47.3274487493404
"NSFG 25-44",1049,0.4,4,30,90,626,10,74.3581018975036
"NSFG 25-44",1049,0.4,5,30,98,642,3,91.150484060686
"NSFG 25-44",1049,0.4,6,30,120,684,3,81.8025998792369
"NSFG 25-44",1049,0.4,7,30,109,851,5,101.209008676883
"NSFG 25-44",1049,0.4,8,30,104,608,8,116.25870641709
"NSFG 25-44",1049,0.4,9,30,146,1330,8,140.67533293079
"NSFG 25-44",1049,0.4,11,30,179,1557,2,207.806772399432
"NSFG 25-44",1049,0.4,12,30,163,1285,3,176.67533293079
"NSFG 25-44",1049,0.6,1,30,25,111,17,32.5006945783549
"NSFG 25-44",1049,0.6,2,30,59,227,8,53.5216726155122
"NSFG 25-44",1049,0.6,3,30,71,291,7,95.6894969127703
"NSFG 25-44",1049,0.6,4,30,129,939,3,117.91886616479
"NSFG 25-44",1049,0.6,5,30,151,1185,2,177.608363077561
"NSFG 25-44",1049,0.6,6,30,122,754,6,137.605584764141
"NSFG 25-44",1049,0.6,7,30,164,1764,6,186.419560743145
"NSFG 25-44",1049,0.6,8,30,205,2365,4,189.314670557359
"NSFG 25-44",1049,0.6,9,30,412,7088,2,252.629341114718
"NSFG 25-44",1049,0.6,11,30,333,5051,3,404.634897741557
"NSFG 25-44",1049,0.6,12,30,265,3227,3,306.629341114718
"NSFG 25-44",1049,0.8,1,30,37,73,3,38.0796987738582
"NSFG 25-44",1049,0.8,2,30,75,347,4,83.1992469346455
"NSFG 25-44",1049,0.8,3,30,106,540,2,118.463005953732
"NSFG 25-44",1049,0.8,4,30,223,3069,3,238.204957615968
"NSFG 25-44",1049,0.8,5,30,284,5610,7,308.6679635697
"NSFG 25-44",1049,0.8,6,30,261,3703,3,208.766614359748
"NSFG 25-44",1049,0.8,7,30,372,9778,2,289.085409455181
"NSFG 25-44",1049,0.8,8,30,311,4913,1,249.726764972819
"NSFG 25-44",1049,0.8,9,30,718,23114,2,427.195481607873
"NSFG 25-44",1049,0.8,11,30,618,14482,0,770.869155858895
"NSFG 25-44",1049,0.8,12,30,417,6319,2,499.195481607873
"NSFG 25-44",1049,0.9,1,30,97,2711,7,84.0817906174
"NSFG 25-44",1049,0.9,2,30,90,416,4,125.880773370059
"NSFG 25-44",1049,0.9,3,30,117,647,3,154.994913763296
"NSFG 25-44",1049,0.9,4,30,264,3814,1,353.240285615496
"NSFG 25-44",1049,0.9,5,30,291,3733,1,363.3271624696
"NSFG 25-44",1049,0.9,6,30,264,3052,1,276.1635812348
"NSFG 25-44",1049,0.9,7,30,586,20112,1,415.213022076363
"NSFG 25-44",1049,0.9,8,30,441,11955,2,344.962563987459
"NSFG 25-44",1049,0.9,9,30,1116,48386,3,560.121058985555
"NSFG 25-44",1049,0.9,11,30,641,15801,3,1007.35117212764
"NSFG 25-44",1049,0.9,12,30,452,7220,1,641.121058985556
"NSFG 25-44",1050,0.2,1,30,13,27,21,6.45994643802544
"NSFG 25-44",1050,0.2,2,30,8,8,22,13.3798393140763
"NSFG 25-44",1050,0.2,3,30,20,50,19,22.5074750926493
"NSFG 25-44",1050,0.2,4,30,15,35,21,27.8635500794137
"NSFG 25-44",1050,0.2,5,30,34,112,15,32.8976625595602
"NSFG 25-44",1050,0.2,6,30,37,121,12,41.5193572563052
"NSFG 25-44",1050,0.2,7,30,57,247,10,46.9674215306747
"NSFG 25-44",1050,0.2,8,30,51,197,11,59.5446555944384
"NSFG 25-44",1050,0.2,9,30,74,348,9,74.6975897111446
"NSFG 25-44",1050,0.2,13,30,77,357,9,82.1395179422289
"NSFG 25-44",1050,0.4,1,30,18,32,16,14.8318621873351
"NSFG 25-44",1050,0.4,2,30,38,118,12,33.366928773493
"NSFG 25-44",1050,0.4,3,30,44,128,10,47.1096131964685
"NSFG 25-44",1050,0.4,4,30,52,238,12,66.0803508883702
"NSFG 25-44",1050,0.4,5,30,71,267,9,71.9809554079562
"NSFG 25-44",1050,0.4,6,30,104,858,8,100.972128531967
"NSFG 25-44",1050,0.4,7,30,104,554,4,105.783555287193
"NSFG 25-44",1050,0.4,8,30,139,1587,6,131.507195118125
"NSFG 25-44",1050,0.4,9,30,221,2789,5,206.025998792369
"NSFG 25-44",1050,0.4,13,30,189,1813,4,175.605199758474
"NSFG 25-44",1050,0.6,1,30,36,204,12,45.7929979418469
"NSFG 25-44",1050,0.6,2,30,54,168,7,54.1258682229436
"NSFG 25-44",1050,0.6,3,30,71,409,5,77.5636286898267
"NSFG 25-44",1050,0.6,4,30,137,2685,4,131.211169528282
"NSFG 25-44",1050,0.6,5,30,112,598,5,126.251736445887
"NSFG 25-44",1050,0.6,6,30,202,2736,6,192.587385040403
"NSFG 25-44",1050,0.6,7,30,244,2902,2,200.9202553215
"NSFG 25-44",1050,0.6,8,30,291,5281,3,241.275492796464
"NSFG 25-44",1050,0.6,9,30,384,6638,2,433.888023344154
"NSFG 25-44",1050,0.6,13,30,228,2630,4,288.377604668831
"NSFG 25-44",1050,0.8,1,30,52,502,7,78.910825218047
"NSFG 25-44",1050,0.8,2,30,112,1586,3,98.6869155858895
"NSFG 25-44",1050,0.8,3,30,133,1077,3,163.518042030078
"NSFG 25-44",1050,0.8,4,30,155,1125,3,191.741951662236
"NSFG 25-44",1050,0.8,5,30,163,1117,4,191.806463746677
"NSFG 25-44",1050,0.8,6,30,260,3570,2,366.45924062696
"NSFG 25-44",1050,0.8,7,30,259,3349,3,328.508566021984
"NSFG 25-44",1050,0.8,8,30,483,13229,1,517.241041676125
"NSFG 25-44",1050,0.8,9,30,667,19055,4,849.58644482362
"NSFG 25-44",1050,0.8,13,30,406,6214,2,438.717288964724
"NSFG 25-44",1050,0.9,1,30,55,343,2,81.967650224163
"NSFG 25-44",1050,0.9,2,30,161,4717,2,121.652492583585
"NSFG 25-44",1050,0.9,3,30,257,5035,1,256.473652638674
"NSFG 25-44",1050,0.9,4,30,304,9642,4,232.734283200985
"NSFG 25-44",1050,0.9,5,30,225,1963,2,295.674669886015
"NSFG 25-44",1050,0.9,6,30,291,4903,3,415.696847188444
"NSFG 25-44",1050,0.9,7,30,279,4813,3,375.044354604859
"NSFG 25-44",1050,0.9,8,30,822,38352,2,930.579452914118
"NSFG 25-44",1050,0.9,9,30,828,26956,3,1194.36317695667
"NSFG 25-44",1050,0.9,13,30,486,7980,0,541.272635391333
"NSFG 25-44",1051,0.2,1,30,6,6,24,6.82790358844578
"NSFG 25-44",1051,0.2,2,30,13,15,18,13.1958607388661
"NSFG 25-44",1051,0.2,3,30,19,27,15,20.2077429025221
"NSFG 25-44",1051,0.2,4,30,23,53,17,26.2997321901272
"NSFG 25-44",1051,0.2,5,30,32,100,15,33.4036036413882
"NSFG 25-44",1051,0.2,6,30,53,181,10,38.2077429025221
"NSFG 25-44",1051,0.2,7,30,50,178,10,49.3131483646044
"NSFG 25-44",1051,0.2,8,30,55,221,9,57.4748966233239
"NSFG 25-44",1051,0.2,9,30,73,239,3,55.3798393140763
"NSFG 25-44",1051,0.2,11,30,97,567,7,70.4614804488467
"NSFG 25-44",1051,0.2,12,30,106,716,8,78.8991965703815
"NSFG 25-44",1051,0.2,16,30,105,769,8,105.658875198534
"NSFG 25-44",1051,0.4,1,30,10,22,23,17.2280532689263
"NSFG 25-44",1051,0.4,2,30,25,49,15,35.3274487493404
"NSFG 25-44",1051,0.4,3,30,38,94,11,43.1885732447737
"NSFG 25-44",1051,0.4,4,30,72,260,6,61.5058042780597
"NSFG 25-44",1051,0.4,5,30,69,257,7,74.3771464895474
"NSFG 25-44",1051,0.4,6,30,88,368,4,83.9809554079562
"NSFG 25-44",1051,0.4,7,30,159,1243,7,120.16070177674
"NSFG 25-44",1051,0.4,8,30,150,1278,4,142.181137208849
"NSFG 25-44",1051,0.4,9,30,125,763,4,114.535066586158
"NSFG 25-44",1051,0.4,11,30,167,1487,7,149.644679782626
"NSFG 25-44",1051,0.4,12,30,189,2389,2,176.67533293079
"NSFG 25-44",1051,0.4,16,30,161,1531,6,237.745466103105
"NSFG 25-44",1051,0.6,1,30,14,14,16,24.646151681746
"NSFG 25-44",1051,0.6,2,30,47,171,7,51.1048901857864
"NSFG 25-44",1051,0.6,3,30,107,1149,6,93.2727144830445
"NSFG 25-44",1051,0.6,4,30,119,1173,6,116.710474949928
"NSFG 25-44",1051,0.6,5,30,133,773,3,130.481105697907
"NSFG 25-44",1051,0.6,6,30,149,1181,5,140.626562801299
"NSFG 25-44",1051,0.6,7,30,196,2434,3,223.879688403895
"NSFG 25-44",1051,0.6,8,30,229,2351,3,267.860099523448
"NSFG 25-44",1051,0.6,9,30,160,1172,4,180.125868222944
"NSFG 25-44",1051,0.6,11,30,222,2278,3,260.23214756544
"NSFG 25-44",1051,0.6,12,30,373,6961,6,306.629341114718
"NSFG 25-44",1051,0.6,16,30,415,8581,2,414.881077560605
"NSFG 25-44",1051,0.8,1,30,46,290,6,45.1195481607873
"NSFG 25-44",1051,0.8,2,30,85,407,3,98.6869155858895
"NSFG 25-44",1051,0.8,3,30,157,1691,0,139.582554114519
"NSFG 25-44",1051,0.8,4,30,252,5112,3,193.149921539622
"NSFG 25-44",1051,0.8,5,30,212,3742,4,196.030373378834
"NSFG 25-44",1051,0.8,6,30,345,6923,1,234.110072152693
"NSFG 25-44",1051,0.8,7,30,370,5826,2,391.867210504345
"NSFG 25-44",1051,0.8,8,30,350,4836,3,490.489614005794
"NSFG 25-44",1051,0.8,9,30,229,1983,1,258.239096321575
"NSFG 25-44",1051,0.8,11,30,400,5898,1,448.444053937542
"NSFG 25-44",1051,0.8,12,30,731,22893,2,499.195481607873
"NSFG 25-44",1051,0.8,16,30,679,18125,0,679.673674251022
"NSFG 25-44",1051,0.9,1,30,40,122,5,54.4838251120814
"NSFG 25-44",1051,0.9,2,30,162,4696,3,144.908036909193
"NSFG 25-44",1051,0.9,3,30,186,2994,3,256.473652638674
"NSFG 25-44",1051,0.9,4,30,274,4160,0,275.017091065726
"NSFG 25-44",1051,0.9,5,30,304,7564,2,272.419125560407
"NSFG 25-44",1051,0.9,6,30,313,5335,2,276.1635812348
"NSFG 25-44",1051,0.9,7,30,364,6106,6,531.4907437044
"NSFG 25-44",1051,0.9,8,30,409,6147,2,634.599797860933
"NSFG 25-44",1051,0.9,9,30,257,2435,2,306.424211797111
"NSFG 25-44",1051,0.9,11,30,380,5834,3,514.756460503415
"NSFG 25-44",1051,0.9,12,30,897,32607,1,641.121058985556
"NSFG 25-44",1051,0.9,16,30,865,26383,1,875.969482579778
"NSFG 25-44",1052,0.2,1,30,1,1,29,6.41395179422289
"NSFG 25-44",1052,0.2,2,30,9,13,23,13.1958607388661
"NSFG 25-44",1052,0.2,3,30,18,26,15,20.8516679157577
"NSFG 25-44",1052,0.2,4,30,39,159,13,30.5772340637637
"NSFG 25-44",1052,0.2,5,30,34,116,13,33.6795715042035
"NSFG 25-44",1052,0.2,6,30,52,178,9,45.060944829101
"NSFG 25-44",1052,0.2,7,30,36,102,13,47.5653519001078
"NSFG 25-44",1052,0.2,9,30,67,301,8,64.6707573621901
"NSFG 25-44",1052,0.2,10,30,105,1151,10,97.2556614800602
"NSFG 25-44",1052,0.2,11,30,63,367,10,70.1395179422289
"NSFG 25-44",1052,0.4,1,30,44,1304,21,17.4458888217983
"NSFG 25-44",1052,0.4,2,30,44,116,8,32.7134221148772
"NSFG 25-44",1052,0.4,3,30,53,253,11,58.8727330515527
"NSFG 25-44",1052,0.4,4,30,50,308,13,75.6651152147352
"NSFG 25-44",1052,0.4,5,30,92,506,9,76.3376664653948
"NSFG 25-44",1052,0.4,6,30,133,1577,7,107.071524012381
"NSFG 25-44",1052,0.4,7,30,131,749,3,110.358101897504
"NSFG 25-44",1052,0.4,9,30,141,1631,5,153.963301655977
"NSFG 25-44",1052,0.4,10,30,326,5798,3,296.446797826264
"NSFG 25-44",1052,0.4,11,30,137,1085,4,151.605199758474
"NSFG 25-44",1052,0.6,1,30,19,23,13,33.1048901857864
"NSFG 25-44",1052,0.6,2,30,47,113,6,58.3552374749638
"NSFG 25-44",1052,0.6,3,30,84,524,7,99.9188661647905
"NSFG 25-44",1052,0.6,4,30,142,1412,4,175.317448870779
"NSFG 25-44",1052,0.6,5,30,146,1078,3,141.356626631674
"NSFG 25-44",1052,0.6,6,30,157,1881,3,198.629341114718
"NSFG 25-44",1052,0.6,7,30,158,1144,4,181.585995883694
"NSFG 25-44",1052,0.6,9,30,273,4199,3,281.026534663996
"NSFG 25-44",1052,0.6,10,30,664,20552,1,669.398442019477
"NSFG 25-44",1052,0.6,11,30,251,2589,2,252.377604668831
"NSFG 25-44",1052,0.8,1,30,55,379,6,57.7912770572597
"NSFG 25-44",1052,0.8,2,30,111,1039,4,114.174584237134
"NSFG 25-44",1052,0.8,3,30,151,1729,2,187.453529945637
"NSFG 25-44",1052,0.8,4,30,204,2408,1,248.060746757669
"NSFG 25-44",1052,0.8,5,30,168,1274,2,253.757138351653
"NSFG 25-44",1052,0.8,6,30,319,6151,5,387.578788787747
"NSFG 25-44",1052,0.8,7,30,234,2152,2,317.244807002897
"NSFG 25-44",1052,0.8,9,30,487,11797,3,522.937433270109
"NSFG 25-44",1052,0.8,10,30,1147,51337,0,1380.45560068251
"NSFG 25-44",1052,0.8,11,30,307,3727,2,390.717288964724
"NSFG 25-44",1052,0.9,1,30,145,6569,1,43.9131231458963
"NSFG 25-44",1052,0.9,2,30,76,322,3,89.9403866850296
"NSFG 25-44",1052,0.9,3,30,120,812,4,159.22319454977
"NSFG 25-44",1052,0.9,4,30,280,4980,4,397.637233873474
"NSFG 25-44",1052,0.9,5,30,346,6672,2,378.126145222259
"NSFG 25-44",1052,0.9,6,30,533,15977,1,658.822992410703
"NSFG 25-44",1052,0.9,7,30,265,2663,3,421.555443256074
"NSFG 25-44",1052,0.9,9,30,757,26013,1,792.67650224163
"NSFG 25-44",1052,0.9,10,30,1374,72470,3,1982.453718522
"NSFG 25-44",1052,0.9,11,30,386,5198,1,487.272635391333
"NSFG 25-44",1053,0.2,1,30,5,5,25,7.83978575210174
"NSFG 25-44",1053,0.2,2,30,16,32,19,18.853201926579
"NSFG 25-44",1053,0.2,3,30,23,47,15,21.5875822165984
"NSFG 25-44",1053,0.2,4,30,19,33,17,27.5875822165984
"NSFG 25-44",1053,0.2,5,30,37,87,11,33.725566148006
"NSFG 25-44",1053,0.2,6,30,31,59,10,42.5312394199612
"NSFG 25-44",1053,0.2,7,30,65,287,9,55.8443877845656
"NSFG 25-44",1053,0.2,8,30,44,214,16,52.4614804488467
"NSFG 25-44",1053,0.2,9,30,75,645,7,63.4289019795214
"NSFG 25-44",1053,0.2,10,30,74,560,14,76.5580717689157
"NSFG 25-44",1053,0.2,12,30,76,328,5,76.1395179422289
"NSFG 25-44",1053,0.2,13,30,75,371,9,84.8991965703815
"NSFG 25-44",1053,0.2,14,30,72,374,12,101.661943220177
"NSFG 25-44",1053,0.4,1,30,16,28,18,20.2777510091334
"NSFG 25-44",1053,0.4,2,30,42,198,12,43.1695286527299
"NSFG 25-44",1053,0.4,3,30,35,77,11,43.1885732447737
"NSFG 25-44",1053,0.4,4,30,52,190,8,68.9122130757054
"NSFG 25-44",1053,0.4,5,30,65,229,7,72.8522976194439
"NSFG 25-44",1053,0.4,6,30,78,362,8,111.428235069819
"NSFG 25-44",1053,0.4,7,30,126,1294,8,136.062697136391
"NSFG 25-44",1053,0.4,8,30,98,610,6,119.308404157297
"NSFG 25-44",1053,0.4,9,30,202,2818,4,175.964692496042
"NSFG 25-44",1053,0.4,10,30,201,2355,6,198.420799033895
"NSFG 25-44",1053,0.4,12,30,157,1419,5,163.605199758474
"NSFG 25-44",1053,0.4,13,30,181,1695,3,188.67533293079
"NSFG 25-44",1053,0.4,14,30,221,2591,4,251.648852302821
"NSFG 25-44",1053,0.6,1,30,29,109,12,39.1468462601009
"NSFG 25-44",1053,0.6,2,30,79,607,5,83.7314529870849
"NSFG 25-44",1053,0.6,3,30,149,1869,5,104.752431024242
"NSFG 25-44",1053,0.6,4,30,93,407,3,109.46012766075
"NSFG 25-44",1053,0.6,5,30,162,1778,3,144.981800276262
"NSFG 25-44",1053,0.6,6,30,239,4805,4,235.485273168037
"NSFG 25-44",1053,0.6,7,30,311,5521,3,270.402750176117
"NSFG 25-44",1053,0.6,8,30,288,4570,3,216.503472891774
"NSFG 25-44",1053,0.6,9,30,374,7054,1,331.778965688239
"NSFG 25-44",1053,0.6,10,30,290,3866,2,397.510418675324
"NSFG 25-44",1053,0.6,12,30,246,3080,3,270.377604668831
"NSFG 25-44",1053,0.6,13,30,315,4073,2,324.629341114718
"NSFG 25-44",1053,0.6,14,30,489,11585,1,447.759376807791
"NSFG 25-44",1053,0.8,1,30,67,1417,7,63.423156566803
"NSFG 25-44",1053,0.8,2,30,169,2957,0,157.821650436094
"NSFG 25-44",1053,0.8,3,30,159,2011,1,164.926011907464
"NSFG 25-44",1053,0.8,4,30,215,4875,4,260.732475654141
"NSFG 25-44",1053,0.8,5,30,230,2234,0,218.557891417007
"NSFG 25-44",1053,0.8,6,30,322,7112,4,463.609162166581
"NSFG 25-44",1053,0.8,7,30,382,9348,3,538.296077752471
"NSFG 25-44",1053,0.8,8,30,366,8278,4,320.12525884211
"NSFG 25-44",1053,0.8,9,30,511,14539,4,587.704047629857
"NSFG 25-44",1053,0.8,10,30,530,11358,2,746.869155858896
"NSFG 25-44",1053,0.8,12,30,496,10208,2,414.717288964724
"NSFG 25-44",1053,0.8,13,30,390,5828,1,523.195481607873
"NSFG 25-44",1053,0.8,14,30,989,36915,0,842.869155858895
"NSFG 25-44",1053,0.9,1,30,46,160,4,58.7121058985555
"NSFG 25-44",1053,0.9,2,30,147,2721,3,149.136317695667
"NSFG 25-44",1053,0.9,3,30,152,2606,2,245.902950672489
"NSFG 25-44",1053,0.9,4,30,283,6737,1,298.272635391333
"NSFG 25-44",1053,0.9,5,30,300,5584,3,352.756460503415
"NSFG 25-44",1053,0.9,6,30,475,11573,1,557.344253535326
"NSFG 25-44",1053,0.9,7,30,594,16144,2,793.644152465792
"NSFG 25-44",1053,0.9,8,30,485,16629,2,313.250458088904
"NSFG 25-44",1053,0.9,9,30,1018,44254,0,714.453307691859
"NSFG 25-44",1053,0.9,10,30,635,15205,2,1031.09054156533
"NSFG 25-44",1053,0.9,12,30,522,10614,3,514.272635391333
"NSFG 25-44",1053,0.9,13,30,533,9557,0,668.121058985555
"NSFG 25-44",1053,0.9,14,30,1255,59469,2,1215.19959572187
"NSFG 25-44",1054,0.2,1,30,4,4,26,6.32196250661781
"NSFG 25-44",1054,0.2,2,30,11,13,20,13.3338446702738
"NSFG 25-44",1054,0.2,3,30,30,206,19,21.219625066178
"NSFG 25-44",1054,0.2,4,30,27,85,18,27.6335768604009
"NSFG 25-44",1054,0.2,5,30,35,167,16,35.7953251191205
"NSFG 25-44",1054,0.2,6,30,29,111,20,40.5994643802543
"NSFG 25-44",1054,0.2,7,30,45,175,10,48.4852447761586
"NSFG 25-44",1054,0.2,8,30,70,348,7,63.316216386247
"NSFG 25-44",1054,0.2,9,30,49,163,10,55.3798393140763
"NSFG 25-44",1054,0.2,10,30,61,271,10,64.8294375992671
"NSFG 25-44",1054,0.4,1,30,18,20,13,14.8318621873351
"NSFG 25-44",1054,0.4,2,30,35,121,14,35.5452843022123
"NSFG 25-44",1054,0.4,3,30,71,519,10,54.951693099858
"NSFG 25-44",1054,0.4,4,30,51,149,7,77.8434707434545
"NSFG 25-44",1054,0.4,5,30,84,648,5,92.4574973779177
"NSFG 25-44",1054,0.4,6,30,119,931,5,90.733857546986
"NSFG 25-44",1054,0.4,7,30,125,839,4,123.428235069819
"NSFG 25-44",1054,0.4,8,30,159,1993,5,152.41940819383
"NSFG 25-44",1054,0.4,9,30,99,549,5,114.535066586158
"NSFG 25-44",1054,0.4,10,30,197,1869,1,146.140266344632
"NSFG 25-44",1054,0.6,1,30,25,43,10,24.646151681746
"NSFG 25-44",1054,0.6,2,30,71,425,5,58.3552374749638
"NSFG 25-44",1054,0.6,3,30,108,1368,8,110.190191491125
"NSFG 25-44",1054,0.6,4,30,131,1623,5,125.169213453968
"NSFG 25-44",1054,0.6,5,30,236,5150,5,181.837732329581
"NSFG 25-44",1054,0.6,6,30,158,1286,3,159.960822239105
"NSFG 25-44",1054,0.6,7,30,292,5784,1,229.317448870779
"NSFG 25-44",1054,0.6,8,30,260,4104,4,331.300638303751
"NSFG 25-44",1054,0.6,9,30,162,1328,5,180.125868222944
"NSFG 25-44",1054,0.6,10,30,288,3608,2,262.774798218109
"NSFG 25-44",1054,0.8,1,30,36,106,8,47.9354879155589
"NSFG 25-44",1054,0.8,2,30,219,9997,2,155.005710681322
"NSFG 25-44",1054,0.8,3,30,198,4900,2,183.22962031348
"NSFG 25-44",1054,0.8,4,30,137,1031,1,173.43834325622
"NSFG 25-44",1054,0.8,5,30,247,4671,2,288.956385286298
"NSFG 25-44",1054,0.8,6,30,391,14701,3,252.413680558708
"NSFG 25-44",1054,0.8,7,30,435,16281,2,458.041794741479
"NSFG 25-44",1054,0.8,8,30,395,9039,2,425.722999646046
"NSFG 25-44",1054,0.8,9,30,267,2451,0,258.239096321575
"NSFG 25-44",1054,0.8,10,30,503,10457,1,541.305553760566
"NSFG 25-44",1054,0.9,1,30,57,205,1,79.8535098309259
"NSFG 25-44",1054,0.9,2,30,210,8084,3,176.620142807748
"NSFG 25-44",1054,0.9,3,30,164,2370,3,222.647406346881
"NSFG 25-44",1054,0.9,4,30,301,11921,2,249.647406346881
"NSFG 25-44",1054,0.9,5,30,288,5374,2,361.213022076363
"NSFG 25-44",1054,0.9,6,30,354,6000,2,360.729196964281
"NSFG 25-44",1054,0.9,7,30,373,8587,2,520.920041738215
"NSFG 25-44",1054,0.9,8,30,818,48390,2,862.926960330533
"NSFG 25-44",1054,0.9,9,30,254,2368,2,306.424211797111
"NSFG 25-44",1054,0.9,10,30,579,12943,2,735.110886512148
"NSFG 25-44",1055,0.2,1,30,6,12,26,7.24185538266867
"NSFG 25-44",1055,0.2,2,30,14,22,19,13.9317750397068
"NSFG 25-44",1055,0.2,3,30,8,12,24,20.8056732719551
"NSFG 25-44",1055,0.2,4,30,32,84,16,28.2775018736365
"NSFG 25-44",1055,0.2,5,30,40,130,12,34.1855125860315
"NSFG 25-44",1055,0.2,6,30,50,158,9,42.3932554885535
"NSFG 25-44",1055,0.2,7,30,55,245,10,47.3813733248976
"NSFG 25-44",1055,0.2,8,30,79,809,9,70.2154129566284
"NSFG 25-44",1055,0.2,9,30,50,210,13,65.176698444018
"NSFG 25-44",1055,0.2,10,30,72,358,9,71.590650238241
"NSFG 25-44",1055,0.2,11,30,68,358,10,80.7182860168139
"NSFG 25-44",1055,0.2,12,30,137,1253,6,107.875822165984
"NSFG 25-44",1055,0.2,13,30,97,625,8,78
"NSFG 25-44",1055,0.2,14,30,113,615,3,99.1782324548393
"NSFG 25-44",1055,0.2,17,30,91,565,9,107.519357256305
"NSFG 25-44",1055,0.4,1,30,9,11,22,15.049697740207
"NSFG 25-44",1055,0.4,2,30,55,223,6,47.3084041572966
"NSFG 25-44",1055,0.4,3,30,73,439,8,56.2587064170895
"NSFG 25-44",1055,0.4,4,30,127,1591,7,75.2294441089913
"NSFG 25-44",1055,0.4,5,30,56,246,12,79.3873642056018
"NSFG 25-44",1055,0.4,6,30,92,448,4,88.3376664653948
"NSFG 25-44",1055,0.4,7,30,99,553,6,109.268924133144
"NSFG 25-44",1055,0.4,8,30,278,5508,7,216.027389632434
"NSFG 25-44",1055,0.4,9,30,123,881,3,152.874123891618
"NSFG 25-44",1055,0.4,10,30,136,1238,3,165.745466103105
"NSFG 25-44",1055,0.4,11,30,257,4827,5,214.777510091334
"NSFG 25-44",1055,0.4,12,30,224,2616,5,313.911731240106
"NSFG 25-44",1055,0.4,13,30,150,1140,5,156
"NSFG 25-44",1055,0.4,14,30,246,3444,5,239.885732447737
"NSFG 25-44",1055,0.4,17,30,182,1840,3,230.140266344632
"NSFG 25-44",1055,0.6,1,30,32,70,9,31.292303363492
"NSFG 25-44",1055,0.6,2,30,55,223,9,74.6685188756131
"NSFG 25-44",1055,0.6,3,30,63,239,7,79.9804111195525
"NSFG 25-44",1055,0.6,4,30,103,527,6,113.085301305339
"NSFG 25-44",1055,0.6,5,30,154,1412,5,160.69088606948
"NSFG 25-44",1055,0.6,6,30,137,1059,5,149.68949691277
"NSFG 25-44",1055,0.6,7,30,240,3212,3,221.46290597417
"NSFG 25-44",1055,0.6,8,30,304,6608,2,413.471240914428
"NSFG 25-44",1055,0.6,9,30,377,13303,3,266.525840085642
"NSFG 25-44",1055,0.6,10,30,324,4970,2,317.756598494371
"NSFG 25-44",1055,0.6,11,30,674,27060,2,421.552374749638
"NSFG 25-44",1055,0.6,12,30,618,17446,3,687.272573796534
"NSFG 25-44",1055,0.6,13,30,216,2124,4,234
"NSFG 25-44",1055,0.6,14,30,356,5526,2,451.38455045238
"NSFG 25-44",1055,0.6,17,30,439,7437,1,378.503472891775
"NSFG 25-44",1055,0.8,1,30,74,992,3,53.5673674251022
"NSFG 25-44",1055,0.8,2,30,129,2247,3,135.294132397921
"NSFG 25-44",1055,0.8,3,30,175,7721,4,173.373831171779
"NSFG 25-44",1055,0.8,4,30,294,11872,0,273.404204550613
"NSFG 25-44",1055,0.8,5,30,236,2876,3,273.468716635055
"NSFG 25-44",1055,0.8,6,30,227,2527,1,252.413680558708
"NSFG 25-44",1055,0.8,7,30,401,7921,2,300.349168474267
"NSFG 25-44",1055,0.8,8,30,1546,105830,0,919.920426608469
"NSFG 25-44",1055,0.8,9,30,463,22671,5,439.867210504345
"NSFG 25-44",1055,0.8,10,30,473,9221,3,561.017132043967
"NSFG 25-44",1055,0.8,11,30,1014,61164,3,770.869155858895
"NSFG 25-44",1055,0.8,12,30,991,38679,1,1386.21650436094
"NSFG 25-44",1055,0.8,13,30,328,4086,3,312
"NSFG 25-44",1055,0.8,14,30,672,16560,1,800.630059537321
"NSFG 25-44",1055,0.8,17,30,538,11602,3,576.956385286298
"NSFG 25-44",1055,0.9,1,30,107,3023,4,98.8807733700593
"NSFG 25-44",1055,0.9,2,30,141,1949,3,172.391862021274
"NSFG 25-44",1055,0.9,3,30,184,3512,1,169.793896515956
"NSFG 25-44",1055,0.9,4,30,388,23008,2,262.332248706304
"NSFG 25-44",1055,0.9,5,30,303,3861,1,401.381689547867
"NSFG 25-44",1055,0.9,6,30,362,6876,0,451.637233873474
"NSFG 25-44",1055,0.9,7,30,379,6507,2,474.408953087
"NSFG 25-44",1055,0.9,8,30,1830,156904,4,1087.02584201366
"NSFG 25-44",1055,0.9,9,30,1101,79483,1,756.7361155566
"NSFG 25-44",1055,0.9,10,30,511,10961,5,828.133063814578
"NSFG 25-44",1055,0.9,11,30,1422,101994,1,1058.09054156533
"NSFG 25-44",1055,0.9,12,30,1245,62995,5,1973.02950672489
"NSFG 25-44",1055,0.9,13,30,347,4467,3,351
"NSFG 25-44",1055,0.9,14,30,797,22615,1,1075.66632976822
"NSFG 25-44",1055,0.9,17,30,640,14768,2,712.696847188445
"NSFG 25-44",1056,0.2,1,30,8,8,22,6.50594108182798
"NSFG 25-44",1056,0.2,2,30,11,13,20,14.621694696745
"NSFG 25-44",1056,0.2,3,30,17,35,20,21.8175554356111
"NSFG 25-44",1056,0.2,4,30,22,44,17,27.1736304223755
"NSFG 25-44",1056,0.2,5,30,24,54,16,36.8072072827764
"NSFG 25-44",1056,0.2,6,30,31,87,14,42.4852447761586
"NSFG 25-44",1056,0.2,7,30,60,260,10,49.5431215836171
"NSFG 25-44",1056,0.2,8,30,57,387,13,59.3146823754257
"NSFG 25-44",1056,0.2,9,30,58,252,10,59.5193572563052
"NSFG 25-44",1056,0.2,10,30,57,349,15,74.9022645920241
"NSFG 25-44",1056,0.2,11,30,95,599,8,72.2092769133434
"NSFG 25-44",1056,0.2,12,30,95,597,5,81.6588751985341
"NSFG 25-44",1056,0.2,13,30,91,589,7,79.3798393140763
"NSFG 25-44",1056,0.4,1,30,51,565,16,26.5949820424194
"NSFG 25-44",1056,0.4,2,30,30,54,10,29.0102177160544
"NSFG 25-44",1056,0.4,3,30,53,191,10,48.1987909608281
"NSFG 25-44",1056,0.4,4,30,41,135,12,68.2587064170896
"NSFG 25-44",1056,0.4,5,30,83,439,10,96.3785373296124
"NSFG 25-44",1056,0.4,6,30,95,1505,10,109.903386199716
"NSFG 25-44",1056,0.4,7,30,149,1813,6,118.418017353765
"NSFG 25-44",1056,0.4,8,30,205,2379,5,151.33023042947
"NSFG 25-44",1056,0.4,9,30,130,1016,6,134.140266344632
"NSFG 25-44",1056,0.4,10,30,207,2583,3,204.302358961437
"NSFG 25-44",1056,0.4,11,30,141,1083,3,160.972128531967
"NSFG 25-44",1056,0.4,12,30,184,1796,4,189.745466103105
"NSFG 25-44",1056,0.4,13,30,181,1481,2,162.535066586158
"NSFG 25-44",1056,0.6,1,30,56,616,7,34.9174770080807
"NSFG 25-44",1056,0.6,2,30,55,237,7,50.5006945783549
"NSFG 25-44",1056,0.6,3,30,89,543,3,102.335648594516
"NSFG 25-44",1056,0.6,4,30,103,757,5,115.502083735065
"NSFG 25-44",1056,0.6,5,30,236,5108,2,170.962211395815
"NSFG 25-44",1056,0.6,6,30,212,2268,2,214.338426907936
"NSFG 25-44",1056,0.6,7,30,181,2485,3,211.795776255267
"NSFG 25-44",1056,0.6,8,30,270,4706,2,349.426506526694
"NSFG 25-44",1056,0.6,9,30,253,2673,2,234.503472891774
"NSFG 25-44",1056,0.6,10,30,336,7630,5,383.009724096969
"NSFG 25-44",1056,0.6,11,30,331,4777,2,278.962211395815
"NSFG 25-44",1056,0.6,12,30,331,4475,1,342.881077560605
"NSFG 25-44",1056,0.6,13,30,244,2574,3,252.125868222944
"NSFG 25-44",1056,0.8,1,30,130,4414,7,70.463005953732
"NSFG 25-44",1056,0.8,2,30,158,6054,4,122.622403501448
"NSFG 25-44",1056,0.8,3,30,122,1274,7,180.413680558708
"NSFG 25-44",1056,0.8,4,30,166,1678,3,187.518042030078
"NSFG 25-44",1056,0.8,5,30,315,7045,0,376.250517684219
"NSFG 25-44",1056,0.8,6,30,542,24972,5,384.762849032975
"NSFG 25-44",1056,0.8,7,30,882,44270,2,401.722999646046
"NSFG 25-44",1056,0.8,8,30,624,20986,1,680.56554745288
"NSFG 25-44",1056,0.8,9,30,383,5695,3,384.956385286298
"NSFG 25-44",1056,0.8,10,30,710,23352,1,662.390963215746
"NSFG 25-44",1056,0.8,11,30,391,6997,3,447.036084060157
"NSFG 25-44",1056,0.8,12,30,410,7044,5,583.673674251022
"NSFG 25-44",1056,0.8,13,30,344,4510,1,354.239096321575
"NSFG 25-44",1056,0.9,1,30,68,956,4,71.3969482579778
"NSFG 25-44",1056,0.9,2,30,228,7308,1,206.218108313067
"NSFG 25-44",1056,0.9,3,30,175,2823,2,212.076704380696
"NSFG 25-44",1056,0.9,4,30,245,3385,2,262.332248706304
"NSFG 25-44",1056,0.9,5,30,424,11578,3,466.920041738215
"NSFG 25-44",1056,0.9,6,30,425,15575,1,390.3271624696
"NSFG 25-44",1056,0.9,7,30,969,58179,3,442.696847188444
"NSFG 25-44",1056,0.9,8,30,600,20342,3,871.383521903481
"NSFG 25-44",1056,0.9,9,30,425,6647,2,496.696847188445
"NSFG 25-44",1056,0.9,10,30,951,50535,2,967.666329768222
"NSFG 25-44",1056,0.9,11,30,599,14145,1,578.180672300526
"NSFG 25-44",1056,0.9,12,30,520,9756,2,767.969482579778
"NSFG 25-44",1056,0.9,13,30,384,5534,3,414.424211797111
"NSFG 25-44",1057,0.2,1,30,8,8,22,6.59793036943307
"NSFG 25-44",1057,0.2,2,30,12,16,20,13.8857803959043
"NSFG 25-44",1057,0.2,3,30,22,48,16,21.5875822165984
"NSFG 25-44",1057,0.2,4,30,53,487,14,28.7834429554645
"NSFG 25-44",1057,0.2,5,30,33,131,15,37.3131483646044
"NSFG 25-44",1057,0.2,6,30,54,264,11,44.0030680216426
"NSFG 25-44",1057,0.2,7,30,46,148,10,44.8516679157577
"NSFG 25-44",1057,0.2,8,30,57,213,9,50.3457268339297
"NSFG 25-44",1057,0.2,9,30,46,162,12,61.4051376522095
"NSFG 25-44",1057,0.2,10,30,99,809,8,70.9927198688079
"NSFG 25-44",1057,0.2,12,30,85,525,11,85.798393140763
"NSFG 25-44",1057,0.2,14,30,112,1064,10,104.697589711145
"NSFG 25-44",1057,0.4,1,30,15,27,18,15.7032043988228
"NSFG 25-44",1057,0.4,2,30,80,1512,11,46.001390840065
"NSFG 25-44",1057,0.4,3,30,49,281,10,51.0306531481632
"NSFG 25-44",1057,0.4,4,30,90,512,6,71.0905686044247
"NSFG 25-44",1057,0.4,5,30,86,416,7,86.5759374503756
"NSFG 25-44",1057,0.4,6,30,109,1021,8,114.91360391577
"NSFG 25-44",1057,0.4,7,30,119,1125,6,100.773337571139
"NSFG 25-44",1057,0.4,8,30,105,635,4,111.901995359651
"NSFG 25-44",1057,0.4,9,30,121,1043,5,141.764510695149
"NSFG 25-44",1057,0.4,10,30,167,1605,3,175.33023042947
"NSFG 25-44",1057,0.4,12,30,208,2124,3,209.350665861579
"NSFG 25-44",1057,0.4,14,30,243,2875,1,266.025998792369
"NSFG 25-44",1057,0.6,1,30,30,68,9,30.6881077560605
"NSFG 25-44",1057,0.6,2,30,97,923,7,89.7734090613994
"NSFG 25-44",1057,0.6,3,30,131,1533,4,90.2517364458872
"NSFG 25-44",1057,0.6,4,30,142,2120,6,130.00277831342
"NSFG 25-44",1057,0.6,5,30,139,1047,5,161.295081676912
"NSFG 25-44",1057,0.6,6,30,170,1502,5,202.254514759307
"NSFG 25-44",1057,0.6,7,30,141,1325,9,180.981800276262
"NSFG 25-44",1057,0.6,8,30,167,1329,2,180.251736445887
"NSFG 25-44",1057,0.6,9,30,263,6405,11,276.192969804545
"NSFG 25-44",1057,0.6,10,30,379,8703,2,336.486662324747
"NSFG 25-44",1057,0.6,12,30,424,10452,2,397.258682229436
"NSFG 25-44",1057,0.6,14,30,416,8510,2,523.888023344154
"NSFG 25-44",1057,0.8,1,30,43,189,4,42.3036084060156
"NSFG 25-44",1057,0.8,2,30,89,537,3,111.358644482362
"NSFG 25-44",1057,0.8,3,30,112,614,2,148.030373378834
"NSFG 25-44",1057,0.8,4,30,324,8924,1,269.180294918456
"NSFG 25-44",1057,0.8,5,30,228,3674,5,253.757138351653
"NSFG 25-44",1057,0.8,6,30,300,6310,3,400.250517684219
"NSFG 25-44",1057,0.8,7,30,212,2238,2,313.02089737074
"NSFG 25-44",1057,0.8,8,30,304,3498,1,291.965861294393
"NSFG 25-44",1057,0.8,9,30,633,24267,3,621.495324687116
"NSFG 25-44",1057,0.8,10,30,693,28219,3,608.888107875085
"NSFG 25-44",1057,0.8,12,30,948,41970,3,710.390963215747
"NSFG 25-44",1057,0.8,14,30,826,25766,1,969.58644482362
"NSFG 25-44",1057,0.9,1,30,54,238,2,67.1686674715037
"NSFG 25-44",1057,0.9,2,30,211,5967,0,151.250458088904
"NSFG 25-44",1057,0.9,3,30,175,1683,2,241.674669886015
"NSFG 25-44",1057,0.9,4,30,280,5434,1,275.017091065726
"NSFG 25-44",1057,0.9,5,30,305,4623,1,363.3271624696
"NSFG 25-44",1057,0.9,6,30,641,25733,1,703.219940668681
"NSFG 25-44",1057,0.9,7,30,310,4588,3,383.500916177807
"NSFG 25-44",1057,0.9,8,30,325,3905,2,355.533265953644
"NSFG 25-44",1057,0.9,9,30,460,13886,2,538.979655053185
"NSFG 25-44",1057,0.9,10,30,921,46889,4,878.872433252267
"NSFG 25-44",1057,0.9,12,30,1299,76563,4,958.242117971111
"NSFG 25-44",1057,0.9,14,30,1008,35704,1,1329.36317695667
"NSFG 25-44",1058,0.2,1,30,10,10,20,6.82790358844579
"NSFG 25-44",1058,0.2,2,30,4,4,26,13.4718286016814
"NSFG 25-44",1058,0.2,3,30,37,183,16,20.5297054091399
"NSFG 25-44",1058,0.2,4,30,25,45,14,28.0475286546238
"NSFG 25-44",1058,0.2,5,30,39,139,14,34.5994643802544
"NSFG 25-44",1058,0.2,6,30,40,166,15,41.24338939349
"NSFG 25-44",1058,0.2,7,30,47,159,11,46.6454590240569
"NSFG 25-44",1058,0.2,8,30,56,258,13,59.8666181010562
"NSFG 25-44",1058,0.2,9,30,47,165,8,68.0743610035783
"NSFG 25-44",1058,0.2,10,30,94,446,5,66.1632822695408
"NSFG 25-44",1058,0.2,11,30,43,137,10,71.5193572563052
"NSFG 25-44",1058,0.2,12,30,82,392,7,88.5580717689156
"NSFG 25-44",1058,0.4,1,30,17,27,17,18.7529021390299
"NSFG 25-44",1058,0.4,2,30,25,61,16,39.0306531481632
"NSFG 25-44",1058,0.4,3,30,52,158,8,46.2382709849807
"NSFG 25-44",1058,0.4,4,30,61,261,10,65.2090086768825
"NSFG 25-44",1058,0.4,5,30,67,341,10,80.9122130757054
"NSFG 25-44",1058,0.4,6,30,119,831,4,99.8829507676071
"NSFG 25-44",1058,0.4,7,30,119,751,4,109.268924133144
"NSFG 25-44",1058,0.4,8,30,174,1750,6,151.548065982342
"NSFG 25-44",1058,0.4,9,30,164,1522,5,168.122612592653
"NSFG 25-44",1058,0.4,10,30,129,913,7,150.932648507814
"NSFG 25-44",1058,0.4,11,30,166,1408,3,158.140266344632
"NSFG 25-44",1058,0.4,12,30,192,1962,4,222.420799033895
"NSFG 25-44",1058,0.6,1,30,31,71,9,33.7090857932178
"NSFG 25-44",1058,0.6,2,30,57,331,8,65.0013891567098
"NSFG 25-44",1058,0.6,3,30,104,920,5,97.5020837350646
"NSFG 25-44",1058,0.6,4,30,139,1119,3,109.46012766075
"NSFG 25-44",1058,0.6,5,30,118,886,10,161.295081676912
"NSFG 25-44",1058,0.6,6,30,155,1197,2,192.587385040403
"NSFG 25-44",1058,0.6,7,30,186,1582,4,194.878299247186
"NSFG 25-44",1058,0.6,8,30,304,4750,5,286.590163353823
"NSFG 25-44",1058,0.6,9,30,340,5316,2,328.757987651081
"NSFG 25-44",1058,0.6,10,30,260,3354,3,275.46290597417
"NSFG 25-44",1058,0.6,11,30,244,2844,2,270.503472891775
"NSFG 25-44",1058,0.6,12,30,399,7119,3,433.510418675323
"NSFG 25-44",1058,0.8,1,30,38,102,5,35.2637590190866
"NSFG 25-44",1058,0.8,2,30,60,186,5,83.1992469346455
"NSFG 25-44",1058,0.8,3,30,80,328,3,93.1195481607873
"NSFG 25-44",1058,0.8,4,30,142,1124,3,157.950674604976
"NSFG 25-44",1058,0.8,5,30,182,1482,3,227.005710681322
"NSFG 25-44",1058,0.8,6,30,236,2838,1,290.428867248125
"NSFG 25-44",1058,0.8,7,30,258,2468,0,315.836837125511
"NSFG 25-44",1058,0.8,8,30,451,10723,6,556.664198242928
"NSFG 25-44",1058,0.8,9,30,419,7365,2,613.047505422801
"NSFG 25-44",1058,0.8,10,30,433,8503,3,484.986758665133
"NSFG 25-44",1058,0.8,11,30,384,6082,4,432.956385286299
"NSFG 25-44",1058,0.8,12,30,701,18465,1,794.869155858895
"NSFG 25-44",1058,0.9,1,30,34,54,4,43.9131231458963
"NSFG 25-44",1058,0.9,2,30,114,990,2,125.880773370059
"NSFG 25-44",1058,0.9,3,30,154,1486,2,207.848423594222
"NSFG 25-44",1058,0.9,4,30,214,2688,3,298.272635391333
"NSFG 25-44",1058,0.9,5,30,354,6252,1,310.473652638674
"NSFG 25-44",1058,0.9,6,30,342,5200,2,381.870600896652
"NSFG 25-44",1058,0.9,7,30,306,3542,2,417.3271624696
"NSFG 25-44",1058,0.9,8,30,633,16733,2,761.448221455155
"NSFG 25-44",1058,0.9,9,30,508,9936,2,813.817906173999
"NSFG 25-44",1058,0.9,10,30,519,11209,2,604.034182131452
"NSFG 25-44",1058,0.9,11,30,497,9059,2,550.696847188444
"NSFG 25-44",1058,0.9,12,30,813,24865,3,1085.09054156533
"NSFG 25-44",1059,0.2,1,30,7,9,24,6.55193572563052
"NSFG 25-44",1059,0.2,2,30,13,17,19,14.5757000529424
"NSFG 25-44",1059,0.2,3,30,27,63,16,22.8294375992671
"NSFG 25-44",1059,0.2,4,30,17,39,20,26.8516679157577
"NSFG 25-44",1059,0.2,5,30,29,87,15,36.2552715571459
"NSFG 25-44",1059,0.2,6,30,58,240,8,42.4392501323561
"NSFG 25-44",1059,0.2,7,30,55,169,5,45.6335768604009
"NSFG 25-44",1059,0.2,8,30,51,179,10,57.474896623324
"NSFG 25-44",1059,0.2,11,30,107,671,5,82.9720235631385
"NSFG 25-44",1059,0.4,1,30,16,30,18,17.6637243746702
"NSFG 25-44",1059,0.4,2,30,30,56,11,34.2382709849807
"NSFG 25-44",1059,0.4,3,30,42,126,9,42.099395480414
"NSFG 25-44",1059,0.4,4,30,48,130,8,55.4064087976456
"NSFG 25-44",1059,0.4,5,30,107,753,8,88.9721285319668
"NSFG 25-44",1059,0.4,6,30,120,904,4,100.754292979095
"NSFG 25-44",1059,0.4,7,30,107,679,6,98.1593109366755
"NSFG 25-44",1059,0.4,8,30,149,1167,5,133.685550646844
"NSFG 25-44",1059,0.4,11,30,222,2404,3,213.470496774102
"NSFG 25-44",1059,0.6,1,30,32,122,12,27.6671297189033
"NSFG 25-44",1059,0.6,2,30,65,627,8,66.8139759790041
"NSFG 25-44",1059,0.6,3,30,78,352,7,72.1258682229436
"NSFG 25-44",1059,0.6,4,30,77,315,7,97.3762155121211
"NSFG 25-44",1059,0.6,5,30,119,925,8,188.483884011327
"NSFG 25-44",1059,0.6,6,30,228,3552,3,196.212558684992
"NSFG 25-44",1059,0.6,7,30,197,1745,2,167.68949691277
"NSFG 25-44",1059,0.6,8,30,159,1347,2,255.171991767388
"NSFG 25-44",1059,0.6,11,30,321,5319,2,385.300638303751
"NSFG 25-44",1059,0.8,1,30,45,189,5,38.0796987738582
"NSFG 25-44",1059,0.8,2,30,114,2806,4,107.134734850204
"NSFG 25-44",1059,0.8,3,30,154,1554,2,174.781801049165
"NSFG 25-44",1059,0.8,4,30,117,697,5,125.567367425102
"NSFG 25-44",1059,0.8,5,30,272,4212,2,329.787511730487
"NSFG 25-44",1059,0.8,6,30,401,11889,1,317.180294918456
"NSFG 25-44",1059,0.8,7,30,296,4214,3,266.557891417007
"NSFG 25-44",1059,0.8,8,30,345,6497,2,420.091120136503
"NSFG 25-44",1059,0.8,11,30,562,17530,6,776.501035368439
"NSFG 25-44",1059,0.9,1,30,44,116,3,84.0817906174
"NSFG 25-44",1059,0.9,2,30,155,4589,2,130.109054156533
"NSFG 25-44",1059,0.9,3,30,262,6386,3,288.185758537229
"NSFG 25-44",1059,0.9,4,30,201,2865,2,258.10396791983
"NSFG 25-44",1059,0.9,5,30,241,3553,3,335.843337357518
"NSFG 25-44",1059,0.9,6,30,472,14490,2,390.3271624696
"NSFG 25-44",1059,0.9,7,30,366,5562,0,341.218108313067
"NSFG 25-44",1059,0.9,8,30,525,12087,2,698.024009658044
"NSFG 25-44",1059,0.9,11,30,766,24892,0,994.666329768222
"NSFG 25-44",1060,0.2,1,30,4,6,27,6.82790358844578
"NSFG 25-44",1060,0.2,2,30,14,22,19,13.5178232454839
"NSFG 25-44",1060,0.2,3,30,18,28,17,20.7596786281526
"NSFG 25-44",1060,0.2,4,30,19,41,18,29.3813733248976
"NSFG 25-44",1060,0.2,5,30,22,54,17,34.3234965174391
"NSFG 25-44",1060,0.2,6,30,28,72,13,41.5653519001078
"NSFG 25-44",1060,0.2,7,30,43,161,13,47.1514001058849
"NSFG 25-44",1060,0.2,8,30,56,286,14,61.5684199217503
"NSFG 25-44",1060,0.2,9,30,75,347,7,77.4572683392971
"NSFG 25-44",1060,0.2,10,30,54,226,9,71.0387145126104
"NSFG 25-44",1060,0.4,1,30,11,11,19,12.8713422114877
"NSFG 25-44",1060,0.4,2,30,29,49,8,31.6242443505176
"NSFG 25-44",1060,0.4,3,30,43,143,13,47.1096131964685
"NSFG 25-44",1060,0.4,4,30,69,665,9,64.7733375711387
"NSFG 25-44",1060,0.4,5,30,61,241,7,73.7236398309316
"NSFG 25-44",1060,0.4,6,30,63,279,10,96.1797463687843
"NSFG 25-44",1060,0.4,7,30,90,462,6,108.397581921656
"NSFG 25-44",1060,0.4,8,30,158,1512,4,147.191354924904
"NSFG 25-44",1060,0.4,9,30,208,2570,3,219.096131964685
"NSFG 25-44",1060,0.4,10,30,141,1405,6,172.280532689263
"NSFG 25-44",1060,0.6,1,30,47,297,9,35.5216726155122
"NSFG 25-44",1060,0.6,2,30,58,290,7,69.8349540161614
"NSFG 25-44",1060,0.6,3,30,67,303,11,109.585995883694
"NSFG 25-44",1060,0.6,4,30,100,922,8,131.211169528283
"NSFG 25-44",1060,0.6,5,30,177,2869,7,167.941233358658
"NSFG 25-44",1060,0.6,6,30,187,1995,2,165.398582705988
"NSFG 25-44",1060,0.6,7,30,167,1365,5,200.9202553215
"NSFG 25-44",1060,0.6,8,30,263,4771,4,270.881077560605
"NSFG 25-44",1060,0.6,9,30,397,7293,4,470.139759790042
"NSFG 25-44",1060,0.6,10,30,442,8554,2,325.006945783549
"NSFG 25-44",1060,0.8,1,30,28,44,8,40.8956385286298
"NSFG 25-44",1060,0.8,2,30,153,2347,4,153.597740803937
"NSFG 25-44",1060,0.8,3,30,142,2438,6,149.43834325622
"NSFG 25-44",1060,0.8,4,30,290,9068,2,256.508566021983
"NSFG 25-44",1060,0.8,5,30,341,8937,0,300.220144305385
"NSFG 25-44",1060,0.8,6,30,403,11935,1,291.836837125511
"NSFG 25-44",1060,0.8,7,30,225,2523,7,317.244807002897
"NSFG 25-44",1060,0.8,8,30,313,5131,2,505.977282657038
"NSFG 25-44",1060,0.8,9,30,641,16123,2,934.064637466769
"NSFG 25-44",1060,0.8,10,30,733,21199,0,577.912770572597
"NSFG 25-44",1060,0.9,1,30,59,447,2,52.3696847188444
"NSFG 25-44",1060,0.9,2,30,197,6531,2,117.424211797111
"NSFG 25-44",1060,0.9,3,30,136,1378,3,186.707019661852
"NSFG 25-44",1060,0.9,4,30,292,5812,4,327.870600896652
"NSFG 25-44",1060,0.9,5,30,258,4510,4,274.533265953644
"NSFG 25-44",1060,0.9,6,30,801,38957,0,409.354426008733
"NSFG 25-44",1060,0.9,7,30,333,4295,2,425.783724042548
"NSFG 25-44",1060,0.9,8,30,508,15010,4,704.366430837755
"NSFG 25-44",1060,0.9,9,30,815,23429,1,1321.21160055089
"NSFG 25-44",1060,0.9,10,30,1060,42960,0,777.393694376889
"NSFG 25-44",1061,0.2,1,30,10,10,20,6.87389823224833
"NSFG 25-44",1061,0.2,2,30,17,31,17,15.0816411347704
"NSFG 25-44",1061,0.2,3,30,17,31,19,22.737448311662
"NSFG 25-44",1061,0.2,4,30,22,50,18,26.9436572033628
"NSFG 25-44",1061,0.2,5,30,29,75,15,35.4733626125027
"NSFG 25-44",1061,0.2,6,30,43,161,11,48.188580607674
"NSFG 25-44",1061,0.2,7,30,42,160,13,46.0015340108213
"NSFG 25-44",1061,0.2,8,30,56,190,7,51.9095447232162
"NSFG 25-44",1061,0.2,9,30,64,218,4,72.3978575210174
"NSFG 25-44",1061,0.2,10,30,60,288,14,77.7539325077818
"NSFG 25-44",1061,0.2,11,30,69,315,10,79.798393140763
"NSFG 25-44",1061,0.2,13,30,83,465,9,84.8991965703815
"NSFG 25-44",1061,0.4,1,30,12,12,18,20.2777510091334
"NSFG 25-44",1061,0.4,2,30,30,110,15,39.9019953596509
"NSFG 25-44",1061,0.4,3,30,36,110,12,52.3376664653948
"NSFG 25-44",1061,0.4,4,30,91,577,6,74.7937730032475
"NSFG 25-44",1061,0.4,5,30,99,605,6,95.7250306709966
"NSFG 25-44",1061,0.4,6,30,96,646,6,119.923821631825
"NSFG 25-44",1061,0.4,7,30,100,622,6,107.74407526304
"NSFG 25-44",1061,0.4,8,30,134,1148,7,128.893168483662
"NSFG 25-44",1061,0.4,9,30,138,1370,8,203.411972157906
"NSFG 25-44",1061,0.4,10,30,220,3870,6,198.420799033895
"NSFG 25-44",1061,0.4,11,30,207,2969,4,201.271705813274
"NSFG 25-44",1061,0.4,13,30,173,1503,3,188.67533293079
"NSFG 25-44",1061,0.6,1,30,44,396,12,46.3971935492783
"NSFG 25-44",1061,0.6,2,30,83,797,4,66.2097803715727
"NSFG 25-44",1061,0.6,3,30,70,328,4,107.773409061399
"NSFG 25-44",1061,0.6,4,30,162,1830,4,140.878299247186
"NSFG 25-44",1061,0.6,5,30,204,1886,1,161.899277284343
"NSFG 25-44",1061,0.6,6,30,280,5454,2,259.653097465295
"NSFG 25-44",1061,0.6,7,30,222,2412,1,192.46151681746
"NSFG 25-44",1061,0.6,8,30,276,4230,3,248.525840085642
"NSFG 25-44",1061,0.6,9,30,309,6271,2,446.576131100215
"NSFG 25-44",1061,0.6,10,30,481,10949,0,401.739787927344
"NSFG 25-44",1061,0.6,11,30,501,11385,0,401.009724096969
"NSFG 25-44",1061,0.6,13,30,344,4838,1,324.629341114718
"NSFG 25-44",1061,0.8,1,30,105,3437,6,64.8311264441887
"NSFG 25-44",1061,0.8,2,30,69,277,4,104.318795095433
"NSFG 25-44",1061,0.8,3,30,154,2134,2,173.373831171779
"NSFG 25-44",1061,0.8,4,30,154,1260,4,191.741951662236
"NSFG 25-44",1061,0.8,5,30,345,7193,2,339.643300872188
"NSFG 25-44",1061,0.8,6,30,313,6835,4,436.857734496251
"NSFG 25-44",1061,0.8,7,30,350,6650,1,290.493379332566
"NSFG 25-44",1061,0.8,8,30,409,10071,2,342.652776880283
"NSFG 25-44",1061,0.8,9,30,649,21297,5,829.874866540218
"NSFG 25-44",1061,0.8,10,30,705,23339,2,708.853969169478
"NSFG 25-44",1061,0.8,11,30,779,28553,2,737.077878801636
"NSFG 25-44",1061,0.8,13,30,556,10960,1,523.195481607873
"NSFG 25-44",1061,0.9,1,30,61,479,4,86.195931010637
"NSFG 25-44",1061,0.9,2,30,147,2943,3,123.766632976822
"NSFG 25-44",1061,0.9,3,30,268,8504,3,294.528179716941
"NSFG 25-44",1061,0.9,4,30,428,13004,2,406.093795446422
"NSFG 25-44",1061,0.9,5,30,502,14568,1,469.034182131452
"NSFG 25-44",1061,0.9,6,30,524,15890,3,686.306817522785
"NSFG 25-44",1061,0.9,7,30,455,9015,0,391.957477750756
"NSFG 25-44",1061,0.9,8,30,452,11666,3,488.724110727578
"NSFG 25-44",1061,0.9,9,30,673,19373,2,1027.34608589094
"NSFG 25-44",1061,0.9,10,30,791,27591,4,1022.63397999238
"NSFG 25-44",1061,0.9,11,30,963,41371,2,912.214854431978
"NSFG 25-44",1061,0.9,13,30,564,12068,3,668.121058985556
"NSFG 25-44",1062,0.2,1,30,2,2,28,6.50594108182798
"NSFG 25-44",1062,0.2,2,30,12,16,20,13.4718286016814
"NSFG 25-44",1062,0.2,3,30,22,48,18,20.4837107653373
"NSFG 25-44",1062,0.2,4,30,37,219,14,30.4852447761586
"NSFG 25-44",1062,0.2,5,30,33,103,13,35.3813733248976
"NSFG 25-44",1062,0.2,6,30,26,62,15,41.6573411877128
"NSFG 25-44",1062,0.2,7,30,42,150,15,47.24338939349
"NSFG 25-44",1062,0.2,8,30,60,206,7,56.463014459668
"NSFG 25-44",1062,0.2,9,30,68,246,5,58.6914536678594
"NSFG 25-44",1062,0.2,11,30,113,715,5,74.7389823224833
"NSFG 25-44",1062,0.4,1,30,21,63,18,18.0993954804141
"NSFG 25-44",1062,0.4,2,30,31,153,14,34.0204354321088
"NSFG 25-44",1062,0.4,3,30,37,115,10,42.0993954804141
"NSFG 25-44",1062,0.4,4,30,61,211,6,73.9224307917598
"NSFG 25-44",1062,0.4,5,30,90,398,3,83.7440752630405
"NSFG 25-44",1062,0.4,6,30,132,1434,4,102.49697740207
"NSFG 25-44",1062,0.4,7,30,118,956,6,108.179746368784
"NSFG 25-44",1062,0.4,8,30,172,1512,1,135.863906175563
"NSFG 25-44",1062,0.4,9,30,116,722,6,133.92243079176
"NSFG 25-44",1062,0.4,11,30,146,1202,4,171.210399516947
"NSFG 25-44",1062,0.6,1,30,40,248,14,32.5006945783549
"NSFG 25-44",1062,0.6,2,30,46,104,5,63.1888023344154
"NSFG 25-44",1062,0.6,3,30,135,2021,7,106.565017846536
"NSFG 25-44",1062,0.6,4,30,86,434,8,148.732842143795
"NSFG 25-44",1062,0.6,5,30,153,1357,4,157.669908032323
"NSFG 25-44",1062,0.6,6,30,187,2905,3,201.650319151875
"NSFG 25-44",1062,0.6,7,30,328,7076,2,191.253125602597
"NSFG 25-44",1062,0.6,8,30,230,3380,4,238.254514759307
"NSFG 25-44",1062,0.6,9,30,271,3955,3,234.503472891774
"NSFG 25-44",1062,0.6,11,30,288,3970,2,294.671297189033
"NSFG 25-44",1062,0.8,1,30,31,65,8,35.2637590190866
"NSFG 25-44",1062,0.8,2,30,75,303,5,111.358644482362
"NSFG 25-44",1062,0.8,3,30,108,642,1,108.607216812031
"NSFG 25-44",1062,0.8,4,30,325,9089,3,260.732475654141
"NSFG 25-44",1062,0.8,5,30,387,13965,4,308.6679635697
"NSFG 25-44",1062,0.8,6,30,391,9447,1,367.867210504346
"NSFG 25-44",1062,0.8,7,30,678,23060,1,303.165108229039
"NSFG 25-44",1062,0.8,8,30,417,7953,1,456.698336948534
"NSFG 25-44",1062,0.8,9,30,402,7120,2,363.836837125511
"NSFG 25-44",1062,0.8,11,30,521,11831,1,503.354879155589
"NSFG 25-44",1062,0.9,1,30,32,42,2,41.7989827526592
"NSFG 25-44",1062,0.9,2,30,96,518,1,121.652492583585
"NSFG 25-44",1062,0.9,3,30,150,1286,0,169.793896515956
"NSFG 25-44",1062,0.9,4,30,233,2805,1,289.816073818385
"NSFG 25-44",1062,0.9,5,30,713,35349,0,426.751374266711
"NSFG 25-44",1062,0.9,6,30,374,8996,2,381.870600896652
"NSFG 25-44",1062,0.9,7,30,1024,51754,1,417.3271624696
"NSFG 25-44",1062,0.9,8,30,627,22045,1,583.860428423244
"NSFG 25-44",1062,0.9,9,30,473,9453,2,519.952391514052
"NSFG 25-44",1062,0.9,11,30,476,10946,4,592.979655053185
"NSFG 25-44",1063,0.2,1,30,11,13,20,7.33384467027376
"NSFG 25-44",1063,0.2,2,30,10,12,21,13.1958607388661
"NSFG 25-44",1063,0.2,3,30,19,37,18,20.9896518471653
"NSFG 25-44",1063,0.2,4,30,39,155,11,28.6914536678594
"NSFG 25-44",1063,0.2,5,30,41,159,15,34.4614804488467
"NSFG 25-44",1063,0.2,6,30,59,339,10,43.8190894464324
"NSFG 25-44",1063,0.2,7,30,35,97,15,44.8516679157577
"NSFG 25-44",1063,0.2,8,30,42,132,11,54.3012662009484
"NSFG 25-44",1063,0.2,9,30,75,323,5,56.115753614917
"NSFG 25-44",1063,0.2,11,30,60,234,9,66
"NSFG 25-44",1063,0.2,12,30,98,692,8,83.0387145126104
"NSFG 25-44",1063,0.4,1,30,11,15,21,15.9210399516948
"NSFG 25-44",1063,0.4,2,30,18,30,17,35.1096131964685
"NSFG 25-44",1063,0.4,3,30,48,166,9,43.1885732447737
"NSFG 25-44",1063,0.4,4,30,45,135,9,66.0803508883702
"NSFG 25-44",1063,0.4,5,30,95,711,7,90.2791418491984
"NSFG 25-44",1063,0.4,6,30,125,915,7,124.062697136391
"NSFG 25-44",1063,0.4,7,30,104,588,5,98.3771464895474
"NSFG 25-44",1063,0.4,8,30,125,1025,6,125.189964084839
"NSFG 25-44",1063,0.4,9,30,156,1292,7,118.238270984981
"NSFG 25-44",1063,0.4,11,30,172,1350,4,132
"NSFG 25-44",1063,0.4,12,30,219,2231,2,196.280532689263
"NSFG 25-44",1063,0.6,1,30,38,144,7,27.6671297189033
"NSFG 25-44",1063,0.6,2,30,80,730,8,70.4391496235929
"NSFG 25-44",1063,0.6,3,30,122,1654,8,102.939844201948
"NSFG 25-44",1063,0.6,4,30,147,1641,3,116.710474949928
"NSFG 25-44",1063,0.6,5,30,160,1478,4,157.065712424891
"NSFG 25-44",1063,0.6,6,30,270,3940,3,252.402750176117
"NSFG 25-44",1063,0.6,7,30,180,1530,3,173.127257379653
"NSFG 25-44",1063,0.6,8,30,187,2059,5,217.107668499206
"NSFG 25-44",1063,0.6,9,30,246,3596,2,187.980411119553
"NSFG 25-44",1063,0.6,11,30,229,2121,3,198
"NSFG 25-44",1063,0.6,12,30,310,4666,3,361.006945783549
"NSFG 25-44",1063,0.8,1,30,42,156,6,52.1593975477164
"NSFG 25-44",1063,0.8,2,30,81,527,5,94.463005953732
"NSFG 25-44",1063,0.8,3,30,142,1632,2,139.582554114519
"NSFG 25-44",1063,0.8,4,30,205,3013,3,210.045560068251
"NSFG 25-44",1063,0.8,5,30,220,3050,3,343.867210504346
"NSFG 25-44",1063,0.8,6,30,366,8910,6,367.867210504346
"NSFG 25-44",1063,0.8,7,30,209,1821,1,249.662252888378
"NSFG 25-44",1063,0.8,8,30,336,5076,1,397.56360209833
"NSFG 25-44",1063,0.8,9,30,421,8493,1,276.54270472759
"NSFG 25-44",1063,0.8,11,30,254,2484,2,264
"NSFG 25-44",1063,0.8,12,30,472,8466,1,625.912770572597
"NSFG 25-44",1063,0.9,1,30,61,471,2,67.1686674715037
"NSFG 25-44",1063,0.9,2,30,89,389,0,111.0817906174
"NSFG 25-44",1063,0.9,3,30,202,4360,4,212.076704380696
"NSFG 25-44",1063,0.9,4,30,267,5165,3,294.044354604859
"NSFG 25-44",1063,0.9,5,30,266,4922,0,299.902950672489
"NSFG 25-44",1063,0.9,6,30,544,17344,2,574.257376681222
"NSFG 25-44",1063,0.9,7,30,241,2361,3,320.076704380696
"NSFG 25-44",1063,0.9,8,30,384,6864,4,505.637233873474
"NSFG 25-44",1063,0.9,9,30,617,17251,2,346.592879268615
"NSFG 25-44",1063,0.9,11,30,300,3234,2,297
"NSFG 25-44",1063,0.9,12,30,575,11845,1,831.393694376888
"NSFG 25-44",1064,0.2,1,30,6,6,24,7.42583395787885
"NSFG 25-44",1064,0.2,2,30,16,22,17,13.3338446702738
"NSFG 25-44",1064,0.2,3,30,27,57,15,22.3234965174391
"NSFG 25-44",1064,0.2,4,30,38,142,15,27.3576089975857
"NSFG 25-44",1064,0.2,5,30,43,137,13,33.6795715042035
"NSFG 25-44",1064,0.2,6,30,43,169,13,42.9911858579866
"NSFG 25-44",1064,0.2,7,30,53,155,8,46.3234965174391
"NSFG 25-44",1064,0.2,8,30,67,275,7,59.0387145126104
"NSFG 25-44",1064,0.2,9,30,82,370,6,59.5193572563052
"NSFG 25-44",1064,0.2,10,30,144,1624,9,97.2556614800602
"NSFG 25-44",1064,0.2,11,30,99,517,6,67.4718286016814
"NSFG 25-44",1064,0.4,1,30,14,36,21,16.3567110574386
"NSFG 25-44",1064,0.4,2,30,32,80,13,32.2777510091334
"NSFG 25-44",1064,0.4,3,30,48,220,11,48.634462066572
"NSFG 25-44",1064,0.4,4,30,45,179,11,66.733857546986
"NSFG 25-44",1064,0.4,5,30,73,267,5,71.9809554079562
"NSFG 25-44",1064,0.4,6,30,107,597,3,86.8128175952913
"NSFG 25-44",1064,0.4,7,30,95,487,4,105.347884181449
"NSFG 25-44",1064,0.4,8,30,149,1231,5,148.280532689263
"NSFG 25-44",1064,0.4,9,30,157,1255,3,134.140266344632
"NSFG 25-44",1064,0.4,10,30,181,2413,7,296.446797826264
"NSFG 25-44",1064,0.4,11,30,156,1154,3,139.406408797646
"NSFG 25-44",1064,0.6,1,30,19,31,15,36.7300638303751
"NSFG 25-44",1064,0.6,2,30,45,131,11,74.0643232681816
"NSFG 25-44",1064,0.6,3,30,62,260,9,88.4391496235928
"NSFG 25-44",1064,0.6,4,30,123,1591,4,104.626562801299
"NSFG 25-44",1064,0.6,5,30,138,1018,4,146.190191491125
"NSFG 25-44",1064,0.6,6,30,178,1982,6,173.857321210028
"NSFG 25-44",1064,0.6,7,30,158,1172,4,180.377604668831
"NSFG 25-44",1064,0.6,8,30,228,2588,5,289.006945783549
"NSFG 25-44",1064,0.6,9,30,252,2856,2,234.503472891774
"NSFG 25-44",1064,0.6,10,30,449,10845,4,669.398442019477
"NSFG 25-44",1064,0.6,11,30,231,2211,2,218.542650652669
"NSFG 25-44",1064,0.8,1,30,92,1604,2,101.43834325622
"NSFG 25-44",1064,0.8,2,30,110,934,3,128.254283010992
"NSFG 25-44",1064,0.8,3,30,130,934,4,193.085409455181
"NSFG 25-44",1064,0.8,4,30,187,2291,1,203.005710681322
"NSFG 25-44",1064,0.8,5,30,194,1800,3,273.468716635054
"NSFG 25-44",1064,0.8,6,30,228,2914,2,251.005710681322
"NSFG 25-44",1064,0.8,7,30,222,2290,2,269.373831171779
"NSFG 25-44",1064,0.8,8,30,328,4328,2,529.912770572597
"NSFG 25-44",1064,0.8,9,30,357,5497,4,384.956385286298
"NSFG 25-44",1064,0.8,10,30,722,22938,3,1380.45560068251
"NSFG 25-44",1064,0.8,11,30,289,3155,1,303.423156566803
"NSFG 25-44",1064,0.9,1,30,43,137,2,62.9403866850296
"NSFG 25-44",1064,0.9,2,30,172,2980,5,197.761546740119
"NSFG 25-44",1064,0.9,3,30,148,1666,5,207.848423594222
"NSFG 25-44",1064,0.9,4,30,212,3464,1,209.478738875378
"NSFG 25-44",1064,0.9,5,30,213,2013,3,327.38677578457
"NSFG 25-44",1064,0.9,6,30,279,3579,2,337.473652638674
"NSFG 25-44",1064,0.9,7,30,374,7152,1,375.044354604859
"NSFG 25-44",1064,0.9,8,30,384,5824,4,723.393694376889
"NSFG 25-44",1064,0.9,9,30,505,9139,1,496.696847188445
"NSFG 25-44",1064,0.9,10,30,1023,36623,0,1982.453718522
"NSFG 25-44",1064,0.9,11,30,340,3914,0,356.195931010637
"NSFG 25-44",1065,0.2,1,30,7,7,23,7.93177503970683
"NSFG 25-44",1065,0.2,2,30,20,46,17,12.7359143008407
"NSFG 25-44",1065,0.2,3,30,14,24,20,19.7018018206941
"NSFG 25-44",1065,0.2,4,30,27,67,16,25.9777696835094
"NSFG 25-44",1065,0.2,5,30,23,43,13,33.6335768604009
"NSFG 25-44",1065,0.2,6,30,51,173,10,41.1514001058849
"NSFG 25-44",1065,0.2,7,30,40,118,13,52.2108109241646
"NSFG 25-44",1065,0.2,8,30,57,309,10,54.5772340637637
"NSFG 25-44",1065,0.2,9,30,78,570,13,82.9766255956024
"NSFG 25-44",1065,0.2,10,30,38,186,17,74.304334222591
"NSFG 25-44",1065,0.2,11,30,86,564,10,81.1782324548393
"NSFG 25-44",1065,0.2,12,30,80,436,8,85.798393140763
"NSFG 25-44",1065,0.2,15,30,80,554,9,107.937911082992
"NSFG 25-44",1065,0.4,1,30,16,20,16,14.8318621873351
"NSFG 25-44",1065,0.4,2,30,25,55,16,39.684159806779
"NSFG 25-44",1065,0.4,3,30,60,418,10,49.0701331723158
"NSFG 25-44",1065,0.4,4,30,62,236,8,59.7631198550843
"NSFG 25-44",1065,0.4,5,30,73,267,5,72.4166265137001
"NSFG 25-44",1065,0.4,6,30,88,460,6,108.814208435356
"NSFG 25-44",1065,0.4,7,30,99,643,5,134.973519372032
"NSFG 25-44",1065,0.4,8,30,120,856,3,124.100786320479
"NSFG 25-44",1065,0.4,9,30,260,4020,6,274.644197947027
"NSFG 25-44",1065,0.4,10,30,171,2107,5,182.0831325685
"NSFG 25-44",1065,0.4,11,30,255,4679,5,203.885732447737
"NSFG 25-44",1065,0.4,12,30,278,3482,1,209.350665861579
"NSFG 25-44",1065,0.4,15,30,268,3512,3,264.955865620053
"NSFG 25-44",1065,0.6,1,30,25,59,12,33.1048901857863
"NSFG 25-44",1065,0.6,2,30,86,760,7,85.5440398093792
"NSFG 25-44",1065,0.6,3,30,59,221,7,79.376215512121
"NSFG 25-44",1065,0.6,4,30,150,2700,3,94.9594330823953
"NSFG 25-44",1065,0.6,5,30,171,2605,3,147.398582705988
"NSFG 25-44",1065,0.6,6,30,176,1682,5,176.274103639754
"NSFG 25-44",1065,0.6,7,30,262,3360,2,297.591552510533
"NSFG 25-44",1065,0.6,8,30,245,4241,5,238.858710366738
"NSFG 25-44",1065,0.6,9,30,417,10295,6,587.957903239175
"NSFG 25-44",1065,0.6,10,30,587,20411,2,344.341205221355
"NSFG 25-44",1065,0.6,11,30,699,27675,2,397.38455045238
"NSFG 25-44",1065,0.6,12,30,395,7309,1,397.258682229436
"NSFG 25-44",1065,0.6,15,30,394,7404,4,505.636286898267
"NSFG 25-44",1065,0.8,1,30,102,2684,4,121.149921539622
"NSFG 25-44",1065,0.8,2,30,86,732,5,100.094885463275
"NSFG 25-44",1065,0.8,3,30,153,3421,4,179.005710681322
"NSFG 25-44",1065,0.8,4,30,253,8103,1,172.030373378834
"NSFG 25-44",1065,0.8,5,30,216,3156,5,267.836837125511
"NSFG 25-44",1065,0.8,6,30,239,3011,3,311.548415408913
"NSFG 25-44",1065,0.8,7,30,471,12737,1,510.136680204754
"NSFG 25-44",1065,0.8,8,30,673,36627,1,434.170818910361
"NSFG 25-44",1065,0.8,9,30,1075,57483,3,1208.618763557
"NSFG 25-44",1065,0.8,10,30,1097,58239,2,604.664198242927
"NSFG 25-44",1065,0.8,11,30,1245,74969,1,728.630059537321
"NSFG 25-44",1065,0.8,12,30,856,27512,0,710.390963215747
"NSFG 25-44",1065,0.8,15,30,698,19244,2,909.10825218047
"NSFG 25-44",1065,0.9,1,30,226,15440,1,96.7666329768222
"NSFG 25-44",1065,0.9,2,30,147,3601,2,147.02217730243
"NSFG 25-44",1065,0.9,3,30,296,13060,3,207.848423594222
"NSFG 25-44",1065,0.9,4,30,169,2665,2,175.652492583585
"NSFG 25-44",1065,0.9,5,30,217,2555,2,310.473652638674
"NSFG 25-44",1065,0.9,6,30,426,8216,1,531.974568816481
"NSFG 25-44",1065,0.9,7,30,449,10959,3,594.914955501511
"NSFG 25-44",1065,0.9,8,30,758,50204,4,486.60997033434
"NSFG 25-44",1065,0.9,9,30,1488,104032,4,1765.18108313067
"NSFG 25-44",1065,0.9,10,30,1822,138402,1,872.530012072555
"NSFG 25-44",1065,0.9,11,30,2434,223732,2,994.666329768222
"NSFG 25-44",1065,0.9,12,30,893,32253,3,958.242117971111
"NSFG 25-44",1065,0.9,15,30,827,26777,4,1229.51475336244
"NSFG 25-44",1066,0.2,1,30,12,30,23,7.56381788928648
"NSFG 25-44",1066,0.2,2,30,12,16,20,15.2656197099806
"NSFG 25-44",1066,0.2,3,30,34,146,15,22.6454590240569
"NSFG 25-44",1066,0.2,4,30,29,65,14,28.1855125860315
"NSFG 25-44",1066,0.2,5,30,40,120,12,36.9451912141841
"NSFG 25-44",1066,0.2,6,30,40,136,14,40.3694911612416
"NSFG 25-44",1066,0.2,7,30,63,411,11,51.2909180481138
"NSFG 25-44",1066,0.2,8,30,70,446,9,70.0774290252208
"NSFG 25-44",1066,0.2,9,30,70,276,4,58.0015340108213
"NSFG 25-44",1066,0.2,11,30,93,547,5,76.5327734307824
"NSFG 25-44",1066,0.4,1,30,23,91,18,18.5350665861579
"NSFG 25-44",1066,0.4,2,30,30,66,13,33.584764326365
"NSFG 25-44",1066,0.4,3,30,39,103,11,44.9312576677492
"NSFG 25-44",1066,0.4,4,30,79,495,7,70.219226392937
"NSFG 25-44",1066,0.4,5,30,100,526,5,83.0905686044246
"NSFG 25-44",1066,0.4,6,30,83,453,9,89.2090086768825
"NSFG 25-44",1066,0.4,7,30,133,1103,4,120.596372882484
"NSFG 25-44",1066,0.4,8,30,170,2076,8,200.561065378527
"NSFG 25-44",1066,0.4,9,30,130,846,3,128.040870864218
"NSFG 25-44",1066,0.4,11,30,143,1071,4,193.211790357012
"NSFG 25-44",1066,0.6,1,30,26,82,11,27.6671297189033
"NSFG 25-44",1066,0.6,2,30,49,177,7,62.584606726984
"NSFG 25-44",1066,0.6,3,30,125,1767,3,108.377604668831
"NSFG 25-44",1066,0.6,4,30,138,1500,5,125.169213453968
"NSFG 25-44",1066,0.6,5,30,128,790,2,154.044734387734
"NSFG 25-44",1066,0.6,6,30,186,2536,3,157.544039809379
"NSFG 25-44",1066,0.6,7,30,278,4844,2,243.818143449133
"NSFG 25-44",1066,0.6,8,30,455,10795,5,434.013891567098
"NSFG 25-44",1066,0.6,9,30,199,1801,2,220.606973920851
"NSFG 25-44",1066,0.6,11,30,287,4833,2,328.506251205194
"NSFG 25-44",1066,0.8,1,30,105,5313,8,66.2390963215746
"NSFG 25-44",1066,0.8,2,30,149,4467,6,183.165108229039
"NSFG 25-44",1066,0.8,3,30,78,370,5,119.870975831118
"NSFG 25-44",1066,0.8,4,30,198,3474,5,221.309319087338
"NSFG 25-44",1066,0.8,5,30,201,1907,1,224.189770926551
"NSFG 25-44",1066,0.8,6,30,248,3810,4,270.717288964724
"NSFG 25-44",1066,0.8,7,30,374,7514,2,420.026608052062
"NSFG 25-44",1066,0.8,8,30,560,15766,2,867.825541145194
"NSFG 25-44",1066,0.8,9,30,337,4885,2,339.901349209952
"NSFG 25-44",1066,0.8,11,30,769,35773,3,623.032318733384
"NSFG 25-44",1066,0.9,1,30,98,2368,0,90.4242117971112
"NSFG 25-44",1066,0.9,2,30,162,6398,4,159.707019661852
"NSFG 25-44",1066,0.9,3,30,147,1389,4,233.218108313066
"NSFG 25-44",1066,0.9,4,30,390,12422,1,351.126145222259
"NSFG 25-44",1066,0.9,5,30,323,6249,3,356.984741289889
"NSFG 25-44",1066,0.9,6,30,361,7315,1,364.957477750755
"NSFG 25-44",1066,0.9,7,30,501,12941,0,605.485657467696
"NSFG 25-44",1066,0.9,8,30,710,23838,6,1230.78738875378
"NSFG 25-44",1066,0.9,9,30,441,8267,1,445.957477750755
"NSFG 25-44",1066,0.9,11,30,1141,76249,3,781.138150051282
"NSFG 25-44",1067,0.2,1,30,5,7,26,7.19586073886613
"NSFG 25-44",1067,0.2,2,30,14,22,20,13.6558071768916
"NSFG 25-44",1067,0.2,3,30,14,18,18,20.3917214777323
"NSFG 25-44",1067,0.2,4,30,21,45,17,26.2077429025221
"NSFG 25-44",1067,0.2,5,30,35,145,19,34.5534697364518
"NSFG 25-44",1067,0.2,6,30,29,71,15,43.7730948026298
"NSFG 25-44",1067,0.2,7,30,46,196,13,50.5550037472731
"NSFG 25-44",1067,0.2,8,30,66,402,9,58.9927198688079
"NSFG 25-44",1067,0.2,9,30,80,408,6,56.8516679157577
"NSFG 25-44",1067,0.2,10,30,75,301,5,61.3798393140763
"NSFG 25-44",1067,0.2,13,30,55,197,9,83.5193572563052
"NSFG 25-44",1067,0.4,1,30,9,11,22,14.1783555287193
"NSFG 25-44",1067,0.4,2,30,31,93,12,31.4064087976456
"NSFG 25-44",1067,0.4,3,30,62,588,10,45.584764326365
"NSFG 25-44",1067,0.4,4,30,60,220,9,59.7631198550843
"NSFG 25-44",1067,0.4,5,30,72,358,8,76.7733375711387
"NSFG 25-44",1067,0.4,6,30,98,640,6,105.764510695149
"NSFG 25-44",1067,0.4,7,30,145,2133,3,118.853688459509
"NSFG 25-44",1067,0.4,8,30,136,1828,5,125.625635190583
"NSFG 25-44",1067,0.4,9,30,109,705,8,121.941475383804
"NSFG 25-44",1067,0.4,10,30,122,834,7,126.535066586158
"NSFG 25-44",1067,0.4,13,30,195,1645,2,182.140266344632
"NSFG 25-44",1067,0.6,1,30,25,103,17,29.4797165411976
"NSFG 25-44",1067,0.6,2,30,58,424,7,57.7510418675324
"NSFG 25-44",1067,0.6,3,30,54,156,8,77.5636286898267
"NSFG 25-44",1067,0.6,4,30,97,453,4,104.022367193867
"NSFG 25-44",1067,0.6,5,30,115,705,6,126.855932053319
"NSFG 25-44",1067,0.6,6,30,172,1934,6,178.69088606948
"NSFG 25-44",1067,0.6,7,30,168,1780,6,218.441927937012
"NSFG 25-44",1067,0.6,8,30,295,6451,2,290.819532605843
"NSFG 25-44",1067,0.6,9,30,180,1428,3,195.834954016161
"NSFG 25-44",1067,0.6,10,30,198,1682,2,198.125868222944
"NSFG 25-44",1067,0.6,13,30,300,3718,1,306.503472891774
"NSFG 25-44",1067,0.8,1,30,36,94,6,39.487668651244
"NSFG 25-44",1067,0.8,2,30,89,529,2,109.950674604976
"NSFG 25-44",1067,0.8,3,30,110,946,6,131.134734850204
"NSFG 25-44",1067,0.8,4,30,158,1236,1,186.110072152693
"NSFG 25-44",1067,0.8,5,30,242,3932,3,224.189770926551
"NSFG 25-44",1067,0.8,6,30,533,17177,0,441.081644128408
"NSFG 25-44",1067,0.8,7,30,474,15344,1,473.529463392723
"NSFG 25-44",1067,0.8,8,30,556,18102,1,475.00194535455
"NSFG 25-44",1067,0.8,9,30,250,2400,3,292.030373378834
"NSFG 25-44",1067,0.8,10,30,250,2454,2,282.239096321575
"NSFG 25-44",1067,0.8,13,30,415,6411,2,480.956385286298
"NSFG 25-44",1067,0.9,1,30,76,786,4,94.6524925835852
"NSFG 25-44",1067,0.9,2,30,78,256,1,115.310071403874
"NSFG 25-44",1067,0.9,3,30,197,2643,0,199.391862021274
"NSFG 25-44",1067,0.9,4,30,199,2455,4,264.446389099541
"NSFG 25-44",1067,0.9,5,30,333,9275,2,327.38677578457
"NSFG 25-44",1067,0.9,6,30,371,10695,5,477.006918592318
"NSFG 25-44",1067,0.9,7,30,390,9632,4,463.838251120815
"NSFG 25-44",1067,0.9,8,30,946,51168,3,761.448221455156
"NSFG 25-44",1067,0.9,9,30,301,3195,1,378.30498516717
"NSFG 25-44",1067,0.9,10,30,290,3122,3,333.424211797111
"NSFG 25-44",1067,0.9,13,30,425,7273,5,604.696847188444
"NSFG 25-44",1068,0.2,1,30,8,10,23,6.68991965703815
"NSFG 25-44",1068,0.2,2,30,13,17,19,13.2418553826687
"NSFG 25-44",1068,0.2,3,30,21,55,19,21.127635778573
"NSFG 25-44",1068,0.2,4,30,30,104,16,27.1736304223755
"NSFG 25-44",1068,0.2,5,30,31,89,15,32.3917214777323
"NSFG 25-44",1068,0.2,6,30,30,84,15,37.9777696835094
"NSFG 25-44",1068,0.2,7,30,49,173,11,46.0935232984264
"NSFG 25-44",1068,0.2,8,30,48,224,11,53.335378681095
"NSFG 25-44",1068,0.2,9,30,65,301,8,60.8991965703815
"NSFG 25-44",1068,0.2,10,30,37,111,14,62.2077429025221
"NSFG 25-44",1068,0.4,1,30,13,15,18,16.1388755045667
"NSFG 25-44",1068,0.4,2,30,32,80,13,30.317231033286
"NSFG 25-44",1068,0.4,3,30,45,125,11,42.9707376919018
"NSFG 25-44",1068,0.4,4,30,75,455,5,58.8917776435965
"NSFG 25-44",1068,0.4,5,30,99,571,3,73.5058042780597
"NSFG 25-44",1068,0.4,6,30,108,586,3,80.0599154562615
"NSFG 25-44",1068,0.4,7,30,157,1159,3,114.49697740207
"NSFG 25-44",1068,0.4,8,30,119,875,7,118.437061945809
"NSFG 25-44",1068,0.4,9,30,134,966,5,140.67533293079
"NSFG 25-44",1068,0.4,10,30,132,964,6,131.980955407956
"NSFG 25-44",1068,0.6,1,30,31,93,8,27.0629341114718
"NSFG 25-44",1068,0.6,2,30,60,228,5,51.7090857932178
"NSFG 25-44",1068,0.6,3,30,63,297,8,77.5636286898267
"NSFG 25-44",1068,0.6,4,30,135,931,2,108.251736445887
"NSFG 25-44",1068,0.6,5,30,143,1261,7,150.419560743145
"NSFG 25-44",1068,0.6,6,30,156,1420,2,138.209780371573
"NSFG 25-44",1068,0.6,7,30,196,1794,3,187.627951958008
"NSFG 25-44",1068,0.6,8,30,158,1282,7,213.482494854617
"NSFG 25-44",1068,0.6,9,30,213,2033,3,252.629341114718
"NSFG 25-44",1068,0.6,10,30,184,1702,4,216.251736445887
"NSFG 25-44",1068,0.8,1,30,31,65,6,53.5673674251022
"NSFG 25-44",1068,0.8,2,30,91,471,4,136.702102275307
"NSFG 25-44",1068,0.8,3,30,117,639,2,142.398493869291
"NSFG 25-44",1068,0.8,4,30,180,1708,1,173.43834325622
"NSFG 25-44",1068,0.8,5,30,181,1543,1,188.990523991905
"NSFG 25-44",1068,0.8,6,30,271,4697,1,235.518042030078
"NSFG 25-44",1068,0.8,7,30,302,4016,2,308.796987738582
"NSFG 25-44",1068,0.8,8,30,288,3560,2,324.349168474267
"NSFG 25-44",1068,0.8,9,30,323,4477,6,427.195481607873
"NSFG 25-44",1068,0.8,10,30,399,6541,2,321.662252888378
"NSFG 25-44",1068,0.9,1,30,47,105,1,62.9403866850296
"NSFG 25-44",1068,0.9,2,30,80,330,3,121.652492583585
"NSFG 25-44",1068,0.9,3,30,186,1888,2,207.848423594222
"NSFG 25-44",1068,0.9,4,30,150,1116,4,220.049440841563
"NSFG 25-44",1068,0.9,5,30,189,1465,2,261.848423594222
"NSFG 25-44",1068,0.9,6,30,239,3659,3,274.049440841563
"NSFG 25-44",1068,0.9,7,30,403,6947,2,430.012004829022
"NSFG 25-44",1068,0.9,8,30,469,11975,0,423.18575853723
"NSFG 25-44",1068,0.9,9,30,413,6019,1,560.121058985555
"NSFG 25-44",1068,0.9,10,30,550,11612,3,392.620142807748
"NSFG 25-44",1069,0.2,1,30,9,15,23,6.18397857521018
"NSFG 25-44",1069,0.2,2,30,13,23,22,14.0697589711145
"NSFG 25-44",1069,0.2,3,30,21,59,20,19.9777696835094
"NSFG 25-44",1069,0.2,4,30,33,95,15,27.3576089975857
"NSFG 25-44",1069,0.2,5,30,33,75,12,33.3576089975857
"NSFG 25-44",1069,0.2,6,30,40,114,11,39.7715607918086
"NSFG 25-44",1069,0.2,7,30,34,144,17,46.231507229834
"NSFG 25-44",1069,0.2,8,30,55,201,9,51.3116143537831
"NSFG 25-44",1069,0.2,11,30,63,291,10,83.9379110829919
"NSFG 25-44",1069,0.4,1,30,10,10,20,16.7923821631825
"NSFG 25-44",1069,0.4,2,30,24,48,15,31.8420799033895
"NSFG 25-44",1069,0.4,3,30,53,179,9,48.8522976194439
"NSFG 25-44",1069,0.4,4,30,67,231,7,59.7631198550843
"NSFG 25-44",1069,0.4,5,30,112,874,6,82.219226392937
"NSFG 25-44",1069,0.4,6,30,100,728,6,92.0408708642176
"NSFG 25-44",1069,0.4,7,30,101,561,6,104.040870864218
"NSFG 25-44",1069,0.4,8,30,122,708,1,108.198790960828
"NSFG 25-44",1069,0.4,11,30,198,2304,4,216.955865620053
"NSFG 25-44",1069,0.6,1,30,23,33,11,24.0419560743145
"NSFG 25-44",1069,0.6,2,30,53,307,13,61.3762155121211
"NSFG 25-44",1069,0.6,3,30,57,217,8,70.3132814006492
"NSFG 25-44",1069,0.6,4,30,63,251,10,91.3342594378065
"NSFG 25-44",1069,0.6,5,30,159,1693,5,135.314670557359
"NSFG 25-44",1069,0.6,6,30,167,1395,5,164.794387098557
"NSFG 25-44",1069,0.6,7,30,172,1538,5,181.585995883694
"NSFG 25-44",1069,0.6,8,30,196,1580,1,173.00138915671
"NSFG 25-44",1069,0.6,11,30,501,11735,4,433.636286898267
"NSFG 25-44",1069,0.8,1,30,47,341,4,40.8956385286298
"NSFG 25-44",1069,0.8,2,30,87,489,2,91.6470661989604
"NSFG 25-44",1069,0.8,3,30,147,1239,1,152.254283010992
"NSFG 25-44",1069,0.8,4,30,171,1427,3,191.741951662236
"NSFG 25-44",1069,0.8,5,30,181,1833,4,231.22962031348
"NSFG 25-44",1069,0.8,6,30,306,3796,0,300.284656389826
"NSFG 25-44",1069,0.8,7,30,319,4571,1,313.02089737074
"NSFG 25-44",1069,0.8,8,30,279,2875,0,293.373831171779
"NSFG 25-44",1069,0.8,11,30,666,19258,4,813.108252180469
"NSFG 25-44",1069,0.9,1,30,26,26,4,35.4565615729481
"NSFG 25-44",1069,0.9,2,30,111,817,1,142.793896515955
"NSFG 25-44",1069,0.9,3,30,138,960,1,176.136317695667
"NSFG 25-44",1069,0.9,4,30,189,1871,2,258.10396791983
"NSFG 25-44",1069,0.9,5,30,216,2594,6,274.533265953644
"NSFG 25-44",1069,0.9,6,30,297,3757,1,386.098881683126
"NSFG 25-44",1069,0.9,7,30,401,8635,3,351.788810279252
"NSFG 25-44",1069,0.9,8,30,253,2477,2,292.109054156533
"NSFG 25-44",1069,0.9,11,30,868,30034,4,1121.51475336244
"NSFG 25-44",1070,0.2,1,30,13,29,22,8.4377161215348
"NSFG 25-44",1070,0.2,2,30,12,56,25,16.1855125860315
"NSFG 25-44",1070,0.2,3,30,15,31,20,23.6573411877128
"NSFG 25-44",1070,0.2,4,30,30,74,12,30.0252983381332
"NSFG 25-44",1070,0.2,5,30,30,90,17,36.1172876257383
"NSFG 25-44",1070,0.2,6,30,51,155,8,39.127635778573
"NSFG 25-44",1070,0.2,7,30,45,139,10,54.0046020324638
"NSFG 25-44",1070,0.2,8,30,48,196,14,51.3116143537831
"NSFG 25-44",1070,0.2,9,30,53,245,14,68.4423181539986
"NSFG 25-44",1070,0.2,11,30,59,255,8,72.8072072827764
"NSFG 25-44",1070,0.2,12,30,84,656,8,87.1782324548393
"NSFG 25-44",1070,0.4,1,30,13,15,18,15.9210399516948
"NSFG 25-44",1070,0.4,2,30,25,47,13,32.2777510091334
"NSFG 25-44",1070,0.4,3,30,62,252,7,54.733857546986
"NSFG 25-44",1070,0.4,4,30,43,135,12,60.634462066572
"NSFG 25-44",1070,0.4,5,30,62,362,13,98.3390573054598
"NSFG 25-44",1070,0.4,6,30,77,399,7,87.4663242539071
"NSFG 25-44",1070,0.4,7,30,163,2397,7,156.321403553481
"NSFG 25-44",1070,0.4,8,30,128,1032,6,114.298186441242
"NSFG 25-44",1070,0.4,9,30,213,2049,2,174.222008073067
"NSFG 25-44",1070,0.4,11,30,187,2151,6,165.546675142277
"NSFG 25-44",1070,0.4,12,30,258,4780,2,202.815599275421
"NSFG 25-44",1070,0.6,1,30,37,157,11,36.7300638303751
"NSFG 25-44",1070,0.6,2,30,56,234,9,92.1901914911252
"NSFG 25-44",1070,0.6,3,30,164,6046,8,112.00277831342
"NSFG 25-44",1070,0.6,4,30,113,623,5,109.46012766075
"NSFG 25-44",1070,0.6,5,30,192,1970,1,175.795776255266
"NSFG 25-44",1070,0.6,6,30,182,3556,6,156.939844201948
"NSFG 25-44",1070,0.6,7,30,384,18066,3,282.486662324747
"NSFG 25-44",1070,0.6,8,30,260,3406,2,187.502083735065
"NSFG 25-44",1070,0.6,9,30,389,9037,2,349.300638303751
"NSFG 25-44",1070,0.6,11,30,424,11950,3,291.046123544444
"NSFG 25-44",1070,0.6,12,30,504,18228,4,439.552374749638
"NSFG 25-44",1070,0.8,1,30,144,13272,5,33.8557891417007
"NSFG 25-44",1070,0.8,2,30,60,206,7,81.7912770572597
"NSFG 25-44",1070,0.8,3,30,230,11698,3,191.677439577795
"NSFG 25-44",1070,0.8,4,30,285,12461,1,214.269469700409
"NSFG 25-44",1070,0.8,5,30,802,77854,4,456.504800695211
"NSFG 25-44",1070,0.8,6,30,223,2273,0,236.926011907464
"NSFG 25-44",1070,0.8,7,30,1154,113326,3,538.296077752471
"NSFG 25-44",1070,0.8,8,30,320,5172,4,322.941198596881
"NSFG 25-44",1070,0.8,9,30,604,32214,3,604.599686158487
"NSFG 25-44",1070,0.8,11,30,1182,93438,1,469.56360209833
"NSFG 25-44",1070,0.8,12,30,1891,200019,1,921.58644482362
"NSFG 25-44",1070,0.9,1,30,53,243,5,75.6252290444518
"NSFG 25-44",1070,0.9,2,30,397,36565,2,250.615056571044
"NSFG 25-44",1070,0.9,3,30,264,16864,2,292.414039323704
"NSFG 25-44",1070,0.9,4,30,200,2410,0,217.935300448326
"NSFG 25-44",1070,0.9,5,30,686,50154,4,517.659411175904
"NSFG 25-44",1070,0.9,6,30,508,38144,1,305.761546740118
"NSFG 25-44",1070,0.9,7,30,2020,274290,2,850.725943083192
"NSFG 25-44",1070,0.9,8,30,408,7580,2,374.560529492778
"NSFG 25-44",1070,0.9,9,30,1084,92846,1,894.155241117007
"NSFG 25-44",1070,0.9,11,30,2365,302115,0,626.805901344978
"NSFG 25-44",1070,0.9,12,30,1647,208627,2,894.817906174
"NSFG 25-44",1071,0.2,1,30,4,4,26,7.24185538266868
"NSFG 25-44",1071,0.2,2,30,16,20,16,13.2418553826687
"NSFG 25-44",1071,0.2,3,30,12,18,21,19.9317750397068
"NSFG 25-44",1071,0.2,4,30,22,48,17,28.0475286546238
"NSFG 25-44",1071,0.2,5,30,38,122,11,39.7508644861392
"NSFG 25-44",1071,0.2,6,30,61,367,11,45.7508644861392
"NSFG 25-44",1071,0.2,7,30,31,79,14,44.7596786281526
"NSFG 25-44",1071,0.2,8,30,64,292,11,53.6573411877129
"NSFG 25-44",1071,0.2,9,30,50,276,13,63.8428537737443
"NSFG 25-44",1071,0.2,10,30,59,295,13,64.139517942229
"NSFG 25-44",1071,0.2,13,30,134,2044,11,120.775018736365
"NSFG 25-44",1071,0.4,1,30,16,30,18,19.4064087976456
"NSFG 25-44",1071,0.4,2,30,26,50,12,43.6051997584738
"NSFG 25-44",1071,0.4,3,30,39,109,12,54.5160219941141
"NSFG 25-44",1071,0.4,4,30,66,264,8,69.1300486285773
"NSFG 25-44",1071,0.4,5,30,70,242,4,91.1504840606861
"NSFG 25-44",1071,0.4,6,30,91,549,6,103.803990719302
"NSFG 25-44",1071,0.4,7,30,86,410,8,97.0701331723158
"NSFG 25-44",1071,0.4,8,30,148,1264,4,118.437061945809
"NSFG 25-44",1071,0.4,9,30,170,1420,4,154.398972761721
"NSFG 25-44",1071,0.4,10,30,124,804,4,139.605199758474
"NSFG 25-44",1071,0.4,13,30,406,8804,4,358.587064170895
"NSFG 25-44",1071,0.6,1,30,39,171,8,47.6055847641413
"NSFG 25-44",1071,0.6,2,30,55,211,7,53.5216726155122
"NSFG 25-44",1071,0.6,3,30,240,9636,4,108.377604668831
"NSFG 25-44",1071,0.6,4,30,173,3259,5,146.9202553215
"NSFG 25-44",1071,0.6,5,30,209,3149,1,171.566407003246
"NSFG 25-44",1071,0.6,6,30,212,4308,5,194.399971862698
"NSFG 25-44",1071,0.6,7,30,151,973,2,162.251736445887
"NSFG 25-44",1071,0.6,8,30,282,5262,2,208.044734387734
"NSFG 25-44",1071,0.6,9,30,299,4289,2,286.46429513088
"NSFG 25-44",1071,0.6,10,30,312,4322,4,234.377604668831
"NSFG 25-44",1071,0.6,13,30,781,37663,2,795.901914911252
"NSFG 25-44",1071,0.8,1,30,72,940,5,59.1992469346455
"NSFG 25-44",1071,0.8,2,30,113,2277,3,142.33398178485
"NSFG 25-44",1071,0.8,3,30,231,5667,0,157.886162520535
"NSFG 25-44",1071,0.8,4,30,205,3441,5,203.005710681322
"NSFG 25-44",1071,0.8,5,30,243,5217,1,262.204957615968
"NSFG 25-44",1071,0.8,6,30,334,8216,4,408.698336948534
"NSFG 25-44",1071,0.8,7,30,211,1771,3,252.478192643149
"NSFG 25-44",1071,0.8,8,30,659,21299,1,370.812174427999
"NSFG 25-44",1071,0.8,9,30,836,47858,2,504.633824864093
"NSFG 25-44",1071,0.8,10,30,421,8309,5,366.717288964724
"NSFG 25-44",1071,0.8,13,30,1948,192760,6,1621.41198596881
"NSFG 25-44",1071,0.9,1,30,70,1004,3,67.1686674715037
"NSFG 25-44",1071,0.9,2,30,241,6211,0,235.816073818385
"NSFG 25-44",1071,0.9,3,30,391,30933,2,254.359512245437
"NSFG 25-44",1071,0.9,4,30,311,16495,3,279.2453718522
"NSFG 25-44",1071,0.9,5,30,439,25983,2,405.609970334341
"NSFG 25-44",1071,0.9,6,30,884,67216,0,701.105800275444
"NSFG 25-44",1071,0.9,7,30,245,2175,1,315.848423594222
"NSFG 25-44",1071,0.9,8,30,661,22071,2,427.414039323704
"NSFG 25-44",1071,0.9,9,30,1520,171282,5,714.453307691859
"NSFG 25-44",1071,0.9,10,30,619,14369,2,460.272635391333
"NSFG 25-44",1071,0.9,13,30,2642,297716,1,2317.15056571044
"NSFG 25-44",1072,0.2,1,30,8,8,22,6.87389823224833
"NSFG 25-44",1072,0.2,2,30,12,22,22,14.3917214777323
"NSFG 25-44",1072,0.2,3,30,28,68,14,22.0935232984264
"NSFG 25-44",1072,0.2,4,30,39,153,15,32.6929876786807
"NSFG 25-44",1072,0.2,5,30,35,119,13,37.0831751455917
"NSFG 25-44",1072,0.2,6,30,60,314,9,42.3012662009484
"NSFG 25-44",1072,0.2,7,30,66,332,10,46.0935232984264
"NSFG 25-44",1072,0.2,8,30,82,510,11,55.95707337784
"NSFG 25-44",1072,0.2,9,30,54,202,8,67.7064038531579
"NSFG 25-44",1072,0.2,11,30,65,345,10,71.5193572563052
"NSFG 25-44",1072,0.2,13,30,91,441,6,85.2671537208018
"NSFG 25-44",1072,0.4,1,30,10,12,21,17.8815599275421
"NSFG 25-44",1072,0.4,2,30,28,96,15,31.4064087976457
"NSFG 25-44",1072,0.4,3,30,56,186,8,59.3084041572966
"NSFG 25-44",1072,0.4,4,30,61,413,10,71.9619108159124
"NSFG 25-44",1072,0.4,5,30,65,283,7,84.1797463687843
"NSFG 25-44",1072,0.4,6,30,114,988,4,94.8727330515527
"NSFG 25-44",1072,0.4,7,30,116,798,7,106.219226392937
"NSFG 25-44",1072,0.4,8,30,126,1392,7,125.189964084839
"NSFG 25-44",1072,0.4,9,30,121,911,8,151.567110574386
"NSFG 25-44",1072,0.4,11,30,159,1361,2,158.140266344632
"NSFG 25-44",1072,0.4,13,30,180,1904,4,189.111004036533
"NSFG 25-44",1072,0.6,1,30,23,43,11,35.5216726155122
"NSFG 25-44",1072,0.6,2,30,51,173,8,48.0839121486291
"NSFG 25-44",1072,0.6,3,30,106,808,3,104.752431024242
"NSFG 25-44",1072,0.6,4,30,110,958,7,136.648929995166
"NSFG 25-44",1072,0.6,5,30,172,1782,5,153.440538780303
"NSFG 25-44",1072,0.6,6,30,163,1603,4,176.878299247186
"NSFG 25-44",1072,0.6,7,30,162,1296,3,168.293692520202
"NSFG 25-44",1072,0.6,8,30,202,2308,2,240.671297189033
"NSFG 25-44",1072,0.6,9,30,307,5231,4,333.591552510533
"NSFG 25-44",1072,0.6,11,30,358,5922,3,270.503472891775
"NSFG 25-44",1072,0.6,13,30,341,4893,2,319.795776255266
"NSFG 25-44",1072,0.8,1,30,22,22,8,31.0398493869291
"NSFG 25-44",1072,0.8,2,30,120,1132,2,167.677439577795
"NSFG 25-44",1072,0.8,3,30,218,3206,1,243.77232504107
"NSFG 25-44",1072,0.8,4,30,257,4837,2,315.643300872188
"NSFG 25-44",1072,0.8,5,30,300,6126,1,215.741951662236
"NSFG 25-44",1072,0.8,6,30,366,7536,2,303.100596144598
"NSFG 25-44",1072,0.8,7,30,264,2942,3,283.453529945637
"NSFG 25-44",1072,0.8,8,30,435,10807,3,453.882397193763
"NSFG 25-44",1072,0.8,9,30,399,8419,2,635.575023460974
"NSFG 25-44",1072,0.8,11,30,577,12751,0,432.956385286299
"NSFG 25-44",1072,0.8,13,30,562,12218,2,514.747662343558
"NSFG 25-44",1072,0.9,1,30,44,248,6,71.3969482579778
"NSFG 25-44",1072,0.9,2,30,67,239,5,89.9403866850296
"NSFG 25-44",1072,0.9,3,30,305,7867,3,250.131231458963
"NSFG 25-44",1072,0.9,4,30,339,6905,2,437.805901344978
"NSFG 25-44",1072,0.9,5,30,414,10512,1,342.18575853723
"NSFG 25-44",1072,0.9,6,30,297,5155,1,350.158494998096
"NSFG 25-44",1072,0.9,7,30,290,3094,0,366.587793031911
"NSFG 25-44",1072,0.9,8,30,484,12700,3,526.778637805844
"NSFG 25-44",1072,0.9,9,30,540,12896,1,784.219940668681
"NSFG 25-44",1072,0.9,11,30,694,18730,3,550.696847188444
"NSFG 25-44",1072,0.9,13,30,661,16493,2,642.751374266711
"NSFG 25-44",1073,0.2,1,30,4,4,26,7.01188216365596
"NSFG 25-44",1073,0.2,2,30,12,16,20,12.7359143008407
"NSFG 25-44",1073,0.2,3,30,33,87,12,20.7136839843501
"NSFG 25-44",1073,0.2,4,30,39,125,10,27.127635778573
"NSFG 25-44",1073,0.2,5,30,37,85,9,32.115753614917
"NSFG 25-44",1073,0.2,6,30,38,106,12,38.4837107653373
"NSFG 25-44",1073,0.2,7,30,46,140,8,44.2997321901272
"NSFG 25-44",1073,0.2,8,30,53,205,11,54.2092769133434
"NSFG 25-44",1073,0.2,10,30,60,284,11,70.5327734307825
"NSFG 25-44",1073,0.2,11,30,81,473,8,75.6588751985342
"NSFG 25-44",1073,0.4,1,30,14,14,16,15.7032043988228
"NSFG 25-44",1073,0.4,2,30,28,132,15,38.8128175952913
"NSFG 25-44",1073,0.4,3,30,35,75,10,45.584764326365
"NSFG 25-44",1073,0.4,4,30,53,217,11,66.951693099858
"NSFG 25-44",1073,0.4,5,30,50,148,7,79.3873642056018
"NSFG 25-44",1073,0.4,6,30,79,335,7,84.634462066572
"NSFG 25-44",1073,0.4,7,30,108,604,4,95.5452843022123
"NSFG 25-44",1073,0.4,8,30,99,731,10,127.58615516643
"NSFG 25-44",1073,0.4,10,30,223,2799,3,174.676723770855
"NSFG 25-44",1073,0.4,11,30,149,1287,6,177.745466103105
"NSFG 25-44",1073,0.6,1,30,21,23,10,27.0629341114718
"NSFG 25-44",1073,0.6,2,30,64,376,5,48.0839121486291
"NSFG 25-44",1073,0.6,3,30,112,1096,7,114.419560743145
"NSFG 25-44",1073,0.6,4,30,78,454,6,109.46012766075
"NSFG 25-44",1073,0.6,5,30,111,587,5,128.064323268182
"NSFG 25-44",1073,0.6,6,30,127,819,5,133.980411119552
"NSFG 25-44",1073,0.6,7,30,155,1025,3,153.188802334415
"NSFG 25-44",1073,0.6,8,30,203,2157,4,222.545428966089
"NSFG 25-44",1073,0.6,10,30,277,4419,4,321.985967746392
"NSFG 25-44",1073,0.6,11,30,439,9743,2,324.881077560605
"NSFG 25-44",1073,0.8,1,30,45,167,3,56.3833071798738
"NSFG 25-44",1073,0.8,2,30,77,471,4,105.726764972819
"NSFG 25-44",1073,0.8,3,30,124,970,5,160.702102275307
"NSFG 25-44",1073,0.8,4,30,220,3576,3,218.493379332566
"NSFG 25-44",1073,0.8,5,30,209,2257,1,235.453529945637
"NSFG 25-44",1073,0.8,6,30,166,1314,5,203.134734850204
"NSFG 25-44",1073,0.8,7,30,243,2049,0,256.702102275307
"NSFG 25-44",1073,0.8,8,30,319,4389,3,375.036084060156
"NSFG 25-44",1073,0.8,10,30,376,6322,1,566.64901155351
"NSFG 25-44",1073,0.8,11,30,777,26853,2,559.673674251022
"NSFG 25-44",1073,0.9,1,30,40,124,4,65.0545270782666
"NSFG 25-44",1073,0.9,2,30,192,6144,3,191.419125560407
"NSFG 25-44",1073,0.9,3,30,196,2184,1,222.647406346881
"NSFG 25-44",1073,0.9,4,30,237,2909,0,306.729196964281
"NSFG 25-44",1073,0.9,5,30,242,2908,1,272.419125560407
"NSFG 25-44",1073,0.9,6,30,179,1391,4,286.734283200985
"NSFG 25-44",1073,0.9,7,30,261,2751,2,307.391862021274
"NSFG 25-44",1073,0.9,8,30,406,6152,1,469.696847188445
"NSFG 25-44",1073,0.9,10,30,508,10132,3,711.855342186541
"NSFG 25-44",1073,0.9,11,30,932,39682,5,740.969482579778
"NSFG 25-44",1074,0.2,1,30,7,7,23,7.65580717689156
"NSFG 25-44",1074,0.2,2,30,9,11,22,13.5638178892865
"NSFG 25-44",1074,0.2,3,30,17,27,17,20.2537375463246
"NSFG 25-44",1074,0.2,4,30,24,38,13,26.6676893405475
"NSFG 25-44",1074,0.2,5,30,45,151,10,36.5772340637637
"NSFG 25-44",1074,0.2,6,30,71,339,6,44.0030680216426
"NSFG 25-44",1074,0.2,7,30,57,295,12,46.4154858050442
"NSFG 25-44",1074,0.2,8,30,77,371,7,56.0030680216425
"NSFG 25-44",1074,0.2,11,30,77,433,10,81.5461896052597
"NSFG 25-44",1074,0.4,1,30,10,10,20,15.7032043988228
"NSFG 25-44",1074,0.4,2,30,19,31,17,30.7529021390299
"NSFG 25-44",1074,0.4,3,30,36,112,11,52.3376664653948
"NSFG 25-44",1074,0.4,4,30,58,238,9,67.6051997584738
"NSFG 25-44",1074,0.4,5,30,67,297,7,103.784946127258
"NSFG 25-44",1074,0.4,6,30,97,509,6,96.8332530274001
"NSFG 25-44",1074,0.4,7,30,102,686,6,106.437061945809
"NSFG 25-44",1074,0.4,8,30,153,1371,4,139.131439468642
"NSFG 25-44",1074,0.4,11,30,163,2053,8,203.885732447737
"NSFG 25-44",1074,0.6,1,30,21,45,15,25.8545428966089
"NSFG 25-44",1074,0.6,2,30,55,287,7,56.5426506526694
"NSFG 25-44",1074,0.6,3,30,104,1938,7,86.6265628012985
"NSFG 25-44",1074,0.6,4,30,131,1755,4,126.377604668831
"NSFG 25-44",1074,0.6,5,30,181,3451,3,186.671297189033
"NSFG 25-44",1074,0.6,6,30,133,821,5,142.439149623593
"NSFG 25-44",1074,0.6,7,30,136,1042,3,183.398582705988
"NSFG 25-44",1074,0.6,8,30,234,3328,5,263.630730271428
"NSFG 25-44",1074,0.6,11,30,325,6365,4,392.550985592928
"NSFG 25-44",1074,0.8,1,30,51,267,7,70.463005953732
"NSFG 25-44",1074,0.8,2,30,116,2018,1,74.7514276703306
"NSFG 25-44",1074,0.8,3,30,142,1058,2,167.741951662236
"NSFG 25-44",1074,0.8,4,30,236,15940,1,148.094885463275
"NSFG 25-44",1074,0.8,5,30,258,4692,7,325.56360209833
"NSFG 25-44",1074,0.8,6,30,484,22390,0,353.787511730487
"NSFG 25-44",1074,0.8,7,30,257,2693,2,339.77232504107
"NSFG 25-44",1074,0.8,8,30,675,29807,2,465.146156212849
"NSFG 25-44",1074,0.8,11,30,1035,49525,2,706.102541499148
"NSFG 25-44",1074,0.9,1,30,215,27555,3,65.0545270782666
"NSFG 25-44",1074,0.9,2,30,261,20275,3,121.652492583585
"NSFG 25-44",1074,0.9,3,30,372,29934,1,205.734283200985
"NSFG 25-44",1074,0.9,4,30,344,15248,0,275.017091065726
"NSFG 25-44",1074,0.9,5,30,983,83335,3,519.773551569141
"NSFG 25-44",1074,0.9,6,30,521,50533,3,364.957477750755
"NSFG 25-44",1074,0.9,7,30,280,3048,2,413.098881683126
"NSFG 25-44",1074,0.9,8,30,961,61321,0,626.143236287985
"NSFG 25-44",1074,0.9,11,30,1597,142685,2,994.666329768222
"NSFG 25-44",1075,0.2,1,30,6,6,24,7.28785002647122
"NSFG 25-44",1075,0.2,2,30,16,46,22,14.0237643273119
"NSFG 25-44",1075,0.2,3,30,17,31,19,20.0697589711144
"NSFG 25-44",1075,0.2,4,30,42,162,12,28.7834429554645
"NSFG 25-44",1075,0.2,5,30,31,87,15,33.127635778573
"NSFG 25-44",1075,0.2,6,30,73,421,9,42.2552715571459
"NSFG 25-44",1075,0.2,7,30,54,214,10,47.841319762923
"NSFG 25-44",1075,0.2,8,30,62,234,7,50.7596786281526
"NSFG 25-44",1075,0.2,9,30,71,345,7,61.7271001588273
"NSFG 25-44",1075,0.2,12,30,62,256,8,81.9348430613493
"NSFG 25-44",1075,0.4,1,30,13,21,20,16.3567110574386
"NSFG 25-44",1075,0.4,2,30,26,44,12,34.8917776435965
"NSFG 25-44",1075,0.4,3,30,46,126,10,47.1096131964685
"NSFG 25-44",1075,0.4,4,30,57,185,8,69.7835552871931
"NSFG 25-44",1075,0.4,5,30,76,418,8,78.2981864412422
"NSFG 25-44",1075,0.4,6,30,103,559,4,102.061306296326
"NSFG 25-44",1075,0.4,7,30,100,622,9,114.279141849198
"NSFG 25-44",1075,0.4,8,30,134,858,3,109.070133172316
"NSFG 25-44",1075,0.4,9,30,165,1425,4,142.418017353765
"NSFG 25-44",1075,0.4,12,30,207,2031,4,181.903386199716
"NSFG 25-44",1075,0.6,1,30,24,28,8,19.2083912148629
"NSFG 25-44",1075,0.6,2,30,75,415,5,71.0433452310243
"NSFG 25-44",1075,0.6,3,30,112,1078,5,110.794387098557
"NSFG 25-44",1075,0.6,4,30,144,1756,5,134.23214756544
"NSFG 25-44",1075,0.6,5,30,125,671,2,130.481105697907
"NSFG 25-44",1075,0.6,6,30,162,1394,4,143.043345231024
"NSFG 25-44",1075,0.6,7,30,208,1954,3,220.858710366738
"NSFG 25-44",1075,0.6,8,30,174,1318,3,180.251736445887
"NSFG 25-44",1075,0.6,9,30,258,3574,4,259.879688403896
"NSFG 25-44",1075,0.6,12,30,292,3742,2,328.38038298225
"NSFG 25-44",1075,0.8,1,30,62,578,6,47.9354879155589
"NSFG 25-44",1075,0.8,2,30,138,1894,4,162.045560068251
"NSFG 25-44",1075,0.8,3,30,131,1533,2,135.358644482362
"NSFG 25-44",1075,0.8,4,30,221,3245,0,215.677439577795
"NSFG 25-44",1075,0.8,5,30,258,3710,3,267.836837125511
"NSFG 25-44",1075,0.8,6,30,294,4212,3,276.349168474267
"NSFG 25-44",1075,0.8,7,30,299,4039,4,391.867210504345
"NSFG 25-44",1075,0.8,8,30,237,2197,1,276.478192643149
"NSFG 25-44",1075,0.8,9,30,418,7698,2,435.643300872188
"NSFG 25-44",1075,0.8,12,30,450,7582,0,532.986758665133
"NSFG 25-44",1075,0.9,1,30,112,2134,2,105.22319454977
"NSFG 25-44",1075,0.9,2,30,178,3274,2,206.218108313067
"NSFG 25-44",1075,0.9,3,30,183,2461,1,228.989827526593
"NSFG 25-44",1075,0.9,4,30,281,5005,0,346.897864435785
"NSFG 25-44",1075,0.9,5,30,288,5368,3,331.615056571044
"NSFG 25-44",1075,0.9,6,30,328,6088,3,403.012004829022
"NSFG 25-44",1075,0.9,7,30,429,6883,0,546.289726457059
"NSFG 25-44",1075,0.9,8,30,256,2674,5,342.848423594222
"NSFG 25-44",1075,0.9,9,30,497,11015,2,564.34933977203
"NSFG 25-44",1075,0.9,12,30,555,10637,0,691.860428423245
"NSFG 25-44",1076,0.2,1,30,6,6,24,6.55193572563052
"NSFG 25-44",1076,0.2,2,30,8,12,24,12.8738982322483
"NSFG 25-44",1076,0.2,3,30,21,39,16,22.0015340108213
"NSFG 25-44",1076,0.2,4,30,33,137,14,31.3131483646044
"NSFG 25-44",1076,0.2,5,30,29,87,17,33.4036036413882
"NSFG 25-44",1076,0.2,6,30,42,90,6,42.1632822695408
"NSFG 25-44",1076,0.2,7,30,62,240,8,46.6914536678594
"NSFG 25-44",1076,0.2,8,30,60,228,7,58.0268323489544
"NSFG 25-44",1076,0.2,9,30,62,272,9,63.1069394729036
"NSFG 25-44",1076,0.2,10,30,63,229,6,65.5193572563052
"NSFG 25-44",1076,0.2,11,30,73,433,12,78.4185538266867
"NSFG 25-44",1076,0.2,13,30,84,458,6,79.3798393140763
"NSFG 25-44",1076,0.4,1,30,20,38,16,18.317231033286
"NSFG 25-44",1076,0.4,2,30,24,64,16,34.6739420907246
"NSFG 25-44",1076,0.4,3,30,53,217,12,48.4166265137001
"NSFG 25-44",1076,0.4,4,30,71,1087,13,75.8829507676071
"NSFG 25-44",1076,0.4,5,30,76,306,7,84.1797463687843
"NSFG 25-44",1076,0.4,6,30,104,606,7,97.051088580272
"NSFG 25-44",1076,0.4,7,30,122,1402,6,110.575937450376
"NSFG 25-44",1076,0.4,8,30,106,790,8,144.359492737569
"NSFG 25-44",1076,0.4,9,30,115,881,9,146.556892858332
"NSFG 25-44",1076,0.4,10,30,123,915,8,146.140266344632
"NSFG 25-44",1076,0.4,11,30,184,1868,4,190.815599275421
"NSFG 25-44",1076,0.4,13,30,141,1107,4,162.535066586158
"NSFG 25-44",1076,0.6,1,30,25,31,7,24.0419560743146
"NSFG 25-44",1076,0.6,2,30,67,529,7,71.0433452310243
"NSFG 25-44",1076,0.6,3,30,145,3703,7,113.815365135714
"NSFG 25-44",1076,0.6,4,30,216,5386,5,152.358015788383
"NSFG 25-44",1076,0.6,5,30,183,2405,1,149.815365135714
"NSFG 25-44",1076,0.6,6,30,155,1317,5,169.023756350577
"NSFG 25-44",1076,0.6,7,30,236,3526,4,199.107668499206
"NSFG 25-44",1076,0.6,8,30,255,3001,2,268.464295130879
"NSFG 25-44",1076,0.6,9,30,171,1813,3,264.109057655916
"NSFG 25-44",1076,0.6,10,30,245,2525,2,252.503472891775
"NSFG 25-44",1076,0.6,11,30,406,6922,1,361.132814006492
"NSFG 25-44",1076,0.6,13,30,240,2364,0,252.125868222944
"NSFG 25-44",1076,0.8,1,30,53,561,9,60.6072168120313
"NSFG 25-44",1076,0.8,2,30,88,1118,9,166.269469700409
"NSFG 25-44",1076,0.8,3,30,172,3766,1,145.214433624063
"NSFG 25-44",1076,0.8,4,30,159,2267,2,183.294132397921
"NSFG 25-44",1076,0.8,5,30,289,13677,1,228.413680558708
"NSFG 25-44",1076,0.8,6,30,271,3233,3,325.628114182771
"NSFG 25-44",1076,0.8,7,30,524,20908,2,366.523752711401
"NSFG 25-44",1076,0.8,8,30,478,8990,1,498.937433270109
"NSFG 25-44",1076,0.8,9,30,299,3713,3,452.538939400818
"NSFG 25-44",1076,0.8,10,30,333,4145,1,408.956385286299
"NSFG 25-44",1076,0.8,11,30,527,12045,4,644.151866894172
"NSFG 25-44",1076,0.8,13,30,342,4394,2,354.239096321575
"NSFG 25-44",1076,0.9,1,30,171,7525,5,147.506002414511
"NSFG 25-44",1076,0.9,2,30,94,978,3,111.0817906174
"NSFG 25-44",1076,0.9,3,30,155,3361,6,188.821160055089
"NSFG 25-44",1076,0.9,4,30,283,10513,3,323.642320110178
"NSFG 25-44",1076,0.9,5,30,232,4716,4,261.848423594222
"NSFG 25-44",1076,0.9,6,30,291,3557,3,400.897864435785
"NSFG 25-44",1076,0.9,7,30,434,11316,0,394.071618143993
"NSFG 25-44",1076,0.9,8,30,537,10939,1,651.512921006829
"NSFG 25-44",1076,0.9,9,30,407,6345,1,587.604884097637
"NSFG 25-44",1076,0.9,10,30,315,4057,5,523.696847188444
"NSFG 25-44",1076,0.9,11,30,685,17413,2,867.817906174
"NSFG 25-44",1076,0.9,13,30,394,5408,1,414.424211797111
"NSFG 25-44",1077,0.2,1,30,4,4,26,6.87389823224833
"NSFG 25-44",1077,0.2,2,30,11,13,20,12.8738982322483
"NSFG 25-44",1077,0.2,3,30,15,35,22,19.5638178892865
"NSFG 25-44",1077,0.2,4,30,26,50,13,26.2537375463246
"NSFG 25-44",1077,0.2,5,30,41,119,11,36.3012662009485
"NSFG 25-44",1077,0.2,6,30,41,153,14,45.5208912671265
"NSFG 25-44",1077,0.2,7,30,32,100,15,48.8991965703815
"NSFG 25-44",1077,0.2,8,30,63,319,11,54.3932554885535
"NSFG 25-44",1077,0.2,9,30,56,182,9,60.8991965703815
"NSFG 25-44",1077,0.2,12,30,87,471,10,78.8991965703815
"NSFG 25-44",1077,0.4,1,30,21,63,15,14.8318621873351
"NSFG 25-44",1077,0.4,2,30,29,71,13,33.584764326365
"NSFG 25-44",1077,0.4,3,30,47,141,11,47.9809554079562
"NSFG 25-44",1077,0.4,4,30,27,73,15,66.951693099858
"NSFG 25-44",1077,0.4,5,30,74,338,8,79.6051997584738
"NSFG 25-44",1077,0.4,6,30,125,913,5,109.032043988228
"NSFG 25-44",1077,0.4,7,30,137,883,2,116.67533293079
"NSFG 25-44",1077,0.4,8,30,133,923,4,124.100786320479
"NSFG 25-44",1077,0.4,9,30,120,832,7,140.67533293079
"NSFG 25-44",1077,0.4,12,30,181,1725,3,176.67533293079
"NSFG 25-44",1077,0.6,1,30,25,43,11,28.2713253263347
"NSFG 25-44",1077,0.6,2,30,71,939,9,63.1888023344154
"NSFG 25-44",1077,0.6,3,30,99,655,6,80.584606726984
"NSFG 25-44",1077,0.6,4,30,91,609,7,104.626562801299
"NSFG 25-44",1077,0.6,5,30,143,1067,3,166.128646536363
"NSFG 25-44",1077,0.6,6,30,112,782,10,189.566407003246
"NSFG 25-44",1077,0.6,7,30,177,1417,2,216.629341114718
"NSFG 25-44",1077,0.6,8,30,212,2062,2,221.337037751226
"NSFG 25-44",1077,0.6,9,30,242,2642,3,252.629341114718
"NSFG 25-44",1077,0.6,12,30,268,3432,4,306.629341114718
"NSFG 25-44",1077,0.8,1,30,27,31,5,26.8159397547717
"NSFG 25-44",1077,0.8,2,30,71,367,4,81.7912770572597
"NSFG 25-44",1077,0.8,3,30,164,2010,1,136.766614359748
"NSFG 25-44",1077,0.8,4,30,236,4182,1,212.861499823023
"NSFG 25-44",1077,0.8,5,30,223,2783,4,286.140445531527
"NSFG 25-44",1077,0.8,6,30,291,4347,1,356.603451485259
"NSFG 25-44",1077,0.8,7,30,291,3087,1,379.195481607873
"NSFG 25-44",1077,0.8,8,30,319,4407,3,383.483903324472
"NSFG 25-44",1077,0.8,9,30,333,4547,3,427.195481607873
"NSFG 25-44",1077,0.8,12,30,399,6573,3,499.195481607873
"NSFG 25-44",1077,0.9,1,30,45,125,1,56.5979655053185
"NSFG 25-44",1077,0.9,2,30,95,429,3,147.02217730243
"NSFG 25-44",1077,0.9,3,30,183,1801,2,207.848423594222
"NSFG 25-44",1077,0.9,4,30,237,4399,2,310.957477750755
"NSFG 25-44",1077,0.9,5,30,316,5286,0,356.984741289889
"NSFG 25-44",1077,0.9,6,30,402,8286,1,504.4907437044
"NSFG 25-44",1077,0.9,7,30,323,3743,2,506.121058985556
"NSFG 25-44",1077,0.9,8,30,397,6085,2,524.664497412607
"NSFG 25-44",1077,0.9,9,30,430,6758,2,560.121058985555
"NSFG 25-44",1077,0.9,12,30,496,9240,3,641.121058985556
"NSFG 25-44",1078,0.2,1,30,7,7,23,6.59793036943307
"NSFG 25-44",1078,0.2,2,30,12,24,23,15.0356464909679
"NSFG 25-44",1078,0.2,3,30,26,110,17,20.2537375463246
"NSFG 25-44",1078,0.2,4,30,29,65,12,28.6914536678594
"NSFG 25-44",1078,0.2,5,30,37,103,12,33.3116143537831
"NSFG 25-44",1078,0.2,6,30,46,188,13,43.4051376522095
"NSFG 25-44",1078,0.2,7,30,51,219,10,54.4185538266867
"NSFG 25-44",1078,0.2,8,30,61,327,12,52.8754322430696
"NSFG 25-44",1078,0.2,9,30,43,157,13,58.6914536678594
"NSFG 25-44",1078,0.2,10,30,71,355,9,68.2790358844579
"NSFG 25-44",1078,0.2,12,30,92,874,12,89.2939860697564
"NSFG 25-44",1078,0.4,1,30,11,15,21,18.9707376919018
"NSFG 25-44",1078,0.4,2,30,42,124,9,36.634462066572
"NSFG 25-44",1078,0.4,3,30,35,115,14,55.8230353113457
"NSFG 25-44",1078,0.4,4,30,62,428,12,66.5160219941141
"NSFG 25-44",1078,0.4,5,30,58,244,10,86.7937730032475
"NSFG 25-44",1078,0.4,6,30,83,475,9,104.239661825046
"NSFG 25-44",1078,0.4,7,30,150,1350,5,132.795163843312
"NSFG 25-44",1078,0.4,8,30,120,724,4,119.308404157297
"NSFG 25-44",1078,0.4,9,30,121,773,4,138.714812954942
"NSFG 25-44",1078,0.4,10,30,158,1498,4,159.210399516948
"NSFG 25-44",1078,0.4,12,30,232,3368,6,222.856470139639
"NSFG 25-44",1078,0.6,1,30,13,15,18,28.8755209337662
"NSFG 25-44",1078,0.6,2,30,42,164,12,74.668518875613
"NSFG 25-44",1078,0.6,3,30,147,2391,8,96.8978881276332
"NSFG 25-44",1078,0.6,4,30,118,1150,8,118.523061772222
"NSFG 25-44",1078,0.6,5,30,82,402,7,119.605584764141
"NSFG 25-44",1078,0.6,6,30,211,2263,3,228.839121486291
"NSFG 25-44",1078,0.6,7,30,419,13711,6,275.840510643001
"NSFG 25-44",1078,0.6,8,30,250,3578,3,209.253125602597
"NSFG 25-44",1078,0.6,9,30,174,1486,3,209.127257379653
"NSFG 25-44",1078,0.6,10,30,448,11994,2,288.755209337662
"NSFG 25-44",1078,0.6,12,30,667,25739,1,485.471240914429
"NSFG 25-44",1078,0.8,1,30,72,772,5,62.0151866894171
"NSFG 25-44",1078,0.8,2,30,186,6812,3,162.045560068251
"NSFG 25-44",1078,0.8,3,30,263,20177,1,150.846313133606
"NSFG 25-44",1078,0.8,4,30,408,20192,1,304.379541853101
"NSFG 25-44",1078,0.8,5,30,232,3244,1,260.796987738582
"NSFG 25-44",1078,0.8,6,30,383,6491,2,394.618638174676
"NSFG 25-44",1078,0.8,7,30,792,42562,3,518.584499469069
"NSFG 25-44",1078,0.8,8,30,690,42444,3,391.931722588786
"NSFG 25-44",1078,0.8,9,30,289,3589,1,321.597740803937
"NSFG 25-44",1078,0.8,10,30,1252,91226,2,493.434577929448
"NSFG 25-44",1078,0.8,12,30,1667,135923,1,935.666143597477
"NSFG 25-44",1078,0.9,1,30,62,410,2,67.1686674715037
"NSFG 25-44",1078,0.9,2,30,253,18231,3,199.875687133355
"NSFG 25-44",1078,0.9,3,30,242,6928,1,250.131231458963
"NSFG 25-44",1078,0.9,4,30,581,41795,3,393.408953087
"NSFG 25-44",1078,0.9,5,30,278,4988,2,340.071618143993
"NSFG 25-44",1078,0.9,6,30,476,9194,2,624.996746118911
"NSFG 25-44",1078,0.9,7,30,1160,79076,0,616.056359433881
"NSFG 25-44",1078,0.9,8,30,903,63949,1,469.696847188444
"NSFG 25-44",1078,0.9,9,30,410,7180,1,484.012004829022
"NSFG 25-44",1078,0.9,10,30,1884,210668,2,650.545270782666
"NSFG 25-44",1078,0.9,12,30,2024,218960,3,1266.90661538372
"NSFG 25-44",1079,0.2,1,30,6,8,25,6.68991965703815
"NSFG 25-44",1079,0.2,2,30,6,12,26,13.011882163656
"NSFG 25-44",1079,0.2,3,30,10,12,21,19.8857803959043
"NSFG 25-44",1079,0.2,4,30,40,220,15,27.8635500794137
"NSFG 25-44",1079,0.2,5,30,45,129,10,34.1855125860315
"NSFG 25-44",1079,0.2,6,30,34,106,15,37.7018018206941
"NSFG 25-44",1079,0.2,7,30,43,161,11,46.1395179422289
"NSFG 25-44",1079,0.2,8,30,69,275,8,52.6914536678594
"NSFG 25-44",1079,0.2,9,30,54,252,13,56.2077429025221
"NSFG 25-44",1079,0.2,11,30,47,213,14,82.5580717689156
"NSFG 25-44",1079,0.2,12,30,60,250,8,77.5193572563052
"NSFG 25-44",1079,0.4,1,30,23,79,19,20.0599154562614
"NSFG 25-44",1079,0.4,2,30,43,147,11,37.7236398309316
"NSFG 25-44",1079,0.4,3,30,47,139,10,46.2382709849807
"NSFG 25-44",1079,0.4,4,30,78,370,4,68.0408708642176
"NSFG 25-44",1079,0.4,5,30,63,269,9,73.9414753838036
"NSFG 25-44",1079,0.4,6,30,88,468,9,83.5452843022123
"NSFG 25-44",1079,0.4,7,30,109,705,5,104.694377522833
"NSFG 25-44",1079,0.4,8,30,116,908,7,118.001390840065
"NSFG 25-44",1079,0.4,9,30,92,476,7,118.456106537853
"NSFG 25-44",1079,0.4,11,30,188,2322,7,210.420799033895
"NSFG 25-44",1079,0.4,12,30,189,1579,3,170.140266344632
"NSFG 25-44",1079,0.6,1,30,16,16,14,25.2503472891775
"NSFG 25-44",1079,0.6,2,30,45,217,12,67.4181715864356
"NSFG 25-44",1079,0.6,3,30,72,360,6,80.584606726984
"NSFG 25-44",1079,0.6,4,30,98,554,4,128.190191491125
"NSFG 25-44",1079,0.6,5,30,141,1073,4,135.314670557359
"NSFG 25-44",1079,0.6,6,30,138,856,2,127.334259437806
"NSFG 25-44",1079,0.6,7,30,173,1485,5,180.377604668831
"NSFG 25-44",1079,0.6,8,30,165,1451,5,204.419560743145
"NSFG 25-44",1079,0.6,9,30,226,2126,0,188.584606726984
"NSFG 25-44",1079,0.6,11,30,348,6772,7,415.510418675323
"NSFG 25-44",1079,0.6,12,30,337,5431,1,288.503472891775
"NSFG 25-44",1079,0.8,1,30,33,67,6,35.2637590190866
"NSFG 25-44",1079,0.8,2,30,83,541,7,116.990523991905
"NSFG 25-44",1079,0.8,3,30,148,1346,3,146.622403501449
"NSFG 25-44",1079,0.8,4,30,234,2832,2,214.269469700409
"NSFG 25-44",1079,0.8,5,30,208,2282,2,234.045560068251
"NSFG 25-44",1079,0.8,6,30,248,3176,4,218.622403501448
"NSFG 25-44",1079,0.8,7,30,246,2548,4,310.204957615968
"NSFG 25-44",1079,0.8,8,30,295,3807,4,332.796987738582
"NSFG 25-44",1079,0.8,9,30,351,4963,3,266.68691558589
"NSFG 25-44",1079,0.8,11,30,542,13394,4,770.869155858895
"NSFG 25-44",1079,0.8,12,30,607,15187,1,456.956385286298
"NSFG 25-44",1079,0.9,1,30,84,1494,3,58.7121058985555
"NSFG 25-44",1079,0.9,2,30,109,891,1,121.652492583585
"NSFG 25-44",1079,0.9,3,30,199,2183,2,228.989827526593
"NSFG 25-44",1079,0.9,4,30,227,2741,0,268.674669886015
"NSFG 25-44",1079,0.9,5,30,262,3122,1,304.131231458963
"NSFG 25-44",1079,0.9,6,30,316,4180,0,274.049440841563
"NSFG 25-44",1079,0.9,7,30,308,3882,3,398.299898930467
"NSFG 25-44",1079,0.9,8,30,363,5187,3,423.185758537229
"NSFG 25-44",1079,0.9,9,30,355,5253,4,336.02217730243
"NSFG 25-44",1079,0.9,11,30,767,22155,3,1058.09054156533
"NSFG 25-44",1079,0.9,12,30,852,28124,2,577.696847188445
"NSFG 25-44",1080,0.2,1,30,7,13,25,7.88578039590428
"NSFG 25-44",1080,0.2,2,30,8,10,23,15.6795715042035
"NSFG 25-44",1080,0.2,3,30,28,68,14,21.1736304223755
"NSFG 25-44",1080,0.2,4,30,21,37,16,28.9674215306747
"NSFG 25-44",1080,0.2,5,30,32,106,16,38.2790358844578
"NSFG 25-44",1080,0.2,6,30,50,158,9,39.8175554356111
"NSFG 25-44",1080,0.2,7,30,44,176,13,45.1736304223755
"NSFG 25-44",1080,0.2,8,30,52,314,14,59.0387145126104
"NSFG 25-44",1080,0.2,9,30,66,252,7,58.5534697364518
"NSFG 25-44",1080,0.2,11,30,108,724,5,75.6588751985341
"NSFG 25-44",1080,0.2,13,30,76,494,9,84.8991965703815
"NSFG 25-44",1080,0.4,1,30,35,545,19,19.1885732447737
"NSFG 25-44",1080,0.4,2,30,52,238,10,42.2981864412422
"NSFG 25-44",1080,0.4,3,30,57,217,5,52.9911731240106
"NSFG 25-44",1080,0.4,4,30,62,264,8,64.7733375711387
"NSFG 25-44",1080,0.4,5,30,83,865,12,104.220617233002
"NSFG 25-44",1080,0.4,6,30,72,330,8,85.9414753838036
"NSFG 25-44",1080,0.4,7,30,114,676,4,95.9809554079562
"NSFG 25-44",1080,0.4,8,30,136,984,2,148.280532689263
"NSFG 25-44",1080,0.4,9,30,150,1084,2,129.347884181449
"NSFG 25-44",1080,0.4,11,30,217,2201,3,177.745466103105
"NSFG 25-44",1080,0.4,13,30,162,1476,6,188.67533293079
"NSFG 25-44",1080,0.6,1,30,49,329,13,39.1468462601009
"NSFG 25-44",1080,0.6,2,30,50,176,10,60.7720199046896
"NSFG 25-44",1080,0.6,3,30,109,875,1,98.7104749499276
"NSFG 25-44",1080,0.6,4,30,102,904,6,114.293692520202
"NSFG 25-44",1080,0.6,5,30,204,2876,1,196.942622515367
"NSFG 25-44",1080,0.6,6,30,120,892,10,144.855932053319
"NSFG 25-44",1080,0.6,7,30,150,1166,4,169.502083735065
"NSFG 25-44",1080,0.6,8,30,272,3470,2,289.006945783549
"NSFG 25-44",1080,0.6,9,30,237,2379,3,222.419560743145
"NSFG 25-44",1080,0.6,11,30,281,3767,4,324.881077560605
"NSFG 25-44",1080,0.6,13,30,347,5495,1,324.629341114718
"NSFG 25-44",1080,0.8,1,30,54,294,5,70.463005953732
"NSFG 25-44",1080,0.8,2,30,67,315,7,104.318795095433
"NSFG 25-44",1080,0.8,3,30,230,3770,1,205.757138351653
"NSFG 25-44",1080,0.8,4,30,211,2383,2,174.846313133606
"NSFG 25-44",1080,0.8,5,30,408,10358,3,504.375776526329
"NSFG 25-44",1080,0.8,6,30,179,1409,2,249.597740803937
"NSFG 25-44",1080,0.8,7,30,216,2034,4,252.478192643149
"NSFG 25-44",1080,0.8,8,30,446,8478,2,529.912770572597
"NSFG 25-44",1080,0.8,9,30,273,3195,2,369.468716635054
"NSFG 25-44",1080,0.8,11,30,491,9247,2,559.673674251022
"NSFG 25-44",1080,0.8,13,30,664,23628,1,523.195481607873
"NSFG 25-44",1080,0.9,1,30,75,1075,4,92.5383521903481
"NSFG 25-44",1080,0.9,2,30,225,8541,6,237.930214211622
"NSFG 25-44",1080,0.9,3,30,122,776,2,138.0817906174
"NSFG 25-44",1080,0.9,4,30,313,10945,3,272.902950672489
"NSFG 25-44",1080,0.9,5,30,653,25943,2,593.768465332437
"NSFG 25-44",1080,0.9,6,30,196,1454,2,265.592879268615
"NSFG 25-44",1080,0.9,7,30,267,2979,2,301.049440841563
"NSFG 25-44",1080,0.9,8,30,507,10767,3,723.393694376889
"NSFG 25-44",1080,0.9,9,30,318,3860,3,429.044354604859
"NSFG 25-44",1080,0.9,11,30,579,11853,1,740.969482579778
"NSFG 25-44",1080,0.9,13,30,1311,68233,2,668.121058985555
"NSFG 25-44",1081,0.2,1,30,4,4,26,6.41395179422289
"NSFG 25-44",1081,0.2,2,30,11,15,21,13.609812533089
"NSFG 25-44",1081,0.2,3,30,21,47,18,21.7715607918086
"NSFG 25-44",1081,0.2,4,30,29,73,13,28.3694911612416
"NSFG 25-44",1081,0.2,5,30,37,131,14,35.0134161744772
"NSFG 25-44",1081,0.2,6,30,58,194,7,40.0935232984264
"NSFG 25-44",1081,0.2,7,30,39,135,13,48.2552715571459
"NSFG 25-44",1081,0.2,8,30,59,231,9,55.2671537208019
"NSFG 25-44",1081,0.2,9,30,85,467,7,74.6975897111446
"NSFG 25-44",1081,0.2,10,30,116,1338,10,87.0448505558956
"NSFG 25-44",1081,0.2,11,30,82,400,7,77.0387145126104
"NSFG 25-44",1081,0.2,12,30,75,445,10,81.6588751985341
"NSFG 25-44",1081,0.2,13,30,90,684,8,89.0387145126104
"NSFG 25-44",1081,0.2,14,30,153,1107,1,97.7983931407631
"NSFG 25-44",1081,0.4,1,30,18,20,13,17.4458888217983
"NSFG 25-44",1081,0.4,2,30,50,468,13,35.5452843022123
"NSFG 25-44",1081,0.4,3,30,41,111,11,50.3771464895474
"NSFG 25-44",1081,0.4,4,30,60,296,11,68.9122130757054
"NSFG 25-44",1081,0.4,5,30,76,402,5,75.2484887010352
"NSFG 25-44",1081,0.4,6,30,81,371,5,92.0408708642176
"NSFG 25-44",1081,0.4,7,30,111,821,8,107.526239710168
"NSFG 25-44",1081,0.4,8,30,162,2298,5,178.34183898559
"NSFG 25-44",1081,0.4,9,30,248,3366,4,206.025998792369
"NSFG 25-44",1081,0.4,10,30,277,4161,3,245.473278454232
"NSFG 25-44",1081,0.4,11,30,200,2100,3,184.280532689263
"NSFG 25-44",1081,0.4,12,30,203,2329,3,189.745466103105
"NSFG 25-44",1081,0.4,13,30,203,2093,3,208.280532689263
"NSFG 25-44",1081,0.4,14,30,232,2822,2,233.350665861579
"NSFG 25-44",1081,0.6,1,30,20,28,13,39.1468462601009
"NSFG 25-44",1081,0.6,2,30,52,184,8,51.7090857932178
"NSFG 25-44",1081,0.6,3,30,117,1239,7,98.7104749499276
"NSFG 25-44",1081,0.6,4,30,148,1210,3,124.565017846537
"NSFG 25-44",1081,0.6,5,30,155,1567,5,147.398582705988
"NSFG 25-44",1081,0.6,6,30,124,824,6,151.502083735065
"NSFG 25-44",1081,0.6,7,30,181,1469,2,186.419560743145
"NSFG 25-44",1081,0.6,8,30,296,5914,4,423.138370633332
"NSFG 25-44",1081,0.6,9,30,460,10700,1,433.888023344154
"NSFG 25-44",1081,0.6,10,30,527,13073,3,546.142538103461
"NSFG 25-44",1081,0.6,11,30,402,7542,1,343.006945783549
"NSFG 25-44",1081,0.6,12,30,403,8765,5,342.881077560605
"NSFG 25-44",1081,0.6,13,30,553,15089,1,379.006945783549
"NSFG 25-44",1081,0.6,14,30,516,10244,0,433.258682229436
"NSFG 25-44",1081,0.8,1,30,44,124,3,50.7514276703306
"NSFG 25-44",1081,0.8,2,30,187,4697,3,128.254283010992
"NSFG 25-44",1081,0.8,3,30,166,2410,3,156.478192643149
"NSFG 25-44",1081,0.8,4,30,241,3629,1,215.677439577795
"NSFG 25-44",1081,0.8,5,30,244,2778,1,263.612927493354
"NSFG 25-44",1081,0.8,6,30,239,3247,2,269.309319087338
"NSFG 25-44",1081,0.8,7,30,256,2560,0,325.692626267212
"NSFG 25-44",1081,0.8,8,30,499,15761,2,600.311264441888
"NSFG 25-44",1081,0.8,9,30,865,32631,3,849.58644482362
"NSFG 25-44",1081,0.8,10,30,914,34020,2,1093.22974569581
"NSFG 25-44",1081,0.8,11,30,779,27537,3,601.912770572597
"NSFG 25-44",1081,0.8,12,30,765,22113,1,583.673674251022
"NSFG 25-44",1081,0.8,13,30,1083,48451,0,649.912770572597
"NSFG 25-44",1081,0.8,14,30,572,14616,4,758.390963215746
"NSFG 25-44",1081,0.9,1,30,154,5432,1,98.8807733700592
"NSFG 25-44",1081,0.9,2,30,214,7612,2,136.451475336244
"NSFG 25-44",1081,0.9,3,30,284,7196,1,231.10396791983
"NSFG 25-44",1081,0.9,4,30,315,6403,0,332.098881683126
"NSFG 25-44",1081,0.9,5,30,269,4921,4,337.957477750755
"NSFG 25-44",1081,0.9,6,30,357,6381,0,352.272635391333
"NSFG 25-44",1081,0.9,7,30,277,3095,3,425.783724042548
"NSFG 25-44",1081,0.9,8,30,614,21294,1,989.775383924755
"NSFG 25-44",1081,0.9,9,30,1179,52535,2,1194.36317695667
"NSFG 25-44",1081,0.9,10,30,1149,56515,5,1576.53876302049
"NSFG 25-44",1081,0.9,11,30,946,36456,4,804.393694376888
"NSFG 25-44",1081,0.9,12,30,1040,39996,1,767.969482579778
"NSFG 25-44",1081,0.9,13,30,1264,62276,1,858.393694376889
"NSFG 25-44",1081,0.9,14,30,887,27611,1,1012.24211797111
"NSFG 25-44",1082,0.2,1,30,6,6,24,7.83978575210174
"NSFG 25-44",1082,0.2,2,30,8,12,24,14.2077429025221
"NSFG 25-44",1082,0.2,3,30,15,21,18,21.127635778573
"NSFG 25-44",1082,0.2,4,30,17,31,18,27.3116143537831
"NSFG 25-44",1082,0.2,5,30,24,60,17,35.6573411877129
"NSFG 25-44",1082,0.2,6,30,57,427,15,46.8087412935977
"NSFG 25-44",1082,0.2,7,30,31,91,15,46.1855125860314
"NSFG 25-44",1082,0.2,8,30,62,244,9,55.9110787340374
"NSFG 25-44",1082,0.2,9,30,69,385,10,80.2169469674498
"NSFG 25-44",1082,0.2,10,30,56,206,12,64.139517942229
"NSFG 25-44",1082,0.2,12,30,65,363,12,80.2790358844578
"NSFG 25-44",1082,0.4,1,30,17,61,20,29.6446797826264
"NSFG 25-44",1082,0.4,2,30,44,192,10,30.7529021390299
"NSFG 25-44",1082,0.4,3,30,79,557,10,69.5466751422773
"NSFG 25-44",1082,0.4,4,30,56,244,10,62.8128175952913
"NSFG 25-44",1082,0.4,5,30,71,293,5,87.2294441089913
"NSFG 25-44",1082,0.4,6,30,76,446,6,117.309794997362
"NSFG 25-44",1082,0.4,7,30,80,396,8,107.090568604425
"NSFG 25-44",1082,0.4,8,30,142,952,2,136.081741728435
"NSFG 25-44",1082,0.4,9,30,192,2986,7,238.701331723158
"NSFG 25-44",1082,0.4,10,30,149,1085,3,139.605199758474
"NSFG 25-44",1082,0.4,12,30,189,1733,2,183.210399516947
"NSFG 25-44",1082,0.6,1,30,22,24,9,21.6251736445887
"NSFG 25-44",1082,0.6,2,30,90,902,9,89.1692134539679
"NSFG 25-44",1082,0.6,3,30,84,402,5,96.8978881276332
"NSFG 25-44",1082,0.6,4,30,125,879,4,104.626562801299
"NSFG 25-44",1082,0.6,5,30,146,1072,3,169.753820180952
"NSFG 25-44",1082,0.6,6,30,363,8725,3,285.633508584847
"NSFG 25-44",1082,0.6,7,30,160,1522,5,176.148235416811
"NSFG 25-44",1082,0.6,8,30,241,3093,3,250.338426907936
"NSFG 25-44",1082,0.6,9,30,504,13718,3,524.517364458872
"NSFG 25-44",1082,0.6,10,30,243,2543,3,234.377604668831
"NSFG 25-44",1082,0.6,12,30,294,4112,3,324.755209337662
"NSFG 25-44",1082,0.8,1,30,44,162,3,40.8956385286299
"NSFG 25-44",1082,0.8,2,30,115,1013,3,125.43834325622
"NSFG 25-44",1082,0.8,3,30,108,684,3,146.622403501449
"NSFG 25-44",1082,0.8,4,30,187,2263,5,217.085409455181
"NSFG 25-44",1082,0.8,5,30,281,7341,6,257.98104798381
"NSFG 25-44",1082,0.8,6,30,578,24030,4,396.026608052062
"NSFG 25-44",1082,0.8,7,30,260,3390,3,315.836837125511
"NSFG 25-44",1082,0.8,8,30,498,11880,5,451.066457438991
"NSFG 25-44",1082,0.8,9,30,703,24649,2,976.303733788343
"NSFG 25-44",1082,0.8,10,30,306,3746,3,366.717288964724
"NSFG 25-44",1082,0.8,12,30,450,8576,3,541.434577929448
"NSFG 25-44",1082,0.9,1,30,46,236,3,50.2555443256074
"NSFG 25-44",1082,0.9,2,30,233,8161,1,210.446389099541
"NSFG 25-44",1082,0.9,3,30,117,733,4,209.962563987459
"NSFG 25-44",1082,0.9,4,30,263,6971,2,232.734283200985
"NSFG 25-44",1082,0.9,5,30,383,12419,2,426.751374266711
"NSFG 25-44",1082,0.9,6,30,811,43879,2,536.202849602955
"NSFG 25-44",1082,0.9,7,30,448,9332,1,438.46856640197
"NSFG 25-44",1082,0.9,8,30,508,11098,2,562.719024490874
"NSFG 25-44",1082,0.9,9,30,1039,46453,1,1384.635812348
"NSFG 25-44",1082,0.9,10,30,363,4789,2,460.272635391333
"NSFG 25-44",1082,0.9,12,30,518,10354,3,704.545270782667
"NSFG 25-44",1083,0.2,1,30,6,6,24,7.42583395787885
"NSFG 25-44",1083,0.2,2,30,10,12,21,13.5638178892865
"NSFG 25-44",1083,0.2,3,30,31,69,11,23.8873144067256
"NSFG 25-44",1083,0.2,4,30,20,38,16,27.2656197099806
"NSFG 25-44",1083,0.2,5,30,40,164,13,35.4273679687001
"NSFG 25-44",1083,0.2,6,30,42,162,12,42.2552715571459
"NSFG 25-44",1083,0.2,7,30,52,242,14,45.9095447232162
"NSFG 25-44",1083,0.2,8,30,70,312,7,56.2330412406553
"NSFG 25-44",1083,0.2,9,30,75,377,8,66.4185538266868
"NSFG 25-44",1083,0.2,11,30,86,480,7,79.798393140763
"NSFG 25-44",1083,0.2,12,30,105,1065,14,102.356464909679
"NSFG 25-44",1083,0.4,1,30,11,31,23,16.5745466103105
"NSFG 25-44",1083,0.4,2,30,35,113,13,34.8917776435965
"NSFG 25-44",1083,0.4,3,30,71,421,13,58.6548974986808
"NSFG 25-44",1083,0.4,4,30,68,536,11,69.1300486285773
"NSFG 25-44",1083,0.4,5,30,80,552,10,84.6154174745282
"NSFG 25-44",1083,0.4,6,30,115,1077,8,107.289359565253
"NSFG 25-44",1083,0.4,7,30,85,383,6,100.119830912523
"NSFG 25-44",1083,0.4,8,30,104,782,5,136.081741728435
"NSFG 25-44",1083,0.4,9,30,153,1613,5,166.815599275421
"NSFG 25-44",1083,0.4,11,30,257,3597,3,197.350665861579
"NSFG 25-44",1083,0.4,12,30,255,5017,8,287.771464895474
"NSFG 25-44",1083,0.6,1,30,21,35,13,28.2713253263347
"NSFG 25-44",1083,0.6,2,30,48,142,7,69.8349540161614
"NSFG 25-44",1083,0.6,3,30,144,1962,6,113.211169528282
"NSFG 25-44",1083,0.6,4,30,132,1130,2,113.68949691277
"NSFG 25-44",1083,0.6,5,30,150,1198,3,140.752431024242
"NSFG 25-44",1083,0.6,6,30,190,2970,5,172.648929995166
"NSFG 25-44",1083,0.6,7,30,207,2807,5,184.606973920851
"NSFG 25-44",1083,0.6,8,30,191,2187,3,253.963600552525
"NSFG 25-44",1083,0.6,9,30,301,4605,3,325.132814006492
"NSFG 25-44",1083,0.6,11,30,665,24179,1,379.258682229436
"NSFG 25-44",1083,0.6,12,30,748,31092,2,614.76910090476
"NSFG 25-44",1083,0.8,1,30,56,360,7,63.423156566803
"NSFG 25-44",1083,0.8,2,30,70,308,4,108.54270472759
"NSFG 25-44",1083,0.8,3,30,98,468,2,152.254283010992
"NSFG 25-44",1083,0.8,4,30,273,8921,1,177.662252888378
"NSFG 25-44",1083,0.8,5,30,264,7700,2,212.926011907464
"NSFG 25-44",1083,0.8,6,30,432,18832,0,348.155632220944
"NSFG 25-44",1083,0.8,7,30,374,8148,2,314.428867248125
"NSFG 25-44",1083,0.8,8,30,364,7596,3,473.593975477164
"NSFG 25-44",1083,0.8,9,30,416,8574,4,596.151866894172
"NSFG 25-44",1083,0.8,11,30,1672,133884,3,686.390963215746
"NSFG 25-44",1083,0.8,12,30,2350,210870,2,1217.26011907464
"NSFG 25-44",1083,0.9,1,30,66,408,3,73.5110886512148
"NSFG 25-44",1083,0.9,2,30,100,960,4,161.821160055089
"NSFG 25-44",1083,0.9,3,30,284,6628,4,296.642320110178
"NSFG 25-44",1083,0.9,4,30,643,43379,3,342.669583649311
"NSFG 25-44",1083,0.9,5,30,602,47964,2,352.756460503415
"NSFG 25-44",1083,0.9,6,30,484,16788,2,468.55035701937
"NSFG 25-44",1083,0.9,7,30,542,35124,3,436.354426008733
"NSFG 25-44",1083,0.9,8,30,386,6738,2,564.833164884111
"NSFG 25-44",1083,0.9,9,30,661,15647,0,813.817906173999
"NSFG 25-44",1083,0.9,11,30,2206,230348,5,931.242117971111
"NSFG 25-44",1083,0.9,12,30,2872,293032,0,1719.33265953644
"NSFG 25-44",1084,0.2,1,30,7,7,23,6.78190894464324
"NSFG 25-44",1084,0.2,2,30,9,11,22,12.7819089446432
"NSFG 25-44",1084,0.2,3,30,11,17,22,22.1395179422289
"NSFG 25-44",1084,0.2,4,30,34,78,12,28.3234965174391
"NSFG 25-44",1084,0.2,5,30,33,113,15,34.6914536678594
"NSFG 25-44",1084,0.2,6,30,44,158,13,40.737448311662
"NSFG 25-44",1084,0.2,7,30,34,82,11,42.7359143008407
"NSFG 25-44",1084,0.2,8,30,61,249,9,52.1855125860315
"NSFG 25-44",1084,0.2,9,30,64,292,11,73.5937182598835
"NSFG 25-44",1084,0.2,11,30,60,196,6,72.8991965703815
"NSFG 25-44",1084,0.2,14,30,92,486,5,90.8991965703815
"NSFG 25-44",1084,0.4,1,30,16,32,19,16.7923821631825
"NSFG 25-44",1084,0.4,2,30,24,34,11,27.049697740207
"NSFG 25-44",1084,0.4,3,30,55,409,14,57.3478841814492
"NSFG 25-44",1084,0.4,4,30,58,248,9,69.783555287193
"NSFG 25-44",1084,0.4,5,30,56,296,14,77.8625153354983
"NSFG 25-44",1084,0.4,6,30,94,492,7,90.5160219941141
"NSFG 25-44",1084,0.4,7,30,92,464,6,89.2280532689263
"NSFG 25-44",1084,0.4,8,30,138,1094,6,121.486759686016
"NSFG 25-44",1084,0.4,9,30,189,2163,5,188.599154562614
"NSFG 25-44",1084,0.4,11,30,177,1653,6,164.67533293079
"NSFG 25-44",1084,0.4,14,30,220,2590,5,200.67533293079
"NSFG 25-44",1084,0.6,1,30,27,63,10,24.646151681746
"NSFG 25-44",1084,0.6,2,30,45,177,11,60.7720199046896
"NSFG 25-44",1084,0.6,3,30,127,1031,6,106.565017846536
"NSFG 25-44",1084,0.6,4,30,208,3956,7,134.836343172871
"NSFG 25-44",1084,0.6,5,30,153,1589,5,149.211169528282
"NSFG 25-44",1084,0.6,6,30,188,2092,4,161.773409061399
"NSFG 25-44",1084,0.6,7,30,136,806,3,150.167824297258
"NSFG 25-44",1084,0.6,8,30,235,3013,2,229.795776255267
"NSFG 25-44",1084,0.6,9,30,534,13578,2,419.387328765799
"NSFG 25-44",1084,0.6,11,30,234,2676,6,288.629341114718
"NSFG 25-44",1084,0.6,14,30,349,6597,2,342.629341114718
"NSFG 25-44",1084,0.8,1,30,32,68,7,39.487668651244
"NSFG 25-44",1084,0.8,2,30,220,5184,2,104.318795095433
"NSFG 25-44",1084,0.8,3,30,187,3459,2,162.110072152693
"NSFG 25-44",1084,0.8,4,30,228,3096,0,197.373831171779
"NSFG 25-44",1084,0.8,5,30,356,7306,3,262.204957615968
"NSFG 25-44",1084,0.8,6,30,407,10281,4,304.508566021984
"NSFG 25-44",1084,0.8,7,30,204,1710,2,246.846313133606
"NSFG 25-44",1084,0.8,8,30,367,8193,4,366.588264795842
"NSFG 25-44",1084,0.8,9,30,766,28236,1,786.227800341258
"NSFG 25-44",1084,0.8,11,30,370,5122,1,475.195481607873
"NSFG 25-44",1084,0.8,14,30,749,24211,2,547.195481607873
"NSFG 25-44",1084,0.9,1,30,105,3675,3,67.1686674715037
"NSFG 25-44",1084,0.9,2,30,82,392,0,98.3969482579777
"NSFG 25-44",1084,0.9,3,30,461,17029,1,311.441302862837
"NSFG 25-44",1084,0.9,4,30,211,2395,2,249.647406346881
"NSFG 25-44",1084,0.9,5,30,283,4635,2,280.875687133355
"NSFG 25-44",1084,0.9,6,30,655,24155,1,356.500916177807
"NSFG 25-44",1084,0.9,7,30,215,1769,3,269.337334943008
"NSFG 25-44",1084,0.9,8,30,461,12233,4,471.810987581682
"NSFG 25-44",1084,0.9,9,30,1030,49162,3,1086.54201690158
"NSFG 25-44",1084,0.9,11,30,402,6122,3,614.121058985555
"NSFG 25-44",1084,0.9,14,30,985,37085,1,695.121058985556
"NSFG 25-44",1085,0.2,1,30,4,4,26,6.50594108182798
"NSFG 25-44",1085,0.2,2,30,22,52,17,14.0697589711145
"NSFG 25-44",1085,0.2,3,30,24,44,14,20.8056732719552
"NSFG 25-44",1085,0.2,4,30,29,87,18,29.1514001058849
"NSFG 25-44",1085,0.2,5,30,46,234,13,36.0252983381332
"NSFG 25-44",1085,0.2,6,30,44,148,10,45.1989287605087
"NSFG 25-44",1085,0.2,7,30,49,177,10,49.7730948026298
"NSFG 25-44",1085,0.2,8,30,69,307,10,52.5074750926492
"NSFG 25-44",1085,0.2,10,30,86,508,4,73.798393140763
"NSFG 25-44",1085,0.2,11,30,99,755,11,83.7539325077818
"NSFG 25-44",1085,0.2,12,30,92,592,9,88.5580717689156
"NSFG 25-44",1085,0.2,15,30,71,365,10,98.2790358844579
"NSFG 25-44",1085,0.4,1,30,45,485,17,22.0204354321088
"NSFG 25-44",1085,0.4,2,30,19,37,18,31.6242443505176
"NSFG 25-44",1085,0.4,3,30,49,119,8,50.3771464895474
"NSFG 25-44",1085,0.4,4,30,64,262,7,70.6548974986808
"NSFG 25-44",1085,0.4,5,30,94,644,9,90.7148129549422
"NSFG 25-44",1085,0.4,6,30,98,604,8,106.635852906637
"NSFG 25-44",1085,0.4,7,30,68,326,9,123.646070622691
"NSFG 25-44",1085,0.4,8,30,98,568,3,116.25870641709
"NSFG 25-44",1085,0.4,10,30,192,2482,5,185.350665861579
"NSFG 25-44",1085,0.4,11,30,234,3630,3,194.736639227116
"NSFG 25-44",1085,0.4,12,30,307,6821,1,222.420799033895
"NSFG 25-44",1085,0.4,15,30,177,2331,5,219.210399516948
"NSFG 25-44",1085,0.6,1,30,21,39,14,24.0419560743145
"NSFG 25-44",1085,0.6,2,30,49,347,9,58.3552374749638
"NSFG 25-44",1085,0.6,3,30,132,1548,7,129.524450928932
"NSFG 25-44",1085,0.6,4,30,183,3015,3,133.023756350577
"NSFG 25-44",1085,0.6,5,30,154,1316,3,143.773409061399
"NSFG 25-44",1085,0.6,6,30,246,3800,5,243.339816064646
"NSFG 25-44",1085,0.6,7,30,184,2076,3,199.107668499206
"NSFG 25-44",1085,0.6,8,30,149,1225,6,202.00277831342
"NSFG 25-44",1085,0.6,10,30,349,6041,1,361.258682229436
"NSFG 25-44",1085,0.6,11,30,626,26802,3,405.84328895642
"NSFG 25-44",1085,0.6,12,30,764,30300,2,433.510418675323
"NSFG 25-44",1085,0.6,15,30,356,5862,3,378.755209337662
"NSFG 25-44",1085,0.8,1,30,35,85,6,45.1195481607873
"NSFG 25-44",1085,0.8,2,30,163,2899,1,116.990523991905
"NSFG 25-44",1085,0.8,3,30,182,3148,7,217.02089737074
"NSFG 25-44",1085,0.8,4,30,639,33149,3,340.986758665133
"NSFG 25-44",1085,0.8,5,30,352,7762,1,293.180294918456
"NSFG 25-44",1085,0.8,6,30,482,17452,2,435.449764618865
"NSFG 25-44",1085,0.8,7,30,596,28122,2,374.971571975716
"NSFG 25-44",1085,0.8,8,30,278,2982,2,337.020897370739
"NSFG 25-44",1085,0.8,10,30,609,14825,2,662.390963215746
"NSFG 25-44",1085,0.8,11,30,888,47736,2,768.053216104124
"NSFG 25-44",1085,0.8,12,30,1665,122095,2,794.869155858895
"NSFG 25-44",1085,0.8,15,30,709,20043,2,613.434577929448
"NSFG 25-44",1085,0.9,1,30,103,1629,1,88.3100714038741
"NSFG 25-44",1085,0.9,2,30,201,6075,5,199.875687133356
"NSFG 25-44",1085,0.9,3,30,269,7855,4,256.473652638674
"NSFG 25-44",1085,0.9,4,30,486,24050,2,327.870600896652
"NSFG 25-44",1085,0.9,5,30,488,20326,1,458.463480165266
"NSFG 25-44",1085,0.9,6,30,687,34151,0,493.920041738215
"NSFG 25-44",1085,0.9,7,30,1061,71369,0,523.034182131452
"NSFG 25-44",1085,0.9,8,30,303,3559,3,427.414039323704
"NSFG 25-44",1085,0.9,10,30,719,20315,2,904.242117971111
"NSFG 25-44",1085,0.9,11,30,1359,99827,1,994.666329768222
"NSFG 25-44",1085,0.9,12,30,2131,192233,4,1085.09054156533
"NSFG 25-44",1085,0.9,15,30,881,29791,1,785.545270782666
"NSFG 25-44",1086,0.2,1,30,2,2,28,7.47182860168139
"NSFG 25-44",1086,0.2,2,30,20,46,18,13.5638178892865
"NSFG 25-44",1086,0.2,3,30,22,44,15,22.0475286546238
"NSFG 25-44",1086,0.2,4,30,23,47,15,27.5875822165984
"NSFG 25-44",1086,0.2,5,30,45,177,12,39.5208912671265
"NSFG 25-44",1086,0.2,6,30,46,146,11,39.8175554356111
"NSFG 25-44",1086,0.2,7,30,54,274,11,48.5772340637637
"NSFG 25-44",1086,0.2,8,30,25,77,17,56.968955541496
"NSFG 25-44",1086,0.2,9,30,41,119,8,57.219625066178
"NSFG 25-44",1086,0.2,10,30,86,526,11,68.2790358844578
"NSFG 25-44",1086,0.2,11,30,77,397,7,74.2790358844578
"NSFG 25-44",1086,0.2,12,30,72,516,13,90.7198200276352
"NSFG 25-44",1086,0.2,13,30,95,615,8,104.21694696745
"NSFG 25-44",1086,0.2,14,30,98,636,7,88.829437599267
"NSFG 25-44",1086,0.4,1,30,7,7,23,15.4853688459509
"NSFG 25-44",1086,0.4,2,30,22,40,16,32.4955865620053
"NSFG 25-44",1086,0.4,3,30,66,868,8,43.8420799033895
"NSFG 25-44",1086,0.4,4,30,85,975,12,63.0306531481632
"NSFG 25-44",1086,0.4,5,30,137,2081,5,100.953083939923
"NSFG 25-44",1086,0.4,6,30,90,524,7,90.2981864412422
"NSFG 25-44",1086,0.4,7,30,113,783,4,109.486759686016
"NSFG 25-44",1086,0.4,8,30,117,877,7,130.200181800893
"NSFG 25-44",1086,0.4,9,30,139,1153,5,135.447279661863
"NSFG 25-44",1086,0.4,10,30,157,1229,4,159.210399516948
"NSFG 25-44",1086,0.4,11,30,205,2393,4,186.458888217983
"NSFG 25-44",1086,0.4,12,30,274,4560,5,249.214572037143
"NSFG 25-44",1086,0.4,13,30,323,6567,3,280.166265137
"NSFG 25-44",1086,0.4,14,30,210,2380,2,190.437061945809
"NSFG 25-44",1086,0.6,1,30,39,255,8,31.8964989709234
"NSFG 25-44",1086,0.6,2,30,43,93,7,50.5006945783549
"NSFG 25-44",1086,0.6,3,30,101,837,6,86.022367193867
"NSFG 25-44",1086,0.6,4,30,104,554,4,101.00138915671
"NSFG 25-44",1086,0.6,5,30,340,9244,3,230.173380924097
"NSFG 25-44",1086,0.6,6,30,170,1282,4,166.00277831342
"NSFG 25-44",1086,0.6,7,30,271,7593,3,257.714642420057
"NSFG 25-44",1086,0.6,8,30,356,10196,0,234.025145507287
"NSFG 25-44",1086,0.6,9,30,250,2868,1,229.669908032323
"NSFG 25-44",1086,0.6,10,30,266,3060,3,288.755209337662
"NSFG 25-44",1086,0.6,11,30,295,5301,3,306.755209337662
"NSFG 25-44",1086,0.6,12,30,465,12699,3,477.61669801782
"NSFG 25-44",1086,0.6,13,30,580,17358,1,578.391496235929
"NSFG 25-44",1086,0.6,14,30,406,9024,2,314.23214756544
"NSFG 25-44",1086,0.8,1,30,107,3887,1,47.9354879155589
"NSFG 25-44",1086,0.8,2,30,125,2621,5,90.2390963215746
"NSFG 25-44",1086,0.8,3,30,224,6358,6,190.269469700409
"NSFG 25-44",1086,0.8,4,30,195,2277,4,162.174584237134
"NSFG 25-44",1086,0.8,5,30,479,18411,1,335.419391240031
"NSFG 25-44",1086,0.8,6,30,206,1636,0,224.254283010992
"NSFG 25-44",1086,0.8,7,30,350,9492,1,284.861499823023
"NSFG 25-44",1086,0.8,8,30,470,21972,3,384.891873201857
"NSFG 25-44",1086,0.8,9,30,334,4860,2,353.98104798381
"NSFG 25-44",1086,0.8,10,30,339,4777,2,493.434577929448
"NSFG 25-44",1086,0.8,11,30,876,49406,0,545.593975477164
"NSFG 25-44",1086,0.8,12,30,960,46628,1,856.819830463871
"NSFG 25-44",1086,0.8,13,30,1213,57813,0,1114.54283010992
"NSFG 25-44",1086,0.8,14,30,686,23924,2,485.244807002897
"NSFG 25-44",1086,0.9,1,30,62,400,3,122.136317695667
"NSFG 25-44",1086,0.9,2,30,115,605,0,142.793896515956
"NSFG 25-44",1086,0.9,3,30,314,15952,6,237.446389099541
"NSFG 25-44",1086,0.9,4,30,192,1872,4,222.1635812348
"NSFG 25-44",1086,0.9,5,30,837,48849,0,568.398780613592
"NSFG 25-44",1086,0.9,6,30,239,2233,2,331.131231458963
"NSFG 25-44",1086,0.9,7,30,566,30294,3,440.582706795207
"NSFG 25-44",1086,0.9,8,30,928,57408,1,509.865514659948
"NSFG 25-44",1086,0.9,9,30,399,6261,1,450.18575853723
"NSFG 25-44",1086,0.9,10,30,456,7762,3,650.545270782666
"NSFG 25-44",1086,0.9,11,30,1127,80577,3,740.969482579778
"NSFG 25-44",1086,0.9,12,30,1708,118520,4,1340.90152914701
"NSFG 25-44",1086,0.9,13,30,1331,70111,3,1556.06002414511
"NSFG 25-44",1086,0.9,14,30,901,37491,2,599.984741289889
"NSFG 25-44",1087,0.2,1,30,5,5,25,6.45994643802544
"NSFG 25-44",1087,0.2,2,30,14,46,22,15.127635778573
"NSFG 25-44",1087,0.2,3,30,14,22,19,20.4837107653373
"NSFG 25-44",1087,0.2,4,30,34,104,14,26.7136839843501
"NSFG 25-44",1087,0.2,5,30,45,335,15,36.5772340637637
"NSFG 25-44",1087,0.2,6,30,45,181,15,39.1736304223755
"NSFG 25-44",1087,0.2,7,30,43,155,14,45.0356464909679
"NSFG 25-44",1087,0.2,8,30,54,178,10,53.9333090505281
"NSFG 25-44",1087,0.2,9,30,56,236,13,58.5994643802543
"NSFG 25-44",1087,0.2,10,30,56,222,9,62.7596786281526
"NSFG 25-44",1087,0.2,12,30,55,183,10,83.0387145126104
"NSFG 25-44",1087,0.2,15,30,85,557,7,103.798393140763
"NSFG 25-44",1087,0.4,1,30,19,37,16,15.9210399516948
"NSFG 25-44",1087,0.4,2,30,30,70,13,32.2777510091334
"NSFG 25-44",1087,0.4,3,30,45,133,9,48.8522976194439
"NSFG 25-44",1087,0.4,4,30,49,237,12,62.5949820424194
"NSFG 25-44",1087,0.4,5,30,75,505,11,88.9721285319668
"NSFG 25-44",1087,0.4,6,30,88,408,3,85.0701331723158
"NSFG 25-44",1087,0.4,7,30,78,454,8,99.2484887010352
"NSFG 25-44",1087,0.4,8,30,124,940,7,125.843470743455
"NSFG 25-44",1087,0.4,9,30,179,1849,3,136.318621873351
"NSFG 25-44",1087,0.4,10,30,123,819,6,133.070133172316
"NSFG 25-44",1087,0.4,12,30,176,1556,4,196.280532689263
"NSFG 25-44",1087,0.4,15,30,241,3023,5,245.350665861579
"NSFG 25-44",1087,0.6,1,30,31,95,10,23.4377604668831
"NSFG 25-44",1087,0.6,2,30,53,191,7,56.5426506526694
"NSFG 25-44",1087,0.6,3,30,108,672,4,104.148235416811
"NSFG 25-44",1087,0.6,4,30,106,850,5,99.7929979418469
"NSFG 25-44",1087,0.6,5,30,181,1813,1,160.086690462049
"NSFG 25-44",1087,0.6,6,30,130,882,6,148.481105697907
"NSFG 25-44",1087,0.6,7,30,189,1553,2,180.377604668831
"NSFG 25-44",1087,0.6,8,30,209,1985,2,222.545428966089
"NSFG 25-44",1087,0.6,9,30,224,3044,2,222.419560743145
"NSFG 25-44",1087,0.6,10,30,225,2315,2,216.251736445887
"NSFG 25-44",1087,0.6,12,30,397,6363,1,361.006945783549
"NSFG 25-44",1087,0.6,15,30,404,7056,0,451.258682229436
"NSFG 25-44",1087,0.8,1,30,92,1094,7,63.423156566803
"NSFG 25-44",1087,0.8,2,30,165,3279,4,160.637590190866
"NSFG 25-44",1087,0.8,3,30,146,1586,1,169.149921539622
"NSFG 25-44",1087,0.8,4,30,187,2469,2,201.597740803936
"NSFG 25-44",1087,0.8,5,30,431,9385,2,425.529463392723
"NSFG 25-44",1087,0.8,6,30,242,3754,1,231.294132397921
"NSFG 25-44",1087,0.8,7,30,213,1863,3,242.622403501448
"NSFG 25-44",1087,0.8,8,30,280,3510,2,380.6679635697
"NSFG 25-44",1087,0.8,9,30,383,7677,2,399.036084060157
"NSFG 25-44",1087,0.8,10,30,335,4327,3,324.478192643149
"NSFG 25-44",1087,0.8,12,30,564,11516,1,625.912770572597
"NSFG 25-44",1087,0.8,15,30,530,11544,3,782.390963215746
"NSFG 25-44",1087,0.9,1,30,41,165,3,52.3696847188444
"NSFG 25-44",1087,0.9,2,30,99,751,4,123.766632976822
"NSFG 25-44",1087,0.9,3,30,130,790,1,197.277721628037
"NSFG 25-44",1087,0.9,4,30,186,2096,2,224.277721628037
"NSFG 25-44",1087,0.9,5,30,393,8595,4,441.55035701937
"NSFG 25-44",1087,0.9,6,30,315,6781,5,354.38677578457
"NSFG 25-44",1087,0.9,7,30,285,3097,2,349.674669886015
"NSFG 25-44",1087,0.9,8,30,409,5699,0,433.756460503415
"NSFG 25-44",1087,0.9,9,30,414,8752,1,454.414039323704
"NSFG 25-44",1087,0.9,10,30,389,5403,1,396.848423594223
"NSFG 25-44",1087,0.9,12,30,647,14685,0,831.393694376888
"NSFG 25-44",1087,0.9,15,30,636,15876,4,1039.24211797111
"NSFG 25-44",1088,0.2,1,30,5,5,25,7.01188216365596
"NSFG 25-44",1088,0.2,2,30,18,28,17,15.5875822165984
"NSFG 25-44",1088,0.2,3,30,24,68,19,22.7834429554645
"NSFG 25-44",1088,0.2,4,30,33,263,18,30.0712929819357
"NSFG 25-44",1088,0.2,5,30,31,65,12,37.9110787340375
"NSFG 25-44",1088,0.2,6,30,59,293,10,41.5193572563052
"NSFG 25-44",1088,0.2,7,30,50,188,10,49.3591430084069
"NSFG 25-44",1088,0.2,8,30,51,201,10,54.3012662009484
"NSFG 25-44",1088,0.2,9,30,63,317,10,59.2893840372925
"NSFG 25-44",1088,0.2,11,30,106,638,5,78.4185538266867
"NSFG 25-44",1088,0.4,1,30,16,26,18,17.0102177160544
"NSFG 25-44",1088,0.4,2,30,29,103,14,30.5350665861579
"NSFG 25-44",1088,0.4,3,30,44,318,15,58.2192263929369
"NSFG 25-44",1088,0.4,4,30,112,980,4,91.784946127258
"NSFG 25-44",1088,0.4,5,30,81,389,6,88.5364574262229
"NSFG 25-44",1088,0.4,6,30,131,935,5,103.150484060686
"NSFG 25-44",1088,0.4,7,30,144,1056,1,126.477932810026
"NSFG 25-44",1088,0.4,8,30,92,554,6,131.071524012381
"NSFG 25-44",1088,0.4,9,30,133,833,5,136.318621873351
"NSFG 25-44",1088,0.4,11,30,214,2374,3,190.815599275421
"NSFG 25-44",1088,0.6,1,30,43,331,15,51.8349540161614
"NSFG 25-44",1088,0.6,2,30,43,159,9,60.7720199046896
"NSFG 25-44",1088,0.6,3,30,86,798,9,87.23075840873
"NSFG 25-44",1088,0.6,4,30,108,584,4,127.585995883694
"NSFG 25-44",1088,0.6,5,30,119,965,6,183.650319151875
"NSFG 25-44",1088,0.6,6,30,201,2305,3,197.420949899855
"NSFG 25-44",1088,0.6,7,30,198,2392,6,245.630730271428
"NSFG 25-44",1088,0.6,8,30,266,3010,1,220.732842143795
"NSFG 25-44",1088,0.6,9,30,212,2092,4,228.46151681746
"NSFG 25-44",1088,0.6,11,30,341,4719,2,361.132814006492
"NSFG 25-44",1088,0.8,1,30,59,509,7,87.3586444823619
"NSFG 25-44",1088,0.8,2,30,134,2656,4,135.294132397921
"NSFG 25-44",1088,0.8,3,30,165,3013,3,150.846313133606
"NSFG 25-44",1088,0.8,4,30,162,1170,2,245.244807002897
"NSFG 25-44",1088,0.8,5,30,248,3058,0,255.165108229039
"NSFG 25-44",1088,0.8,6,30,252,3638,5,334.075933447086
"NSFG 25-44",1088,0.8,7,30,407,9047,1,386.235330994802
"NSFG 25-44",1088,0.8,8,30,345,4707,0,351.100596144598
"NSFG 25-44",1088,0.8,9,30,270,2892,1,335.677439577795
"NSFG 25-44",1088,0.8,11,30,484,8596,2,644.151866894172
"NSFG 25-44",1088,0.9,1,30,50,222,4,84.0817906174
"NSFG 25-44",1088,0.9,2,30,111,1095,3,108.967650224163
"NSFG 25-44",1088,0.9,3,30,316,9820,2,222.647406346881
"NSFG 25-44",1088,0.9,4,30,309,10323,1,268.674669886015
"NSFG 25-44",1088,0.9,5,30,351,7339,2,485.947305277348
"NSFG 25-44",1088,0.9,6,30,422,9190,1,512.947305277348
"NSFG 25-44",1088,0.9,7,30,439,9519,2,531.4907437044
"NSFG 25-44",1088,0.9,8,30,406,7010,3,566.947305277348
"NSFG 25-44",1088,0.9,9,30,288,3266,3,422.701933425148
"NSFG 25-44",1088,0.9,11,30,561,10975,1,867.817906174
"NSFG 25-44",1089,0.2,1,30,5,5,25,7.24185538266867
"NSFG 25-44",1089,0.2,2,30,19,43,17,14.8516679157577
"NSFG 25-44",1089,0.2,3,30,17,23,16,21.5875822165984
"NSFG 25-44",1089,0.2,4,30,47,227,13,30.9451912141841
"NSFG 25-44",1089,0.2,5,30,36,144,15,35.841319762923
"NSFG 25-44",1089,0.2,6,30,36,86,10,41.2893840372925
"NSFG 25-44",1089,0.2,7,30,62,220,8,47.9793036943307
"NSFG 25-44",1089,0.2,8,30,51,139,7,49.3798393140763
"NSFG 25-44",1089,0.2,9,30,61,285,11,58.8754322430696
"NSFG 25-44",1089,0.2,10,30,66,328,10,72.4185538266867
"NSFG 25-44",1089,0.2,11,30,51,207,12,77.0387145126104
"NSFG 25-44",1089,0.4,1,30,25,43,12,19.1885732447737
"NSFG 25-44",1089,0.4,2,30,21,57,18,39.2484887010351
"NSFG 25-44",1089,0.4,3,30,47,127,8,48.8522976194439
"NSFG 25-44",1089,0.4,4,30,58,222,10,59.3274487493404
"NSFG 25-44",1089,0.4,5,30,110,710,4,99.8639061755633
"NSFG 25-44",1089,0.4,6,30,112,938,7,103.58615516643
"NSFG 25-44",1089,0.4,7,30,144,1452,7,124.517412834179
"NSFG 25-44",1089,0.4,8,30,106,594,5,102.535066586158
"NSFG 25-44",1089,0.4,9,30,116,930,7,129.783555287193
"NSFG 25-44",1089,0.4,10,30,175,1865,5,178.379928169677
"NSFG 25-44",1089,0.4,11,30,196,2282,5,184.280532689263
"NSFG 25-44",1089,0.6,1,30,18,30,16,26.4587385040404
"NSFG 25-44",1089,0.6,2,30,82,832,5,83.7314529870849
"NSFG 25-44",1089,0.6,3,30,115,817,3,84.8139759790041
"NSFG 25-44",1089,0.6,4,30,148,1366,7,121.544039809379
"NSFG 25-44",1089,0.6,5,30,150,1320,2,180.629341114718
"NSFG 25-44",1089,0.6,6,30,269,3843,1,193.191580647835
"NSFG 25-44",1089,0.6,7,30,277,4817,3,245.630730271428
"NSFG 25-44",1089,0.6,8,30,119,757,6,162.125868222944
"NSFG 25-44",1089,0.6,9,30,269,3239,4,224.23214756544
"NSFG 25-44",1089,0.6,10,30,393,7281,4,345.549596436218
"NSFG 25-44",1089,0.6,11,30,412,8196,0,343.006945783549
"NSFG 25-44",1089,0.8,1,30,66,1236,5,73.2789457085037
"NSFG 25-44",1089,0.8,2,30,150,3240,6,160.637590190866
"NSFG 25-44",1089,0.8,3,30,132,1008,4,132.54270472759
"NSFG 25-44",1089,0.8,4,30,198,2544,2,203.005710681322
"NSFG 25-44",1089,0.8,5,30,280,4498,2,300.220144305385
"NSFG 25-44",1089,0.8,6,30,297,5379,2,348.155632220944
"NSFG 25-44",1089,0.8,7,30,438,10932,1,424.250517684219
"NSFG 25-44",1089,0.8,8,30,181,1479,5,234.239096321575
"NSFG 25-44",1089,0.8,9,30,357,5683,4,359.612927493354
"NSFG 25-44",1089,0.8,10,30,556,14750,4,608.888107875085
"NSFG 25-44",1089,0.8,11,30,733,21669,1,601.912770572597
"NSFG 25-44",1089,0.9,1,30,114,2840,3,98.8807733700592
"NSFG 25-44",1089,0.9,2,30,142,2790,2,161.821160055089
"NSFG 25-44",1089,0.9,3,30,208,3168,1,186.707019661852
"NSFG 25-44",1089,0.9,4,30,302,5538,0,300.38677578457
"NSFG 25-44",1089,0.9,5,30,328,6868,6,447.892778199081
"NSFG 25-44",1089,0.9,6,30,485,12055,2,489.69176095174
"NSFG 25-44",1089,0.9,7,30,497,11873,0,476.523093480237
"NSFG 25-44",1089,0.9,8,30,231,2003,3,279.424211797111
"NSFG 25-44",1089,0.9,9,30,459,8087,2,464.984741289889
"NSFG 25-44",1089,0.9,10,30,918,31872,2,836.589625387526
"NSFG 25-44",1089,0.9,11,30,1061,40913,1,804.393694376888
"NSFG 25-44",1090,0.2,1,30,4,4,26,6.78190894464324
"NSFG 25-44",1090,0.2,2,30,10,12,21,14.115753614917
"NSFG 25-44",1090,0.2,3,30,37,103,12,21.127635778573
"NSFG 25-44",1090,0.2,4,30,24,46,14,27.6795715042035
"NSFG 25-44",1090,0.2,5,30,45,119,8,32.9436572033628
"NSFG 25-44",1090,0.2,6,30,47,175,13,41.3813733248976
"NSFG 25-44",1090,0.2,7,30,51,183,10,52.8087412935977
"NSFG 25-44",1090,0.2,8,30,46,140,11,52.9674215306747
"NSFG 25-44",1090,0.2,9,30,76,508,8,67.0624788399223
"NSFG 25-44",1090,0.2,10,30,69,375,11,66.0712929819357
"NSFG 25-44",1090,0.2,12,30,87,467,7,91.3177503970682
"NSFG 25-44",1090,0.2,14,30,110,946,8,106.077429025221
"NSFG 25-44",1090,0.2,15,30,107,729,6,102.418553826687
"NSFG 25-44",1090,0.4,1,30,19,91,19,18.9707376919018
"NSFG 25-44",1090,0.4,2,30,33,121,14,34.6739420907246
"NSFG 25-44",1090,0.4,3,30,40,108,11,47.3274487493404
"NSFG 25-44",1090,0.4,4,30,89,1085,8,70.8727330515527
"NSFG 25-44",1090,0.4,5,30,132,2178,8,88.9721285319668
"NSFG 25-44",1090,0.4,6,30,80,458,7,99.6651152147352
"NSFG 25-44",1090,0.4,7,30,191,2771,5,143.469105934037
"NSFG 25-44",1090,0.4,8,30,102,644,6,118.437061945809
"NSFG 25-44",1090,0.4,9,30,146,1484,5,184.67811461092
"NSFG 25-44",1090,0.4,10,30,158,1212,2,152.67533293079
"NSFG 25-44",1090,0.4,12,30,177,2251,8,235.490932206211
"NSFG 25-44",1090,0.4,14,30,291,4883,3,272.561065378527
"NSFG 25-44",1090,0.4,15,30,183,2143,8,238.815599275421
"NSFG 25-44",1090,0.6,1,30,47,751,10,29.4797165411977
"NSFG 25-44",1090,0.6,2,30,68,410,5,58.9594330823953
"NSFG 25-44",1090,0.6,3,30,83,457,7,96.8978881276332
"NSFG 25-44",1090,0.6,4,30,127,763,4,117.314670557359
"NSFG 25-44",1090,0.6,5,30,108,826,7,136.523061772222
"NSFG 25-44",1090,0.6,6,30,225,3983,5,204.671297189033
"NSFG 25-44",1090,0.6,7,30,336,5772,2,265.569185316666
"NSFG 25-44",1090,0.6,8,30,180,1618,5,200.794387098557
"NSFG 25-44",1090,0.6,9,30,389,10213,3,361.988746059811
"NSFG 25-44",1090,0.6,10,30,303,4263,0,259.753820180952
"NSFG 25-44",1090,0.6,12,30,292,4344,5,469.76215512121
"NSFG 25-44",1090,0.6,14,30,535,14681,3,542.013891567098
"NSFG 25-44",1090,0.6,15,30,380,7082,2,433.132814006493
"NSFG 25-44",1090,0.8,1,30,113,2533,3,76.0948854632753
"NSFG 25-44",1090,0.8,2,30,120,1220,4,107.134734850204
"NSFG 25-44",1090,0.8,3,30,228,6728,4,266.299843079243
"NSFG 25-44",1090,0.8,4,30,161,1325,3,207.22962031348
"NSFG 25-44",1090,0.8,5,30,315,11419,2,242.493379332566
"NSFG 25-44",1090,0.8,6,30,288,4408,5,325.628114182771
"NSFG 25-44",1090,0.8,7,30,603,18137,2,574.903294564502
"NSFG 25-44",1090,0.8,8,30,463,10227,2,344.060746757668
"NSFG 25-44",1090,0.8,9,30,697,25819,2,738.35682451014
"NSFG 25-44",1090,0.8,10,30,492,10678,3,493.434577929448
"NSFG 25-44",1090,0.8,12,30,641,15523,1,879.347348502044
"NSFG 25-44",1090,0.8,14,30,1300,73804,3,1011.82554114519
"NSFG 25-44",1090,0.8,15,30,690,18816,1,740.151866894171
"NSFG 25-44",1090,0.9,1,30,85,1295,1,71.3969482579778
"NSFG 25-44",1090,0.9,2,30,133,1655,2,168.1635812348
"NSFG 25-44",1090,0.9,3,30,325,9635,1,245.902950672489
"NSFG 25-44",1090,0.9,4,30,189,1657,2,239.076704380696
"NSFG 25-44",1090,0.9,5,30,423,19913,1,337.957477750756
"NSFG 25-44",1090,0.9,6,30,457,15831,1,430.495829941104
"NSFG 25-44",1090,0.9,7,30,922,43198,3,637.197763366252
"NSFG 25-44",1090,0.9,8,30,500,11784,2,448.555443256074
"NSFG 25-44",1090,0.9,9,30,821,27715,1,803.247204207815
"NSFG 25-44",1090,0.9,10,30,640,15708,0,625.175586063822
"NSFG 25-44",1090,0.9,12,30,756,20408,1,1211.93896515956
"NSFG 25-44",1090,0.9,14,30,2005,142703,0,1392.78738875378
"NSFG 25-44",1090,0.9,15,30,809,22915,0,975.817906173999
"NSFG 25-44",1091,0.2,1,30,9,9,21,6.91989287605087
"NSFG 25-44",1091,0.2,2,30,15,29,20,14.4377161215348
"NSFG 25-44",1091,0.2,3,30,24,100,19,20.8976625595602
"NSFG 25-44",1091,0.2,4,30,38,94,11,28.0935232984264
"NSFG 25-44",1091,0.2,5,30,38,114,14,36.5772340637637
"NSFG 25-44",1091,0.2,6,30,29,115,18,43.7730948026298
"NSFG 25-44",1091,0.2,7,30,65,281,10,46.4154858050442
"NSFG 25-44",1091,0.2,8,30,43,193,12,53.5193572563052
"NSFG 25-44",1091,0.2,9,30,49,179,10,58.1395179422289
"NSFG 25-44",1091,0.2,10,30,56,280,13,71.0387145126104
"NSFG 25-44",1091,0.4,1,30,15,27,18,15.049697740207
"NSFG 25-44",1091,0.4,2,30,29,321,21,36.634462066572
"NSFG 25-44",1091,0.4,3,30,54,216,9,64.9721285319668
"NSFG 25-44",1091,0.4,4,30,69,297,7,69.1300486285773
"NSFG 25-44",1091,0.4,5,30,104,766,8,87.4472796618633
"NSFG 25-44",1091,0.4,6,30,96,656,8,110.121221752588
"NSFG 25-44",1091,0.4,7,30,92,466,8,108.179746368784
"NSFG 25-44",1091,0.4,8,30,145,1071,4,132.596372882484
"NSFG 25-44",1091,0.4,9,30,141,983,3,127.605199758474
"NSFG 25-44",1091,0.4,10,30,160,1348,2,172.280532689263
"NSFG 25-44",1091,0.6,1,30,21,29,12,21.6251736445887
"NSFG 25-44",1091,0.6,2,30,43,97,7,48.0839121486291
"NSFG 25-44",1091,0.6,3,30,71,335,6,98.1062793424961
"NSFG 25-44",1091,0.6,4,30,170,1638,2,151.14962457352
"NSFG 25-44",1091,0.6,5,30,102,682,8,161.295081676912
"NSFG 25-44",1091,0.6,6,30,215,2579,4,205.879688403895
"NSFG 25-44",1091,0.6,7,30,198,1644,1,177.356626631674
"NSFG 25-44",1091,0.6,8,30,191,1609,0,209.857321210028
"NSFG 25-44",1091,0.6,9,30,217,1937,1,216.377604668831
"NSFG 25-44",1091,0.6,10,30,295,3597,3,325.006945783549
"NSFG 25-44",1091,0.8,1,30,43,221,9,49.3434577929448
"NSFG 25-44",1091,0.8,2,30,107,1207,5,98.6869155858895
"NSFG 25-44",1091,0.8,3,30,117,1009,0,115.64706619896
"NSFG 25-44",1091,0.8,4,30,277,4377,2,295.931722588786
"NSFG 25-44",1091,0.8,5,30,268,3484,3,335.419391240031
"NSFG 25-44",1091,0.8,6,30,375,7423,1,387.578788787747
"NSFG 25-44",1091,0.8,7,30,325,5631,3,293.309319087338
"NSFG 25-44",1091,0.8,8,30,352,6314,2,429.946909278204
"NSFG 25-44",1091,0.8,9,30,248,2644,5,342.717288964724
"NSFG 25-44",1091,0.8,10,30,388,5918,0,577.912770572597
"NSFG 25-44",1091,0.9,1,30,45,149,2,50.2555443256074
"NSFG 25-44",1091,0.9,2,30,152,2526,2,166.049440841563
"NSFG 25-44",1091,0.9,3,30,227,3977,3,256.473652638674
"NSFG 25-44",1091,0.9,4,30,377,8525,3,403.979655053185
"NSFG 25-44",1091,0.9,5,30,326,5098,1,369.669583649311
"NSFG 25-44",1091,0.9,6,30,291,4755,2,400.897864435785
"NSFG 25-44",1091,0.9,7,30,373,7611,3,394.071618143993
"NSFG 25-44",1091,0.9,8,30,508,12324,1,594.431130389429
"NSFG 25-44",1091,0.9,9,30,317,3731,3,433.272635391333
"NSFG 25-44",1091,0.9,10,30,501,8691,1,777.393694376889
"NSFG 25-44",1092,0.2,1,30,7,7,23,7.65580717689157
"NSFG 25-44",1092,0.2,2,30,10,10,20,17.8873144067256
"NSFG 25-44",1092,0.2,3,30,32,66,11,22.3234965174391
"NSFG 25-44",1092,0.2,4,30,39,115,12,25.1958607388661
"NSFG 25-44",1092,0.2,5,30,33,123,17,37.2211590769993
"NSFG 25-44",1092,0.2,6,30,30,72,14,41.335378681095
"NSFG 25-44",1092,0.2,7,30,45,139,11,44.621694696745
"NSFG 25-44",1092,0.2,8,30,59,227,5,58.7167520059926
"NSFG 25-44",1092,0.2,9,30,57,213,10,55.3798393140763
"NSFG 25-44",1092,0.2,10,30,81,515,7,76.5580717689157
"NSFG 25-44",1092,0.2,11,30,95,633,7,90.8371076533734
"NSFG 25-44",1092,0.4,1,30,18,48,17,15.267533293079
"NSFG 25-44",1092,0.4,2,30,33,95,14,33.366928773493
"NSFG 25-44",1092,0.4,3,30,44,110,8,50.3771464895474
"NSFG 25-44",1092,0.4,4,30,97,1125,8,66.2981864412422
"NSFG 25-44",1092,0.4,5,30,93,593,6,99.6460706226914
"NSFG 25-44",1092,0.4,6,30,103,805,7,119.923821631825
"NSFG 25-44",1092,0.4,7,30,79,341,7,95.1096131964685
"NSFG 25-44",1092,0.4,8,30,153,1495,5,149.587546006495
"NSFG 25-44",1092,0.4,9,30,130,842,5,114.535066586158
"NSFG 25-44",1092,0.4,10,30,226,3014,4,198.420799033895
"NSFG 25-44",1092,0.4,11,30,288,4506,3,249.631198550843
"NSFG 25-44",1092,0.6,1,30,19,23,13,35.5216726155122
"NSFG 25-44",1092,0.6,2,30,83,1103,7,84.3356485945163
"NSFG 25-44",1092,0.6,3,30,169,3309,5,112.00277831342
"NSFG 25-44",1092,0.6,4,30,122,810,2,112.481105697907
"NSFG 25-44",1092,0.6,5,30,192,2374,1,169.753820180952
"NSFG 25-44",1092,0.6,6,30,224,2612,3,202.858710366738
"NSFG 25-44",1092,0.6,7,30,138,828,3,151.376215512121
"NSFG 25-44",1092,0.6,8,30,294,5106,5,316.195748117964
"NSFG 25-44",1092,0.6,9,30,205,2459,1,180.125868222944
"NSFG 25-44",1092,0.6,10,30,374,6658,5,397.510418675324
"NSFG 25-44",1092,0.6,11,30,371,7805,5,524.265628012985
"NSFG 25-44",1092,0.8,1,30,68,1724,9,67.6470661989604
"NSFG 25-44",1092,0.8,2,30,74,412,4,150.781801049165
"NSFG 25-44",1092,0.8,3,30,216,4232,3,162.110072152693
"NSFG 25-44",1092,0.8,4,30,202,3530,3,274.812174427999
"NSFG 25-44",1092,0.8,5,30,337,6667,2,324.155632220944
"NSFG 25-44",1092,0.8,6,30,401,7017,1,419.962095967621
"NSFG 25-44",1092,0.8,7,30,206,1700,3,231.358644482362
"NSFG 25-44",1092,0.8,8,30,532,14408,2,593.271415054959
"NSFG 25-44",1092,0.8,9,30,398,7466,4,258.239096321575
"NSFG 25-44",1092,0.8,10,30,517,12189,4,746.869155858896
"NSFG 25-44",1092,0.8,11,30,947,36187,1,1024.30373378834
"NSFG 25-44",1092,0.9,1,30,71,1665,6,84.0817906174
"NSFG 25-44",1092,0.9,2,30,162,3432,3,174.506002414511
"NSFG 25-44",1092,0.9,3,30,258,7068,1,241.674669886015
"NSFG 25-44",1092,0.9,4,30,312,7642,2,376.495829941104
"NSFG 25-44",1092,0.9,5,30,424,9912,1,435.207935839659
"NSFG 25-44",1092,0.9,6,30,347,5459,1,460.093795446422
"NSFG 25-44",1092,0.9,7,30,220,1750,1,265.109054156533
"NSFG 25-44",1092,0.9,8,30,635,19587,0,791.046186960474
"NSFG 25-44",1092,0.9,9,30,585,12763,1,306.424211797111
"NSFG 25-44",1092,0.9,10,30,726,19990,2,1031.09054156533
"NSFG 25-44",1092,0.9,11,30,1215,55417,1,1438.635812348
"NSFG 25-44",1093,0.2,1,30,5,7,26,6.27596786281526
"NSFG 25-44",1093,0.2,2,30,12,16,20,13.1958607388661
"NSFG 25-44",1093,0.2,3,30,28,136,18,20.6676893405475
"NSFG 25-44",1093,0.2,4,30,44,130,10,27.0816411347704
"NSFG 25-44",1093,0.2,5,30,32,102,16,33.7715607918086
"NSFG 25-44",1093,0.2,6,30,33,85,13,41.9333090505281
"NSFG 25-44",1093,0.2,7,30,31,87,15,45.7715607918086
"NSFG 25-44",1093,0.2,8,30,28,70,15,50.7596786281526
"NSFG 25-44",1093,0.2,9,30,62,220,8,60.8991965703815
"NSFG 25-44",1093,0.2,11,30,55,199,9,75.6588751985341
"NSFG 25-44",1093,0.2,12,30,72,406,11,76.1395179422289
"NSFG 25-44",1093,0.4,1,30,15,29,19,15.267533293079
"NSFG 25-44",1093,0.4,2,30,31,59,10,27.9210399516948
"NSFG 25-44",1093,0.4,3,30,83,619,11,53.2090086768825
"NSFG 25-44",1093,0.4,4,30,75,297,5,63.2484887010351
"NSFG 25-44",1093,0.4,5,30,54,200,9,79.8230353113457
"NSFG 25-44",1093,0.4,6,30,93,531,6,109.467715093972
"NSFG 25-44",1093,0.4,7,30,99,699,5,100.555502018267
"NSFG 25-44",1093,0.4,8,30,134,880,3,109.070133172316
"NSFG 25-44",1093,0.4,9,30,144,1230,6,149.388755045667
"NSFG 25-44",1093,0.4,11,30,187,1747,3,177.745466103105
"NSFG 25-44",1093,0.4,12,30,168,1534,6,163.605199758474
"NSFG 25-44",1093,0.6,1,30,24,44,12,36.7300638303751
"NSFG 25-44",1093,0.6,2,30,65,321,9,56.5426506526694
"NSFG 25-44",1093,0.6,3,30,73,279,4,79.3762155121211
"NSFG 25-44",1093,0.6,4,30,89,373,3,117.91886616479
"NSFG 25-44",1093,0.6,5,30,148,1948,5,157.065712424891
"NSFG 25-44",1093,0.6,6,30,161,1565,9,205.879688403895
"NSFG 25-44",1093,0.6,7,30,141,1121,4,171.314670557359
"NSFG 25-44",1093,0.6,8,30,147,1053,3,180.251736445887
"NSFG 25-44",1093,0.6,9,30,306,3668,1,262.296470833621
"NSFG 25-44",1093,0.6,11,30,320,4694,4,324.881077560605
"NSFG 25-44",1093,0.6,12,30,256,3086,3,270.377604668831
"NSFG 25-44",1093,0.8,1,30,32,56,7,53.5673674251022
"NSFG 25-44",1093,0.8,2,30,65,271,4,81.7912770572597
"NSFG 25-44",1093,0.8,3,30,123,1243,3,146.622403501449
"NSFG 25-44",1093,0.8,4,30,202,2874,3,271.996234673228
"NSFG 25-44",1093,0.8,5,30,252,4282,3,265.02089737074
"NSFG 25-44",1093,0.8,6,30,294,3796,1,366.45924062696
"NSFG 25-44",1093,0.8,7,30,262,2924,2,303.165108229039
"NSFG 25-44",1093,0.8,8,30,244,2188,1,276.478192643149
"NSFG 25-44",1093,0.8,9,30,391,8555,3,415.931722588787
"NSFG 25-44",1093,0.8,11,30,501,9941,1,559.673674251022
"NSFG 25-44",1093,0.8,12,30,366,5082,2,414.717288964724
"NSFG 25-44",1093,0.9,1,30,28,30,3,39.6848423594222
"NSFG 25-44",1093,0.9,2,30,163,2485,2,155.478738875378
"NSFG 25-44",1093,0.9,3,30,182,2458,1,250.131231458963
"NSFG 25-44",1093,0.9,4,30,281,5705,2,285.587793031911
"NSFG 25-44",1093,0.9,5,30,267,3459,2,329.500916177807
"NSFG 25-44",1093,0.9,6,30,368,5958,2,472.778637805844
"NSFG 25-44",1093,0.9,7,30,321,4369,1,347.560529492778
"NSFG 25-44",1093,0.9,8,30,257,2351,1,342.848423594222
"NSFG 25-44",1093,0.9,9,30,591,15481,0,560.121058985555
"NSFG 25-44",1093,0.9,11,30,588,13286,3,740.969482579778
"NSFG 25-44",1093,0.9,12,30,453,7097,1,514.272635391333
"NSFG 25-44",1094,0.2,1,30,11,53,25,7.01188216365596
"NSFG 25-44",1094,0.2,2,30,11,13,20,13.2878500264712
"NSFG 25-44",1094,0.2,3,30,18,38,19,20.5757000529424
"NSFG 25-44",1094,0.2,4,30,25,57,16,26.2537375463246
"NSFG 25-44",1094,0.2,5,30,35,123,13,35.3813733248976
"NSFG 25-44",1094,0.2,6,30,55,457,13,44.0030680216426
"NSFG 25-44",1094,0.2,7,30,56,252,13,48.8991965703815
"NSFG 25-44",1094,0.2,8,30,43,151,13,55.9110787340375
"NSFG 25-44",1094,0.2,9,30,50,176,12,60.6232287075662
"NSFG 25-44",1094,0.2,10,30,43,187,13,68.0030680216426
"NSFG 25-44",1094,0.2,12,30,67,319,6,81.6588751985341
"NSFG 25-44",1094,0.4,1,30,16,36,20,16.3567110574386
"NSFG 25-44",1094,0.4,2,30,17,29,18,32.4955865620053
"NSFG 25-44",1094,0.4,3,30,63,295,10,51.684159806779
"NSFG 25-44",1094,0.4,4,30,61,223,9,60.8522976194439
"NSFG 25-44",1094,0.4,5,30,69,289,6,86.1402663446317
"NSFG 25-44",1094,0.4,6,30,94,570,7,111.210399516948
"NSFG 25-44",1094,0.4,7,30,122,962,5,107.526239710168
"NSFG 25-44",1094,0.4,8,30,165,1437,4,126.061306296326
"NSFG 25-44",1094,0.4,9,30,124,910,9,150.695768362898
"NSFG 25-44",1094,0.4,10,30,176,1692,4,157.903386199716
"NSFG 25-44",1094,0.4,12,30,204,1960,2,189.745466103105
"NSFG 25-44",1094,0.6,1,30,53,1313,12,32.5006945783549
"NSFG 25-44",1094,0.6,2,30,78,1378,11,55.938455045238
"NSFG 25-44",1094,0.6,3,30,60,220,7,80.584606726984
"NSFG 25-44",1094,0.6,4,30,94,430,5,103.418171586436
"NSFG 25-44",1094,0.6,5,30,143,1127,2,146.190191491125
"NSFG 25-44",1094,0.6,6,30,247,3823,2,227.630730271428
"NSFG 25-44",1094,0.6,7,30,178,1812,6,198.503472891774
"NSFG 25-44",1094,0.6,8,30,208,2458,4,247.317448870779
"NSFG 25-44",1094,0.6,9,30,243,2861,4,258.671297189033
"NSFG 25-44",1094,0.6,10,30,298,4280,2,268.816754292424
"NSFG 25-44",1094,0.6,12,30,305,4283,2,342.881077560605
"NSFG 25-44",1094,0.8,1,30,39,157,7,42.3036084060156
"NSFG 25-44",1094,0.8,2,30,120,3770,7,86.0151866894171
"NSFG 25-44",1094,0.8,3,30,142,1124,0,138.174584237134
"NSFG 25-44",1094,0.8,4,30,179,3487,5,179.070222765763
"NSFG 25-44",1094,0.8,5,30,323,6429,2,370.618638174676
"NSFG 25-44",1094,0.8,6,30,475,13863,0,369.275180381731
"NSFG 25-44",1094,0.8,7,30,402,11364,1,394.683150259117
"NSFG 25-44",1094,0.8,8,30,306,4820,2,410.235330994802
"NSFG 25-44",1094,0.8,9,30,368,5618,2,438.45924062696
"NSFG 25-44",1094,0.8,10,30,427,8065,4,523.00194535455
"NSFG 25-44",1094,0.8,12,30,474,8282,1,583.673674251022
"NSFG 25-44",1094,0.9,1,30,147,3021,2,141.1635812348
"NSFG 25-44",1094,0.9,2,30,97,469,1,94.1686674715037
"NSFG 25-44",1094,0.9,3,30,153,1755,5,233.218108313067
"NSFG 25-44",1094,0.9,4,30,268,7302,2,277.131231458963
"NSFG 25-44",1094,0.9,5,30,330,6844,5,384.46856640197
"NSFG 25-44",1094,0.9,6,30,424,14038,4,483.349339772029
"NSFG 25-44",1094,0.9,7,30,564,19658,2,599.143236287985
"NSFG 25-44",1094,0.9,8,30,373,6563,1,507.751374266711
"NSFG 25-44",1094,0.9,9,30,438,7622,2,610.860428423244
"NSFG 25-44",1094,0.9,10,30,531,11097,2,599.805901344978
"NSFG 25-44",1094,0.9,12,30,537,10495,1,767.969482579778
"NSFG 25-44",1095,0.2,1,30,5,5,25,7.33384467027376
"NSFG 25-44",1095,0.2,2,30,18,32,18,13.103871451261
"NSFG 25-44",1095,0.2,3,30,11,13,20,19.9317750397068
"NSFG 25-44",1095,0.2,4,30,20,104,22,28.2775018736365
"NSFG 25-44",1095,0.2,5,30,36,90,11,34.0935232984264
"NSFG 25-44",1095,0.2,6,30,37,105,11,43.4971269398146
"NSFG 25-44",1095,0.2,7,30,47,173,10,46.1395179422289
"NSFG 25-44",1095,0.2,8,30,61,265,11,55.0831751455917
"NSFG 25-44",1095,0.2,9,30,41,125,10,59.4273679687001
"NSFG 25-44",1095,0.2,13,30,105,725,6,91.798393140763
"NSFG 25-44",1095,0.4,1,30,14,34,20,17.8815599275421
"NSFG 25-44",1095,0.4,2,30,30,74,13,35.9809554079562
"NSFG 25-44",1095,0.4,3,30,45,161,11,46.4561065378527
"NSFG 25-44",1095,0.4,4,30,39,99,11,60.4166265137001
"NSFG 25-44",1095,0.4,5,30,64,322,8,88.9721285319668
"NSFG 25-44",1095,0.4,6,30,79,361,8,110.774728411204
"NSFG 25-44",1095,0.4,7,30,125,855,6,103.605199758474
"NSFG 25-44",1095,0.4,8,30,156,1292,3,136.081741728435
"NSFG 25-44",1095,0.4,9,30,173,1921,5,142.418017353765
"NSFG 25-44",1095,0.4,13,30,277,3919,3,221.350665861579
"NSFG 25-44",1095,0.6,1,30,23,47,14,28.8755209337662
"NSFG 25-44",1095,0.6,2,30,39,105,11,73.4601276607501
"NSFG 25-44",1095,0.6,3,30,78,584,11,83.6055847641412
"NSFG 25-44",1095,0.6,4,30,120,2018,3,115.502083735065
"NSFG 25-44",1095,0.6,5,30,129,971,4,131.68949691277
"NSFG 25-44",1095,0.6,6,30,172,2042,5,205.879688403895
"NSFG 25-44",1095,0.6,7,30,174,1334,1,180.377604668831
"NSFG 25-44",1095,0.6,8,30,251,3061,3,235.837732329581
"NSFG 25-44",1095,0.6,9,30,270,3840,3,267.130035693073
"NSFG 25-44",1095,0.6,13,30,435,9025,3,415.258682229436
"NSFG 25-44",1095,0.8,1,30,102,1564,3,66.2390963215746
"NSFG 25-44",1095,0.8,2,30,102,1186,3,139.518042030078
"NSFG 25-44",1095,0.8,3,30,158,2554,2,124.094885463275
"NSFG 25-44",1095,0.8,4,30,212,3436,1,214.269469700409
"NSFG 25-44",1095,0.8,5,30,204,2072,3,242.493379332566
"NSFG 25-44",1095,0.8,6,30,391,7701,1,407.290367071148
"NSFG 25-44",1095,0.8,7,30,342,4640,3,294.717288964724
"NSFG 25-44",1095,0.8,8,30,364,6036,2,425.722999646046
"NSFG 25-44",1095,0.8,9,30,850,40812,1,494.778035722393
"NSFG 25-44",1095,0.8,13,30,1108,51968,2,734.390963215746
"NSFG 25-44",1095,0.9,1,30,56,294,2,56.5979655053185
"NSFG 25-44",1095,0.9,2,30,238,7848,3,182.962563987459
"NSFG 25-44",1095,0.9,3,30,99,451,5,138.0817906174
"NSFG 25-44",1095,0.9,4,30,299,8041,2,334.213022076363
"NSFG 25-44",1095,0.9,5,30,306,5306,2,403.495829941104
"NSFG 25-44",1095,0.9,6,30,412,8914,4,597.51292100683
"NSFG 25-44",1095,0.9,7,30,349,5167,4,379.272635391333
"NSFG 25-44",1095,0.9,8,30,445,7565,1,533.121058985555
"NSFG 25-44",1095,0.9,9,30,824,45524,2,560.121058985555
"NSFG 25-44",1095,0.9,13,30,1401,79285,1,985.24211797111
"NSFG 25-44",1096,0.2,1,30,11,17,21,7.33384467027376
"NSFG 25-44",1096,0.2,2,30,10,12,21,13.3338446702738
"NSFG 25-44",1096,0.2,3,30,14,20,19,20.2537375463246
"NSFG 25-44",1096,0.2,4,30,28,66,12,30.0712929819357
"NSFG 25-44",1096,0.2,5,30,46,282,16,36.6232287075663
"NSFG 25-44",1096,0.2,6,30,40,140,11,40.0935232984264
"NSFG 25-44",1096,0.2,7,30,52,304,15,52.4867787869799
"NSFG 25-44",1096,0.2,8,30,29,79,16,55.5431215836171
"NSFG 25-44",1096,0.2,9,30,51,231,12,66.4185538266868
"NSFG 25-44",1096,0.2,10,30,68,350,8,67.2671537208019
"NSFG 25-44",1096,0.2,13,30,123,1087,7,104.21694696745
"NSFG 25-44",1096,0.2,14,30,83,401,4,108.837107653373
"NSFG 25-44",1096,0.4,1,30,20,110,19,19.6242443505176
"NSFG 25-44",1096,0.4,2,30,30,98,13,28.1388755045667
"NSFG 25-44",1096,0.4,3,30,74,628,12,51.2484887010351
"NSFG 25-44",1096,0.4,4,30,93,1151,9,65.4268442297545
"NSFG 25-44",1096,0.4,5,30,89,557,6,89.6256351905826
"NSFG 25-44",1096,0.4,6,30,78,352,7,87.9019953596509
"NSFG 25-44",1096,0.4,7,30,121,1151,6,138.894559323727
"NSFG 25-44",1096,0.4,8,30,98,554,8,127.150484060686
"NSFG 25-44",1096,0.4,9,30,109,959,7,166.815599275421
"NSFG 25-44",1096,0.4,10,30,155,1499,5,151.150484060686
"NSFG 25-44",1096,0.4,13,30,345,6489,4,280.166265137
"NSFG 25-44",1096,0.4,14,30,292,5100,3,285.631198550843
"NSFG 25-44",1096,0.6,1,30,24,36,10,31.8964989709234
"NSFG 25-44",1096,0.6,2,30,36,78,11,45.0629341114718
"NSFG 25-44",1096,0.6,3,30,110,1376,3,98.7104749499276
"NSFG 25-44",1096,0.6,4,30,172,3412,2,119.127257379653
"NSFG 25-44",1096,0.6,5,30,108,688,8,155.253125602597
"NSFG 25-44",1096,0.6,6,30,124,794,3,164.190191491125
"NSFG 25-44",1096,0.6,7,30,337,8571,6,309.675464659162
"NSFG 25-44",1096,0.6,8,30,221,2463,2,232.816754292424
"NSFG 25-44",1096,0.6,9,30,292,4306,1,325.132814006492
"NSFG 25-44",1096,0.6,10,30,216,2920,6,268.816754292424
"NSFG 25-44",1096,0.6,13,30,616,21700,3,578.391496235929
"NSFG 25-44",1096,0.6,14,30,683,19647,2,578.265628012985
"NSFG 25-44",1096,0.8,1,30,32,46,4,40.8956385286298
"NSFG 25-44",1096,0.8,2,30,126,3846,4,116.990523991905
"NSFG 25-44",1096,0.8,3,30,208,5120,3,157.886162520535
"NSFG 25-44",1096,0.8,4,30,162,1896,4,226.941198596881
"NSFG 25-44",1096,0.8,5,30,490,19076,1,355.130969523432
"NSFG 25-44",1096,0.8,6,30,236,2534,2,319.996234673228
"NSFG 25-44",1096,0.8,7,30,521,15801,1,518.584499469069
"NSFG 25-44",1096,0.8,8,30,377,6643,3,427.130969523432
"NSFG 25-44",1096,0.8,9,30,456,9872,3,596.151866894172
"NSFG 25-44",1096,0.8,10,30,474,13422,3,476.538939400818
"NSFG 25-44",1096,0.8,13,30,1063,47197,1,1114.54283010992
"NSFG 25-44",1096,0.8,14,30,903,34469,3,1096.30373378834
"NSFG 25-44",1096,0.9,1,30,94,3400,4,81.967650224163
"NSFG 25-44",1096,0.9,2,30,113,1191,1,153.364598482141
"NSFG 25-44",1096,0.9,3,30,390,10826,2,324.126145222259
"NSFG 25-44",1096,0.9,4,30,453,20617,0,338.441302862837
"NSFG 25-44",1096,0.9,5,30,517,24557,2,268.190844773933
"NSFG 25-44",1096,0.9,6,30,280,3378,3,392.441302862837
"NSFG 25-44",1096,0.9,7,30,753,35691,1,709.078536736311
"NSFG 25-44",1096,0.9,8,30,408,7690,2,533.121058985555
"NSFG 25-44",1096,0.9,9,30,706,19498,2,813.817906173999
"NSFG 25-44",1096,0.9,10,30,713,23277,0,589.235199378792
"NSFG 25-44",1096,0.9,13,30,1566,103014,3,1556.06002414511
"NSFG 25-44",1096,0.9,14,30,1257,57591,2,1519.635812348
"NSFG 25-44",1097,0.2,1,30,8,8,22,7.28785002647122
"NSFG 25-44",1097,0.2,2,30,17,29,18,13.7477964644967
"NSFG 25-44",1097,0.2,3,30,16,30,20,22.1395179422289
"NSFG 25-44",1097,0.2,4,30,23,45,15,28.0475286546238
"NSFG 25-44",1097,0.2,5,30,33,127,13,35.5653519001078
"NSFG 25-44",1097,0.2,6,30,22,46,17,42.8072072827764
"NSFG 25-44",1097,0.2,7,30,48,150,11,45.0356464909678
"NSFG 25-44",1097,0.2,8,30,57,199,7,53.1054054620823
"NSFG 25-44",1097,0.2,9,30,66,280,9,57.2656197099806
"NSFG 25-44",1097,0.2,10,30,45,163,11,75.1782324548394
"NSFG 25-44",1097,0.4,1,30,8,8,22,16.5745466103106
"NSFG 25-44",1097,0.4,2,30,31,123,15,47.3084041572966
"NSFG 25-44",1097,0.4,3,30,53,201,9,52.5555020182667
"NSFG 25-44",1097,0.4,4,30,45,195,13,68.2587064170896
"NSFG 25-44",1097,0.4,5,30,88,920,14,81.7835552871931
"NSFG 25-44",1097,0.4,6,30,112,712,4,121.884341607672
"NSFG 25-44",1097,0.4,7,30,99,603,4,108.8332530274
"NSFG 25-44",1097,0.4,8,30,127,1079,7,126.279141849198
"NSFG 25-44",1097,0.4,9,30,128,920,6,123.466324253907
"NSFG 25-44",1097,0.4,10,30,166,1856,7,191.885732447737
"NSFG 25-44",1097,0.6,1,30,57,915,13,33.7090857932178
"NSFG 25-44",1097,0.6,2,30,53,205,7,63.1888023344154
"NSFG 25-44",1097,0.6,3,30,99,1035,7,92.668518875613
"NSFG 25-44",1097,0.6,4,30,130,1494,7,107.647540838456
"NSFG 25-44",1097,0.6,5,30,233,5009,2,191.504862048484
"NSFG 25-44",1097,0.6,6,30,171,1655,3,184.128646536363
"NSFG 25-44",1097,0.6,7,30,151,1133,3,173.731452987085
"NSFG 25-44",1097,0.6,8,30,214,2470,2,229.191580647835
"NSFG 25-44",1097,0.6,9,30,238,2912,2,217.585995883694
"NSFG 25-44",1097,0.6,10,30,451,8769,1,379.38455045238
"NSFG 25-44",1097,0.8,1,30,39,159,5,32.4478192643149
"NSFG 25-44",1097,0.8,2,30,257,6049,3,231.036084060157
"NSFG 25-44",1097,0.8,3,30,186,4266,3,169.149921539622
"NSFG 25-44",1097,0.8,4,30,221,3659,1,270.588264795842
"NSFG 25-44",1097,0.8,5,30,335,7467,2,326.971571975716
"NSFG 25-44",1097,0.8,6,30,257,4609,6,345.339692466172
"NSFG 25-44",1097,0.8,7,30,292,3550,0,282.045560068252
"NSFG 25-44",1097,0.8,8,30,372,5762,2,400.379541853101
"NSFG 25-44",1097,0.8,9,30,379,7055,3,345.533228719495
"NSFG 25-44",1097,0.8,10,30,771,24179,1,704.63005953732
"NSFG 25-44",1097,0.9,1,30,67,653,4,62.9403866850296
"NSFG 25-44",1097,0.9,2,30,210,4712,0,161.821160055089
"NSFG 25-44",1097,0.9,3,30,179,3915,2,188.821160055089
"NSFG 25-44",1097,0.9,4,30,290,6536,1,277.131231458963
"NSFG 25-44",1097,0.9,5,30,332,6936,1,365.441302862837
"NSFG 25-44",1097,0.9,6,30,479,13217,0,584.828078647407
"NSFG 25-44",1097,0.9,7,30,426,7882,0,584.344253535326
"NSFG 25-44",1097,0.9,8,30,378,6584,3,465.46856640197
"NSFG 25-44",1097,0.9,9,30,374,6544,3,384.647406346881
"NSFG 25-44",1097,0.9,10,30,1047,40585,0,967.666329768222
"NSFG 25-44",1098,0.2,1,30,11,17,21,7.24185538266868
"NSFG 25-44",1098,0.2,2,30,7,11,25,14.3457268339297
"NSFG 25-44",1098,0.2,3,30,39,367,17,21.4955929289933
"NSFG 25-44",1098,0.2,4,30,22,42,17,27.3116143537831
"NSFG 25-44",1098,0.2,5,30,47,265,13,37.451132296012
"NSFG 25-44",1098,0.2,6,30,41,127,13,39.5875822165984
"NSFG 25-44",1098,0.2,7,30,44,160,11,48.5312394199612
"NSFG 25-44",1098,0.2,8,30,89,561,11,74.40092554266
"NSFG 25-44",1098,0.2,9,30,47,211,10,65.0387145126104
"NSFG 25-44",1098,0.2,11,30,133,1177,8,117.054054620823
"NSFG 25-44",1098,0.2,12,30,111,887,5,94.0774290252209
"NSFG 25-44",1098,0.2,16,30,142,1134,5,118.077429025221
"NSFG 25-44",1098,0.4,1,30,31,177,15,17.0102177160544
"NSFG 25-44",1098,0.4,2,30,22,38,16,30.0993954804141
"NSFG 25-44",1098,0.4,3,30,50,166,9,53.2090086768825
"NSFG 25-44",1098,0.4,4,30,60,268,11,62.3771464895474
"NSFG 25-44",1098,0.4,5,30,41,149,14,79.3873642056018
"NSFG 25-44",1098,0.4,6,30,66,372,9,92.2587064170895
"NSFG 25-44",1098,0.4,7,30,104,726,7,105.783555287193
"NSFG 25-44",1098,0.4,8,30,228,3366,7,256.109131360869
"NSFG 25-44",1098,0.4,9,30,135,1137,6,160.280532689263
"NSFG 25-44",1098,0.4,11,30,248,4428,9,373.797463687843
"NSFG 25-44",1098,0.4,12,30,192,2146,5,248.561065378527
"NSFG 25-44",1098,0.4,16,30,316,5076,2,296.561065378527
"NSFG 25-44",1098,0.6,1,30,22,24,9,22.2293692520202
"NSFG 25-44",1098,0.6,2,30,37,103,10,49.8964989709234
"NSFG 25-44",1098,0.6,3,30,66,290,9,108.981800276262
"NSFG 25-44",1098,0.6,4,30,199,6095,8,117.918866164791
"NSFG 25-44",1098,0.6,5,30,167,3005,6,177.004167470129
"NSFG 25-44",1098,0.6,6,30,142,1006,2,157.544039809379
"NSFG 25-44",1098,0.6,7,30,203,2305,3,192.46151681746
"NSFG 25-44",1098,0.6,8,30,405,12779,7,588.083771462118
"NSFG 25-44",1098,0.6,9,30,292,8256,4,307.006945783549
"NSFG 25-44",1098,0.6,11,30,935,42677,2,868.657124248914
"NSFG 25-44",1098,0.6,12,30,381,7947,5,506.013891567098
"NSFG 25-44",1098,0.6,16,30,615,17377,1,578.013891567098
"NSFG 25-44",1098,0.8,1,30,60,490,5,54.975337302488
"NSFG 25-44",1098,0.8,2,30,64,220,2,77.5673674251022
"NSFG 25-44",1098,0.8,3,30,177,1775,3,183.22962031348
"NSFG 25-44",1098,0.8,4,30,254,12072,3,198.781801049165
"NSFG 25-44",1098,0.8,5,30,250,4184,4,273.468716635054
"NSFG 25-44",1098,0.8,6,30,208,2256,3,243.965861294393
"NSFG 25-44",1098,0.8,7,30,303,4663,2,339.77232504107
"NSFG 25-44",1098,0.8,8,30,1179,73701,2,1356.39108859807
"NSFG 25-44",1098,0.8,9,30,612,21120,3,553.912770572597
"NSFG 25-44",1098,0.8,11,30,2009,153573,0,1826.84656389826
"NSFG 25-44",1098,0.8,12,30,639,16085,2,963.825541145194
"NSFG 25-44",1098,0.8,16,30,1183,54807,2,1059.82554114519
"NSFG 25-44",1098,0.9,1,30,34,54,4,46.0272635391333
"NSFG 25-44",1098,0.9,2,30,118,794,1,149.136317695667
"NSFG 25-44",1098,0.9,3,30,259,8257,2,226.875687133355
"NSFG 25-44",1098,0.9,4,30,275,7445,0,230.620142807748
"NSFG 25-44",1098,0.9,5,30,406,15884,1,420.408953087
"NSFG 25-44",1098,0.9,6,30,296,4016,1,352.272635391333
"NSFG 25-44",1098,0.9,7,30,376,7396,2,417.3271624696
"NSFG 25-44",1098,0.9,8,30,1303,94997,3,1672.64273094032
"NSFG 25-44",1098,0.9,9,30,1462,93020,1,750.393694376889
"NSFG 25-44",1098,0.9,11,30,2618,241740,0,2643.69583649311
"NSFG 25-44",1098,0.9,12,30,793,24025,3,1338.78738875378
"NSFG 25-44",1098,0.9,16,30,1633,94185,0,1446.78738875378
"NSFG 25-44",1099,0.2,1,30,16,70,23,7.10387145126104
"NSFG 25-44",1099,0.2,2,30,13,27,22,14.2997321901272
"NSFG 25-44",1099,0.2,3,30,33,91,15,21.1736304223755
"NSFG 25-44",1099,0.2,4,30,31,71,14,25.7018018206941
"NSFG 25-44",1099,0.2,5,30,27,69,16,35.9793036943306
"NSFG 25-44",1099,0.2,6,30,35,113,13,40.4154858050442
"NSFG 25-44",1099,0.2,7,30,50,216,13,49.1751644331968
"NSFG 25-44",1099,0.2,9,30,50,190,11,63.4748966233239
"NSFG 25-44",1099,0.2,10,30,92,696,9,81.8014611624056
"NSFG 25-44",1099,0.2,11,30,89,605,7,82.5580717689156
"NSFG 25-44",1099,0.4,1,30,15,17,16,15.9210399516948
"NSFG 25-44",1099,0.4,2,30,35,83,11,31.1885732447737
"NSFG 25-44",1099,0.4,3,30,46,164,11,45.8025998792369
"NSFG 25-44",1099,0.4,4,30,44,120,10,58.0204354321088
"NSFG 25-44",1099,0.4,5,30,87,623,6,73.5058042780597
"NSFG 25-44",1099,0.4,6,30,117,815,5,93.5657197343211
"NSFG 25-44",1099,0.4,7,30,144,1408,2,122.774728411204
"NSFG 25-44",1099,0.4,9,30,126,1148,7,151.567110574386
"NSFG 25-44",1099,0.4,10,30,220,2742,3,215.411972157906
"NSFG 25-44",1099,0.4,11,30,215,2351,2,210.420799033895
"NSFG 25-44",1099,0.6,1,30,52,1180,13,35.5216726155122
"NSFG 25-44",1099,0.6,2,30,56,274,8,80.7104749499276
"NSFG 25-44",1099,0.6,3,30,95,613,6,106.565017846536
"NSFG 25-44",1099,0.6,4,30,143,1655,6,116.106279342496
"NSFG 25-44",1099,0.6,5,30,146,1820,5,151.627951958008
"NSFG 25-44",1099,0.6,6,30,137,1121,5,167.815365135714
"NSFG 25-44",1099,0.6,7,30,209,2613,2,232.338426907936
"NSFG 25-44",1099,0.6,9,30,295,5625,5,259.879688403895
"NSFG 25-44",1099,0.6,10,30,378,8854,3,459.138370633332
"NSFG 25-44",1099,0.6,11,30,484,9244,1,415.510418675323
"NSFG 25-44",1099,0.8,1,30,75,2541,9,62.0151866894171
"NSFG 25-44",1099,0.8,2,30,113,739,5,142.33398178485
"NSFG 25-44",1099,0.8,3,30,170,2004,4,167.741951662236
"NSFG 25-44",1099,0.8,4,30,134,1394,4,156.54270472759
"NSFG 25-44",1099,0.8,5,30,183,1807,3,219.965861294393
"NSFG 25-44",1099,0.8,6,30,296,3972,1,277.757138351653
"NSFG 25-44",1099,0.8,7,30,372,7928,4,436.922246580692
"NSFG 25-44",1099,0.8,9,30,447,10091,3,489.146156212849
"NSFG 25-44",1099,0.8,10,30,632,22112,3,924.273360409509
"NSFG 25-44",1099,0.8,11,30,607,15625,2,770.869155858895
"NSFG 25-44",1099,0.9,1,30,82,1844,1,52.3696847188444
"NSFG 25-44",1099,0.9,2,30,131,1609,2,136.451475336244
"NSFG 25-44",1099,0.9,3,30,123,803,4,178.250458088904
"NSFG 25-44",1099,0.9,4,30,215,2663,2,255.989827526593
"NSFG 25-44",1099,0.9,5,30,456,17964,5,365.441302862837
"NSFG 25-44",1099,0.9,6,30,381,6829,3,498.148322524689
"NSFG 25-44",1099,0.9,7,30,378,5656,1,514.577620558504
"NSFG 25-44",1099,0.9,9,30,592,18390,3,629.887691962378
"NSFG 25-44",1099,0.9,10,30,1024,51806,4,1272.10254639436
"NSFG 25-44",1099,0.9,11,30,782,23082,3,1058.09054156533
"NSFG 25-44",1100,0.2,1,30,5,5,25,8.71368398435006
"NSFG 25-44",1100,0.2,2,30,18,50,21,14.5757000529424
"NSFG 25-44",1100,0.2,3,30,27,69,13,23.1054054620823
"NSFG 25-44",1100,0.2,4,30,19,45,18,28.4614804488467
"NSFG 25-44",1100,0.2,5,30,35,83,11,31.8397857521017
"NSFG 25-44",1100,0.2,6,30,40,108,10,40.3234965174391
"NSFG 25-44",1100,0.2,7,30,47,237,13,54.3725591828842
"NSFG 25-44",1100,0.2,8,30,84,800,11,72.0092040649277
"NSFG 25-44",1100,0.2,9,30,62,240,9,65.8666181010562
"NSFG 25-44",1100,0.2,10,30,118,1308,6,73.3844413465401
"NSFG 25-44",1100,0.2,11,30,61,285,9,71.5193572563052
"NSFG 25-44",1100,0.2,14,30,98,710,8,118.495982851908
"NSFG 25-44",1100,0.2,17,30,94,558,5,117.178232454839
"NSFG 25-44",1100,0.4,1,30,10,12,21,15.049697740207
"NSFG 25-44",1100,0.4,2,30,26,64,16,31.6242443505176
"NSFG 25-44",1100,0.4,3,30,37,115,10,48.1987909608281
"NSFG 25-44",1100,0.4,4,30,69,361,7,64.7733375711387
"NSFG 25-44",1100,0.4,5,30,65,315,9,69.1490932206211
"NSFG 25-44",1100,0.4,6,30,102,528,5,88.3376664653948
"NSFG 25-44",1100,0.4,7,30,103,607,7,144.776119251269
"NSFG 25-44",1100,0.4,8,30,138,1436,6,204.482105330221
"NSFG 25-44",1100,0.4,9,30,123,899,5,162.241052665111
"NSFG 25-44",1100,0.4,10,30,179,1833,3,192.321403553481
"NSFG 25-44",1100,0.4,11,30,167,1169,0,158.140266344632
"NSFG 25-44",1100,0.4,14,30,381,8957,2,331.376664653948
"NSFG 25-44",1100,0.4,17,30,269,4285,2,275.885732447737
"NSFG 25-44",1100,0.6,1,30,33,113,10,33.7090857932178
"NSFG 25-44",1100,0.6,2,30,57,191,7,59.5636286898267
"NSFG 25-44",1100,0.6,3,30,65,253,7,67.8964989709234
"NSFG 25-44",1100,0.6,4,30,94,418,5,108.251736445887
"NSFG 25-44",1100,0.6,5,30,163,1491,3,129.876910090476
"NSFG 25-44",1100,0.6,6,30,128,840,5,158.148235416811
"NSFG 25-44",1100,0.6,7,30,320,7798,1,249.860099523448
"NSFG 25-44",1100,0.6,8,30,497,16465,3,343.38455045238
"NSFG 25-44",1100,0.6,9,30,265,3279,3,317.882466717315
"NSFG 25-44",1100,0.6,10,30,441,13079,1,377.571963630086
"NSFG 25-44",1100,0.6,11,30,276,3462,4,270.503472891775
"NSFG 25-44",1100,0.6,14,30,866,35748,2,705.146705573591
"NSFG 25-44",1100,0.6,17,30,534,11978,3,505.38455045238
"NSFG 25-44",1100,0.8,1,30,85,1543,7,85.9506746049761
"NSFG 25-44",1100,0.8,2,30,156,3972,3,195.836837125511
"NSFG 25-44",1100,0.8,3,30,123,983,4,119.870975831118
"NSFG 25-44",1100,0.8,4,30,121,1031,7,200.189770926551
"NSFG 25-44",1100,0.8,5,30,182,1376,2,169.278945708504
"NSFG 25-44",1100,0.8,6,30,233,2847,1,280.573078106425
"NSFG 25-44",1100,0.8,7,30,433,11565,4,465.081644128408
"NSFG 25-44",1100,0.8,8,30,1156,58336,1,893.168998938139
"NSFG 25-44",1100,0.8,9,30,350,4840,1,558.136680204755
"NSFG 25-44",1100,0.8,10,30,713,32215,2,742.645246226738
"NSFG 25-44",1100,0.8,11,30,416,7500,3,432.956385286299
"NSFG 25-44",1100,0.8,14,30,1601,101117,1,1391.97740803937
"NSFG 25-44",1100,0.8,17,30,741,20087,0,872.630059537321
"NSFG 25-44",1100,0.9,1,30,49,191,4,65.0545270782666
"NSFG 25-44",1100,0.9,2,30,103,861,3,140.679756122718
"NSFG 25-44",1100,0.9,3,30,168,2368,3,195.1635812348
"NSFG 25-44",1100,0.9,4,30,219,4607,6,338.441302862837
"NSFG 25-44",1100,0.9,5,30,228,2678,0,255.506002414511
"NSFG 25-44",1100,0.9,6,30,270,4230,3,373.414039323704
"NSFG 25-44",1100,0.9,7,30,755,31755,2,757.703765780763
"NSFG 25-44",1100,0.9,8,30,1355,79367,2,1218.10254639436
"NSFG 25-44",1100,0.9,9,30,465,7789,1,820.160327353711
"NSFG 25-44",1100,0.9,10,30,951,47003,0,1026.86226077886
"NSFG 25-44",1100,0.9,11,30,724,17942,0,550.696847188444
"NSFG 25-44",1100,0.9,14,30,1807,124167,2,1963.60529492778
"NSFG 25-44",1100,0.9,17,30,827,25391,2,1156.66632976822
"NSFG 15-44",1001,0.2,1,30,6,6,24,7.32454407121114
"NSFG 15-44",1001,0.2,2,30,13,15,18,14.0887041122945
"NSFG 15-44",1001,0.2,3,30,21,43,17,23.4510082930612
"NSFG 15-44",1001,0.2,4,30,28,66,15,28.6868482519779
"NSFG 15-44",1001,0.2,5,30,28,76,16,39.4755845094336
"NSFG 15-44",1001,0.2,6,30,40,106,13,43.1321603834446
"NSFG 15-44",1001,0.2,7,30,63,307,9,54.6850566819836
"NSFG 15-44",1001,0.2,8,30,61,251,10,52.9925122684112
"NSFG 15-44",1001,0.2,9,30,52,172,10,57.9736322136334
"NSFG 15-44",1001,0.2,10,30,86,482,5,78.6455050024338
"NSFG 15-44",1001,0.2,11,30,91,551,9,103.291010004868
"NSFG 15-44",1001,0.2,12,30,61,277,9,87.334144824406
"NSFG 15-44",1001,0.2,14,30,97,553,4,88.5849602465002
"NSFG 15-44",1001,0.4,1,30,21,73,19,20.7865492518896
"NSFG 15-44",1001,0.4,2,30,37,153,14,42.4234097217041
"NSFG 15-44",1001,0.4,3,30,40,190,15,61.7927736103858
"NSFG 15-44",1001,0.4,4,30,71,337,6,82.2958857896338
"NSFG 15-44",1001,0.4,5,30,139,2131,7,108.184302349072
"NSFG 15-44",1001,0.4,6,30,124,1006,6,112.531501387749
"NSFG 15-44",1001,0.4,7,30,135,1173,6,154.8592681604
"NSFG 15-44",1001,0.4,8,30,111,779,4,122.643084828311
"NSFG 15-44",1001,0.4,9,30,116,662,2,136.910581409443
"NSFG 15-44",1001,0.4,10,30,218,2694,4,221.187034933052
"NSFG 15-44",1001,0.4,11,30,272,5676,7,336.074692301953
"NSFG 15-44",1001,0.4,12,30,206,3060,8,237.250796899087
"NSFG 15-44",1001,0.4,14,30,173,1553,4,193.509336537744
"NSFG 15-44",1001,0.6,1,30,39,369,15,43.394103110475
"NSFG 15-44",1001,0.6,2,30,83,917,5,97.3690825169812
"NSFG 15-44",1001,0.6,3,30,190,6672,7,191.551391848406
"NSFG 15-44",1001,0.6,4,30,228,3940,1,220.132268144437
"NSFG 15-44",1001,0.6,5,30,342,12090,4,314.314577475862
"NSFG 15-44",1001,0.6,6,30,170,1390,5,232.854340293169
"NSFG 15-44",1001,0.6,7,30,435,15727,4,380.999118734353
"NSFG 15-44",1001,0.6,8,30,233,3757,3,230.763185627456
"NSFG 15-44",1001,0.6,9,30,206,2022,4,272.041113478725
"NSFG 15-44",1001,0.6,10,30,542,18598,1,570.434335323553
"NSFG 15-44",1001,0.6,11,30,818,39540,3,928.080464426155
"NSFG 15-44",1001,0.6,12,30,383,8099,5,541.890989917762
"NSFG 15-44",1001,0.6,14,30,307,4109,1,347.227886664281
"NSFG 15-44",1001,0.8,1,30,44,216,7,153.557380691837
"NSFG 15-44",1001,0.8,2,30,97,763,6,256.418395025999
"NSFG 15-44",1001,0.8,3,30,263,10453,4,562.064874790861
"NSFG 15-44",1001,0.8,4,30,328,12364,5,1025.43338322405
"NSFG 15-44",1001,0.8,5,30,559,48963,4,683.292959529726
"NSFG 15-44",1001,0.8,6,30,440,22584,4,1129.76267917702
"NSFG 15-44",1001,0.8,7,30,737,34071,1,1840.98008980329
"NSFG 15-44",1001,0.8,8,30,438,9584,0,755.292959529726
"NSFG 15-44",1001,0.8,9,30,312,3826,0,734.229522767347
"NSFG 15-44",1001,0.8,10,30,1225,88661,1,2386.14617580825
"NSFG 15-44",1001,0.8,11,30,2697,331873,3,4218.31657589867
"NSFG 15-44",1001,0.8,12,30,1437,100899,1,1983.51180818447
"NSFG 15-44",1001,0.8,14,30,469,8189,1,842.963663576753
"NSFG 15-44",1002,0.2,1,30,5,5,25,6.81510404382224
"NSFG 15-44",1002,0.2,2,30,16,22,17,15.260416175289
"NSFG 15-44",1002,0.2,3,30,31,71,13,23.094400273889
"NSFG 15-44",1002,0.2,4,30,34,96,15,29.9095043177113
"NSFG 15-44",1002,0.2,5,30,56,370,15,41.2586246052947
"NSFG 15-44",1002,0.2,6,30,26,96,19,46.188800547778
"NSFG 15-44",1002,0.2,7,30,71,501,10,56.7737607942781
"NSFG 15-44",1002,0.2,8,30,90,740,7,64.4039688819226
"NSFG 15-44",1002,0.2,9,30,48,192,10,72.3398409860005
"NSFG 15-44",1002,0.2,10,30,63,275,9,72.5831686765059
"NSFG 15-44",1002,0.2,11,30,58,244,11,83.1171849202671
"NSFG 15-44",1002,0.2,12,30,86,546,10,78.1132803286668
"NSFG 15-44",1002,0.2,14,30,113,687,6,92.2529284437002
"NSFG 15-44",1002,0.4,1,30,14,20,18,23.9043570509473
"NSFG 15-44",1002,0.4,2,30,33,85,12,44.4074692301953
"NSFG 15-44",1002,0.4,3,30,89,661,9,65.7608926273682
"NSFG 15-44",1002,0.4,4,30,88,622,7,81.1621374990674
"NSFG 15-44",1002,0.4,5,30,228,5842,5,122.923030126436
"NSFG 15-44",1002,0.4,6,30,89,673,7,126.136480874546
"NSFG 15-44",1002,0.4,7,30,213,3727,6,185.753909078335
"NSFG 15-44",1002,0.4,8,30,138,1238,3,162.891149143418
"NSFG 15-44",1002,0.4,9,30,170,2228,8,210.037346150976
"NSFG 15-44",1002,0.4,10,30,246,3798,1,193.977075959458
"NSFG 15-44",1002,0.4,11,30,242,3220,4,230.069227133994
"NSFG 15-44",1002,0.4,12,30,173,1437,4,178.012448716992
"NSFG 15-44",1002,0.4,14,30,191,1863,4,202.862759934917
"NSFG 15-44",1002,0.6,1,30,54,940,11,58.2073299249187
"NSFG 15-44",1002,0.6,2,30,65,391,9,98.4271701465843
"NSFG 15-44",1002,0.6,3,30,114,1846,5,112.194819628172
"NSFG 15-44",1002,0.6,4,30,245,3757,2,232.829319699675
"NSFG 15-44",1002,0.6,5,30,451,12907,4,396.845412584906
"NSFG 15-44",1002,0.6,6,30,283,9319,8,317.501350661419
"NSFG 15-44",1002,0.6,7,30,302,5908,4,487.865969324268
"NSFG 15-44",1002,0.6,8,30,632,44588,3,500.575531176253
"NSFG 15-44",1002,0.6,9,30,406,8018,4,542.911546657125
"NSFG 15-44",1002,0.6,10,30,622,24840,4,441.347644511971
"NSFG 15-44",1002,0.6,11,30,646,26016,4,680.487959099025
"NSFG 15-44",1002,0.6,12,30,249,2921,3,342.970515552375
"NSFG 15-44",1002,0.6,14,30,280,3820,2,370.50581451555
"NSFG 15-44",1002,0.8,1,30,96,1478,3,300.013550169566
"NSFG 15-44",1002,0.8,2,30,836,144226,7,554.963663576753
"NSFG 15-44",1002,0.8,3,30,404,62194,3,466.305071670808
"NSFG 15-44",1002,0.8,4,30,364,14424,4,777.584481030968
"NSFG 15-44",1002,0.8,5,30,885,74665,6,1697.22028668323
"NSFG 15-44",1002,0.8,6,30,395,11257,3,1157.92732715351
"NSFG 15-44",1002,0.8,7,30,2185,313313,1,2438.07062690479
"NSFG 15-44",1002,0.8,8,30,1653,151217,1,2180.42414713993
"NSFG 15-44",1002,0.8,9,30,865,27995,0,2243.85465430701
"NSFG 15-44",1002,0.8,10,30,1742,183880,4,1603.16896206194
"NSFG 15-44",1002,0.8,11,30,1446,120762,1,2427.04496459415
"NSFG 15-44",1002,0.8,12,30,384,5620,2,963.95155143567
"NSFG 15-44",1002,0.8,14,30,536,11410,1,1158.4077209134
"NSFG 15-44",1003,0.2,1,30,7,7,23,7.47737607942782
"NSFG 15-44",1003,0.2,2,30,10,14,22,16.6868482519779
"NSFG 15-44",1003,0.2,3,30,17,35,19,22.7887362574557
"NSFG 15-44",1003,0.2,4,30,39,189,14,32.4057604519169
"NSFG 15-44",1003,0.2,5,30,50,340,13,40.1378565450391
"NSFG 15-44",1003,0.2,6,30,31,67,12,46.8001285806447
"NSFG 15-44",1003,0.2,7,30,49,163,9,49.7434884163113
"NSFG 15-44",1003,0.2,8,30,64,366,11,63.7416968463171
"NSFG 15-44",1003,0.2,9,30,42,204,15,69.0794248107115
"NSFG 15-44",1003,0.2,10,30,84,830,13,75.2832008216671
"NSFG 15-44",1003,0.2,11,30,90,598,9,98.0947217255008
"NSFG 15-44",1003,0.2,12,30,97,477,5,96.2493453037117
"NSFG 15-44",1003,0.2,14,30,84,580,11,99.283200821667
"NSFG 15-44",1003,0.4,1,30,12,16,20,17.668741452832
"NSFG 15-44",1003,0.4,2,30,46,200,9,61.4136935886914
"NSFG 15-44",1003,0.4,3,30,43,153,11,61.5093365377442
"NSFG 15-44",1003,0.4,4,30,93,741,6,80.5952633537842
"NSFG 15-44",1003,0.4,5,30,136,1914,10,109.034613566997
"NSFG 15-44",1003,0.4,6,30,109,757,6,151.929254484932
"NSFG 15-44",1003,0.4,7,30,119,1319,8,153.442082797192
"NSFG 15-44",1003,0.4,8,30,192,2450,8,167.993016450967
"NSFG 15-44",1003,0.4,9,30,192,2826,7,182.2605130321
"NSFG 15-44",1003,0.4,10,30,241,3421,1,205.03112179248
"NSFG 15-44",1003,0.4,11,30,181,2033,6,327.571580122705
"NSFG 15-44",1003,0.4,12,30,232,3376,3,259.07545149249
"NSFG 15-44",1003,0.4,14,30,300,4020,4,253.03112179248
"NSFG 15-44",1003,0.6,1,30,24,80,17,42.3360154808719
"NSFG 15-44",1003,0.6,2,30,127,2761,7,103.7176082946
"NSFG 15-44",1003,0.6,3,30,185,8355,7,134.414659849837
"NSFG 15-44",1003,0.6,4,30,148,1936,8,194.738165033962
"NSFG 15-44",1003,0.6,5,30,210,4980,2,225.4352165892
"NSFG 15-44",1003,0.6,6,30,209,2537,4,338.663103253481
"NSFG 15-44",1003,0.6,7,30,293,5367,4,324.920474365387
"NSFG 15-44",1003,0.6,8,30,355,9005,2,450.845412584906
"NSFG 15-44",1003,0.6,9,30,366,6206,1,451.916010511256
"NSFG 15-44",1003,0.6,10,30,609,20143,2,497.426288880937
"NSFG 15-44",1003,0.6,11,30,710,27444,3,885.75695924203
"NSFG 15-44",1003,0.6,12,30,551,17715,1,590.563020879506
"NSFG 15-44",1003,0.6,14,30,335,5423,1,569.426288880937
"NSFG 15-44",1003,0.8,1,30,189,5773,5,480.267297219078
"NSFG 15-44",1003,0.8,2,30,334,16454,1,622.55881872032
"NSFG 15-44",1003,0.8,3,30,299,13875,6,635.292959529726
"NSFG 15-44",1003,0.8,4,30,582,41844,2,1109.92732715351
"NSFG 15-44",1003,0.8,5,30,554,26658,0,1049.43338322405
"NSFG 15-44",1003,0.8,6,30,760,37898,1,1755.01786425502
"NSFG 15-44",1003,0.8,7,30,514,17830,4,1266.42127108296
"NSFG 15-44",1003,0.8,8,30,808,46202,2,1932.57524494685
"NSFG 15-44",1003,0.8,9,30,574,21448,3,1601.70068044313
"NSFG 15-44",1003,0.8,10,30,1173,76809,5,1929.87887858918
"NSFG 15-44",1003,0.8,11,30,2005,206107,4,4150.72142075511
"NSFG 15-44",1003,0.8,12,30,898,55354,4,2372.18395025998
"NSFG 15-44",1003,0.8,14,30,695,17901,1,2025.87887858918
"NSFG 15-44",1004,0.2,1,30,2,2,28,8.70003214516118
"NSFG 15-44",1004,0.2,2,30,9,13,23,17.6038403012779
"NSFG 15-44",1004,0.2,3,30,18,34,18,23.1962882793668
"NSFG 15-44",1004,0.2,4,30,49,347,13,30.520832350578
"NSFG 15-44",1004,0.2,5,30,28,88,17,37.896320424528
"NSFG 15-44",1004,0.2,6,30,38,116,13,44.4057604519169
"NSFG 15-44",1004,0.2,7,30,65,323,10,53.8190086354225
"NSFG 15-44",1004,0.2,8,30,52,244,12,56.2019844409613
"NSFG 15-44",1004,0.2,10,30,111,993,7,85.2172813557506
"NSFG 15-44",1004,0.2,11,30,59,287,13,72.5717763533168
"NSFG 15-44",1004,0.2,14,30,183,2523,6,135.962882793668
"NSFG 15-44",1004,0.2,16,30,78,418,9,105.169920493
"NSFG 15-44",1004,0.4,1,30,35,257,16,18.5190526707568
"NSFG 15-44",1004,0.4,2,30,34,98,10,42.7068467943457
"NSFG 15-44",1004,0.4,3,30,82,1038,9,67.4615150632178
"NSFG 15-44",1004,0.4,4,30,83,661,9,77.7608926273682
"NSFG 15-44",1004,0.4,5,30,105,1015,5,108.751176494355
"NSFG 15-44",1004,0.4,6,30,165,1397,2,115.082435041523
"NSFG 15-44",1004,0.4,7,30,134,1580,6,148.907089634927
"NSFG 15-44",1004,0.4,8,30,98,570,8,141.066494550015
"NSFG 15-44",1004,0.4,10,30,243,3521,6,266.253529483066
"NSFG 15-44",1004,0.4,11,30,204,2232,2,170.264004806616
"NSFG 15-44",1004,0.4,14,30,460,12264,2,457.105814094434
"NSFG 15-44",1004,0.4,16,30,282,3962,3,243.018673075488
"NSFG 15-44",1004,0.6,1,30,27,77,13,55.0330670361093
"NSFG 15-44",1004,0.6,2,30,96,1366,6,124.879360886662
"NSFG 15-44",1004,0.6,3,30,216,7168,6,225.410195995706
"NSFG 15-44",1004,0.6,4,30,119,1087,4,165.111711405075
"NSFG 15-44",1004,0.6,5,30,179,2701,2,197.924938219519
"NSFG 15-44",1004,0.6,6,30,233,3481,4,302.688123846975
"NSFG 15-44",1004,0.6,7,30,293,9039,5,323.862386735784
"NSFG 15-44",1004,0.6,8,30,295,5283,5,359.849876439037
"NSFG 15-44",1004,0.6,10,30,527,14731,2,592.654175545218
"NSFG 15-44",1004,0.6,11,30,300,4264,3,340.841829996422
"NSFG 15-44",1004,0.6,14,30,1142,77176,3,1331.24938219519
"NSFG 15-44",1004,0.6,16,30,406,6870,2,478.455773328562
"NSFG 15-44",1004,0.8,1,30,164,15404,10,271.848902193079
"NSFG 15-44",1004,0.8,2,30,160,3710,3,459.2038604567
"NSFG 15-44",1004,0.8,3,30,860,107186,3,900.040650508696
"NSFG 15-44",1004,0.8,4,30,342,9466,1,715.622255482698
"NSFG 15-44",1004,0.8,5,30,569,52009,2,953.673580103994
"NSFG 15-44",1004,0.8,6,30,727,60651,2,1095.96510160524
"NSFG 15-44",1004,0.8,7,30,711,36547,4,1514.27017327604
"NSFG 15-44",1004,0.8,8,30,1083,119115,3,1386.18107420302
"NSFG 15-44",1004,0.8,10,30,1779,196095,1,2757.91952909787
"NSFG 15-44",1004,0.8,11,30,1062,125834,1,1007.54670657924
"NSFG 15-44",1004,0.8,14,30,3188,404106,1,6081.58818720321
"NSFG 15-44",1004,0.8,16,30,549,12513,5,1397.92732715351
"NSFG 15-44",1005,0.2,1,30,10,12,21,6.81510404382225
"NSFG 15-44",1005,0.2,2,30,16,32,19,15.7698562026779
"NSFG 15-44",1005,0.2,3,30,25,53,16,22.7377922547168
"NSFG 15-44",1005,0.2,4,30,20,44,18,31.2340483889224
"NSFG 15-44",1005,0.2,5,30,27,69,16,41.2076806025558
"NSFG 15-44",1005,0.2,6,30,48,222,13,48.9397766956781
"NSFG 15-44",1005,0.2,7,30,49,229,10,54.9397766956781
"NSFG 15-44",1005,0.2,8,30,64,284,9,57.9850245368225
"NSFG 15-44",1005,0.2,9,30,85,377,4,66.2775046600725
"NSFG 15-44",1005,0.2,11,30,45,195,14,81.7926408490559
"NSFG 15-44",1005,0.2,13,30,100,752,11,113.151361889834
"NSFG 15-44",1005,0.2,14,30,84,482,5,90.1132803286668
"NSFG 15-44",1005,0.4,1,30,16,24,17,18.8024897433984
"NSFG 15-44",1005,0.4,2,30,39,241,11,40.7227872858545
"NSFG 15-44",1005,0.4,3,30,42,140,13,50.7387277773633
"NSFG 15-44",1005,0.4,4,30,83,557,9,104.403977455679
"NSFG 15-44",1005,0.4,5,30,88,596,7,118.38803696417
"NSFG 15-44",1005,0.4,6,30,113,755,6,120.751176494355
"NSFG 15-44",1005,0.4,7,30,106,1142,9,157.693638886816
"NSFG 15-44",1005,0.4,8,30,155,1821,4,148.435858438696
"NSFG 15-44",1005,0.4,9,30,179,2145,3,186.512069121724
"NSFG 15-44",1005,0.4,11,30,286,3874,1,224.11704860852
"NSFG 15-44",1005,0.4,13,30,293,6313,7,351.571580122705
"NSFG 15-44",1005,0.4,14,30,209,2261,4,202.012448716992
"NSFG 15-44",1005,0.6,1,30,28,120,16,49.7426288880937
"NSFG 15-44",1005,0.6,2,30,128,2784,7,103.7176082946
"NSFG 15-44",1005,0.6,3,30,177,3515,5,168.273463997137
"NSFG 15-44",1005,0.6,4,30,229,4159,4,278.327087772609
"NSFG 15-44",1005,0.6,5,30,181,2351,4,311.140314587053
"NSFG 15-44",1005,0.6,6,30,249,4731,5,340.779278512687
"NSFG 15-44",1005,0.6,7,30,320,7884,4,382.057206363956
"NSFG 15-44",1005,0.6,8,30,309,6403,5,352.443263031815
"NSFG 15-44",1005,0.6,9,30,450,11272,2,448.741747622447
"NSFG 15-44",1005,0.6,11,30,395,7445,1,515.426288880937
"NSFG 15-44",1005,0.6,13,30,855,37631,4,964.080464426155
"NSFG 15-44",1005,0.6,14,30,310,4334,1,378.970515552375
"NSFG 15-44",1005,0.8,1,30,174,7946,9,322.545268550755
"NSFG 15-44",1005,0.8,2,30,492,38102,5,538.064874790861
"NSFG 15-44",1005,0.8,3,30,414,33598,2,612.761241148537
"NSFG 15-44",1005,0.8,4,30,358,10418,2,738.153973863887
"NSFG 15-44",1005,0.8,5,30,604,21598,0,1156.4590455347
"NSFG 15-44",1005,0.8,6,30,1241,130951,1,1597.29583558669
"NSFG 15-44",1005,0.8,7,30,1169,117553,1,1604.3970468008
"NSFG 15-44",1005,0.8,8,30,1550,143010,2,1296.05420067826
"NSFG 15-44",1005,0.8,9,30,1170,92042,1,1725.62513153967
"NSFG 15-44",1005,0.8,11,30,800,28426,2,2038.37282251864
"NSFG 15-44",1005,0.8,13,30,2566,293550,1,4198.72142075511
"NSFG 15-44",1005,0.8,14,30,508,10310,1,1011.95155143567
"NSFG 15-44",1006,0.2,1,30,10,20,24,8.54720013694451
"NSFG 15-44",1006,0.2,2,30,8,14,24,17.6547843040168
"NSFG 15-44",1006,0.2,3,30,26,196,22,24.6227203560557
"NSFG 15-44",1006,0.2,4,30,20,42,18,31.7434884163113
"NSFG 15-44",1006,0.2,5,30,37,197,17,40.2906885532558
"NSFG 15-44",1006,0.2,6,30,45,109,7,54.4417289914782
"NSFG 15-44",1006,0.2,7,30,37,131,15,57.5888648381004
"NSFG 15-44",1006,0.2,8,30,81,607,6,67.2568330353005
"NSFG 15-44",1006,0.2,9,30,78,466,8,66.990720698417
"NSFG 15-44",1006,0.2,10,30,99,613,8,84.096513295495
"NSFG 15-44",1006,0.2,11,30,82,530,8,96.5664016433341
"NSFG 15-44",1006,0.2,12,30,101,763,12,97.9814413968339
"NSFG 15-44",1006,0.2,13,30,100,784,11,99.3964811503339
"NSFG 15-44",1006,0.2,14,30,73,423,9,111.713537489956
"NSFG 15-44",1006,0.2,15,30,108,1092,8,138.906242629335
"NSFG 15-44",1006,0.2,16,30,134,1000,4,128.502273747412
"NSFG 15-44",1006,0.2,17,30,180,2040,3,152.434562711501
"NSFG 15-44",1006,0.4,1,30,56,2042,21,23.0540458330225
"NSFG 15-44",1006,0.4,2,30,77,1349,7,48.3755882471777
"NSFG 15-44",1006,0.4,3,30,79,739,8,77.948686750957
"NSFG 15-44",1006,0.4,4,30,92,962,10,103.270229165112
"NSFG 15-44",1006,0.4,5,30,179,4369,7,105.066494550015
"NSFG 15-44",1006,0.4,6,30,214,5874,6,177.722028095317
"NSFG 15-44",1006,0.4,7,30,106,1420,10,168.747684719839
"NSFG 15-44",1006,0.4,8,30,219,3279,7,197.470472005693
"NSFG 15-44",1006,0.4,9,30,184,1710,2,195.582055446255
"NSFG 15-44",1006,0.4,10,30,235,7937,6,259.451039739668
"NSFG 15-44",1006,0.4,11,30,380,12554,1,302.062243584961
"NSFG 15-44",1006,0.4,12,30,286,5554,3,283.451039739668
"NSFG 15-44",1006,0.4,13,30,362,7030,4,275.043570509473
"NSFG 15-44",1006,0.4,14,30,493,18099,1,326.724760679297
"NSFG 15-44",1006,0.4,15,30,415,12935,6,452.099589735938
"NSFG 15-44",1006,0.4,16,30,323,7191,7,368.297859183076
"NSFG 15-44",1006,0.4,17,30,821,47289,0,484.602701915185
"NSFG 15-44",1006,0.6,1,30,110,3270,9,81.4852577761874
"NSFG 15-44",1006,0.6,2,30,346,52400,6,124.879360886662
"NSFG 15-44",1006,0.6,3,30,131,2781,8,190.493304218803
"NSFG 15-44",1006,0.6,4,30,576,75832,4,261.397685698959
"NSFG 15-44",1006,0.6,5,30,761,88129,3,343.94103110475
"NSFG 15-44",1006,0.6,6,30,402,13948,3,437.065252806571
"NSFG 15-44",1006,0.6,7,30,796,97912,6,421.206448659272
"NSFG 15-44",1006,0.6,8,30,719,39669,0,519.621108509109
"NSFG 15-44",1006,0.6,9,30,1198,145770,1,586.293139470852
"NSFG 15-44",1006,0.6,10,30,574,27140,3,663.546046728628
"NSFG 15-44",1006,0.6,11,30,1739,188403,4,832.852577761875
"NSFG 15-44",1006,0.6,12,30,610,21820,5,755.624691097593
"NSFG 15-44",1006,0.6,13,30,1094,81010,3,678.396804433312
"NSFG 15-44",1006,0.6,14,30,1747,231969,3,785.276165319975
"NSFG 15-44",1006,0.6,15,30,2065,318829,4,1285.764124419
"NSFG 15-44",1006,0.6,16,30,912,45216,3,950.362856131556
"NSFG 15-44",1006,0.6,17,30,1706,205514,5,1353.50675330709
"NSFG 15-44",1006,0.8,1,30,371,110499,11,226.785465430701
"NSFG 15-44",1006,0.8,2,30,1234,680188,2,583.128311553239
"NSFG 15-44",1006,0.8,3,30,990,248840,2,770.48326981686
"NSFG 15-44",1006,0.8,4,30,1618,805292,7,839.546706579238
"NSFG 15-44",1006,0.8,5,30,3957,1548241,3,1511.33361003842
"NSFG 15-44",1006,0.8,6,30,5025,2742951,1,1631.09341315848
"NSFG 15-44",1006,0.8,7,30,5675,2593183,3,1750.85321627853
"NSFG 15-44",1006,0.8,8,30,5015,2715417,2,2276.18395025999
"NSFG 15-44",1006,0.8,9,30,5748,2781808,2,2412.84254216593
"NSFG 15-44",1006,0.8,10,30,4946,2093708,2,2757.91952909787
"NSFG 15-44",1006,0.8,11,30,11881,5822517,2,3643.75775717835
"NSFG 15-44",1006,0.8,12,30,3923,1849017,3,3160.7940936016
"NSFG 15-44",1006,0.8,13,30,8503,4606315,3,2677.83043002485
"NSFG 15-44",1006,0.8,14,30,8752,4266558,2,3220.0599527922
"NSFG 15-44",1006,0.8,15,30,10615,5263159,3,5767.61241148536
"NSFG 15-44",1006,0.8,16,30,2833,645565,2,4022.87251856203
"NSFG 15-44",1006,0.8,17,30,9840,5459308,4,5984.60029934428
"NSFG 15-44",1007,0.2,1,30,4,4,26,7.0188800547778
"NSFG 15-44",1007,0.2,2,30,18,26,16,15.0056961615945
"NSFG 15-44",1007,0.2,3,30,22,50,17,22.2283522273279
"NSFG 15-44",1007,0.2,4,30,25,53,15,30.011392323189
"NSFG 15-44",1007,0.2,5,30,42,144,13,34.1264642218501
"NSFG 15-44",1007,0.2,6,30,60,254,8,47.1567365998169
"NSFG 15-44",1007,0.2,7,30,122,1418,7,66.8606733365784
"NSFG 15-44",1007,0.2,8,30,56,220,8,58.5454085669503
"NSFG 15-44",1007,0.2,9,30,67,357,11,69.5888648381004
"NSFG 15-44",1007,0.2,10,30,78,382,7,70.6982405751669
"NSFG 15-44",1007,0.2,11,30,93,419,3,88.9248012325005
"NSFG 15-44",1007,0.2,12,30,113,787,7,92.3776010955561
"NSFG 15-44",1007,0.2,17,30,194,3034,6,172.302723779668
"NSFG 15-44",1007,0.4,1,30,15,33,20,18.8024897433984
"NSFG 15-44",1007,0.4,2,30,54,282,11,42.4234097217041
"NSFG 15-44",1007,0.4,3,30,55,203,8,51.0221648500049
"NSFG 15-44",1007,0.4,4,30,89,763,8,90.7989979688818
"NSFG 15-44",1007,0.4,5,30,107,1065,15,105.916805767939
"NSFG 15-44",1007,0.4,6,30,142,1190,4,140.591771579268
"NSFG 15-44",1007,0.4,7,30,189,4005,11,200.492636855698
"NSFG 15-44",1007,0.4,8,30,150,1298,5,147.018673075488
"NSFG 15-44",1007,0.4,9,30,153,1413,6,189.629876920781
"NSFG 15-44",1007,0.4,10,30,146,1210,10,179.521785254736
"NSFG 15-44",1007,0.4,11,30,245,2859,2,259.546682688721
"NSFG 15-44",1007,0.4,12,30,238,3632,4,255.957643693433
"NSFG 15-44",1007,0.4,17,30,537,17103,2,595.14316024541
"NSFG 15-44",1007,0.6,1,30,23,41,12,41.2779278512687
"NSFG 15-44",1007,0.6,2,30,136,1970,7,144.983025849122
"NSFG 15-44",1007,0.6,3,30,96,1288,9,124.891871183409
"NSFG 15-44",1007,0.6,4,30,144,1366,5,198.970515552375
"NSFG 15-44",1007,0.6,5,30,182,2112,3,193.692587701106
"NSFG 15-44",1007,0.6,6,30,300,11630,5,359.824855845543
"NSFG 15-44",1007,0.6,7,30,502,25346,4,523.840948730775
"NSFG 15-44",1007,0.6,8,30,298,4636,4,350.327087772609
"NSFG 15-44",1007,0.6,9,30,474,11242,2,466.7292373257
"NSFG 15-44",1007,0.6,10,30,304,3790,2,402.198402216656
"NSFG 15-44",1007,0.6,11,30,502,12014,5,674.139433321406
"NSFG 15-44",1007,0.6,12,30,601,21631,4,659.338716803709
"NSFG 15-44",1007,0.6,17,30,846,44576,4,1766.16092885231
"NSFG 15-44",1007,0.8,1,30,116,6486,6,271.848902193079
"NSFG 15-44",1007,0.8,2,30,328,26732,4,515.533156409672
"NSFG 15-44",1007,0.8,3,30,205,4391,3,409.975775717835
"NSFG 15-44",1007,0.8,4,30,380,29392,2,574.799015600267
"NSFG 15-44",1007,0.8,5,30,299,7943,5,745.255185077996
"NSFG 15-44",1007,0.8,6,30,1172,153186,1,1484.63724368075
"NSFG 15-44",1007,0.8,7,30,904,67034,2,2077.56313280577
"NSFG 15-44",1007,0.8,8,30,352,6612,2,1121.43338322405
"NSFG 15-44",1007,0.8,9,30,588,25132,6,1534.10552529956
"NSFG 15-44",1007,0.8,10,30,331,4367,3,1422.91521501242
"NSFG 15-44",1007,0.8,11,30,1493,130893,4,2798.81831788376
"NSFG 15-44",1007,0.8,12,30,1346,88482,2,2896.04640262263
"NSFG 15-44",1007,0.8,17,30,2505,378629,5,8181.44284151022
"NSFG 15-44",1008,0.2,1,30,7,9,24,9.00569616159452
"NSFG 15-44",1008,0.2,2,30,16,100,25,17.1962882793668
"NSFG 15-44",1008,0.2,3,30,22,80,19,25.0812163807057
"NSFG 15-44",1008,0.2,4,30,37,147,12,31.3359363944002
"NSFG 15-44",1008,0.2,5,30,34,146,17,39.5265285121725
"NSFG 15-44",1008,0.2,6,30,62,434,12,48.1246726518559
"NSFG 15-44",1008,0.2,7,30,65,309,9,55.2454407121115
"NSFG 15-44",1008,0.2,8,30,65,331,11,55.4887684026168
"NSFG 15-44",1008,0.2,9,30,56,232,11,67.7548807395004
"NSFG 15-44",1008,0.2,11,30,126,1160,6,84.4926729942171
"NSFG 15-44",1008,0.2,12,30,53,197,9,82.698240575167
"NSFG 15-44",1008,0.2,13,30,92,602,8,97.460609046256
"NSFG 15-44",1008,0.2,14,30,71,385,9,102.339840986
"NSFG 15-44",1008,0.2,16,30,134,1412,10,118.160641191417
"NSFG 15-44",1008,0.4,1,30,10,12,21,18.5190526707568
"NSFG 15-44",1008,0.4,2,30,34,74,10,44.9743433754785
"NSFG 15-44",1008,0.4,3,30,40,312,16,71.1461970075586
"NSFG 15-44",1008,0.4,4,30,141,1623,7,101.286169656621
"NSFG 15-44",1008,0.4,5,30,136,2060,10,120.655533545303
"NSFG 15-44",1008,0.4,6,30,140,1744,6,152.779565702856
"NSFG 15-44",1008,0.4,7,30,162,2324,9,157.410201814175
"NSFG 15-44",1008,0.4,8,30,184,3058,4,144.184302349072
"NSFG 15-44",1008,0.4,9,30,113,769,9,184.528009613232
"NSFG 15-44",1008,0.4,11,30,202,2130,5,235.171094441543
"NSFG 15-44",1008,0.4,12,30,265,4477,3,203.521785254736
"NSFG 15-44",1008,0.4,13,30,277,4235,4,268.807954911357
"NSFG 15-44",1008,0.4,14,30,272,3700,3,270.037346150976
"NSFG 15-44",1008,0.4,16,30,362,6174,2,315.578563671738
"NSFG 15-44",1008,0.6,1,30,68,1544,12,70.9043814801562
"NSFG 15-44",1008,0.6,2,30,108,2492,9,107.949958813012
"NSFG 15-44",1008,0.6,3,30,119,827,5,148.169799034678
"NSFG 15-44",1008,0.6,4,30,175,2525,2,214.841829996422
"NSFG 15-44",1008,0.6,5,30,225,3587,4,324.895453771893
"NSFG 15-44",1008,0.6,6,30,322,10588,5,335.488840364672
"NSFG 15-44",1008,0.6,7,30,232,4142,6,370.418242438322
"NSFG 15-44",1008,0.6,8,30,221,2871,6,332.339598069356
"NSFG 15-44",1008,0.6,9,30,280,3314,0,447.683659992844
"NSFG 15-44",1008,0.6,11,30,561,19837,2,567.27258273149
"NSFG 15-44",1008,0.6,12,30,415,11539,1,438.198402216656
"NSFG 15-44",1008,0.6,13,30,682,28538,2,663.583577618868
"NSFG 15-44",1008,0.6,14,30,440,8064,1,632.911546657125
"NSFG 15-44",1008,0.6,16,30,530,19504,6,747.210031247756
"NSFG 15-44",1008,0.8,1,30,112,2908,5,221.152535835404
"NSFG 15-44",1008,0.8,2,30,269,23607,7,363.444057336646
"NSFG 15-44",1008,0.8,3,30,753,48887,1,1097.1931863441
"NSFG 15-44",1008,0.8,4,30,592,45502,2,726.888114673293
"NSFG 15-44",1008,0.8,5,30,703,45209,1,1331.07986298891
"NSFG 15-44",1008,0.8,6,30,878,67346,4,1484.63724368075
"NSFG 15-44",1008,0.8,7,30,1010,120302,3,1553.70068044313
"NSFG 15-44",1008,0.8,8,30,686,44974,3,1070.73701686637
"NSFG 15-44",1008,0.8,9,30,411,6229,0,1736.89099073026
"NSFG 15-44",1008,0.8,11,30,1759,201717,1,2280.58879511642
"NSFG 15-44",1008,0.8,12,30,2065,290605,0,1470.91521501242
"NSFG 15-44",1008,0.8,13,30,2018,233238,4,2508.84254216593
"NSFG 15-44",1008,0.8,14,30,591,15303,5,2363.85465430701
"NSFG 15-44",1008,0.8,16,30,1812,213762,4,2828.69144435901
"NSFG 15-44",1009,0.2,1,30,14,58,23,7.47737607942782
"NSFG 15-44",1009,0.2,2,30,16,28,17,14.7000321451612
"NSFG 15-44",1009,0.2,3,30,25,53,16,22.3811842355446
"NSFG 15-44",1009,0.2,4,30,25,81,17,32.1510404382224
"NSFG 15-44",1009,0.2,5,30,41,135,12,39.7812485258669
"NSFG 15-44",1009,0.2,6,30,32,76,12,44.7623684710891
"NSFG 15-44",1009,0.2,7,30,60,210,9,49.9472644272669
"NSFG 15-44",1009,0.2,8,30,53,179,10,79.534337695373
"NSFG 15-44",1009,0.2,9,30,71,521,8,75.2436491421172
"NSFG 15-44",1009,0.2,11,30,92,670,9,81.2832008216671
"NSFG 15-44",1009,0.2,12,30,93,655,7,85.1435527066337
"NSFG 15-44",1009,0.2,17,30,142,1554,4,143.264642218501
"NSFG 15-44",1009,0.4,1,30,9,9,21,21.920297542456
"NSFG 15-44",1009,0.4,2,30,79,2497,13,41.8565355764209
"NSFG 15-44",1009,0.4,3,30,84,2578,11,57.8246545934033
"NSFG 15-44",1009,0.4,4,30,100,1412,7,93.0664945500146
"NSFG 15-44",1009,0.4,5,30,160,3926,7,116.970851600962
"NSFG 15-44",1009,0.4,6,30,103,1205,10,141.158645724551
"NSFG 15-44",1009,0.4,7,30,76,558,8,127.365872114165
"NSFG 15-44",1009,0.4,8,30,158,1792,2,284.485653306665
"NSFG 15-44",1009,0.4,9,30,176,2266,5,213.722028095317
"NSFG 15-44",1009,0.4,11,30,175,2357,8,217.03112179248
"NSFG 15-44",1009,0.4,12,30,192,2146,4,217.126764741533
"NSFG 15-44",1009,0.4,17,30,514,14646,3,433.584028839697
"NSFG 15-44",1009,0.6,1,30,84,2508,7,29.6389639256344
"NSFG 15-44",1009,0.6,2,30,110,1938,9,91.0205567393625
"NSFG 15-44",1009,0.6,3,30,109,991,7,161.924938219519
"NSFG 15-44",1009,0.6,4,30,109,635,4,131.252907257775
"NSFG 15-44",1009,0.6,5,30,114,942,7,219.086690811581
"NSFG 15-44",1009,0.6,6,30,296,10498,4,300.571948587769
"NSFG 15-44",1009,0.6,7,30,343,8389,2,310.107247550944
"NSFG 15-44",1009,0.6,8,30,539,31855,3,814.827557168381
"NSFG 15-44",1009,0.6,9,30,281,4893,6,563.015211619584
"NSFG 15-44",1009,0.6,11,30,562,17270,0,515.426288880937
"NSFG 15-44",1009,0.6,12,30,351,6369,1,546.123340436175
"NSFG 15-44",1009,0.6,17,30,982,57172,3,1163.05097997853
"NSFG 15-44",1009,0.8,1,30,132,3278,9,283.114761383674
"NSFG 15-44",1009,0.8,2,30,556,62862,1,504.267297219078
"NSFG 15-44",1009,0.8,3,30,287,21213,3,635.292959529725
"NSFG 15-44",1009,0.8,4,30,207,3481,6,664.925889125023
"NSFG 15-44",1009,0.8,5,30,399,24033,4,908.610143341616
"NSFG 15-44",1009,0.8,6,30,564,27144,2,1141.02853836761
"NSFG 15-44",1009,0.8,7,30,516,34560,3,905.91377698394
"NSFG 15-44",1009,0.8,8,30,1663,214437,3,3678.783419489
"NSFG 15-44",1009,0.8,9,30,638,20726,2,2283.28516147409
"NSFG 15-44",1009,0.8,11,30,1834,186288,3,1953.87887858918
"NSFG 15-44",1009,0.8,12,30,635,16235,0,1775.09341315848
"NSFG 15-44",1009,0.8,17,30,2587,289681,1,4970.67297219078
"NSFG 15-44",1010,0.2,1,30,8,8,22,8.0887041122945
"NSFG 15-44",1010,0.2,2,30,15,23,18,15.718912199939
"NSFG 15-44",1010,0.2,3,30,27,103,18,23.2981762848446
"NSFG 15-44",1010,0.2,4,30,43,203,16,31.3868803971391
"NSFG 15-44",1010,0.2,5,30,41,111,10,35.1453442766279
"NSFG 15-44",1010,0.2,6,30,58,288,14,45.9850245368225
"NSFG 15-44",1010,0.2,7,30,46,180,12,48.3170563396224
"NSFG 15-44",1010,0.2,8,30,52,282,14,71.3832972571505
"NSFG 15-44",1010,0.2,9,30,63,309,11,72.3907849887393
"NSFG 15-44",1010,0.2,10,30,85,787,10,72.1246726518559
"NSFG 15-44",1010,0.2,11,30,80,398,5,89.1285772434561
"NSFG 15-44",1010,0.2,13,30,93,555,8,87.1699204930002
"NSFG 15-44",1010,0.4,1,30,35,379,14,20.7865492518897
"NSFG 15-44",1010,0.4,2,30,29,91,15,45.2577804481201
"NSFG 15-44",1010,0.4,3,30,101,1121,7,75.9646272424658
"NSFG 15-44",1010,0.4,4,30,74,362,6,71.5252770292529
"NSFG 15-44",1010,0.4,5,30,84,618,8,92.028389208501
"NSFG 15-44",1010,0.4,6,30,112,854,9,125.00273258398
"NSFG 15-44",1010,0.4,7,30,110,858,7,118.579322862275
"NSFG 15-44",1010,0.4,8,30,221,3693,6,215.327007582114
"NSFG 15-44",1010,0.4,9,30,136,932,5,187.362380339648
"NSFG 15-44",1010,0.4,10,30,217,4263,5,198.512069121724
"NSFG 15-44",1010,0.4,11,30,231,3345,5,260.113556834004
"NSFG 15-44",1010,0.4,13,30,221,2697,2,207.018673075488
"NSFG 15-44",1010,0.6,1,30,23,55,13,37.0455773328562
"NSFG 15-44",1010,0.6,2,30,156,3066,8,111.124221701822
"NSFG 15-44",1010,0.6,3,30,101,623,5,139.705097997853
"NSFG 15-44",1010,0.6,4,30,176,2110,2,219.074180514834
"NSFG 15-44",1010,0.6,5,30,218,4102,3,165.124221701822
"NSFG 15-44",1010,0.6,6,30,261,5167,4,292.107247550943
"NSFG 15-44",1010,0.6,7,30,232,2342,2,246.621989774756
"NSFG 15-44",1010,0.6,8,30,666,25350,3,750.28421176259
"NSFG 15-44",1010,0.6,9,30,324,6108,5,541.853459027521
"NSFG 15-44",1010,0.6,10,30,385,10675,3,459.335134215225
"NSFG 15-44",1010,0.6,11,30,525,14183,3,684.720309617437
"NSFG 15-44",1010,0.6,13,30,374,6574,4,424.455773328562
"NSFG 15-44",1010,0.8,1,30,96,1334,5,300.013550169565
"NSFG 15-44",1010,0.8,2,30,195,6289,4,481.735578837889
"NSFG 15-44",1010,0.8,3,30,515,25875,2,1007.06631281934
"NSFG 15-44",1010,0.8,4,30,376,13644,3,648.027100339131
"NSFG 15-44",1010,0.8,5,30,349,8705,3,728.356396292103
"NSFG 15-44",1010,0.8,6,30,561,31221,0,1169.1931863441
"NSFG 15-44",1010,0.8,7,30,678,61352,4,894.647917793346
"NSFG 15-44",1010,0.8,8,30,1386,137536,5,2952.13550169565
"NSFG 15-44",1010,0.8,9,30,1025,65287,1,2069.2338368528
"NSFG 15-44",1010,0.8,10,30,845,54647,1,1360.95298946415
"NSFG 15-44",1010,0.8,11,30,1210,60872,1,2821.35003626495
"NSFG 15-44",1010,0.8,13,30,669,17341,0,1325.92732715351
"NSFG 15-44",1011,0.2,1,30,14,18,18,6.71321603834447
"NSFG 15-44",1011,0.2,2,30,26,130,18,14.2415361205112
"NSFG 15-44",1011,0.2,3,30,31,129,17,23.9095043177113
"NSFG 15-44",1011,0.2,4,30,40,158,17,30.979328375228
"NSFG 15-44",1011,0.2,5,30,27,73,17,35.2981762848446
"NSFG 15-44",1011,0.2,6,30,52,214,12,44.7623684710891
"NSFG 15-44",1011,0.2,7,30,61,275,9,50.6095364628724
"NSFG 15-44",1011,0.2,8,30,80,414,8,62.2643207668892
"NSFG 15-44",1011,0.2,9,30,70,360,11,60.5208323505779
"NSFG 15-44",1011,0.2,10,30,103,997,12,90.5664016433341
"NSFG 15-44",1011,0.2,11,30,128,1150,6,92.4908814242229
"NSFG 15-44",1011,0.2,13,30,97,753,10,93.283200821667
"NSFG 15-44",1011,0.2,15,30,178,2066,7,141.962882793668
"NSFG 15-44",1011,0.4,1,30,17,51,20,19.08592681604
"NSFG 15-44",1011,0.4,2,30,27,127,17,43.2737209396289
"NSFG 15-44",1011,0.4,3,30,52,124,5,58.6749658113281
"NSFG 15-44",1011,0.4,4,30,95,1055,11,95.0505540585058
"NSFG 15-44",1011,0.4,5,30,125,1883,10,99.114316024541
"NSFG 15-44",1011,0.4,6,30,136,1252,4,119.900865276431
"NSFG 15-44",1011,0.4,7,30,190,4216,5,140.403977455679
"NSFG 15-44",1011,0.4,8,30,179,2117,7,165.725519869834
"NSFG 15-44",1011,0.4,9,30,122,928,7,154.200242840581
"NSFG 15-44",1011,0.4,10,30,410,10080,4,290.062243584961
"NSFG 15-44",1011,0.4,11,30,189,2361,6,276.552907047217
"NSFG 15-44",1011,0.4,13,30,243,2845,3,241.031121792481
"NSFG 15-44",1011,0.4,15,30,487,12121,2,469.105814094434
"NSFG 15-44",1011,0.6,1,30,91,4519,7,66.6720309617437
"NSFG 15-44",1011,0.6,2,30,51,341,12,137.5764124419
"NSFG 15-44",1011,0.6,3,30,173,2813,5,148.169799034678
"NSFG 15-44",1011,0.6,4,30,169,3465,3,249.758721773325
"NSFG 15-44",1011,0.6,5,30,235,9139,4,224.377128959597
"NSFG 15-44",1011,0.6,6,30,196,2240,5,275.177845477293
"NSFG 15-44",1011,0.6,7,30,267,6395,5,309.04915992134
"NSFG 15-44",1011,0.6,8,30,405,17793,5,437.090273400065
"NSFG 15-44",1011,0.6,9,30,238,2892,3,291.086690811581
"NSFG 15-44",1011,0.6,10,30,830,40302,2,814.852577761875
"NSFG 15-44",1011,0.6,11,30,677,24161,0,807.458474651399
"NSFG 15-44",1011,0.6,13,30,390,8016,4,551.426288880937
"NSFG 15-44",1011,0.6,15,30,864,37006,6,1349.24938219519
"NSFG 15-44",1011,0.8,1,30,115,3071,5,176.089099073026
"NSFG 15-44",1011,0.8,2,30,219,9499,5,380.342846122538
"NSFG 15-44",1011,0.8,3,30,449,79375,5,438.140423694321
"NSFG 15-44",1011,0.8,4,30,454,24710,4,856.44549536513
"NSFG 15-44",1011,0.8,5,30,633,45635,2,1133.92732715351
"NSFG 15-44",1011,0.8,6,30,405,15177,3,938.243072936913
"NSFG 15-44",1011,0.8,7,30,592,56430,3,1136.86389039113
"NSFG 15-44",1011,0.8,8,30,1109,104015,3,1712.89099073026
"NSFG 15-44",1011,0.8,9,30,269,3723,5,773.660029934429
"NSFG 15-44",1011,0.8,10,30,2973,428917,2,3619.75775717836
"NSFG 15-44",1011,0.8,11,30,898,43932,2,2877.67933221793
"NSFG 15-44",1011,0.8,13,30,949,35039,1,2001.87887858918
"NSFG 15-44",1011,0.8,15,30,1863,154837,3,6105.5881872032
"NSFG 15-44",1012,0.2,1,30,14,24,20,8.49625613420562
"NSFG 15-44",1012,0.2,2,30,16,30,19,18.011392323189
"NSFG 15-44",1012,0.2,3,30,36,208,16,23.7566723094946
"NSFG 15-44",1012,0.2,4,30,33,77,12,30.8264963670113
"NSFG 15-44",1012,0.2,5,30,43,289,13,40.647296572428
"NSFG 15-44",1012,0.2,6,30,45,153,9,43.5397124053557
"NSFG 15-44",1012,0.2,7,30,32,68,12,54.0227846463781
"NSFG 15-44",1012,0.2,8,30,67,347,9,70.4153612051117
"NSFG 15-44",1012,0.2,9,30,73,325,5,77.5361292653672
"NSFG 15-44",1012,0.2,10,30,59,329,10,78.4417289914782
"NSFG 15-44",1012,0.2,11,30,85,737,11,82.6077448928782
"NSFG 15-44",1012,0.2,12,30,126,1008,9,92.7342091147283
"NSFG 15-44",1012,0.2,13,30,121,1115,7,111.623041807667
"NSFG 15-44",1012,0.2,15,30,180,1956,5,152.661123368835
"NSFG 15-44",1012,0.4,1,30,9,9,21,15.4012448716992
"NSFG 15-44",1012,0.4,2,30,31,101,17,43.5571580122705
"NSFG 15-44",1012,0.4,3,30,64,408,12,71.1461970075586
"NSFG 15-44",1012,0.4,4,30,61,311,10,87.3977530971826
"NSFG 15-44",1012,0.4,5,30,128,3316,10,111.30211014813
"NSFG 15-44",1012,0.4,6,30,96,722,6,116.783057477373
"NSFG 15-44",1012,0.4,7,30,222,3450,2,154.292394015117
"NSFG 15-44",1012,0.4,8,30,246,5822,4,217.311067090606
"NSFG 15-44",1012,0.4,9,30,179,2719,9,215.706087603809
"NSFG 15-44",1012,0.4,10,30,193,2427,6,219.202975424561
"NSFG 15-44",1012,0.4,11,30,204,3222,8,239.139213458525
"NSFG 15-44",1012,0.4,12,30,430,22440,4,293.087900209482
"NSFG 15-44",1012,0.4,13,30,468,10850,1,343.068467943457
"NSFG 15-44",1012,0.4,15,30,513,19153,6,528.62759934917
"NSFG 15-44",1012,0.6,1,30,102,4806,16,58.2073299249187
"NSFG 15-44",1012,0.6,2,30,40,100,12,104.775695924203
"NSFG 15-44",1012,0.6,3,30,162,1932,4,189.4352165892
"NSFG 15-44",1012,0.6,4,30,157,2201,4,207.4352165892
"NSFG 15-44",1012,0.6,5,30,136,1024,5,229.667567107612
"NSFG 15-44",1012,0.6,6,30,210,2440,3,266.713144440469
"NSFG 15-44",1012,0.6,7,30,342,10404,6,371.476330067925
"NSFG 15-44",1012,0.6,8,30,520,20150,7,649.765886950293
"NSFG 15-44",1012,0.6,9,30,488,16572,6,542.911546657124
"NSFG 15-44",1012,0.6,10,30,504,21416,3,508.007165176968
"NSFG 15-44",1012,0.6,11,30,645,33013,3,619.118876582043
"NSFG 15-44",1012,0.6,12,30,919,98203,2,801.122459170527
"NSFG 15-44",1012,0.6,13,30,795,43091,6,932.337835538061
"NSFG 15-44",1012,0.6,15,30,1660,164468,4,1571.44778441184
"NSFG 15-44",1012,0.8,1,30,422,103522,5,159.190310287134
"NSFG 15-44",1012,0.8,2,30,982,225140,4,611.292959529726
"NSFG 15-44",1012,0.8,3,30,484,36924,6,556.431945195564
"NSFG 15-44",1012,0.8,4,30,961,202951,2,1256.38349663123
"NSFG 15-44",1012,0.8,5,30,2065,700001,1,1590.19462437258
"NSFG 15-44",1012,0.8,6,30,1836,491038,1,988.939439294588
"NSFG 15-44",1012,0.8,7,30,1243,284993,2,1277.68713027356
"NSFG 15-44",1012,0.8,8,30,2272,583794,3,2467.70355650009
"NSFG 15-44",1012,0.8,9,30,3830,1032584,1,2469.1718381189
"NSFG 15-44",1012,0.8,10,30,2188,860028,6,2036.90454089982
"NSFG 15-44",1012,0.8,11,30,3762,1069840,3,2534.07062690479
"NSFG 15-44",1012,0.8,12,30,3154,767520,1,3487.50401012884
"NSFG 15-44",1012,0.8,13,30,4875,1489069,1,4029.73353289619
"NSFG 15-44",1012,0.8,15,30,6597,2264669,2,7288.50340221562
"NSFG 15-44",1013,0.2,1,30,7,7,23,7.27360006847226
"NSFG 15-44",1013,0.2,2,30,14,22,19,16.4321282382834
"NSFG 15-44",1013,0.2,3,30,18,34,18,25.9982084300058
"NSFG 15-44",1013,0.2,4,30,13,17,19,30.3680003423613
"NSFG 15-44",1013,0.2,5,30,36,140,13,36.469888347839
"NSFG 15-44",1013,0.2,6,30,50,172,10,43.2849923916613
"NSFG 15-44",1013,0.2,7,30,57,205,8,50.8642564765669
"NSFG 15-44",1013,0.2,8,30,73,335,6,62.5699847833226
"NSFG 15-44",1013,0.2,9,30,71,311,8,67.1944967093725
"NSFG 15-44",1013,0.2,10,30,91,669,8,96.6796819720009
"NSFG 15-44",1013,0.2,11,30,77,413,11,79.7548807395003
"NSFG 15-44",1013,0.2,12,30,136,1072,5,90.3398409860005
"NSFG 15-44",1013,0.2,15,30,126,1330,8,128.208002054168
"NSFG 15-44",1013,0.4,1,30,13,25,20,17.668741452832
"NSFG 15-44",1013,0.4,2,30,39,109,11,39.8724760679297
"NSFG 15-44",1013,0.4,3,30,66,488,8,64.3437072641602
"NSFG 15-44",1013,0.4,4,30,66,398,5,88.531501387749
"NSFG 15-44",1013,0.4,5,30,119,2651,10,90.0443297000098
"NSFG 15-44",1013,0.4,6,30,119,1681,9,117.349931622656
"NSFG 15-44",1013,0.4,7,30,110,820,9,132.467739421714
"NSFG 15-44",1013,0.4,8,30,150,1252,4,161.757400852852
"NSFG 15-44",1013,0.4,9,30,199,4033,8,214.572339313242
"NSFG 15-44",1013,0.4,10,30,214,3578,6,324.074692301953
"NSFG 15-44",1013,0.4,11,30,205,2221,4,208.528009613233
"NSFG 15-44",1013,0.4,12,30,240,3312,4,246.037346150977
"NSFG 15-44",1013,0.4,15,30,523,15401,2,392.577804481201
"NSFG 15-44",1013,0.6,1,30,46,456,13,52.9168917769031
"NSFG 15-44",1013,0.6,2,30,57,415,10,105.833783553806
"NSFG 15-44",1013,0.6,3,30,193,8313,11,187.319041329994
"NSFG 15-44",1013,0.6,4,30,207,4939,8,261.397685698959
"NSFG 15-44",1013,0.6,5,30,144,1252,1,187.344061923487
"NSFG 15-44",1013,0.6,6,30,348,9020,5,292.107247550944
"NSFG 15-44",1013,0.6,7,30,430,15130,3,304.816809402928
"NSFG 15-44",1013,0.6,8,30,710,49682,5,397.94103110475
"NSFG 15-44",1013,0.6,9,30,638,27420,2,452.974098140859
"NSFG 15-44",1013,0.6,10,30,916,52104,3,941.823093314249
"NSFG 15-44",1013,0.6,11,30,641,27081,3,483.683659992843
"NSFG 15-44",1013,0.6,12,30,604,20022,2,596.911546657125
"NSFG 15-44",1013,0.6,15,30,1057,65205,3,1063.56572220234
"NSFG 15-44",1013,0.8,1,30,205,25199,7,226.785465430701
"NSFG 15-44",1013,0.8,2,30,111,1497,8,369.076986931944
"NSFG 15-44",1013,0.8,3,30,499,21977,1,854.977213746319
"NSFG 15-44",1013,0.8,4,30,902,91294,0,1228.21884865475
"NSFG 15-44",1013,0.8,5,30,526,23396,4,953.673580103994
"NSFG 15-44",1013,0.8,6,30,1082,111144,3,1248.05420067826
"NSFG 15-44",1013,0.8,7,30,1206,86556,0,1131.23096079583
"NSFG 15-44",1013,0.8,8,30,1017,125197,3,1307.32005986886
"NSFG 15-44",1013,0.8,9,30,2105,227533,1,2012.90454089983
"NSFG 15-44",1013,0.8,10,30,2008,201992,4,4295.70930861403
"NSFG 15-44",1013,0.8,11,30,1457,149157,3,1784.89099073026
"NSFG 15-44",1013,0.8,12,30,2223,313741,3,2315.85465430701
"NSFG 15-44",1013,0.8,15,30,3523,569911,2,4584.69719647294
"NSFG 15-44",1014,0.2,1,30,5,5,25,7.78304009586116
"NSFG 15-44",1014,0.2,2,30,21,115,20,17.4000642903224
"NSFG 15-44",1014,0.2,3,30,22,42,15,23.6038403012779
"NSFG 15-44",1014,0.2,4,30,25,71,18,30.011392323189
"NSFG 15-44",1014,0.2,5,30,54,218,9,39.3736965039558
"NSFG 15-44",1014,0.2,6,30,44,154,14,44.6604804656113
"NSFG 15-44",1014,0.2,7,30,63,335,11,57.9454728572726
"NSFG 15-44",1014,0.2,8,30,47,113,6,63.7926408490559
"NSFG 15-44",1014,0.2,9,30,75,783,16,81.7135374899562
"NSFG 15-44",1014,0.2,10,30,80,504,7,82.9248012325006
"NSFG 15-44",1014,0.2,11,30,70,302,11,81.2832008216671
"NSFG 15-44",1014,0.2,12,30,72,304,7,87.283200821667
"NSFG 15-44",1014,0.2,13,30,77,523,12,90.2265606573337
"NSFG 15-44",1014,0.2,15,30,134,1130,6,123.623041807668
"NSFG 15-44",1014,0.4,1,30,46,610,14,21.0699863245312
"NSFG 15-44",1014,0.4,2,30,37,255,19,49.5093365377441
"NSFG 15-44",1014,0.4,3,30,68,454,7,63.2099589735938
"NSFG 15-44",1014,0.4,4,30,113,777,4,83.1461970075586
"NSFG 15-44",1014,0.4,5,30,87,781,12,119.238348182095
"NSFG 15-44",1014,0.4,6,30,129,1219,7,120.184302349072
"NSFG 15-44",1014,0.4,7,30,163,2341,7,180.085167625503
"NSFG 15-44",1014,0.4,8,30,133,1291,9,164.591771579268
"NSFG 15-44",1014,0.4,9,30,222,3836,7,257.654774354766
"NSFG 15-44",1014,0.4,10,30,253,4101,2,247.546682688721
"NSFG 15-44",1014,0.4,11,30,200,2162,3,217.03112179248
"NSFG 15-44",1014,0.4,12,30,264,3836,3,229.031121792481
"NSFG 15-44",1014,0.4,13,30,250,3644,3,224.024897433984
"NSFG 15-44",1014,0.4,15,30,412,9448,1,367.068467943457
"NSFG 15-44",1014,0.6,1,30,37,257,14,79.3690825169812
"NSFG 15-44",1014,0.6,2,30,100,968,4,89.9624691097593
"NSFG 15-44",1014,0.6,3,30,110,1402,10,166.157288737931
"NSFG 15-44",1014,0.6,4,30,200,4368,4,192.621989774756
"NSFG 15-44",1014,0.6,5,30,261,5397,2,295.269000143006
"NSFG 15-44",1014,0.6,6,30,261,4141,2,350.302067179115
"NSFG 15-44",1014,0.6,7,30,361,8755,2,415.916010511256
"NSFG 15-44",1014,0.6,8,30,307,4577,3,413.812345548797
"NSFG 15-44",1014,0.6,9,30,568,15606,2,724.902618948862
"NSFG 15-44",1014,0.6,10,30,450,12428,6,687.882062209499
"NSFG 15-44",1014,0.6,11,30,331,4875,3,515.426288880937
"NSFG 15-44",1014,0.6,12,30,364,6688,4,533.426288880937
"NSFG 15-44",1014,0.6,13,30,429,10245,2,487.94103110475
"NSFG 15-44",1014,0.6,15,30,773,29399,2,968.337835538062
"NSFG 15-44",1014,0.8,1,30,122,5118,5,181.722028668323
"NSFG 15-44",1014,0.8,2,30,325,26359,4,504.267297219078
"NSFG 15-44",1014,0.8,3,30,187,5559,4,466.305071670808
"NSFG 15-44",1014,0.8,4,30,373,21145,3,586.064874790861
"NSFG 15-44",1014,0.8,5,30,552,28202,2,1415.57380691837
"NSFG 15-44",1014,0.8,6,30,515,23495,2,1174.8261159394
"NSFG 15-44",1014,0.8,7,30,875,43881,2,1857.87887858918
"NSFG 15-44",1014,0.8,8,30,933,60753,2,1527.00431408545
"NSFG 15-44",1014,0.8,9,30,1189,68097,3,3190.18682631695
"NSFG 15-44",1014,0.8,10,30,1065,60863,3,2352.34859823647
"NSFG 15-44",1014,0.8,11,30,479,8995,2,1953.87887858918
"NSFG 15-44",1014,0.8,12,30,862,29716,1,1977.87887858918
"NSFG 15-44",1014,0.8,13,30,1798,187362,2,1663.90310287134
"NSFG 15-44",1014,0.8,15,30,1328,78332,1,4077.73353289619
"NSFG 15-44",1015,0.2,1,30,7,9,24,6.91699204930002
"NSFG 15-44",1015,0.2,2,30,17,29,18,14.343424125989
"NSFG 15-44",1015,0.2,3,30,29,127,17,22.177408224589
"NSFG 15-44",1015,0.2,4,30,33,95,15,30.4189443451002
"NSFG 15-44",1015,0.2,5,30,36,112,13,39.2208644957391
"NSFG 15-44",1015,0.2,6,30,53,245,11,44.7114244683502
"NSFG 15-44",1015,0.2,7,30,66,296,9,54.2265606573336
"NSFG 15-44",1015,0.2,8,30,53,195,7,55.9472644272669
"NSFG 15-44",1015,0.2,9,30,59,273,11,68.9775368052337
"NSFG 15-44",1015,0.2,11,30,85,663,11,88.9248012325005
"NSFG 15-44",1015,0.2,12,30,59,225,9,78.1132803286668
"NSFG 15-44",1015,0.2,13,30,101,645,4,94.8115209038337
"NSFG 15-44",1015,0.2,15,30,72,396,9,105.283200821667
"NSFG 15-44",1015,0.2,16,30,144,1248,7,115.868161068167
"NSFG 15-44",1015,0.2,17,30,142,1146,6,118.811520903834
"NSFG 15-44",1015,0.4,1,30,13,15,18,23.0540458330225
"NSFG 15-44",1015,0.4,2,30,49,295,12,36.1877941235889
"NSFG 15-44",1015,0.4,3,30,60,302,9,62.0762106830273
"NSFG 15-44",1015,0.4,4,30,52,166,9,76.0602701915185
"NSFG 15-44",1015,0.4,5,30,95,777,7,114.136480874546
"NSFG 15-44",1015,0.4,6,30,121,749,3,119.333991131147
"NSFG 15-44",1015,0.4,7,30,134,1508,5,153.158645724551
"NSFG 15-44",1015,0.4,8,30,137,1467,5,144.467739421714
"NSFG 15-44",1015,0.4,9,30,214,2714,6,198.699863245313
"NSFG 15-44",1015,0.4,11,30,246,4722,5,259.546682688721
"NSFG 15-44",1015,0.4,12,30,137,1035,5,178.012448716992
"NSFG 15-44",1015,0.4,13,30,262,4440,3,249.534233971729
"NSFG 15-44",1015,0.4,15,30,306,4608,1,265.03112179248
"NSFG 15-44",1015,0.4,16,30,326,5746,3,302.540458330225
"NSFG 15-44",1015,0.4,17,30,255,3253,3,297.534233971729
"NSFG 15-44",1015,0.6,1,30,42,274,10,47.6264536288875
"NSFG 15-44",1015,0.6,2,30,102,2260,13,86.78820622095
"NSFG 15-44",1015,0.6,3,30,150,2210,5,147.111711405075
"NSFG 15-44",1015,0.6,4,30,272,5194,4,231.771232070072
"NSFG 15-44",1015,0.6,5,30,179,2317,3,237.074180514834
"NSFG 15-44",1015,0.6,6,30,148,1608,7,249.783742366819
"NSFG 15-44",1015,0.6,7,30,375,10477,5,421.206448659272
"NSFG 15-44",1015,0.6,8,30,334,7444,3,305.887407329278
"NSFG 15-44",1015,0.6,9,30,340,7108,6,488.949077547365
"NSFG 15-44",1015,0.6,11,30,736,28588,1,674.139433321406
"NSFG 15-44",1015,0.6,12,30,253,2761,1,342.970515552375
"NSFG 15-44",1015,0.6,13,30,628,19410,1,583.168917769031
"NSFG 15-44",1015,0.6,15,30,587,14283,2,587.426288880937
"NSFG 15-44",1015,0.6,16,30,590,15120,0,700.654175545218
"NSFG 15-44",1015,0.6,17,30,482,10656,1,655.168917769031
"NSFG 15-44",1015,0.8,1,30,71,1057,3,221.152535835404
"NSFG 15-44",1015,0.8,2,30,132,1716,4,318.380620574268
"NSFG 15-44",1015,0.8,3,30,199,2763,3,595.862452362645
"NSFG 15-44",1015,0.8,4,30,465,14797,0,918.4077209134
"NSFG 15-44",1015,0.8,5,30,898,63156,2,964.939439294588
"NSFG 15-44",1015,0.8,6,30,527,15349,0,1028.36994646167
"NSFG 15-44",1015,0.8,7,30,671,34205,7,1497.37138449015
"NSFG 15-44",1015,0.8,8,30,962,50838,1,1104.53459443816
"NSFG 15-44",1015,0.8,9,30,472,8906,1,1883.34716020799
"NSFG 15-44",1015,0.8,11,30,1893,163587,2,2798.81831788376
"NSFG 15-44",1015,0.8,12,30,369,5253,3,963.95155143567
"NSFG 15-44",1015,0.8,13,30,1468,94162,1,2170.8667664481
"NSFG 15-44",1015,0.8,15,30,907,33113,1,2049.87887858918
"NSFG 15-44",1015,0.8,16,30,1367,81195,4,2580.84254216593
"NSFG 15-44",1015,0.8,17,30,950,35376,1,2266.8667664481
"NSFG 15-44",1016,0.2,1,30,2,2,28,7.22265606573337
"NSFG 15-44",1016,0.2,2,30,15,33,21,15.0056961615945
"NSFG 15-44",1016,0.2,3,30,17,49,19,24.5208323505779
"NSFG 15-44",1016,0.2,4,30,27,75,13,30.4698883478391
"NSFG 15-44",1016,0.2,5,30,24,90,19,37.6416004108335
"NSFG 15-44",1016,0.2,6,30,46,176,13,46.8001285806447
"NSFG 15-44",1016,0.2,7,30,37,133,15,51.0680324875225
"NSFG 15-44",1016,0.2,8,30,57,267,13,56.1510404382224
"NSFG 15-44",1016,0.2,9,30,107,809,8,68.9265928024948
"NSFG 15-44",1016,0.2,10,30,83,411,7,72.532224673767
"NSFG 15-44",1016,0.2,11,30,81,525,9,83.7285129531337
"NSFG 15-44",1016,0.2,12,30,92,514,8,84.990720698417
"NSFG 15-44",1016,0.4,1,30,12,20,21,19.3693638886816
"NSFG 15-44",1016,0.4,2,30,69,633,10,51.2099589735937
"NSFG 15-44",1016,0.4,3,30,77,355,6,72.279945298125
"NSFG 15-44",1016,0.4,4,30,64,270,10,77.4774555547265
"NSFG 15-44",1016,0.4,5,30,121,977,5,101.098375533032
"NSFG 15-44",1016,0.4,6,30,169,3069,5,121.318050639639
"NSFG 15-44",1016,0.4,7,30,149,1671,5,131.333991131147
"NSFG 15-44",1016,0.4,8,30,152,1264,6,142.483679913223
"NSFG 15-44",1016,0.4,9,30,179,2081,3,174.891149143418
"NSFG 15-44",1016,0.4,10,30,193,1915,3,198.795506194365
"NSFG 15-44",1016,0.4,11,30,206,1918,1,235.737968586826
"NSFG 15-44",1016,0.4,12,30,233,2659,2,215.426142305684
"NSFG 15-44",1016,0.6,1,30,45,239,8,62.4396804433312
"NSFG 15-44",1016,0.6,2,30,104,1042,6,109.008046442616
"NSFG 15-44",1016,0.6,3,30,174,2114,4,159.808762960312
"NSFG 15-44",1016,0.6,4,30,211,3535,5,208.493304218803
"NSFG 15-44",1016,0.6,5,30,151,2475,9,227.551391848406
"NSFG 15-44",1016,0.6,6,30,265,4959,5,328.08222695745
"NSFG 15-44",1016,0.6,7,30,301,7755,5,337.617525920625
"NSFG 15-44",1016,0.6,8,30,264,3694,3,325.991072291737
"NSFG 15-44",1016,0.6,9,30,333,8701,3,515.401268287443
"NSFG 15-44",1016,0.6,10,30,278,3600,2,448.754257919193
"NSFG 15-44",1016,0.6,11,30,519,12845,1,547.168917769031
"NSFG 15-44",1016,0.6,12,30,367,6225,0,482.638082659987
"NSFG 15-44",1016,0.8,1,30,64,830,3,108.493943929459
"NSFG 15-44",1016,0.8,2,30,300,17040,4,397.24163490843
"NSFG 15-44",1016,0.8,3,30,377,16143,4,809.91377698394
"NSFG 15-44",1016,0.8,4,30,632,36414,2,1025.43338322405
"NSFG 15-44",1016,0.8,5,30,358,7170,2,897.344284151021
"NSFG 15-44",1016,0.8,6,30,458,14664,2,1242.42127108296
"NSFG 15-44",1016,0.8,7,30,463,11903,2,1238.25662310648
"NSFG 15-44",1016,0.8,8,30,649,28183,3,1138.33217200994
"NSFG 15-44",1016,0.8,9,30,511,20303,3,1517.20673651367
"NSFG 15-44",1016,0.8,10,30,493,11129,1,1580.63724368075
"NSFG 15-44",1016,0.8,11,30,1073,62581,4,2427.04496459414
"NSFG 15-44",1016,0.8,12,30,592,13148,1,1718.7641172055
"NSFG 15-44",1017,0.2,1,30,10,22,23,8.44531213146673
"NSFG 15-44",1017,0.2,2,30,17,37,19,14.6490881424223
"NSFG 15-44",1017,0.2,3,30,35,115,15,22.8396802601946
"NSFG 15-44",1017,0.2,4,30,32,124,14,31.5906564080946
"NSFG 15-44",1017,0.2,5,30,28,72,16,34.6868482519779
"NSFG 15-44",1017,0.2,6,30,40,168,12,50.0096007531948
"NSFG 15-44",1017,0.2,7,30,45,215,14,49.5397124053557
"NSFG 15-44",1017,0.2,8,30,57,253,10,57.3227525012169
"NSFG 15-44",1017,0.2,10,30,94,554,6,87.2040974625673
"NSFG 15-44",1017,0.2,11,30,88,650,9,94.0192015063896
"NSFG 15-44",1017,0.2,13,30,128,1300,5,108.566401643334
"NSFG 15-44",1017,0.2,15,30,71,443,13,108.339840986
"NSFG 15-44",1017,0.4,1,30,19,53,18,18.8024897433984
"NSFG 15-44",1017,0.4,2,30,24,60,17,41.0062243584961
"NSFG 15-44",1017,0.4,3,30,38,88,10,57.8246545934033
"NSFG 15-44",1017,0.4,4,30,99,1181,9,86.5474418792578
"NSFG 15-44",1017,0.4,5,30,146,2664,7,101.098375533032
"NSFG 15-44",1017,0.4,6,30,125,1099,6,115.932746259448
"NSFG 15-44",1017,0.4,7,30,162,2448,8,133.318050639639
"NSFG 15-44",1017,0.4,8,30,148,1202,2,152.403977455679
"NSFG 15-44",1017,0.4,10,30,257,5449,5,251.798238778345
"NSFG 15-44",1017,0.4,11,30,202,4520,7,268.049794867969
"NSFG 15-44",1017,0.4,13,30,315,6709,5,326.062243584961
"NSFG 15-44",1017,0.4,15,30,205,2329,4,282.037346150976
"NSFG 15-44",1017,0.6,1,30,102,2406,13,84.6595206649968
"NSFG 15-44",1017,0.6,2,30,61,697,8,62.4521907400781
"NSFG 15-44",1017,0.6,3,30,248,9868,5,154.518324812297
"NSFG 15-44",1017,0.6,4,30,189,2551,4,240.235933106897
"NSFG 15-44",1017,0.6,5,30,188,3044,5,225.4352165892
"NSFG 15-44",1017,0.6,6,30,304,5200,3,369.347644511972
"NSFG 15-44",1017,0.6,7,30,353,8621,4,328.094737254197
"NSFG 15-44",1017,0.6,8,30,220,2944,4,390.534417697528
"NSFG 15-44",1017,0.6,10,30,598,21922,6,755.5996705041
"NSFG 15-44",1017,0.6,11,30,598,26258,5,691.068835395056
"NSFG 15-44",1017,0.6,13,30,752,33188,3,868.852577761874
"NSFG 15-44",1017,0.6,15,30,460,9788,4,650.911546657125
"NSFG 15-44",1017,0.8,1,30,24,38,10,57.7975775717835
"NSFG 15-44",1017,0.8,2,30,160,6328,7,307.114761383674
"NSFG 15-44",1017,0.8,3,30,417,27255,4,663.457607506212
"NSFG 15-44",1017,0.8,4,30,260,5652,2,811.382058602752
"NSFG 15-44",1017,0.8,5,30,525,32935,1,964.939439294588
"NSFG 15-44",1017,0.8,6,30,489,15285,5,1693.05563870675
"NSFG 15-44",1017,0.8,7,30,1014,89254,4,1052.36994646167
"NSFG 15-44",1017,0.8,8,30,448,19134,5,1527.00431408545
"NSFG 15-44",1017,0.8,10,30,1756,140928,2,3140.95874157809
"NSFG 15-44",1017,0.8,11,30,1438,125554,4,2810.08417707436
"NSFG 15-44",1017,0.8,13,30,2159,206563,2,3691.75775717835
"NSFG 15-44",1017,0.8,15,30,759,23083,1,2387.85465430701
"NSFG 15-44",1018,0.2,1,30,4,4,26,7.0698240575167
"NSFG 15-44",1018,0.2,2,30,19,41,18,15.718912199939
"NSFG 15-44",1018,0.2,3,30,20,36,16,22.1264642218501
"NSFG 15-44",1018,0.2,4,30,36,82,9,28.4830722410223
"NSFG 15-44",1018,0.2,5,30,34,74,11,36.9793283752279
"NSFG 15-44",1018,0.2,6,30,41,289,15,45.2208644957391
"NSFG 15-44",1018,0.2,7,30,47,141,8,52.2397445505169
"NSFG 15-44",1018,0.2,8,30,61,265,9,50.7509761479001
"NSFG 15-44",1018,0.2,9,30,42,194,15,64.9020165861225
"NSFG 15-44",1018,0.2,11,30,108,836,7,78.2265606573336
"NSFG 15-44",1018,0.2,12,30,125,1051,5,102.566401643334
"NSFG 15-44",1018,0.2,13,30,89,845,14,98.1738250846005
"NSFG 15-44",1018,0.4,1,30,19,41,16,21.3534233971729
"NSFG 15-44",1018,0.4,2,30,45,487,14,48.3755882471777
"NSFG 15-44",1018,0.4,3,30,54,158,6,68.3118262811426
"NSFG 15-44",1018,0.4,4,30,67,261,6,72.9424623924609
"NSFG 15-44",1018,0.4,5,30,73,355,9,98.5474418792578
"NSFG 15-44",1018,0.4,6,30,100,730,7,113.948686750957
"NSFG 15-44",1018,0.4,7,30,165,2021,4,152.875208651909
"NSFG 15-44",1018,0.4,8,30,99,533,6,112.439350213213
"NSFG 15-44",1018,0.4,9,30,177,1889,5,164.120540383037
"NSFG 15-44",1018,0.4,11,30,147,1237,4,200.024897433984
"NSFG 15-44",1018,0.4,12,30,321,5707,4,314.062243584961
"NSFG 15-44",1018,0.4,13,30,206,2488,4,283.546682688721
"NSFG 15-44",1018,0.6,1,30,44,608,13,40.2198402216656
"NSFG 15-44",1018,0.6,2,30,55,223,9,76.2073299249187
"NSFG 15-44",1018,0.6,3,30,94,558,5,124.891871183409
"NSFG 15-44",1018,0.6,4,30,178,4544,6,205.319041329994
"NSFG 15-44",1018,0.6,5,30,147,1241,4,208.50581451555
"NSFG 15-44",1018,0.6,6,30,231,2783,2,264.596969181262
"NSFG 15-44",1018,0.6,7,30,245,4273,9,354.546927994275
"NSFG 15-44",1018,0.6,8,30,172,1328,4,200.078644368965
"NSFG 15-44",1018,0.6,9,30,379,8849,1,392.663103253481
"NSFG 15-44",1018,0.6,11,30,431,11671,4,451.94103110475
"NSFG 15-44",1018,0.6,12,30,664,22444,3,850.852577761874
"NSFG 15-44",1018,0.6,13,30,523,14471,2,748.230587987118
"NSFG 15-44",1018,0.8,1,30,57,391,7,176.089099073026
"NSFG 15-44",1018,0.8,2,30,108,1110,5,301.481831788377
"NSFG 15-44",1018,0.8,3,30,269,4819,4,793.014988198049
"NSFG 15-44",1018,0.8,4,30,264,3806,1,636.761241148536
"NSFG 15-44",1018,0.8,5,30,478,18538,0,993.104087271074
"NSFG 15-44",1018,0.8,6,30,392,13650,2,645.330733981456
"NSFG 15-44",1018,0.8,7,30,548,24788,1,1086.16752403345
"NSFG 15-44",1018,0.8,8,30,221,2233,4,501.811127741349
"NSFG 15-44",1018,0.8,9,30,693,42479,4,1466.51037015599
"NSFG 15-44",1018,0.8,11,30,1046,65166,4,1615.90310287134
"NSFG 15-44",1018,0.8,12,30,1609,106553,0,3667.75775717836
"NSFG 15-44",1018,0.8,13,30,1461,93449,1,2948.21105059911
"NSFG 15-44",1019,0.2,1,30,12,26,22,8.70003214516118
"NSFG 15-44",1019,0.2,2,30,20,34,16,15.6679681972001
"NSFG 15-44",1019,0.2,3,30,26,56,12,25.2849923916613
"NSFG 15-44",1019,0.2,4,30,22,64,19,29.6547843040168
"NSFG 15-44",1019,0.2,5,30,34,92,13,36.7755523642724
"NSFG 15-44",1019,0.2,6,30,57,305,13,47.0548485943392
"NSFG 15-44",1019,0.2,7,30,35,141,14,53.7680646326836
"NSFG 15-44",1019,0.2,8,30,63,239,7,63.5888648381004
"NSFG 15-44",1019,0.2,9,30,50,254,13,61.6416004108335
"NSFG 15-44",1019,0.2,10,30,78,374,7,80.3776010955561
"NSFG 15-44",1019,0.2,11,30,148,2132,5,91.1153933502729
"NSFG 15-44",1019,0.2,12,30,84,568,10,88.8115209038337
"NSFG 15-44",1019,0.2,14,30,133,1681,8,128.321282382834
"NSFG 15-44",1019,0.2,16,30,102,776,9,111.283200821667
"NSFG 15-44",1019,0.4,1,30,28,258,22,19.9362380339648
"NSFG 15-44",1019,0.4,2,30,19,37,17,46.3915287386865
"NSFG 15-44",1019,0.4,3,30,116,2254,10,72.5633823707666
"NSFG 15-44",1019,0.4,4,30,74,444,10,84.279945298125
"NSFG 15-44",1019,0.4,5,30,90,474,5,99.9646272424658
"NSFG 15-44",1019,0.4,6,30,164,2780,6,124.152421366055
"NSFG 15-44",1019,0.4,7,30,157,1715,3,165.629876920781
"NSFG 15-44",1019,0.4,8,30,189,2409,8,227.231364633062
"NSFG 15-44",1019,0.4,9,30,148,1170,6,150.51556089624
"NSFG 15-44",1019,0.4,10,30,255,4459,5,241.877941235889
"NSFG 15-44",1019,0.4,11,30,199,2049,4,264.365112923628
"NSFG 15-44",1019,0.4,12,30,239,3755,5,237.534233971728
"NSFG 15-44",1019,0.4,14,30,615,20427,2,414.590253198193
"NSFG 15-44",1019,0.4,16,30,264,3678,5,277.03112179248
"NSFG 15-44",1019,0.6,1,30,26,42,10,41.2779278512687
"NSFG 15-44",1019,0.6,2,30,62,534,6,103.7176082946
"NSFG 15-44",1019,0.6,3,30,164,2768,7,171.447726885947
"NSFG 15-44",1019,0.6,4,30,161,2787,6,198.970515552375
"NSFG 15-44",1019,0.6,5,30,256,5476,4,239.19035577404
"NSFG 15-44",1019,0.6,6,30,323,9967,3,298.455773328562
"NSFG 15-44",1019,0.6,7,30,340,7366,1,396.8704331784
"NSFG 15-44",1019,0.6,8,30,559,23059,0,550.3056497676
"NSFG 15-44",1019,0.6,9,30,295,6863,4,320.713144440469
"NSFG 15-44",1019,0.6,10,30,495,17211,1,628.629154951725
"NSFG 15-44",1019,0.6,11,30,676,30244,3,705.8820622095
"NSFG 15-44",1019,0.6,12,30,790,35268,4,565.168917769031
"NSFG 15-44",1019,0.6,14,30,1104,61372,2,1172.53623775472
"NSFG 15-44",1019,0.6,16,30,444,8438,2,605.426288880937
"NSFG 15-44",1019,0.8,1,30,153,5005,4,260.583043002485
"NSFG 15-44",1019,0.8,2,30,239,17317,6,408.507494099024
"NSFG 15-44",1019,0.8,3,30,146,2094,4,415.608705313133
"NSFG 15-44",1019,0.8,4,30,605,58693,2,811.382058602751
"NSFG 15-44",1019,0.8,5,30,627,73789,2,869.179636174535
"NSFG 15-44",1019,0.8,6,30,517,19393,5,1067.80045362875
"NSFG 15-44",1019,0.8,7,30,1141,81253,1,2162.05707673523
"NSFG 15-44",1019,0.8,8,30,1754,221520,0,2315.61445742707
"NSFG 15-44",1019,0.8,9,30,2138,316384,2,1060.93943929459
"NSFG 15-44",1019,0.8,10,30,1114,81840,2,2797.35003626495
"NSFG 15-44",1019,0.8,11,30,2238,248920,2,3148.05995279219
"NSFG 15-44",1019,0.8,12,30,1793,207321,1,2146.8667664481
"NSFG 15-44",1019,0.8,14,30,4090,681746,1,5236.64874790861
"NSFG 15-44",1019,0.8,16,30,647,15899,2,2073.87887858918
"NSFG 15-44",1020,0.2,1,30,3,3,27,7.88492810133894
"NSFG 15-44",1020,0.2,2,30,17,53,23,15.2094721725501
"NSFG 15-44",1020,0.2,3,30,14,20,19,26.813312473828
"NSFG 15-44",1020,0.2,4,30,19,31,16,30.3170563396224
"NSFG 15-44",1020,0.2,5,30,56,434,13,39.730304523128
"NSFG 15-44",1020,0.2,6,30,30,90,16,45.7812485258669
"NSFG 15-44",1020,0.2,7,30,57,271,10,60.7473930079116
"NSFG 15-44",1020,0.2,8,30,62,230,7,53.2981762848446
"NSFG 15-44",1020,0.2,9,30,75,357,8,67.7548807395003
"NSFG 15-44",1020,0.2,10,30,116,840,4,85.981441396834
"NSFG 15-44",1020,0.2,11,30,54,210,11,75.1699204930003
"NSFG 15-44",1020,0.2,12,30,81,691,9,82.698240575167
"NSFG 15-44",1020,0.2,14,30,99,723,8,112.426753528301
"NSFG 15-44",1020,0.2,15,30,99,789,10,114.453121314667
"NSFG 15-44",1020,0.2,17,30,168,1974,6,140.972162095251
"NSFG 15-44",1020,0.4,1,30,19,37,17,25.8884165594385
"NSFG 15-44",1020,0.4,2,30,47,161,10,46.6749658113281
"NSFG 15-44",1020,0.4,3,30,40,168,13,73.4136935886914
"NSFG 15-44",1020,0.4,4,30,93,977,9,74.3596477556689
"NSFG 15-44",1020,0.4,5,30,124,1484,10,121.789281835869
"NSFG 15-44",1020,0.4,6,30,108,910,9,143.426142305684
"NSFG 15-44",1020,0.4,7,30,172,2566,3,159.961135467949
"NSFG 15-44",1020,0.4,8,30,140,1952,5,145.884924784922
"NSFG 15-44",1020,0.4,9,30,242,3614,5,234.412934398154
"NSFG 15-44",1020,0.4,10,30,275,5523,6,268.804463136841
"NSFG 15-44",1020,0.4,11,30,121,781,3,183.018673075488
"NSFG 15-44",1020,0.4,12,30,199,2301,4,203.521785254736
"NSFG 15-44",1020,0.4,14,30,242,4450,8,305.750417303818
"NSFG 15-44",1020,0.4,15,30,304,7090,6,316.049794867969
"NSFG 15-44",1020,0.4,17,30,532,16672,0,425.647790805733
"NSFG 15-44",1020,0.6,1,30,175,17149,13,45.5102783696812
"NSFG 15-44",1020,0.6,2,30,69,793,12,119.588922738647
"NSFG 15-44",1020,0.6,3,30,94,862,5,150.285974293884
"NSFG 15-44",1020,0.6,4,30,133,1827,7,203.202866070787
"NSFG 15-44",1020,0.6,5,30,502,32246,4,306.90796406864
"NSFG 15-44",1020,0.6,6,30,327,10983,1,301.630036217372
"NSFG 15-44",1020,0.6,7,30,610,48790,5,482.575531176253
"NSFG 15-44",1020,0.6,8,30,161,1269,4,245.5764124419
"NSFG 15-44",1020,0.6,9,30,476,22194,6,464.613062066493
"NSFG 15-44",1020,0.6,10,30,585,24115,3,746.076881837672
"NSFG 15-44",1020,0.6,11,30,348,6118,2,388.455773328562
"NSFG 15-44",1020,0.6,12,30,507,19543,4,438.198402216656
"NSFG 15-44",1020,0.6,14,30,925,61911,5,785.276165319975
"NSFG 15-44",1020,0.6,15,30,1315,104711,1,777.882062209499
"NSFG 15-44",1020,0.6,17,30,997,61211,1,1043.48707783338
"NSFG 15-44",1020,0.8,1,30,305,60875,7,215.519606240107
"NSFG 15-44",1020,0.8,2,30,801,252897,6,442.305071670808
"NSFG 15-44",1020,0.8,3,30,896,240322,4,674.723466696806
"NSFG 15-44",1020,0.8,4,30,1233,419331,7,698.723466696806
"NSFG 15-44",1020,0.8,5,30,1160,145752,3,1347.9786517748
"NSFG 15-44",1020,0.8,6,30,1399,330957,7,1349.44693339361
"NSFG 15-44",1020,0.8,7,30,1998,436952,0,1655.09341315848
"NSFG 15-44",1020,0.8,8,30,714,58416,3,1065.10408727107
"NSFG 15-44",1020,0.8,9,30,1930,422904,1,1765.05563870674
"NSFG 15-44",1020,0.8,10,30,2037,224273,1,3169.12338955457
"NSFG 15-44",1020,0.8,11,30,672,18842,3,1277.92732715351
"NSFG 15-44",1020,0.8,12,30,2666,588580,2,1470.91521501242
"NSFG 15-44",1020,0.8,14,30,2480,610072,2,2921.51468424144
"NSFG 15-44",1020,0.8,15,30,3817,847935,0,3063.80620574268
"NSFG 15-44",1020,0.8,17,30,3634,757488,5,4621.43133728235
"NSFG 15-44",1021,0.2,1,30,6,6,24,7.98681610681672
"NSFG 15-44",1021,0.2,2,30,12,24,21,15.4132481835056
"NSFG 15-44",1021,0.2,3,30,14,22,20,23.552896298539
"NSFG 15-44",1021,0.2,4,30,31,93,15,32.2529284437002
"NSFG 15-44",1021,0.2,5,30,33,109,15,38.9152004793058
"NSFG 15-44",1021,0.2,6,30,58,292,11,60.6568973256228
"NSFG 15-44",1021,0.2,7,30,36,110,13,51.8831365313447
"NSFG 15-44",1021,0.2,8,30,88,908,11,75.0003214516118
"NSFG 15-44",1021,0.2,9,30,93,817,11,73.8681610681672
"NSFG 15-44",1021,0.2,10,30,76,398,9,76.709632898356
"NSFG 15-44",1021,0.2,11,30,80,802,12,101.151361889834
"NSFG 15-44",1021,0.2,12,30,84,558,10,88.8115209038337
"NSFG 15-44",1021,0.2,13,30,131,1063,4,108.77017765429
"NSFG 15-44",1021,0.2,14,30,106,776,7,135.962882793668
"NSFG 15-44",1021,0.2,16,30,113,933,4,134.208002054168
"NSFG 15-44",1021,0.2,20,30,173,1959,6,156.679681972001
"NSFG 15-44",1021,0.4,1,30,50,864,17,30.7068467943457
"NSFG 15-44",1021,0.4,2,30,52,184,8,49.2258994651025
"NSFG 15-44",1021,0.4,3,30,42,156,12,70.5793228622754
"NSFG 15-44",1021,0.4,4,30,122,2368,7,84.5633823707666
"NSFG 15-44",1021,0.4,5,30,103,1199,11,122.356155981152
"NSFG 15-44",1021,0.4,6,30,260,4956,3,208.616669013252
"NSFG 15-44",1021,0.4,7,30,173,3117,7,169.597995937764
"NSFG 15-44",1021,0.4,8,30,513,29085,8,258.692879696279
"NSFG 15-44",1021,0.4,9,30,163,1935,6,232.995749034946
"NSFG 15-44",1021,0.4,10,30,238,3214,1,213.534233971728
"NSFG 15-44",1021,0.4,11,30,439,14871,8,327.571580122705
"NSFG 15-44",1021,0.4,12,30,250,4816,5,237.534233971728
"NSFG 15-44",1021,0.4,13,30,296,5948,3,304.521026064199
"NSFG 15-44",1021,0.4,14,30,570,25588,6,457.105814094434
"NSFG 15-44",1021,0.4,16,30,432,8180,0,404.577804481201
"NSFG 15-44",1021,0.4,20,30,368,9652,5,444.074692301953
"NSFG 15-44",1021,0.6,1,30,273,47049,11,65.6139433321406
"NSFG 15-44",1021,0.6,2,30,185,5611,10,125.937448516266
"NSFG 15-44",1021,0.6,3,30,354,29104,8,197.899917626025
"NSFG 15-44",1021,0.6,4,30,295,20059,7,177.808762960312
"NSFG 15-44",1021,0.6,5,30,247,6659,5,365.102783696812
"NSFG 15-44",1021,0.6,6,30,1260,158060,2,733.329789095446
"NSFG 15-44",1021,0.6,7,30,764,71098,3,414.857922881653
"NSFG 15-44",1021,0.6,8,30,1179,104837,5,738.645247836955
"NSFG 15-44",1021,0.6,9,30,815,86383,5,592.641665248471
"NSFG 15-44",1021,0.6,10,30,425,10943,2,556.679196138712
"NSFG 15-44",1021,0.6,11,30,2100,266322,1,928.080464426156
"NSFG 15-44",1021,0.6,12,30,910,58450,5,565.168917769031
"NSFG 15-44",1021,0.6,13,30,621,30851,3,754.579113764737
"NSFG 15-44",1021,0.6,14,30,1923,213071,2,1331.24938219519
"NSFG 15-44",1021,0.6,16,30,975,69973,3,1081.56572220234
"NSFG 15-44",1021,0.6,20,30,1311,125033,2,1121.82309331425
"NSFG 15-44",1021,0.8,1,30,350,73350,7,131.025662310648
"NSFG 15-44",1021,0.8,2,30,944,335726,5,509.900226814375
"NSFG 15-44",1021,0.8,3,30,2413,1024177,4,939.471157675777
"NSFG 15-44",1021,0.8,4,30,3563,1711859,3,1323.9786517748
"NSFG 15-44",1021,0.8,5,30,3135,1360817,1,1162.09197512999
"NSFG 15-44",1021,0.8,6,30,6290,3023224,0,2954.83186805333
"NSFG 15-44",1021,0.8,7,30,2908,1041190,2,1818.4483714221
"NSFG 15-44",1021,0.8,8,30,3924,1782380,4,2929.60378331447
"NSFG 15-44",1021,0.8,9,30,5470,2602518,1,2491.70355650009
"NSFG 15-44",1021,0.8,10,30,4981,2170345,3,1963.67645616096
"NSFG 15-44",1021,0.8,11,30,7082,2962420,2,4150.72142075511
"NSFG 15-44",1021,0.8,12,30,7502,3215206,3,2146.8667664481
"NSFG 15-44",1021,0.8,13,30,2735,846089,3,2813.02074031198
"NSFG 15-44",1021,0.8,14,30,12103,5722903,0,6081.58818720321
"NSFG 15-44",1021,0.8,16,30,5053,2167081,2,4608.69719647294
"NSFG 15-44",1021,0.8,20,30,6810,3094228,1,4535.70930861402
"NSFG 15-44",1022,0.2,1,30,9,11,22,7.37548807395004
"NSFG 15-44",1022,0.2,2,30,20,62,20,16.7377922547168
"NSFG 15-44",1022,0.2,3,30,15,27,20,25.2849923916613
"NSFG 15-44",1022,0.2,4,30,25,71,18,39.283200821667
"NSFG 15-44",1022,0.2,5,30,64,492,15,43.3473287175892
"NSFG 15-44",1022,0.2,6,30,48,190,13,48.2265606573336
"NSFG 15-44",1022,0.2,7,30,58,218,9,53.105792597078
"NSFG 15-44",1022,0.2,8,30,55,227,10,66.9002250161282
"NSFG 15-44",1022,0.2,9,30,67,345,11,64.0869125423003
"NSFG 15-44",1022,0.2,10,30,114,1014,7,72.2265606573336
"NSFG 15-44",1022,0.2,12,30,104,578,6,87.283200821667
"NSFG 15-44",1022,0.2,15,30,75,365,8,99.1699204930002
"NSFG 15-44",1022,0.2,16,30,153,1657,6,140.321282382834
"NSFG 15-44",1022,0.2,18,30,123,1053,8,135.509761479001
"NSFG 15-44",1022,0.4,1,30,48,884,20,30.1399726490625
"NSFG 15-44",1022,0.4,2,30,61,545,15,44.6909063028369
"NSFG 15-44",1022,0.4,3,30,91,747,8,71.1461970075586
"NSFG 15-44",1022,0.4,4,30,143,4541,10,101.002732583979
"NSFG 15-44",1022,0.4,5,30,155,4471,9,105.066494550015
"NSFG 15-44",1022,0.4,6,30,169,3455,8,153.629876920781
"NSFG 15-44",1022,0.4,7,30,163,1331,2,140.68741452832
"NSFG 15-44",1022,0.4,8,30,215,3553,6,189.81767104437
"NSFG 15-44",1022,0.4,9,30,146,1376,4,153.349931622656
"NSFG 15-44",1022,0.4,10,30,255,5815,5,188.024897433984
"NSFG 15-44",1022,0.4,12,30,176,2090,8,229.031121792481
"NSFG 15-44",1022,0.4,15,30,262,3278,3,231.018673075488
"NSFG 15-44",1022,0.4,16,30,482,12000,1,438.590253198193
"NSFG 15-44",1022,0.4,18,30,334,6868,3,369.056019226465
"NSFG 15-44",1022,0.6,1,30,33,155,13,47.6264536288875
"NSFG 15-44",1022,0.6,2,30,95,1541,10,104.775695924203
"NSFG 15-44",1022,0.6,3,30,570,61178,5,250.804299106181
"NSFG 15-44",1022,0.6,4,30,196,3564,4,266.688123846975
"NSFG 15-44",1022,0.6,5,30,434,43856,7,316.430752735068
"NSFG 15-44",1022,0.6,6,30,736,80692,6,318.559438291022
"NSFG 15-44",1022,0.6,7,30,201,2147,1,294.235933106897
"NSFG 15-44",1022,0.6,8,30,674,39556,3,557.712263174821
"NSFG 15-44",1022,0.6,9,30,457,28209,3,353.513860958165
"NSFG 15-44",1022,0.6,10,30,1041,99581,3,433.941031104749
"NSFG 15-44",1022,0.6,12,30,345,6047,4,533.426288880937
"NSFG 15-44",1022,0.6,15,30,310,5628,6,460.455773328562
"NSFG 15-44",1022,0.6,16,30,2524,302400,0,1208.53623775472
"NSFG 15-44",1022,0.6,18,30,818,28032,2,895.367319985687
"NSFG 15-44",1022,0.8,1,30,527,235483,8,294.380620574268
"NSFG 15-44",1022,0.8,2,30,189,3955,3,498.63436762378
"NSFG 15-44",1022,0.8,3,30,815,124071,4,584.59659317205
"NSFG 15-44",1022,0.8,4,30,3960,1492432,1,1222.58591905945
"NSFG 15-44",1022,0.8,5,30,4143,1745471,2,1438.10552529956
"NSFG 15-44",1022,0.8,6,30,956,148326,2,1152.29439755821
"NSFG 15-44",1022,0.8,7,30,838,219626,4,1300.21884865475
"NSFG 15-44",1022,0.8,8,30,1758,482442,2,1831.1825122315
"NSFG 15-44",1022,0.8,9,30,1762,493392,0,1083.47115767578
"NSFG 15-44",1022,0.8,10,30,5303,1792045,1,1591.90310287134
"NSFG 15-44",1022,0.8,12,30,816,24226,1,1977.87887858918
"NSFG 15-44",1022,0.8,15,30,642,16090,2,1373.92732715351
"NSFG 15-44",1022,0.8,16,30,7749,3018249,3,5284.64874790861
"NSFG 15-44",1022,0.8,18,30,1263,63585,2,3473.78198146052
"NSFG 15-44",1023,0.2,1,30,3,5,28,8.5981441396834
"NSFG 15-44",1023,0.2,2,30,13,21,21,16.2792962300668
"NSFG 15-44",1023,0.2,3,30,12,14,19,23.6547843040168
"NSFG 15-44",1023,0.2,4,30,33,107,14,31.7434884163113
"NSFG 15-44",1023,0.2,5,30,47,203,12,37.6925444135724
"NSFG 15-44",1023,0.2,6,30,52,272,13,48.8378886902003
"NSFG 15-44",1023,0.2,7,30,56,384,16,53.0039045916003
"NSFG 15-44",1023,0.2,8,30,56,206,11,55.4887684026168
"NSFG 15-44",1023,0.2,9,30,44,188,13,66.3284486628114
"NSFG 15-44",1023,0.2,10,30,63,299,9,71.3095686080336
"NSFG 15-44",1023,0.2,11,30,75,489,12,89.6889612735839
"NSFG 15-44",1023,0.2,15,30,158,1914,5,129.736322136334
"NSFG 15-44",1023,0.4,1,30,24,70,16,25.8884165594385
"NSFG 15-44",1023,0.4,2,30,15,29,20,49.2258994651025
"NSFG 15-44",1023,0.4,3,30,55,231,8,63.2099589735938
"NSFG 15-44",1023,0.4,4,30,104,1156,5,82.2958857896338
"NSFG 15-44",1023,0.4,5,30,94,546,7,104.499620404731
"NSFG 15-44",1023,0.4,6,30,146,1328,3,147.961135467949
"NSFG 15-44",1023,0.4,7,30,110,848,6,151.741460361343
"NSFG 15-44",1023,0.4,8,30,150,1530,7,136.531501387749
"NSFG 15-44",1023,0.4,9,30,184,1752,1,194.164870083047
"NSFG 15-44",1023,0.4,10,30,148,1448,8,180.655533545303
"NSFG 15-44",1023,0.4,11,30,269,4981,7,302.912554802886
"NSFG 15-44",1023,0.4,15,30,281,5697,4,401.080916660449
"NSFG 15-44",1023,0.6,1,30,46,320,7,46.5683659992844
"NSFG 15-44",1023,0.6,2,30,81,1059,12,93.1367319985687
"NSFG 15-44",1023,0.6,3,30,125,1399,4,176.738165033962
"NSFG 15-44",1023,0.6,4,30,167,1877,5,194.738165033962
"NSFG 15-44",1023,0.6,5,30,363,11023,5,330.185891919909
"NSFG 15-44",1023,0.6,6,30,308,7190,4,356.650592956734
"NSFG 15-44",1023,0.6,7,30,229,3763,3,361.953541401497
"NSFG 15-44",1023,0.6,8,30,207,2441,4,309.061670218087
"NSFG 15-44",1023,0.6,9,30,394,9152,3,456.148361029669
"NSFG 15-44",1023,0.6,10,30,342,5554,4,408.546927994275
"NSFG 15-44",1023,0.6,11,30,536,17402,5,690.010747765452
"NSFG 15-44",1023,0.6,15,30,1082,60322,2,1095.30835109044
"NSFG 15-44",1023,0.8,1,30,93,1753,6,249.31718381189
"NSFG 15-44",1023,0.8,2,30,140,1934,4,442.305071670808
"NSFG 15-44",1023,0.8,3,30,365,22405,3,663.457607506212
"NSFG 15-44",1023,0.8,4,30,593,30993,3,1002.90166484286
"NSFG 15-44",1023,0.8,5,30,424,18142,2,919.87600253221
"NSFG 15-44",1023,0.8,6,30,674,28990,2,1591.6629059914
"NSFG 15-44",1023,0.8,7,30,1133,104389,3,2212.7534430929
"NSFG 15-44",1023,0.8,8,30,423,7499,0,980.610143341616
"NSFG 15-44",1023,0.8,9,30,697,32967,2,1787.58735708793
"NSFG 15-44",1023,0.8,10,30,460,12968,3,1445.44693339361
"NSFG 15-44",1023,0.8,11,30,999,79781,6,2494.64011973771
"NSFG 15-44",1023,0.8,15,30,2024,184500,2,4753.68508433186
"NSFG 15-44",1024,0.2,1,30,9,11,22,8.19059211777228
"NSFG 15-44",1024,0.2,2,30,10,14,22,16.635904249239
"NSFG 15-44",1024,0.2,3,30,17,83,24,26.1000964354835
"NSFG 15-44",1024,0.2,4,30,19,51,21,30.4189443451002
"NSFG 15-44",1024,0.2,5,30,47,159,9,37.7434884163113
"NSFG 15-44",1024,0.2,6,30,31,105,17,48.990720698417
"NSFG 15-44",1024,0.2,7,30,56,332,15,51.6793605203891
"NSFG 15-44",1024,0.2,8,30,100,928,7,61.6020487312837
"NSFG 15-44",1024,0.2,9,30,89,453,7,69.3850888271448
"NSFG 15-44",1024,0.2,10,30,104,766,4,77.9832329668282
"NSFG 15-44",1024,0.2,11,30,121,1109,10,85.8681610681671
"NSFG 15-44",1024,0.2,12,30,84,496,8,89.3209609312227
"NSFG 15-44",1024,0.2,13,30,48,204,12,88.698240575167
"NSFG 15-44",1024,0.2,15,30,146,1272,4,128.208002054168
"NSFG 15-44",1024,0.2,16,30,126,952,6,131.151361889834
"NSFG 15-44",1024,0.4,1,30,12,16,20,21.0699863245312
"NSFG 15-44",1024,0.4,2,30,18,28,16,35.9043570509473
"NSFG 15-44",1024,0.4,3,30,69,1053,10,58.3915287386865
"NSFG 15-44",1024,0.4,4,30,61,253,9,80.3118262811426
"NSFG 15-44",1024,0.4,5,30,66,264,10,94.2958857896338
"NSFG 15-44",1024,0.4,6,30,118,1030,9,150.795506194365
"NSFG 15-44",1024,0.4,7,30,146,1650,7,149.47396378021
"NSFG 15-44",1024,0.4,8,30,231,3535,7,178.763625211348
"NSFG 15-44",1024,0.4,9,30,239,3275,3,178.292394015117
"NSFG 15-44",1024,0.4,10,30,199,3589,5,213.250796899087
"NSFG 15-44",1024,0.4,11,30,307,6237,2,263.798238778345
"NSFG 15-44",1024,0.4,12,30,187,1749,3,219.110824250024
"NSFG 15-44",1024,0.4,13,30,203,2169,3,215.521785254736
"NSFG 15-44",1024,0.4,15,30,385,7127,2,392.577804481201
"NSFG 15-44",1024,0.4,16,30,448,12492,3,387.571580122705
"NSFG 15-44",1024,0.6,1,30,28,212,16,45.5102783696812
"NSFG 15-44",1024,0.6,2,30,243,15407,7,117.472747479441
"NSFG 15-44",1024,0.6,3,30,193,6609,5,144.995536145869
"NSFG 15-44",1024,0.6,4,30,222,5328,7,216.958005255628
"NSFG 15-44",1024,0.6,5,30,261,4055,4,267.758721773325
"NSFG 15-44",1024,0.6,6,30,266,3350,2,320.675613550228
"NSFG 15-44",1024,0.6,7,30,375,10709,3,340.791788809434
"NSFG 15-44",1024,0.6,8,30,292,4066,3,462.48437651054
"NSFG 15-44",1024,0.6,9,30,331,7663,2,424.405732141575
"NSFG 15-44",1024,0.6,10,30,505,15829,3,506.949077547366
"NSFG 15-44",1024,0.6,11,30,591,33129,5,705.8820622095
"NSFG 15-44",1024,0.6,12,30,398,7030,3,533.426288880937
"NSFG 15-44",1024,0.6,13,30,354,5806,2,456.198402216656
"NSFG 15-44",1024,0.6,15,30,922,37038,1,1063.56572220234
"NSFG 15-44",1024,0.6,16,30,1065,59897,2,1018.08046442616
"NSFG 15-44",1024,0.8,1,30,78,1354,7,243.684254216593
"NSFG 15-44",1024,0.8,2,30,516,61590,4,374.709916527241
"NSFG 15-44",1024,0.8,3,30,556,28154,1,849.344284151021
"NSFG 15-44",1024,0.8,4,30,671,76755,5,721.255185077996
"NSFG 15-44",1024,0.8,5,30,334,12882,1,981.83822808048
"NSFG 15-44",1024,0.8,6,30,1624,235270,0,1738.11907546912
"NSFG 15-44",1024,0.8,7,30,1272,139440,1,1255.15541189237
"NSFG 15-44",1024,0.8,8,30,828,57224,0,1977.63868170923
"NSFG 15-44",1024,0.8,9,30,904,62032,2,1810.11907546912
"NSFG 15-44",1024,0.8,10,30,981,80855,4,1946.77766737507
"NSFG 15-44",1024,0.8,11,30,1925,285675,2,2967.80620574268
"NSFG 15-44",1024,0.8,12,30,589,13335,2,2175.03141442458
"NSFG 15-44",1024,0.8,13,30,563,12527,2,1494.91521501242
"NSFG 15-44",1024,0.8,15,30,1621,146331,4,4584.69719647294
"NSFG 15-44",1024,0.8,16,30,3754,647066,3,4270.72142075511
"NSFG 15-44",1025,0.2,1,30,13,87,26,9.00569616159451
"NSFG 15-44",1025,0.2,2,30,15,31,21,16.1264642218501
"NSFG 15-44",1025,0.2,3,30,28,74,15,22.9925122684112
"NSFG 15-44",1025,0.2,4,30,43,235,15,35.615232624467
"NSFG 15-44",1025,0.2,5,30,27,73,17,34.7887362574557
"NSFG 15-44",1025,0.2,6,30,30,94,16,45.271808498478
"NSFG 15-44",1025,0.2,7,30,60,288,9,53.615232624467
"NSFG 15-44",1025,0.2,8,30,56,404,12,68.887041122945
"NSFG 15-44",1025,0.2,10,30,70,322,9,68.9661444820447
"NSFG 15-44",1025,0.2,11,30,74,602,9,81.3341448244059
"NSFG 15-44",1025,0.2,12,30,108,822,7,96.6568973256229
"NSFG 15-44",1025,0.4,1,30,16,18,15,21.3534233971729
"NSFG 15-44",1025,0.4,2,30,55,373,10,45.2577804481201
"NSFG 15-44",1025,0.4,3,30,53,233,12,65.7608926273682
"NSFG 15-44",1025,0.4,4,30,55,205,9,83.7130711528418
"NSFG 15-44",1025,0.4,5,30,54,198,10,94.862759934917
"NSFG 15-44",1025,0.4,6,30,108,762,3,127.837103310395
"NSFG 15-44",1025,0.4,7,30,158,1360,5,139.837103310396
"NSFG 15-44",1025,0.4,8,30,170,1816,3,179.613936429272
"NSFG 15-44",1025,0.4,10,30,155,1383,2,172.719295511338
"NSFG 15-44",1025,0.4,11,30,243,3623,2,199.458023288701
"NSFG 15-44",1025,0.4,12,30,290,5690,3,294.221648500049
"NSFG 15-44",1025,0.6,1,30,32,94,10,58.2073299249187
"NSFG 15-44",1025,0.6,2,30,150,4368,7,107.949958813012
"NSFG 15-44",1025,0.6,3,30,149,2253,5,151.344061923487
"NSFG 15-44",1025,0.6,4,30,215,4145,4,218.016092885231
"NSFG 15-44",1025,0.6,5,30,231,5075,4,212.738165033962
"NSFG 15-44",1025,0.6,6,30,202,3376,5,322.791788809434
"NSFG 15-44",1025,0.6,7,30,367,7651,2,348.198402216656
"NSFG 15-44",1025,0.6,8,30,347,7321,3,564.06078895244
"NSFG 15-44",1025,0.6,10,30,305,7683,5,364.107247550943
"NSFG 15-44",1025,0.6,11,30,447,13725,1,430.779278512687
"NSFG 15-44",1025,0.6,12,30,750,28378,3,790.541582874496
"NSFG 15-44",1025,0.8,1,30,98,4086,6,153.557380691837
"NSFG 15-44",1025,0.8,2,30,353,43083,6,374.709916527241
"NSFG 15-44",1025,0.8,3,30,1128,278338,3,1260.54814460772
"NSFG 15-44",1025,0.8,4,30,1144,197956,5,811.382058602752
"NSFG 15-44",1025,0.8,5,30,1272,241886,2,801.584481030968
"NSFG 15-44",1025,0.8,6,30,934,107742,2,1456.47259570426
"NSFG 15-44",1025,0.8,7,30,1524,198708,0,1249.52248229707
"NSFG 15-44",1025,0.8,8,30,1952,284566,0,2743.71710666966
"NSFG 15-44",1025,0.8,10,30,987,78235,3,1231.39560877232
"NSFG 15-44",1025,0.8,11,30,1339,153783,4,1621.53603246664
"NSFG 15-44",1025,0.8,12,30,2042,325370,3,2896.04640262263
"NSFG 15-44",1026,0.2,1,30,11,33,24,7.5792640849056
"NSFG 15-44",1026,0.2,2,30,20,78,18,14.3943681287278
"NSFG 15-44",1026,0.2,3,30,33,69,10,21.8208002054168
"NSFG 15-44",1026,0.2,4,30,30,84,15,28.9925122684112
"NSFG 15-44",1026,0.2,5,30,47,223,14,38.2529284437002
"NSFG 15-44",1026,0.2,6,30,25,65,18,45.5265285121725
"NSFG 15-44",1026,0.2,7,30,47,217,10,53.8699526381614
"NSFG 15-44",1026,0.2,8,30,59,281,11,61.0416647011559
"NSFG 15-44",1026,0.2,9,30,86,496,8,74.428545098295
"NSFG 15-44",1026,0.2,12,30,73,443,11,84.0227846463781
"NSFG 15-44",1026,0.2,13,30,50,242,14,93.0794248107115
"NSFG 15-44",1026,0.2,14,30,103,799,10,111.509761479001
"NSFG 15-44",1026,0.2,18,30,125,951,5,129.396481150334
"NSFG 15-44",1026,0.4,1,30,11,11,19,21.0699863245312
"NSFG 15-44",1026,0.4,2,30,117,4039,13,37.3215424141553
"NSFG 15-44",1026,0.4,3,30,107,2311,7,56.9743433754785
"NSFG 15-44",1026,0.4,4,30,110,1984,8,91.0824350415234
"NSFG 15-44",1026,0.4,5,30,80,526,11,120.372096472661
"NSFG 15-44",1026,0.4,6,30,109,1475,8,139.17458621606
"NSFG 15-44",1026,0.4,7,30,110,740,7,138.419917947188
"NSFG 15-44",1026,0.4,8,30,127,1075,6,155.805222327378
"NSFG 15-44",1026,0.4,9,30,291,10745,5,213.722028095317
"NSFG 15-44",1026,0.4,12,30,187,1953,3,217.126764741533
"NSFG 15-44",1026,0.4,13,30,267,3881,3,221.190526707568
"NSFG 15-44",1026,0.4,14,30,292,5972,8,342.313799674585
"NSFG 15-44",1026,0.4,18,30,343,5743,4,335.043570509473
"NSFG 15-44",1026,0.6,1,30,44,176,12,55.0330670361093
"NSFG 15-44",1026,0.6,2,30,314,30898,13,136.518324812297
"NSFG 15-44",1026,0.6,3,30,278,17548,4,189.4352165892
"NSFG 15-44",1026,0.6,4,30,170,3296,6,239.177845477294
"NSFG 15-44",1026,0.6,5,30,505,43441,8,338.650592956734
"NSFG 15-44",1026,0.6,6,30,252,4726,5,336.546927994275
"NSFG 15-44",1026,0.6,7,30,316,8940,6,334.443263031815
"NSFG 15-44",1026,0.6,8,30,510,26030,2,392.650592956734
"NSFG 15-44",1026,0.6,9,30,781,70393,4,583.118876582043
"NSFG 15-44",1026,0.6,12,30,458,9190,3,522.845412584906
"NSFG 15-44",1026,0.6,13,30,507,10655,1,558.832902288159
"NSFG 15-44",1026,0.6,14,30,1039,76817,4,902.723892205921
"NSFG 15-44",1026,0.6,18,30,637,22451,3,768.396804433312
"NSFG 15-44",1026,0.8,1,30,174,6234,8,249.31718381189
"NSFG 15-44",1026,0.8,2,30,883,211671,4,425.406282884916
"NSFG 15-44",1026,0.8,3,30,226,3484,1,567.697804386159
"NSFG 15-44",1026,0.8,4,30,860,120574,0,991.635805652264
"NSFG 15-44",1026,0.8,5,30,1434,256696,1,1286.01642622653
"NSFG 15-44",1026,0.8,6,30,738,73668,5,1501.53603246664
"NSFG 15-44",1026,0.8,7,30,997,118357,0,1587.49825801491
"NSFG 15-44",1026,0.8,8,30,1057,126901,3,1588.96653963372
"NSFG 15-44",1026,0.8,9,30,1390,166378,0,2621.26093719193
"NSFG 15-44",1026,0.8,12,30,621,18077,3,1696.23239882431
"NSFG 15-44",1026,0.8,13,30,2058,327102,2,1979.34716020799
"NSFG 15-44",1026,0.8,14,30,1998,315758,4,3659.42846122538
"NSFG 15-44",1026,0.8,18,30,1078,56980,5,2797.83043002485
"NSFG 15-44",1027,0.2,1,30,3,3,27,7.83398409860005
"NSFG 15-44",1027,0.2,2,30,24,92,18,14.3943681287278
"NSFG 15-44",1027,0.2,3,30,15,25,19,22.8396802601946
"NSFG 15-44",1027,0.2,4,30,40,160,13,30.7246083615335
"NSFG 15-44",1027,0.2,5,30,36,170,17,43.2454407121114
"NSFG 15-44",1027,0.2,6,30,40,98,9,45.6793605203891
"NSFG 15-44",1027,0.2,7,30,38,154,15,58.251136873706
"NSFG 15-44",1027,0.2,8,30,61,293,10,58.9020165861225
"NSFG 15-44",1027,0.2,9,30,54,168,8,64.6982405751669
"NSFG 15-44",1027,0.2,10,30,58,234,12,72.1246726518559
"NSFG 15-44",1027,0.2,11,30,76,424,6,72.1132803286668
"NSFG 15-44",1027,0.2,15,30,103,689,9,97.6416004108336
"NSFG 15-44",1027,0.2,16,30,93,651,9,115.868161068167
"NSFG 15-44",1027,0.4,1,30,19,39,15,19.9362380339648
"NSFG 15-44",1027,0.4,2,30,72,846,15,48.9424623924609
"NSFG 15-44",1027,0.4,3,30,43,145,13,72.8468194434082
"NSFG 15-44",1027,0.4,4,30,70,406,7,93.9168057679394
"NSFG 15-44",1027,0.4,5,30,101,637,7,104.783057477373
"NSFG 15-44",1027,0.4,6,30,181,2273,5,120.184302349072
"NSFG 15-44",1027,0.4,7,30,80,460,9,166.480188138706
"NSFG 15-44",1027,0.4,8,30,147,1133,3,162.891149143418
"NSFG 15-44",1027,0.4,9,30,218,2870,4,186.228632049082
"NSFG 15-44",1027,0.4,10,30,241,4221,2,268.521026064199
"NSFG 15-44",1027,0.4,11,30,168,1398,3,166.012448716992
"NSFG 15-44",1027,0.4,15,30,192,1828,3,222.51556089624
"NSFG 15-44",1027,0.4,16,30,279,4843,5,302.540458330225
"NSFG 15-44",1027,0.6,1,30,21,29,12,31.7551391848406
"NSFG 15-44",1027,0.6,2,30,48,146,8,125.937448516266
"NSFG 15-44",1027,0.6,3,30,100,872,6,192.609479478009
"NSFG 15-44",1027,0.6,4,30,218,4420,5,197.912427922772
"NSFG 15-44",1027,0.6,5,30,327,9409,6,313.256489846259
"NSFG 15-44",1027,0.6,6,30,238,4066,5,296.339598069356
"NSFG 15-44",1027,0.6,7,30,378,7946,4,396.8704331784
"NSFG 15-44",1027,0.6,8,30,262,4208,4,396.882943475147
"NSFG 15-44",1027,0.6,9,30,416,10028,4,458.264536288875
"NSFG 15-44",1027,0.6,10,30,734,34780,3,548.214495101887
"NSFG 15-44",1027,0.6,11,30,247,2667,4,324.970515552375
"NSFG 15-44",1027,0.6,15,30,334,5136,3,428.713144440468
"NSFG 15-44",1027,0.6,16,30,643,19955,3,700.654175545218
"NSFG 15-44",1027,0.8,1,30,75,803,6,181.722028668323
"NSFG 15-44",1027,0.8,2,30,379,27295,5,380.342846122538
"NSFG 15-44",1027,0.8,3,30,276,12986,1,443.773353289619
"NSFG 15-44",1027,0.8,4,30,748,62530,1,957.83822808048
"NSFG 15-44",1027,0.8,5,30,571,19493,3,1601.46048356318
"NSFG 15-44",1027,0.8,6,30,666,78062,4,1017.10408727107
"NSFG 15-44",1027,0.8,7,30,1155,95053,3,2184.58879511642
"NSFG 15-44",1027,0.8,8,30,767,44745,2,1341.11763744064
"NSFG 15-44",1027,0.8,9,30,1178,109842,1,1522.83966610896
"NSFG 15-44",1027,0.8,10,30,1643,159109,2,2194.62656956815
"NSFG 15-44",1027,0.8,11,30,329,4305,2,939.951551435671
"NSFG 15-44",1027,0.8,15,30,471,8867,3,1204.93943929459
"NSFG 15-44",1027,0.8,16,30,1762,126024,1,2580.84254216593
"NSFG 15-44",1028,0.2,1,30,10,16,22,7.37548807395004
"NSFG 15-44",1028,0.2,2,30,5,5,25,16.1264642218501
"NSFG 15-44",1028,0.2,3,30,24,76,16,23.9604483204501
"NSFG 15-44",1028,0.2,4,30,45,191,13,30.2151683341446
"NSFG 15-44",1028,0.2,5,30,35,105,12,41.0039045916003
"NSFG 15-44",1028,0.2,6,30,50,236,13,50.1624327614115
"NSFG 15-44",1028,0.2,7,30,53,237,12,56.9775368052337
"NSFG 15-44",1028,0.2,8,30,56,282,13,63.8945288545337
"NSFG 15-44",1028,0.2,9,30,76,348,7,65.2076806025558
"NSFG 15-44",1028,0.2,10,30,69,459,15,66.8774403697501
"NSFG 15-44",1028,0.2,11,30,99,787,8,100.590977859706
"NSFG 15-44",1028,0.2,12,30,106,734,4,96.4531213146673
"NSFG 15-44",1028,0.2,14,30,94,582,4,109.981441396834
"NSFG 15-44",1028,0.2,15,30,127,1305,8,126.679681972001
"NSFG 15-44",1028,0.2,17,30,163,1905,5,146.321282382834
"NSFG 15-44",1028,0.4,1,30,25,117,15,24.7546682688721
"NSFG 15-44",1028,0.4,2,30,47,223,9,41.8565355764209
"NSFG 15-44",1028,0.4,3,30,99,2853,7,60.942462392461
"NSFG 15-44",1028,0.4,4,30,133,1737,10,99.3021101481299
"NSFG 15-44",1028,0.4,5,30,124,2860,7,108.467739421714
"NSFG 15-44",1028,0.4,6,30,144,1726,6,134.923030126435
"NSFG 15-44",1028,0.4,7,30,146,1370,6,170.164870083047
"NSFG 15-44",1028,0.4,8,30,244,6484,5,177.629876920781
"NSFG 15-44",1028,0.4,9,30,137,1143,5,174.607712070776
"NSFG 15-44",1028,0.4,10,30,138,1088,4,162.51556089624
"NSFG 15-44",1028,0.4,11,30,314,5798,3,315.100348926475
"NSFG 15-44",1028,0.4,12,30,217,3591,5,269.846060252871
"NSFG 15-44",1028,0.4,14,30,334,6234,4,312.552907047217
"NSFG 15-44",1028,0.4,15,30,364,8018,4,384.074692301953
"NSFG 15-44",1028,0.4,17,30,584,17118,1,450.590253198193
"NSFG 15-44",1028,0.6,1,30,52,722,10,44.4521907400781
"NSFG 15-44",1028,0.6,2,30,59,207,8,105.833783553806
"NSFG 15-44",1028,0.6,3,30,167,2217,3,171.447726885947
"NSFG 15-44",1028,0.6,4,30,311,12477,7,183.099201108328
"NSFG 15-44",1028,0.6,5,30,342,11382,3,305.849876439037
"NSFG 15-44",1028,0.6,6,30,366,9988,3,406.380711548081
"NSFG 15-44",1028,0.6,7,30,450,18902,4,482.575531176253
"NSFG 15-44",1028,0.6,8,30,573,19731,1,500.575531176253
"NSFG 15-44",1028,0.6,9,30,532,29406,2,414.882943475147
"NSFG 15-44",1028,0.6,10,30,424,11848,3,338.713144440469
"NSFG 15-44",1028,0.6,11,30,777,52933,4,962.997356203059
"NSFG 15-44",1028,0.6,12,30,639,22195,0,679.442381766168
"NSFG 15-44",1028,0.6,14,30,516,15258,2,791.624691097593
"NSFG 15-44",1028,0.6,15,30,821,39139,2,1031.82309331425
"NSFG 15-44",1028,0.6,17,30,1693,138669,1,1226.53623775472
"NSFG 15-44",1028,0.8,1,30,104,1610,6,243.684254216593
"NSFG 15-44",1028,0.8,2,30,859,126569,2,594.394170743834
"NSFG 15-44",1028,0.8,3,30,898,109876,3,990.167524033453
"NSFG 15-44",1028,0.8,4,30,564,43520,4,625.495381957942
"NSFG 15-44",1028,0.8,5,30,1447,179449,1,1178.99076391588
"NSFG 15-44",1028,0.8,6,30,1962,378560,5,1276.21884865475
"NSFG 15-44",1028,0.8,7,30,2168,389826,2,1948.00575211393
"NSFG 15-44",1028,0.8,8,30,2307,488393,3,1949.47403373274
"NSFG 15-44",1028,0.8,9,30,1427,156291,1,1551.00431408545
"NSFG 15-44",1028,0.8,10,30,1037,196251,1,944.116199412157
"NSFG 15-44",1028,0.8,11,30,3553,643171,2,4398.57032294819
"NSFG 15-44",1028,0.8,12,30,2805,488073,1,2991.80620574268
"NSFG 15-44",1028,0.8,14,30,2672,487250,1,3208.7940936016
"NSFG 15-44",1028,0.8,15,30,2218,365206,2,4415.70930861402
"NSFG 15-44",1028,0.8,17,30,3401,564983,5,5308.64874790861
"NSFG 15-44",1029,0.2,1,30,22,210,23,9.41324818350564
"NSFG 15-44",1029,0.2,2,30,17,41,19,16.9925122684112
"NSFG 15-44",1029,0.2,3,30,28,54,12,22.0755202191112
"NSFG 15-44",1029,0.2,4,30,32,92,11,30.9283843724891
"NSFG 15-44",1029,0.2,5,30,32,94,15,39.8831365313447
"NSFG 15-44",1029,0.2,6,30,53,279,15,44.2019844409613
"NSFG 15-44",1029,0.2,7,30,45,145,12,51.9850245368225
"NSFG 15-44",1029,0.2,8,30,37,97,12,58.4435205614725
"NSFG 15-44",1029,0.2,9,30,42,192,13,66.8378886902003
"NSFG 15-44",1029,0.2,11,30,52,178,8,78.2265606573336
"NSFG 15-44",1029,0.2,13,30,169,1847,5,120.792962300668
"NSFG 15-44",1029,0.2,17,30,142,1184,4,127.981441396834
"NSFG 15-44",1029,0.4,1,30,18,92,21,21.0699863245312
"NSFG 15-44",1029,0.4,2,30,35,89,13,40.4393502132129
"NSFG 15-44",1029,0.4,3,30,47,145,9,51.8724760679297
"NSFG 15-44",1029,0.4,4,30,94,996,9,92.2161833320898
"NSFG 15-44",1029,0.4,5,30,71,339,11,101.665249678315
"NSFG 15-44",1029,0.4,6,30,83,443,9,109.980567733975
"NSFG 15-44",1029,0.4,7,30,181,1631,4,143.238348182095
"NSFG 15-44",1029,0.4,8,30,126,1740,8,160.340215489643
"NSFG 15-44",1029,0.4,9,30,237,3339,6,186.795506194365
"NSFG 15-44",1029,0.4,11,30,193,2465,5,200.024897433984
"NSFG 15-44",1029,0.4,13,30,408,10234,3,394.087141018945
"NSFG 15-44",1029,0.4,17,30,315,5377,4,348.552907047217
"NSFG 15-44",1029,0.6,1,30,69,2075,12,76.1948196281718
"NSFG 15-44",1029,0.6,2,30,120,3760,8,133.344061923487
"NSFG 15-44",1029,0.6,3,30,118,1490,9,141.821273257059
"NSFG 15-44",1029,0.6,4,30,166,1964,1,174.634500071503
"NSFG 15-44",1029,0.6,5,30,182,2900,3,215.912427922772
"NSFG 15-44",1029,0.6,6,30,196,1532,0,262.480793922056
"NSFG 15-44",1029,0.6,7,30,298,6504,3,365.127804290306
"NSFG 15-44",1029,0.6,8,30,313,7327,5,437.090273400065
"NSFG 15-44",1029,0.6,9,30,521,14195,2,538.679196138712
"NSFG 15-44",1029,0.6,11,30,379,8729,2,451.94103110475
"NSFG 15-44",1029,0.6,13,30,910,40094,3,1122.79360886662
"NSFG 15-44",1029,0.6,17,30,643,19933,5,845.624691097593
"NSFG 15-44",1029,0.8,1,30,66,838,7,232.418395025999
"NSFG 15-44",1029,0.8,2,30,114,858,2,408.507494099024
"NSFG 15-44",1029,0.8,3,30,333,11865,2,432.507494099024
"NSFG 15-44",1029,0.8,4,30,291,7261,5,811.382058602752
"NSFG 15-44",1029,0.8,5,30,482,14740,4,1207.15541189237
"NSFG 15-44",1029,0.8,6,30,565,20285,4,1028.36994646167
"NSFG 15-44",1029,0.8,7,30,739,37077,2,1401.6115813701
"NSFG 15-44",1029,0.8,8,30,669,28239,1,1239.72490472529
"NSFG 15-44",1029,0.8,9,30,717,26963,2,2086.13262563869
"NSFG 15-44",1029,0.8,11,30,1246,85806,3,1615.90310287134
"NSFG 15-44",1029,0.8,13,30,1475,85493,1,5043.6608600497
"NSFG 15-44",1029,0.8,17,30,1136,54180,3,3280.7940936016
"NSFG 15-44",1030,0.2,1,30,4,4,26,7.47737607942782
"NSFG 15-44",1030,0.2,2,30,17,29,18,16.0245762163723
"NSFG 15-44",1030,0.2,3,30,25,103,19,22.8396802601946
"NSFG 15-44",1030,0.2,4,30,15,33,21,30.6227203560557
"NSFG 15-44",1030,0.2,5,30,39,99,11,35.6038403012779
"NSFG 15-44",1030,0.2,6,30,61,277,9,46.1378565450391
"NSFG 15-44",1030,0.2,7,30,58,376,13,60.1870089777837
"NSFG 15-44",1030,0.2,8,30,58,238,11,61.449216723067
"NSFG 15-44",1030,0.2,9,30,106,810,5,80.3380494160062
"NSFG 15-44",1030,0.2,10,30,64,302,11,81.3964811503338
"NSFG 15-44",1030,0.2,14,30,140,1472,7,149.717763533168
"NSFG 15-44",1030,0.4,1,30,15,21,18,16.8184302349072
"NSFG 15-44",1030,0.4,2,30,36,112,13,36.7546682688721
"NSFG 15-44",1030,0.4,3,30,55,347,13,59.5252770292529
"NSFG 15-44",1030,0.4,4,30,89,991,7,68.4074692301953
"NSFG 15-44",1030,0.4,5,30,69,335,9,90.8946409179346
"NSFG 15-44",1030,0.4,6,30,85,575,8,113.098375533032
"NSFG 15-44",1030,0.4,7,30,124,1790,10,176.400485681162
"NSFG 15-44",1030,0.4,8,30,145,1367,4,173.94519497644
"NSFG 15-44",1030,0.4,9,30,222,4300,7,233.562623180229
"NSFG 15-44",1030,0.4,10,30,246,3292,1,239.043570509473
"NSFG 15-44",1030,0.4,14,30,344,6904,4,533.633823707666
"NSFG 15-44",1030,0.6,1,30,116,4792,12,47.6264536288875
"NSFG 15-44",1030,0.6,2,30,126,8016,9,103.7176082946
"NSFG 15-44",1030,0.6,3,30,339,29349,5,186.26095370039
"NSFG 15-44",1030,0.6,4,30,111,891,7,198.970515552375
"NSFG 15-44",1030,0.6,5,30,166,3008,3,179.937448516266
"NSFG 15-44",1030,0.6,6,30,179,1875,5,255.074180514834
"NSFG 15-44",1030,0.6,7,30,387,22289,5,492.098319842681
"NSFG 15-44",1030,0.6,8,30,272,4704,5,389.476330067925
"NSFG 15-44",1030,0.6,9,30,675,24755,0,681.521026135134
"NSFG 15-44",1030,0.6,10,30,359,7587,5,624.396804433312
"NSFG 15-44",1030,0.6,14,30,1712,151140,2,1616.93304218803
"NSFG 15-44",1030,0.8,1,30,195,21303,5,164.823239882431
"NSFG 15-44",1030,0.8,2,30,1017,254559,7,1061.92732715351
"NSFG 15-44",1030,0.8,3,30,548,133166,3,325.481831788377
"NSFG 15-44",1030,0.8,4,30,318,12678,4,777.584481030968
"NSFG 15-44",1030,0.8,5,30,930,168760,2,733.989325887401
"NSFG 15-44",1030,0.8,6,30,875,105189,2,1169.1931863441
"NSFG 15-44",1030,0.8,7,30,3618,794638,3,2066.29727361518
"NSFG 15-44",1030,0.8,8,30,560,15374,4,1825.5495826362
"NSFG 15-44",1030,0.8,9,30,1873,353575,2,3269.04784065111
"NSFG 15-44",1030,0.8,10,30,2059,345249,1,2605.83043002485
"NSFG 15-44",1030,0.8,14,30,6101,1444979,0,7602.47917793347
"NSFG 15-44",1031,0.2,1,30,10,22,23,8.70003214516118
"NSFG 15-44",1031,0.2,2,30,26,60,15,14.7000321451612
"NSFG 15-44",1031,0.2,3,30,20,50,21,24.4698883478391
"NSFG 15-44",1031,0.2,4,30,29,79,18,37.2963847148503
"NSFG 15-44",1031,0.2,5,30,29,73,15,41.2076806025558
"NSFG 15-44",1031,0.2,6,30,30,112,19,43.7944324190502
"NSFG 15-44",1031,0.2,7,30,76,454,10,57.9454728572726
"NSFG 15-44",1031,0.2,8,30,65,271,10,53.3491202875835
"NSFG 15-44",1031,0.2,9,30,83,615,9,79.064449347534
"NSFG 15-44",1031,0.2,10,30,95,565,9,82.9248012325006
"NSFG 15-44",1031,0.2,13,30,102,490,4,100.721025221545
"NSFG 15-44",1031,0.2,14,30,88,548,10,114.566401643334
"NSFG 15-44",1031,0.2,16,30,132,1292,7,131.151361889834
"NSFG 15-44",1031,0.4,1,30,40,640,14,16.5349931622656
"NSFG 15-44",1031,0.4,2,30,36,106,11,35.6209199783057
"NSFG 15-44",1031,0.4,3,30,90,1322,8,63.776833118877
"NSFG 15-44",1031,0.4,4,30,89,689,7,90.7989979688818
"NSFG 15-44",1031,0.4,5,30,100,760,9,119.805222327378
"NSFG 15-44",1031,0.4,6,30,100,586,6,117.066494550015
"NSFG 15-44",1031,0.4,7,30,174,1424,4,163.64581741229
"NSFG 15-44",1031,0.4,8,30,162,2116,3,121.225899465103
"NSFG 15-44",1031,0.4,9,30,315,6415,5,247.451039739668
"NSFG 15-44",1031,0.4,10,30,262,4564,2,247.546682688721
"NSFG 15-44",1031,0.4,13,30,250,3420,5,281.279186107588
"NSFG 15-44",1031,0.4,14,30,379,7179,3,338.062243584961
"NSFG 15-44",1031,0.4,16,30,378,8304,5,387.571580122705
"NSFG 15-44",1031,0.6,1,30,23,119,18,40.2198402216656
"NSFG 15-44",1031,0.6,2,30,85,1065,5,104.775695924203
"NSFG 15-44",1031,0.6,3,30,205,4275,6,144.995536145869
"NSFG 15-44",1031,0.6,4,30,265,8215,4,221.19035577404
"NSFG 15-44",1031,0.6,5,30,255,3685,3,300.559438291022
"NSFG 15-44",1031,0.6,6,30,313,12389,1,264.596969181262
"NSFG 15-44",1031,0.6,7,30,299,7413,6,450.832902288159
"NSFG 15-44",1031,0.6,8,30,314,7082,0,276.26095370039
"NSFG 15-44",1031,0.6,9,30,666,34456,5,622.268118877359
"NSFG 15-44",1031,0.6,10,30,677,28951,5,656.139433321406
"NSFG 15-44",1031,0.6,13,30,511,13239,1,714.371783839818
"NSFG 15-44",1031,0.6,14,30,706,39516,4,886.852577761874
"NSFG 15-44",1031,0.6,16,30,708,25286,2,1018.08046442616
"NSFG 15-44",1031,0.8,1,30,101,1807,6,238.051324621296
"NSFG 15-44",1031,0.8,2,30,151,5023,6,262.051324621296
"NSFG 15-44",1031,0.8,3,30,302,12930,2,590.229522767347
"NSFG 15-44",1031,0.8,4,30,372,10648,2,980.36994646167
"NSFG 15-44",1031,0.8,5,30,418,15668,5,902.977213746318
"NSFG 15-44",1031,0.8,6,30,387,10829,1,763.622255482699
"NSFG 15-44",1031,0.8,7,30,1457,165209,1,2009.9679776622
"NSFG 15-44",1031,0.8,8,30,841,67911,2,862.318621840374
"NSFG 15-44",1031,0.8,9,30,1499,135639,2,2452.27304933301
"NSFG 15-44",1031,0.8,10,30,2294,281024,5,2774.81831788376
"NSFG 15-44",1031,0.8,13,30,2103,232375,1,2869.35003626495
"NSFG 15-44",1031,0.8,14,30,1762,197840,5,3715.75775717835
"NSFG 15-44",1031,0.8,16,30,1245,69353,2,4270.72142075511
"NSFG 15-44",1032,0.2,1,30,5,5,25,6.96793605203892
"NSFG 15-44",1032,0.2,2,30,14,22,20,15.5151361889834
"NSFG 15-44",1032,0.2,3,30,28,80,16,23.4510082930612
"NSFG 15-44",1032,0.2,4,30,42,158,14,35.8190086354225
"NSFG 15-44",1032,0.2,5,30,43,131,10,42.9397766956781
"NSFG 15-44",1032,0.2,6,30,37,125,14,46.2397445505169
"NSFG 15-44",1032,0.2,7,30,67,495,13,59.0662409175282
"NSFG 15-44",1032,0.2,8,30,58,246,13,72.9625613420562
"NSFG 15-44",1032,0.2,9,30,57,233,8,66.3284486628114
"NSFG 15-44",1032,0.2,10,30,76,448,10,77.3209609312227
"NSFG 15-44",1032,0.2,11,30,82,488,9,91.7776653858784
"NSFG 15-44",1032,0.2,14,30,161,2053,4,148.189443451001
"NSFG 15-44",1032,0.2,16,30,98,602,4,108.226560657334
"NSFG 15-44",1032,0.4,1,30,39,755,21,27.5890389952881
"NSFG 15-44",1032,0.4,2,30,50,342,13,42.7068467943457
"NSFG 15-44",1032,0.4,3,30,53,359,13,66.3277667726514
"NSFG 15-44",1032,0.4,4,30,100,1362,14,101.00273258398
"NSFG 15-44",1032,0.4,5,30,166,4274,7,118.104599891528
"NSFG 15-44",1032,0.4,6,30,232,3558,4,128.68741452832
"NSFG 15-44",1032,0.4,7,30,123,1315,8,180.368604698145
"NSFG 15-44",1032,0.4,8,30,298,5922,5,226.94792756042
"NSFG 15-44",1032,0.4,9,30,175,2001,7,195.298618373613
"NSFG 15-44",1032,0.4,10,30,240,4776,5,206.73174422833
"NSFG 15-44",1032,0.4,11,30,244,4000,5,275.986032901934
"NSFG 15-44",1032,0.4,14,30,444,10100,3,525.130711528418
"NSFG 15-44",1032,0.4,16,30,406,10774,1,260.024897433984
"NSFG 15-44",1032,0.6,1,30,114,7218,17,66.6720309617437
"NSFG 15-44",1032,0.6,2,30,61,253,6,120.64701036825
"NSFG 15-44",1032,0.6,3,30,230,11940,8,202.132268144437
"NSFG 15-44",1032,0.6,4,30,410,24962,5,282.559438291022
"NSFG 15-44",1032,0.6,5,30,145,1253,4,256.11975784769
"NSFG 15-44",1032,0.6,6,30,234,2780,3,310.094737254197
"NSFG 15-44",1032,0.6,7,30,413,10345,3,520.666685841965
"NSFG 15-44",1032,0.6,8,30,542,31218,2,615.907082802993
"NSFG 15-44",1032,0.6,9,30,368,9376,4,437.102783696812
"NSFG 15-44",1032,0.6,10,30,522,29408,4,465.683659992843
"NSFG 15-44",1032,0.6,11,30,1140,92136,2,980.984845906312
"NSFG 15-44",1032,0.6,14,30,1814,188494,2,1585.19041329994
"NSFG 15-44",1032,0.6,16,30,930,55310,5,541.94103110475
"NSFG 15-44",1032,0.8,1,30,204,8966,5,373.24163490843
"NSFG 15-44",1032,0.8,2,30,461,75003,3,459.2038604567
"NSFG 15-44",1032,0.8,3,30,863,120397,3,911.306509699291
"NSFG 15-44",1032,0.8,4,30,1504,367042,3,1369.04208853718
"NSFG 15-44",1032,0.8,5,30,1860,383514,1,1088.86389039113
"NSFG 15-44",1032,0.8,6,30,876,126226,2,1208.62369351118
"NSFG 15-44",1032,0.8,7,30,1988,382752,2,2590.15972597782
"NSFG 15-44",1032,0.8,8,30,2072,443258,2,2839.47690978971
"NSFG 15-44",1032,0.8,9,30,1102,157870,1,1584.80189165723
"NSFG 15-44",1032,0.8,10,30,1295,248783,3,1603.16896206194
"NSFG 15-44",1032,0.8,11,30,3983,927937,0,3976.10060330089
"NSFG 15-44",1032,0.8,14,30,7303,2250813,1,7433.49129007455
"NSFG 15-44",1032,0.8,16,30,5743,1877647,2,1735.90310287134
"NSFG 15-44",1033,0.2,1,30,7,7,23,8.13964811503339
"NSFG 15-44",1033,0.2,2,30,15,31,20,16.9415682656723
"NSFG 15-44",1033,0.2,3,30,27,75,16,22.8396802601946
"NSFG 15-44",1033,0.2,4,30,28,72,15,30.9283843724891
"NSFG 15-44",1033,0.2,5,30,44,166,13,39.0680324875225
"NSFG 15-44",1033,0.2,6,30,39,163,13,46.0869125423002
"NSFG 15-44",1033,0.2,7,30,55,233,13,53.2076806025558
"NSFG 15-44",1033,0.2,8,30,46,226,14,67.1549450298227
"NSFG 15-44",1033,0.2,9,30,41,135,14,68.4171527751059
"NSFG 15-44",1033,0.2,10,30,117,1465,11,95.2023058925731
"NSFG 15-44",1033,0.2,11,30,106,1172,9,98.0947217255008
"NSFG 15-44",1033,0.2,12,30,88,728,9,90.3398409860005
"NSFG 15-44",1033,0.2,13,30,123,1387,9,136.076163122335
"NSFG 15-44",1033,0.2,14,30,193,3073,9,168.057604519169
"NSFG 15-44",1033,0.2,15,30,127,867,4,112.924801232501
"NSFG 15-44",1033,0.2,19,30,134,1340,6,156.792962300668
"NSFG 15-44",1033,0.4,1,30,25,73,18,27.3056019226465
"NSFG 15-44",1033,0.4,2,30,47,199,9,41.8565355764209
"NSFG 15-44",1033,0.4,3,30,81,2495,15,80.4996204047314
"NSFG 15-44",1033,0.4,4,30,171,4445,7,88.8149384603906
"NSFG 15-44",1033,0.4,5,30,166,4890,4,109.60148771228
"NSFG 15-44",1033,0.4,6,30,166,4870,6,122.735236002847
"NSFG 15-44",1033,0.4,7,30,239,4633,3,161.094883758516
"NSFG 15-44",1033,0.4,8,30,264,8154,8,232.049794867969
"NSFG 15-44",1033,0.4,9,30,168,1708,6,181.126764741533
"NSFG 15-44",1033,0.4,10,30,289,10845,3,267.670714846274
"NSFG 15-44",1033,0.4,11,30,331,9285,6,293.559131405713
"NSFG 15-44",1033,0.4,12,30,212,2262,5,246.037346150976
"NSFG 15-44",1033,0.4,13,30,658,35920,5,479.118262811426
"NSFG 15-44",1033,0.4,14,30,756,35486,3,635.671169858643
"NSFG 15-44",1033,0.4,15,30,276,4028,5,307.546682688721
"NSFG 15-44",1033,0.4,19,30,596,23138,2,477.424623924609
"NSFG 15-44",1033,0.6,1,30,29,111,15,85.7176082945999
"NSFG 15-44",1033,0.6,2,30,96,998,7,99.4852577761875
"NSFG 15-44",1033,0.6,3,30,209,5223,3,153.460237182694
"NSFG 15-44",1033,0.6,4,30,468,50106,3,233.887407329278
"NSFG 15-44",1033,0.6,5,30,344,15810,4,252.945494958881
"NSFG 15-44",1033,0.6,6,30,339,11729,4,348.185891919909
"NSFG 15-44",1033,0.6,7,30,665,79311,3,408.509397104034
"NSFG 15-44",1033,0.6,8,30,582,42688,2,596.861505470137
"NSFG 15-44",1033,0.6,9,30,383,9669,3,423.347644511972
"NSFG 15-44",1033,0.6,10,30,871,85649,6,837.07241798354
"NSFG 15-44",1033,0.6,11,30,718,60842,1,801.109948873781
"NSFG 15-44",1033,0.6,12,30,409,7759,4,596.911546657125
"NSFG 15-44",1033,0.6,13,30,1294,138354,3,1440.21989774756
"NSFG 15-44",1033,0.6,14,30,2373,332009,3,1997.84458884515
"NSFG 15-44",1033,0.6,15,30,530,14272,3,746.139433321406
"NSFG 15-44",1033,0.6,19,30,1273,90509,2,1188.4701036825
"NSFG 15-44",1033,0.8,1,30,259,50685,2,74.6963663576752
"NSFG 15-44",1033,0.8,2,30,310,17726,5,695.786903459184
"NSFG 15-44",1033,0.8,3,30,846,153632,2,697.255185077995
"NSFG 15-44",1033,0.8,4,30,1040,139750,4,1194.42127108296
"NSFG 15-44",1033,0.8,5,30,1704,413786,1,1815.51180818447
"NSFG 15-44",1033,0.8,6,30,1479,191755,0,1270.58591905945
"NSFG 15-44",1033,0.8,7,30,1820,340732,2,1959.27161130453
"NSFG 15-44",1033,0.8,8,30,1697,314489,1,2749.35003626495
"NSFG 15-44",1033,0.8,9,30,691,64289,3,1365.11763744064
"NSFG 15-44",1033,0.8,10,30,1966,440978,3,3011.40136088625
"NSFG 15-44",1033,0.8,11,30,2578,557020,2,3897.23958896673
"NSFG 15-44",1033,0.8,12,30,589,15941,6,2315.85465430701
"NSFG 15-44",1033,0.8,13,30,5380,1452026,2,6733.53973863887
"NSFG 15-44",1033,0.8,14,30,5967,1546911,2,9630.33383224047
"NSFG 15-44",1033,0.8,15,30,1774,128164,0,2894.81831788377
"NSFG 15-44",1033,0.8,19,30,3517,841755,1,5412.97804386159
"NSFG 15-44",1034,0.2,1,30,10,16,22,7.27360006847225
"NSFG 15-44",1034,0.2,2,30,12,28,24,16.4830722410223
"NSFG 15-44",1034,0.2,3,30,37,143,13,26.3038724464391
"NSFG 15-44",1034,0.2,4,30,21,39,16,28.9925122684112
"NSFG 15-44",1034,0.2,5,30,64,496,12,41.3095686080336
"NSFG 15-44",1034,0.2,6,30,51,221,13,45.4755845094336
"NSFG 15-44",1034,0.2,7,30,62,446,12,58.0473608627504
"NSFG 15-44",1034,0.2,8,30,65,451,11,63.4360328298837
"NSFG 15-44",1034,0.2,9,30,70,336,10,73.9700490736449
"NSFG 15-44",1034,0.2,10,30,85,523,8,72.7869446874614
"NSFG 15-44",1034,0.2,12,30,80,426,5,86.824704797017
"NSFG 15-44",1034,0.2,13,30,138,1264,5,119.264642218501
"NSFG 15-44",1034,0.2,15,30,99,719,5,129.124994103468
"NSFG 15-44",1034,0.4,1,30,67,995,12,26.1718536320801
"NSFG 15-44",1034,0.4,2,30,36,88,9,42.9902838669873
"NSFG 15-44",1034,0.4,3,30,75,719,7,75.3977530971826
"NSFG 15-44",1034,0.4,4,30,63,347,9,82.0124487169922
"NSFG 15-44",1034,0.4,5,30,108,1128,8,135.110824250024
"NSFG 15-44",1034,0.4,6,30,79,499,9,118.483679913223
"NSFG 15-44",1034,0.4,7,30,147,1147,4,156.843327668892
"NSFG 15-44",1034,0.4,8,30,249,5841,8,190.384545189653
"NSFG 15-44",1034,0.4,9,30,279,6561,1,218.540458330225
"NSFG 15-44",1034,0.4,10,30,211,5249,7,184.907089634927
"NSFG 15-44",1034,0.4,12,30,332,7120,4,236.11704860852
"NSFG 15-44",1034,0.4,13,30,407,9251,6,385.584028839697
"NSFG 15-44",1034,0.4,15,30,541,17603,1,414.119022001963
"NSFG 15-44",1034,0.6,1,30,31,87,13,43.394103110475
"NSFG 15-44",1034,0.6,2,30,139,3189,7,155.563902145153
"NSFG 15-44",1034,0.6,3,30,278,13070,4,212.713144440469
"NSFG 15-44",1034,0.6,4,30,237,12161,4,221.19035577404
"NSFG 15-44",1034,0.6,5,30,344,13314,5,292.094737254197
"NSFG 15-44",1034,0.6,6,30,190,2358,6,305.862386735784
"NSFG 15-44",1034,0.6,7,30,536,16790,3,437.077763103318
"NSFG 15-44",1034,0.6,8,30,475,14949,3,476.239515695381
"NSFG 15-44",1034,0.6,9,30,562,17574,2,624.384294136565
"NSFG 15-44",1034,0.6,10,30,479,18239,8,420.185891919909
"NSFG 15-44",1034,0.6,12,30,500,18084,4,537.658639399349
"NSFG 15-44",1034,0.6,13,30,1067,79625,5,1091.05097997853
"NSFG 15-44",1034,0.6,15,30,1295,92107,3,1205.34946456916
"NSFG 15-44",1034,0.8,1,30,49,203,3,159.190310287134
"NSFG 15-44",1034,0.8,2,30,242,16734,2,357.811127741349
"NSFG 15-44",1034,0.8,3,30,1220,240546,2,1007.06631281934
"NSFG 15-44",1034,0.8,4,30,1368,323154,4,924.040650508697
"NSFG 15-44",1034,0.8,5,30,810,68742,6,1235.32005986886
"NSFG 15-44",1034,0.8,6,30,909,65235,2,1304.38349663123
"NSFG 15-44",1034,0.8,7,30,1231,142289,4,2133.89242875874
"NSFG 15-44",1034,0.8,8,30,1165,114987,2,2248.0193022835
"NSFG 15-44",1034,0.8,9,30,1735,285961,3,2029.80332968572
"NSFG 15-44",1034,0.8,10,30,1976,385418,3,1631.33361003842
"NSFG 15-44",1034,0.8,12,30,1948,321618,6,2129.9679776622
"NSFG 15-44",1034,0.8,13,30,3485,645209,1,4874.67297219078
"NSFG 15-44",1034,0.8,15,30,3323,726715,4,5012.79984571553
"NSFG 15-44",1035,0.2,1,30,10,28,25,9.1075841670723
"NSFG 15-44",1035,0.2,2,30,19,25,14,14.0887041122945
"NSFG 15-44",1035,0.2,3,30,29,71,16,21.6170241944612
"NSFG 15-44",1035,0.2,4,30,26,44,12,26.2415361205112
"NSFG 15-44",1035,0.2,5,30,38,164,16,37.5397124053557
"NSFG 15-44",1035,0.2,6,30,49,201,10,50.1114887586726
"NSFG 15-44",1035,0.2,7,30,31,73,13,49.6416004108335
"NSFG 15-44",1035,0.2,8,30,62,274,12,62.6718727888004
"NSFG 15-44",1035,0.2,9,30,61,241,10,75.3964811503339
"NSFG 15-44",1035,0.2,10,30,55,273,11,80.2247690873394
"NSFG 15-44",1035,0.2,12,30,111,759,6,94.9248012325005
"NSFG 15-44",1035,0.4,1,30,28,92,14,32.1240321575537
"NSFG 15-44",1035,0.4,2,30,40,164,14,46.6749658113281
"NSFG 15-44",1035,0.4,3,30,54,228,11,68.3118262811426
"NSFG 15-44",1035,0.4,4,30,58,300,10,70.9584028839697
"NSFG 15-44",1035,0.4,5,30,99,779,9,107.333991131147
"NSFG 15-44",1035,0.4,6,30,107,733,7,144.55989059625
"NSFG 15-44",1035,0.4,7,30,188,2770,4,127.082435041523
"NSFG 15-44",1035,0.4,8,30,144,1426,6,202.572339313242
"NSFG 15-44",1035,0.4,9,30,209,2781,7,216.839835894375
"NSFG 15-44",1035,0.4,10,30,188,2386,3,231.674206620791
"NSFG 15-44",1035,0.4,12,30,159,1853,8,271.546682688721
"NSFG 15-44",1035,0.6,1,30,15,19,17,55.0330670361094
"NSFG 15-44",1035,0.6,2,30,65,831,10,130.169799034678
"NSFG 15-44",1035,0.6,3,30,84,764,7,142.879360886662
"NSFG 15-44",1035,0.6,4,30,93,527,7,138.659520664997
"NSFG 15-44",1035,0.6,5,30,122,1106,3,170.414659849837
"NSFG 15-44",1035,0.6,6,30,352,7886,5,408.496886807287
"NSFG 15-44",1035,0.6,7,30,213,3693,5,276.248443403644
"NSFG 15-44",1035,0.6,8,30,375,9653,2,457.193938362524
"NSFG 15-44",1035,0.6,9,30,383,7499,4,561.957123989981
"NSFG 15-44",1035,0.6,10,30,441,8981,2,591.596087915615
"NSFG 15-44",1035,0.6,12,30,579,16113,2,692.139433321405
"NSFG 15-44",1035,0.8,1,30,133,6255,6,266.215972597782
"NSFG 15-44",1035,0.8,2,30,141,5787,8,216.987887858918
"NSFG 15-44",1035,0.8,3,30,213,5951,8,787.382058602751
"NSFG 15-44",1035,0.8,4,30,259,4431,3,602.963663576753
"NSFG 15-44",1035,0.8,5,30,387,12883,1,638.229522767347
"NSFG 15-44",1035,0.8,6,30,643,27519,4,1918.37282251864
"NSFG 15-44",1035,0.8,7,30,319,6359,4,1148.12974958172
"NSFG 15-44",1035,0.8,8,30,685,24219,2,1814.28372344561
"NSFG 15-44",1035,0.8,9,30,916,33502,1,2412.84254216593
"NSFG 15-44",1035,0.8,10,30,895,36581,1,2487.5389085236
"NSFG 15-44",1035,0.8,12,30,1422,85184,2,2822.81831788377
"NSFG 15-44",1036,0.2,1,30,12,32,22,8.03776010955561
"NSFG 15-44",1036,0.2,2,30,21,41,16,14.4453121314667
"NSFG 15-44",1036,0.2,3,30,17,53,22,21.4132481835056
"NSFG 15-44",1036,0.2,4,30,60,300,9,29.8076163122335
"NSFG 15-44",1036,0.2,5,30,35,109,13,40.0359685395614
"NSFG 15-44",1036,0.2,6,30,23,57,18,43.0812163807057
"NSFG 15-44",1036,0.2,7,30,48,152,10,44.8528641533778
"NSFG 15-44",1036,0.2,8,30,53,223,13,62.2643207668893
"NSFG 15-44",1036,0.2,9,30,78,458,9,87.2154897857563
"NSFG 15-44",1036,0.2,10,30,91,695,8,86.4908814242229
"NSFG 15-44",1036,0.2,11,30,83,581,11,77.4624006162503
"NSFG 15-44",1036,0.2,12,30,148,1600,3,92.2247690873394
"NSFG 15-44",1036,0.2,13,30,104,896,4,102.555009320145
"NSFG 15-44",1036,0.4,1,30,15,23,18,19.08592681604
"NSFG 15-44",1036,0.4,2,30,59,415,12,46.3915287386865
"NSFG 15-44",1036,0.4,3,30,44,136,11,56.9743433754785
"NSFG 15-44",1036,0.4,4,30,60,314,11,70.9584028839697
"NSFG 15-44",1036,0.4,5,30,69,377,11,82.9584028839697
"NSFG 15-44",1036,0.4,6,30,115,1189,6,118.483679913223
"NSFG 15-44",1036,0.4,7,30,109,597,4,96.4712311962305
"NSFG 15-44",1036,0.4,8,30,160,1818,6,171.394261322666
"NSFG 15-44",1036,0.4,9,30,255,4819,7,255.954151918916
"NSFG 15-44",1036,0.4,10,30,224,4214,9,275.323515807598
"NSFG 15-44",1036,0.4,11,30,240,2796,1,198.324274998135
"NSFG 15-44",1036,0.4,12,30,245,5009,0,267.295126599097
"NSFG 15-44",1036,0.4,13,30,287,6683,4,288.64854999627
"NSFG 15-44",1036,0.6,1,30,37,291,14,61.3815928137281
"NSFG 15-44",1036,0.6,2,30,82,480,6,94.1948196281718
"NSFG 15-44",1036,0.6,3,30,189,4181,5,171.447726885947
"NSFG 15-44",1036,0.6,4,30,124,962,3,173.5764124419
"NSFG 15-44",1036,0.6,5,30,122,754,3,174.64701036825
"NSFG 15-44",1036,0.6,6,30,296,6648,4,274.11975784769
"NSFG 15-44",1036,0.6,7,30,144,1182,6,191.601433035394
"NSFG 15-44",1036,0.6,8,30,500,25096,6,461.426288880937
"NSFG 15-44",1036,0.6,9,30,829,40949,2,796.852577761874
"NSFG 15-44",1036,0.6,10,30,701,33821,3,682.591624061484
"NSFG 15-44",1036,0.6,11,30,499,16387,1,426.546927994275
"NSFG 15-44",1036,0.6,12,30,525,22559,1,656.1644539149
"NSFG 15-44",1036,0.6,13,30,562,18770,5,750.346763246324
"NSFG 15-44",1036,0.8,1,30,73,905,11,226.785465430701
"NSFG 15-44",1036,0.8,2,30,257,14847,4,481.735578837889
"NSFG 15-44",1036,0.8,3,30,355,39427,3,533.900226814375
"NSFG 15-44",1036,0.8,4,30,419,22851,3,625.495381957942
"NSFG 15-44",1036,0.8,5,30,701,58265,3,835.382058602751
"NSFG 15-44",1036,0.8,6,30,575,35723,1,746.723466696806
"NSFG 15-44",1036,0.8,7,30,211,2391,5,410.215972597782
"NSFG 15-44",1036,0.8,8,30,1084,96540,1,1735.42270911145
"NSFG 15-44",1036,0.8,9,30,2139,205825,3,3888.67009613381
"NSFG 15-44",1036,0.8,10,30,2126,234898,1,3180.38924874517
"NSFG 15-44",1036,0.8,11,30,897,48415,2,1531.40915894188
"NSFG 15-44",1036,0.8,12,30,1461,116963,0,3273.45268550755
"NSFG 15-44",1036,0.8,13,30,1437,93301,2,3015.80620574268
"NSFG 15-44",1037,0.2,1,30,6,6,24,7.52832008216671
"NSFG 15-44",1037,0.2,2,30,13,21,20,14.3434241259889
"NSFG 15-44",1037,0.2,3,30,22,54,17,22.9925122684112
"NSFG 15-44",1037,0.2,4,30,25,65,19,30.979328375228
"NSFG 15-44",1037,0.2,5,30,37,111,12,38.1000964354835
"NSFG 15-44",1037,0.2,6,30,52,194,9,46.4435205614725
"NSFG 15-44",1037,0.2,7,30,37,105,11,49.6416004108335
"NSFG 15-44",1037,0.2,8,30,52,172,10,60.7360006847225
"NSFG 15-44",1037,0.2,9,30,84,582,10,72.0341769695671
"NSFG 15-44",1037,0.2,10,30,73,493,12,73.8058247422392
"NSFG 15-44",1037,0.2,11,30,69,389,13,87.3964811503338
"NSFG 15-44",1037,0.2,12,30,109,925,10,99.5097614790007
"NSFG 15-44",1037,0.2,13,30,56,224,8,105.509761479001
"NSFG 15-44",1037,0.2,14,30,97,535,4,106.160641191417
"NSFG 15-44",1037,0.4,1,30,22,68,18,17.3853043801904
"NSFG 15-44",1037,0.4,2,30,24,124,19,42.4234097217041
"NSFG 15-44",1037,0.4,3,30,52,224,10,64.0602701915186
"NSFG 15-44",1037,0.4,4,30,39,91,9,70.9584028839697
"NSFG 15-44",1037,0.4,5,30,93,809,7,110.735236002847
"NSFG 15-44",1037,0.4,6,30,122,878,5,147.677698395308
"NSFG 15-44",1037,0.4,7,30,132,1922,10,120.846819443408
"NSFG 15-44",1037,0.4,8,30,169,2019,5,198.60422029626
"NSFG 15-44",1037,0.4,9,30,226,2836,4,220.807954911357
"NSFG 15-44",1037,0.4,10,30,197,2343,4,219.769849569844
"NSFG 15-44",1037,0.4,11,30,244,2768,4,251.043570509473
"NSFG 15-44",1037,0.4,12,30,297,5717,2,297.056019226465
"NSFG 15-44",1037,0.4,13,30,384,7656,2,309.056019226465
"NSFG 15-44",1037,0.4,14,30,292,5046,3,291.295126599097
"NSFG 15-44",1037,0.6,1,30,116,6572,12,64.5558557025375
"NSFG 15-44",1037,0.6,2,30,104,2802,11,105.833783553806
"NSFG 15-44",1037,0.6,3,30,143,1117,4,153.460237182694
"NSFG 15-44",1037,0.6,4,30,184,2630,3,220.132268144437
"NSFG 15-44",1037,0.6,5,30,255,6459,1,233.899917626025
"NSFG 15-44",1037,0.6,6,30,346,10134,7,425.426288880937
"NSFG 15-44",1037,0.6,7,30,266,3254,1,353.488840364672
"NSFG 15-44",1037,0.6,8,30,362,7266,3,455.077763103318
"NSFG 15-44",1037,0.6,9,30,442,13460,3,560.899036360378
"NSFG 15-44",1037,0.6,10,30,512,19264,2,701.63720139434
"NSFG 15-44",1037,0.6,11,30,413,7255,2,642.396804433312
"NSFG 15-44",1037,0.6,12,30,698,29982,4,787.367319985687
"NSFG 15-44",1037,0.6,13,30,859,39723,2,805.367319985687
"NSFG 15-44",1037,0.6,14,30,668,25340,4,690.048278655693
"NSFG 15-44",1037,0.8,1,30,93,2929,3,136.658591905945
"NSFG 15-44",1037,0.8,2,30,161,6945,2,256.418395025998
"NSFG 15-44",1037,0.8,3,30,342,8498,4,978.901664842858
"NSFG 15-44",1037,0.8,4,30,619,43937,2,777.584481030968
"NSFG 15-44",1037,0.8,5,30,627,28295,3,1184.62369351118
"NSFG 15-44",1037,0.8,6,30,391,10577,3,1084.69924241464
"NSFG 15-44",1037,0.8,7,30,482,14916,3,1317.11763744064
"NSFG 15-44",1037,0.8,8,30,873,66439,2,1994.53747049512
"NSFG 15-44",1037,0.8,9,30,1424,163006,1,2429.74133095182
"NSFG 15-44",1037,0.8,10,30,1772,310092,1,2611.46335962014
"NSFG 15-44",1037,0.8,11,30,634,14802,2,2629.83043002485
"NSFG 15-44",1037,0.8,12,30,1843,224203,0,3329.78198146052
"NSFG 15-44",1037,0.8,13,30,2633,348103,0,3353.78198146052
"NSFG 15-44",1037,0.8,14,30,1883,183309,2,2746.89386678723
"NSFG 15-44",1038,0.2,1,30,8,8,22,8.70003214516118
"NSFG 15-44",1038,0.2,2,30,13,21,21,14.9547521588556
"NSFG 15-44",1038,0.2,3,30,13,17,19,22.4830722410223
"NSFG 15-44",1038,0.2,4,30,37,223,18,31.2340483889224
"NSFG 15-44",1038,0.2,5,30,38,140,14,39.4755845094336
"NSFG 15-44",1038,0.2,6,30,41,119,11,51.9964168600115
"NSFG 15-44",1038,0.2,7,30,48,246,14,57.7926408490559
"NSFG 15-44",1038,0.2,8,30,59,311,12,63.3341448244059
"NSFG 15-44",1038,0.2,9,30,79,339,5,58.177408224589
"NSFG 15-44",1038,0.2,10,30,89,543,9,96.6796819720009
"NSFG 15-44",1038,0.2,11,30,76,430,9,75.1699204930003
"NSFG 15-44",1038,0.2,13,30,126,1372,8,111.623041807667
"NSFG 15-44",1038,0.2,14,30,84,426,9,113.038081561167
"NSFG 15-44",1038,0.4,1,30,13,19,19,29.8565355764209
"NSFG 15-44",1038,0.4,2,30,44,274,15,45.5412175207617
"NSFG 15-44",1038,0.4,3,30,60,258,9,58.1080916660449
"NSFG 15-44",1038,0.4,4,30,92,694,10,89.6652496783154
"NSFG 15-44",1038,0.4,5,30,110,828,8,117.254288673604
"NSFG 15-44",1038,0.4,6,30,189,3673,7,151.64581741229
"NSFG 15-44",1038,0.4,7,30,144,1782,6,175.266737390596
"NSFG 15-44",1038,0.4,8,30,213,3441,4,185.566114954746
"NSFG 15-44",1038,0.4,9,30,131,925,4,133.509336537744
"NSFG 15-44",1038,0.4,10,30,289,4815,2,324.074692301953
"NSFG 15-44",1038,0.4,11,30,210,2594,6,183.018673075488
"NSFG 15-44",1038,0.4,13,30,381,9551,4,343.068467943457
"NSFG 15-44",1038,0.4,14,30,308,5690,5,329.559131405713
"NSFG 15-44",1038,0.6,1,30,36,254,12,42.3360154808719
"NSFG 15-44",1038,0.6,2,30,83,427,8,128.053623775472
"NSFG 15-44",1038,0.6,3,30,121,2875,7,109.020556739362
"NSFG 15-44",1038,0.6,4,30,266,11630,5,243.410195995706
"NSFG 15-44",1038,0.6,5,30,227,4325,4,263.526371254912
"NSFG 15-44",1038,0.6,6,30,250,4812,4,330.198402216656
"NSFG 15-44",1038,0.6,7,30,359,9605,1,487.865969324268
"NSFG 15-44",1038,0.6,8,30,567,21329,2,550.3056497676
"NSFG 15-44",1038,0.6,9,30,202,1988,3,261.460237182694
"NSFG 15-44",1038,0.6,10,30,816,33060,2,941.823093314249
"NSFG 15-44",1038,0.6,11,30,312,4660,2,388.455773328562
"NSFG 15-44",1038,0.6,13,30,1010,58100,5,932.337835538063
"NSFG 15-44",1038,0.6,14,30,774,31946,2,855.10994887378
"NSFG 15-44",1038,0.8,1,30,175,11829,11,226.785465430701
"NSFG 15-44",1038,0.8,2,30,201,6603,4,453.570930861403
"NSFG 15-44",1038,0.8,3,30,254,7658,3,759.217410626265
"NSFG 15-44",1038,0.8,4,30,293,6823,2,591.697804386159
"NSFG 15-44",1038,0.8,5,30,471,16587,3,891.711354555724
"NSFG 15-44",1038,0.8,6,30,1089,101205,3,1670.52392032556
"NSFG 15-44",1038,0.8,7,30,706,44182,1,1435.40915894188
"NSFG 15-44",1038,0.8,8,30,1412,116662,0,2546.56457083425
"NSFG 15-44",1038,0.8,9,30,324,3992,0,722.963663576753
"NSFG 15-44",1038,0.8,10,30,1610,124386,7,4295.70930861403
"NSFG 15-44",1038,0.8,11,30,954,44014,2,1277.92732715351
"NSFG 15-44",1038,0.8,13,30,2488,265500,0,4029.73353289619
"NSFG 15-44",1038,0.8,14,30,2318,240116,1,3546.76986931943
"NSFG 15-44",1039,0.2,1,30,10,16,23,7.0188800547778
"NSFG 15-44",1039,0.2,2,30,8,10,23,15.8208002054168
"NSFG 15-44",1039,0.2,3,30,15,27,21,23.1453442766279
"NSFG 15-44",1039,0.2,4,30,30,112,19,29.9604483204502
"NSFG 15-44",1039,0.2,5,30,40,478,17,41.5133446189892
"NSFG 15-44",1039,0.2,6,30,45,117,8,44.6095364628724
"NSFG 15-44",1039,0.2,7,30,74,478,11,58.8624649065726
"NSFG 15-44",1039,0.2,8,30,46,138,9,59.1057925970781
"NSFG 15-44",1039,0.2,9,30,95,873,11,86.0947217255008
"NSFG 15-44",1039,0.2,10,30,33,109,17,77.2700169284837
"NSFG 15-44",1039,0.2,11,30,83,631,8,90.4531213146673
"NSFG 15-44",1039,0.2,12,30,115,1323,9,113.264642218501
"NSFG 15-44",1039,0.2,13,30,85,559,10,91.7548807395004
"NSFG 15-44",1039,0.2,15,30,129,1233,8,121.22867367894
"NSFG 15-44",1039,0.2,19,30,124,1012,6,126.226560657334
"NSFG 15-44",1039,0.4,1,30,9,15,23,17.9521785254736
"NSFG 15-44",1039,0.4,2,30,38,98,9,39.3056019226465
"NSFG 15-44",1039,0.4,3,30,69,735,7,61.2258994651026
"NSFG 15-44",1039,0.4,4,30,77,377,9,89.6652496783154
"NSFG 15-44",1039,0.4,5,30,125,1263,7,122.923030126436
"NSFG 15-44",1039,0.4,6,30,134,1794,6,123.018673075488
"NSFG 15-44",1039,0.4,7,30,284,6748,8,168.464247647197
"NSFG 15-44",1039,0.4,8,30,187,2951,4,147.868984293413
"NSFG 15-44",1039,0.4,9,30,208,3416,9,286.565355764209
"NSFG 15-44",1039,0.4,10,30,178,2434,8,212.683922753804
"NSFG 15-44",1039,0.4,11,30,221,2921,7,268.049794867969
"NSFG 15-44",1039,0.4,12,30,323,6537,2,373.584028839697
"NSFG 15-44",1039,0.4,13,30,186,2286,6,232.528009613232
"NSFG 15-44",1039,0.4,15,30,394,7378,1,349.778806512319
"NSFG 15-44",1039,0.4,19,30,322,6396,3,296.024897433984
"NSFG 15-44",1039,0.6,1,30,77,1215,9,62.4396804433312
"NSFG 15-44",1039,0.6,2,30,115,1485,6,124.879360886662
"NSFG 15-44",1039,0.6,3,30,145,2251,4,159.808762960312
"NSFG 15-44",1039,0.6,4,30,184,1966,6,215.899917626025
"NSFG 15-44",1039,0.6,5,30,166,1812,3,296.327087772609
"NSFG 15-44",1039,0.6,6,30,371,12267,4,293.165335180547
"NSFG 15-44",1039,0.6,7,30,364,9620,7,464.588041472999
"NSFG 15-44",1039,0.6,8,30,310,6342,2,325.991072291737
"NSFG 15-44",1039,0.6,9,30,598,18204,4,828.595206649968
"NSFG 15-44",1039,0.6,10,30,442,12988,3,567.260072434743
"NSFG 15-44",1039,0.6,11,30,503,12265,3,705.882062209499
"NSFG 15-44",1039,0.6,12,30,981,51631,3,1073.05097997853
"NSFG 15-44",1039,0.6,13,30,398,7222,2,519.683659992843
"NSFG 15-44",1039,0.6,15,30,880,37936,0,888.981263317827
"NSFG 15-44",1039,0.6,19,30,813,36115,2,595.94103110475
"NSFG 15-44",1039,0.8,1,30,309,37989,5,215.519606240107
"NSFG 15-44",1039,0.8,2,30,158,3232,5,301.481831788376
"NSFG 15-44",1039,0.8,3,30,182,4796,6,590.229522767347
"NSFG 15-44",1039,0.8,4,30,414,15228,2,760.685692245076
"NSFG 15-44",1039,0.8,5,30,729,39837,2,1601.46048356318
"NSFG 15-44",1039,0.8,6,30,1383,183767,6,1343.81400379832
"NSFG 15-44",1039,0.8,7,30,1565,138415,4,1846.61301939858
"NSFG 15-44",1039,0.8,8,30,935,92091,5,1076.36994646167
"NSFG 15-44",1039,0.8,9,30,1068,52920,4,3764.74564503727
"NSFG 15-44",1039,0.8,10,30,1290,100286,0,1997.47403373274
"NSFG 15-44",1039,0.8,11,30,972,39244,3,2967.80620574268
"NSFG 15-44",1039,0.8,12,30,3024,424806,3,4850.67297219078
"NSFG 15-44",1039,0.8,13,30,620,16172,4,1832.89099073026
"NSFG 15-44",1039,0.8,15,30,2533,269407,1,3773.55533475014
"NSFG 15-44",1039,0.8,19,30,2131,221205,1,1807.90310287134
"NSFG 15-44",1040,0.2,1,30,5,7,26,8.03776010955561
"NSFG 15-44",1040,0.2,2,30,23,109,20,16.635904249239
"NSFG 15-44",1040,0.2,3,30,25,47,14,23.0434562711501
"NSFG 15-44",1040,0.2,4,30,32,120,15,38.2643207668892
"NSFG 15-44",1040,0.2,5,30,63,321,10,39.8321925286058
"NSFG 15-44",1040,0.2,6,30,49,243,13,49.3473287175892
"NSFG 15-44",1040,0.2,7,30,48,212,14,55.1435527066337
"NSFG 15-44",1040,0.2,8,30,46,224,10,57.9340805340836
"NSFG 15-44",1040,0.2,9,30,83,435,6,72.2888969832616
"NSFG 15-44",1040,0.2,10,30,77,575,9,93.6230418076675
"NSFG 15-44",1040,0.2,11,30,118,1084,8,96.0569616159451
"NSFG 15-44",1040,0.4,1,30,16,32,19,23.3374829056641
"NSFG 15-44",1040,0.4,2,30,46,192,12,46.6749658113281
"NSFG 15-44",1040,0.4,3,30,43,141,12,62.359647755669
"NSFG 15-44",1040,0.4,4,30,123,1415,6,107.805222327378
"NSFG 15-44",1040,0.4,5,30,142,1818,9,125.757400852852
"NSFG 15-44",1040,0.4,6,30,172,3214,7,140.591771579268
"NSFG 15-44",1040,0.4,7,30,150,1710,8,160.528009613232
"NSFG 15-44",1040,0.4,8,30,124,956,4,142.200242840581
"NSFG 15-44",1040,0.4,9,30,204,3076,6,208.620160787768
"NSFG 15-44",1040,0.4,10,30,221,5663,6,327.475937173652
"NSFG 15-44",1040,0.4,11,30,293,5645,5,302.629117730244
"NSFG 15-44",1040,0.6,1,30,23,99,17,52.9168917769031
"NSFG 15-44",1040,0.6,2,30,263,24197,7,137.5764124419
"NSFG 15-44",1040,0.6,3,30,142,1950,5,248.688123846975
"NSFG 15-44",1040,0.6,4,30,199,3119,5,191.563902145153
"NSFG 15-44",1040,0.6,5,30,326,9572,3,311.140314587053
"NSFG 15-44",1040,0.6,6,30,262,3946,4,312.210912513403
"NSFG 15-44",1040,0.6,7,30,348,7948,3,427.55497443689
"NSFG 15-44",1040,0.6,8,30,280,5142,3,369.372665105465
"NSFG 15-44",1040,0.6,9,30,544,18280,3,543.969634286728
"NSFG 15-44",1040,0.6,10,30,914,56202,2,1106.88476353234
"NSFG 15-44",1040,0.6,11,30,709,35047,4,858.246680872349
"NSFG 15-44",1040,0.8,1,30,177,3547,1,266.215972597782
"NSFG 15-44",1040,0.8,2,30,501,58625,3,470.469719647294
"NSFG 15-44",1040,0.8,3,30,828,90104,3,866.243072936913
"NSFG 15-44",1040,0.8,4,30,451,16199,2,1081.76267917702
"NSFG 15-44",1040,0.8,5,30,1006,135456,3,1297.28228541713
"NSFG 15-44",1040,0.8,6,30,763,44945,0,1270.58591905945
"NSFG 15-44",1040,0.8,7,30,843,64513,2,1576.23239882431
"NSFG 15-44",1040,0.8,8,30,661,25267,1,1329.85177825005
"NSFG 15-44",1040,0.8,9,30,1374,148370,0,2232.58879511642
"NSFG 15-44",1040,0.8,10,30,2072,388832,2,3754.94806746549
"NSFG 15-44",1040,0.8,11,30,1553,192385,4,3700.08705313133
"NSFG 15-44",1041,0.2,1,30,4,6,27,8.80192015063896
"NSFG 15-44",1041,0.2,2,30,17,41,21,17.9095043177113
"NSFG 15-44",1041,0.2,3,30,63,955,15,25.3359363944002
"NSFG 15-44",1041,0.2,4,30,34,92,13,31.437824399878
"NSFG 15-44",1041,0.2,5,30,32,92,12,41.4114566135114
"NSFG 15-44",1041,0.2,6,30,62,298,10,48.8888326929392
"NSFG 15-44",1041,0.2,7,30,52,242,13,55.7039367367615
"NSFG 15-44",1041,0.2,8,30,88,944,8,69.6002571612894
"NSFG 15-44",1041,0.2,9,30,46,146,10,76.1606411914172
"NSFG 15-44",1041,0.2,10,30,93,723,8,81.1417611366394
"NSFG 15-44",1041,0.2,11,30,67,333,10,70.5849602465001
"NSFG 15-44",1041,0.2,12,30,97,715,11,104.094721725501
"NSFG 15-44",1041,0.2,13,30,111,1531,10,115.749506029518
"NSFG 15-44",1041,0.2,14,30,158,2102,9,120.679681972001
"NSFG 15-44",1041,0.2,15,30,148,1494,5,129.736322136334
"NSFG 15-44",1041,0.2,16,30,116,992,8,110.264320766889
"NSFG 15-44",1041,0.4,1,30,10,10,20,16.251556089624
"NSFG 15-44",1041,0.4,2,30,108,4134,14,51.776833118877
"NSFG 15-44",1041,0.4,3,30,60,324,8,60.6590253198194
"NSFG 15-44",1041,0.4,4,30,156,6482,14,88.2480643151074
"NSFG 15-44",1041,0.4,5,30,92,920,10,131.142705233042
"NSFG 15-44",1041,0.4,6,30,156,2228,7,143.993016450967
"NSFG 15-44",1041,0.4,7,30,132,1408,5,151.741460361343
"NSFG 15-44",1041,0.4,8,30,337,13181,9,206.540458330225
"NSFG 15-44",1041,0.4,9,30,247,3047,3,222.508577347207
"NSFG 15-44",1041,0.4,10,30,318,15424,9,229.123272967017
"NSFG 15-44",1041,0.4,11,30,152,1212,8,157.509336537744
"NSFG 15-44",1041,0.4,12,30,774,45250,5,322.565355764209
"NSFG 15-44",1041,0.4,13,30,243,3669,6,292.049794867969
"NSFG 15-44",1041,0.4,14,30,334,16180,7,372.074692301953
"NSFG 15-44",1041,0.4,15,30,521,17175,4,401.080916660449
"NSFG 15-44",1041,0.4,16,30,294,5488,2,268.528009613232
"NSFG 15-44",1041,0.6,1,30,73,1343,9,41.2779278512687
"NSFG 15-44",1041,0.6,2,30,143,3351,6,119.588922738647
"NSFG 15-44",1041,0.6,3,30,140,2406,5,177.796252663566
"NSFG 15-44",1041,0.6,4,30,386,27248,4,256.107247550944
"NSFG 15-44",1041,0.6,5,30,516,61292,8,390.496886807287
"NSFG 15-44",1041,0.6,6,30,1171,234849,4,412.7292373257
"NSFG 15-44",1041,0.6,7,30,1017,187551,1,406.393221844828
"NSFG 15-44",1041,0.6,8,30,1359,246929,4,650.823974579896
"NSFG 15-44",1041,0.6,9,30,951,88809,1,601.106366285296
"NSFG 15-44",1041,0.6,10,30,1465,234397,1,613.81592813728
"NSFG 15-44",1041,0.6,11,30,250,2636,1,293.227886664281
"NSFG 15-44",1041,0.6,12,30,2113,347201,6,882.595206649968
"NSFG 15-44",1041,0.6,13,30,864,99574,4,902.711381909174
"NSFG 15-44",1041,0.6,14,30,2389,404405,4,1013.82309331425
"NSFG 15-44",1041,0.6,15,30,2126,297454,3,1095.30835109044
"NSFG 15-44",1041,0.6,16,30,1453,221739,2,573.683659992844
"NSFG 15-44",1041,0.8,1,30,28,44,8,209.886676644809
"NSFG 15-44",1041,0.8,2,30,1597,675325,1,352.178198146052
"NSFG 15-44",1041,0.8,3,30,1763,821395,3,573.330733981456
"NSFG 15-44",1041,0.8,4,30,3224,1794988,3,1098.66146796291
"NSFG 15-44",1041,0.8,5,30,4225,2146103,0,1184.62369351118
"NSFG 15-44",1041,0.8,6,30,6127,3348951,3,1721.22028668323
"NSFG 15-44",1041,0.8,7,30,4099,1978175,1,2212.7534430929
"NSFG 15-44",1041,0.8,8,30,5372,2729436,1,2631.05851476371
"NSFG 15-44",1041,0.8,9,30,5247,2600017,1,2350.88031661766
"NSFG 15-44",1041,0.8,10,30,8229,3669729,1,2493.1718381189
"NSFG 15-44",1041,0.8,11,30,377,5179,1,770.963663576754
"NSFG 15-44",1041,0.8,12,30,10672,4895498,4,3836.74564503727
"NSFG 15-44",1041,0.8,13,30,6131,2945007,2,3224.22460076868
"NSFG 15-44",1041,0.8,14,30,8635,4192695,4,4391.70930861402
"NSFG 15-44",1041,0.8,15,30,11615,5905419,3,4753.68508433186
"NSFG 15-44",1041,0.8,16,30,6002,2836890,5,2017.5495826362
"NSFG 15-44",1042,0.2,1,30,10,18,23,7.5792640849056
"NSFG 15-44",1042,0.2,2,30,15,47,21,15.3113601780279
"NSFG 15-44",1042,0.2,3,30,30,96,16,21.260416175289
"NSFG 15-44",1042,0.2,4,30,22,40,16,30.5208323505779
"NSFG 15-44",1042,0.2,5,30,34,98,14,39.6284165176502
"NSFG 15-44",1042,0.2,6,30,30,90,15,42.4189443451002
"NSFG 15-44",1042,0.2,7,30,39,149,12,53.4624006162503
"NSFG 15-44",1042,0.2,8,30,55,249,10,69.3964811503338
"NSFG 15-44",1042,0.2,9,30,49,243,12,65.6661766272058
"NSFG 15-44",1042,0.2,10,30,72,330,8,78.3398409860004
"NSFG 15-44",1042,0.2,11,30,62,270,10,69.9736322136335
"NSFG 15-44",1042,0.2,13,30,111,765,7,88.698240575167
"NSFG 15-44",1042,0.2,14,30,90,534,5,91.6416004108335
"NSFG 15-44",1042,0.2,16,30,89,595,9,114.339840986
"NSFG 15-44",1042,0.4,1,30,14,18,18,18.2356155981152
"NSFG 15-44",1042,0.4,2,30,22,48,17,35.9043570509473
"NSFG 15-44",1042,0.4,3,30,55,307,11,54.1399726490625
"NSFG 15-44",1042,0.4,4,30,105,901,8,80.5952633537842
"NSFG 15-44",1042,0.4,5,30,117,829,5,107.900865276431
"NSFG 15-44",1042,0.4,6,30,83,557,9,106.579322862275
"NSFG 15-44",1042,0.4,7,30,150,1196,3,140.120540383037
"NSFG 15-44",1042,0.4,8,30,209,2551,4,216.744192945322
"NSFG 15-44",1042,0.4,9,30,174,1692,4,169.789281835869
"NSFG 15-44",1042,0.4,10,30,156,1768,3,198.795506194365
"NSFG 15-44",1042,0.4,11,30,155,1267,5,154.108091666045
"NSFG 15-44",1042,0.4,13,30,135,1213,3,215.521785254736
"NSFG 15-44",1042,0.4,14,30,204,2064,4,210.51556089624
"NSFG 15-44",1042,0.4,16,30,244,3324,4,294.037346150977
"NSFG 15-44",1042,0.6,1,30,20,24,12,28.5808762960312
"NSFG 15-44",1042,0.6,2,30,81,447,3,82.5558557025375
"NSFG 15-44",1042,0.6,3,30,135,1729,5,161.924938219519
"NSFG 15-44",1042,0.6,4,30,203,3641,2,203.202866070787
"NSFG 15-44",1042,0.6,5,30,263,4939,4,277.281510439753
"NSFG 15-44",1042,0.6,6,30,174,1310,2,223.331551626741
"NSFG 15-44",1042,0.6,7,30,235,3691,7,310.107247550943
"NSFG 15-44",1042,0.6,8,30,336,5798,3,584.164453914899
"NSFG 15-44",1042,0.6,9,30,338,5842,3,395.837366142291
"NSFG 15-44",1042,0.6,10,30,460,11626,2,529.168917769031
"NSFG 15-44",1042,0.6,11,30,254,2592,0,274.182309331425
"NSFG 15-44",1042,0.6,13,30,271,3901,4,456.198402216656
"NSFG 15-44",1042,0.6,14,30,303,4131,4,410.713144440469
"NSFG 15-44",1042,0.6,16,30,547,12307,3,668.911546657124
"NSFG 15-44",1042,0.8,1,30,184,11460,9,198.620817454215
"NSFG 15-44",1042,0.8,2,30,111,1191,5,481.735578837889
"NSFG 15-44",1042,0.8,3,30,161,2307,3,348.013550169566
"NSFG 15-44",1042,0.8,4,30,210,2926,4,709.989325887401
"NSFG 15-44",1042,0.8,5,30,494,19082,3,1100.12974958172
"NSFG 15-44",1042,0.8,6,30,394,8948,1,955.141861722804
"NSFG 15-44",1042,0.8,7,30,502,13518,3,1300.21884865475
"NSFG 15-44",1042,0.8,8,30,652,18996,2,2580.36214840604
"NSFG 15-44",1042,0.8,9,30,686,23830,1,1455.2445109654
"NSFG 15-44",1042,0.8,10,30,1079,61947,2,2081.9679776622
"NSFG 15-44",1042,0.8,11,30,389,7941,2,804.761241148536
"NSFG 15-44",1042,0.8,13,30,368,5994,4,1494.91521501242
"NSFG 15-44",1042,0.8,14,30,413,6201,0,1180.93943929459
"NSFG 15-44",1042,0.8,16,30,819,26787,3,2411.85465430701
"NSFG 15-44",1043,0.2,1,30,7,7,23,8.64908814242229
"NSFG 15-44",1043,0.2,2,30,22,86,18,15.7698562026779
"NSFG 15-44",1043,0.2,3,30,26,66,18,23.6038403012779
"NSFG 15-44",1043,0.2,4,30,27,69,17,32.8642564765669
"NSFG 15-44",1043,0.2,5,30,43,143,11,40.3925765587336
"NSFG 15-44",1043,0.2,6,30,58,334,10,44.7114244683502
"NSFG 15-44",1043,0.2,7,30,42,178,16,51.8321925286058
"NSFG 15-44",1043,0.2,8,30,75,345,8,63.3341448244059
"NSFG 15-44",1043,0.2,9,30,68,338,10,59.9095043177113
"NSFG 15-44",1043,0.2,10,30,65,337,7,73.2454407121114
"NSFG 15-44",1043,0.2,11,30,92,656,8,95.0380815611673
"NSFG 15-44",1043,0.2,12,30,130,1000,1,90.3398409860005
"NSFG 15-44",1043,0.2,14,30,87,475,5,99.283200821667
"NSFG 15-44",1043,0.2,15,30,98,614,5,126.679681972001
"NSFG 15-44",1043,0.2,16,30,124,1270,5,114.339840986
"NSFG 15-44",1043,0.4,1,30,14,44,21,17.9521785254736
"NSFG 15-44",1043,0.4,2,30,46,540,14,33.0699863245312
"NSFG 15-44",1043,0.4,3,30,91,929,10,82.4836799132227
"NSFG 15-44",1043,0.4,4,30,70,342,10,83.7130711528418
"NSFG 15-44",1043,0.4,5,30,112,1490,11,107.050554058506
"NSFG 15-44",1043,0.4,6,30,105,841,7,132.655533545303
"NSFG 15-44",1043,0.4,7,30,120,894,5,135.585547220771
"NSFG 15-44",1043,0.4,8,30,132,1286,7,151.270229165112
"NSFG 15-44",1043,0.4,9,30,132,1138,6,153.633368695298
"NSFG 15-44",1043,0.4,10,30,176,1802,4,187.17458621606
"NSFG 15-44",1043,0.4,11,30,344,6498,5,293.559131405713
"NSFG 15-44",1043,0.4,12,30,241,4075,3,246.037346150977
"NSFG 15-44",1043,0.4,14,30,205,2289,5,253.03112179248
"NSFG 15-44",1043,0.4,15,30,374,7404,2,384.074692301953
"NSFG 15-44",1043,0.4,16,30,363,7265,1,331.451039739668
"NSFG 15-44",1043,0.6,1,30,50,398,12,67.7301185913468
"NSFG 15-44",1043,0.6,2,30,78,990,12,93.1367319985687
"NSFG 15-44",1043,0.6,3,30,225,10769,4,144.995536145869
"NSFG 15-44",1043,0.6,4,30,298,12254,3,250.816809402928
"NSFG 15-44",1043,0.6,5,30,348,10926,3,347.115293993559
"NSFG 15-44",1043,0.6,6,30,259,5905,4,374.638082659987
"NSFG 15-44",1043,0.6,7,30,393,10131,4,317.513860958165
"NSFG 15-44",1043,0.6,8,30,261,3945,1,372.546927994275
"NSFG 15-44",1043,0.6,9,30,336,7432,1,291.086690811581
"NSFG 15-44",1043,0.6,10,30,484,13158,3,452.986608437606
"NSFG 15-44",1043,0.6,11,30,830,33884,1,801.109948873781
"NSFG 15-44",1043,0.6,12,30,717,32745,2,601.143897175537
"NSFG 15-44",1043,0.6,14,30,291,4483,4,569.426288880937
"NSFG 15-44",1043,0.6,15,30,821,28527,1,1031.82309331425
"NSFG 15-44",1043,0.6,16,30,719,25543,3,757.790907543787
"NSFG 15-44",1043,0.8,1,30,88,3002,7,114.126873524756
"NSFG 15-44",1043,0.8,2,30,398,43138,5,504.267297219078
"NSFG 15-44",1043,0.8,3,30,365,16847,1,838.078424960427
"NSFG 15-44",1043,0.8,4,30,653,49397,1,940.939439294589
"NSFG 15-44",1043,0.8,5,30,547,25357,6,1094.49681998643
"NSFG 15-44",1043,0.8,6,30,705,44687,3,1090.33217200994
"NSFG 15-44",1043,0.8,7,30,1628,220664,2,1294.58591905945
"NSFG 15-44",1043,0.8,8,30,758,32800,2,1842.4483714221
"NSFG 15-44",1043,0.8,9,30,456,11218,0,745.495381957942
"NSFG 15-44",1043,0.8,10,30,1216,131490,5,1693.29583558669
"NSFG 15-44",1043,0.8,11,30,2201,195539,2,3474.76986931943
"NSFG 15-44",1043,0.8,12,30,2264,324410,3,2282.05707673523
"NSFG 15-44",1043,0.8,14,30,805,27103,3,2025.87887858918
"NSFG 15-44",1043,0.8,15,30,1353,75819,2,4415.70930861403
"NSFG 15-44",1043,0.8,16,30,1236,67980,1,2682.23527488128
"NSFG 15-44",1044,0.2,1,30,4,4,26,6.66227203560557
"NSFG 15-44",1044,0.2,2,30,17,35,20,15.2094721725501
"NSFG 15-44",1044,0.2,3,30,16,46,22,23.4510082930613
"NSFG 15-44",1044,0.2,4,30,29,117,18,30.928384372489
"NSFG 15-44",1044,0.2,5,30,43,207,14,38.3038724464391
"NSFG 15-44",1044,0.2,6,30,36,94,13,48.5831686765059
"NSFG 15-44",1044,0.2,7,30,43,231,16,56.4680967778448
"NSFG 15-44",1044,0.2,8,30,60,326,12,71.9436812872784
"NSFG 15-44",1044,0.2,9,30,82,600,11,71.7794569558727
"NSFG 15-44",1044,0.2,10,30,79,479,8,95.7626899227008
"NSFG 15-44",1044,0.2,11,30,78,462,7,89.8927372845395
"NSFG 15-44",1044,0.2,12,30,96,596,6,87.9964168600115
"NSFG 15-44",1044,0.2,13,30,155,1801,7,105.815425495434
"NSFG 15-44",1044,0.4,1,30,13,17,19,18.2356155981152
"NSFG 15-44",1044,0.4,2,30,34,318,18,57.7290116443506
"NSFG 15-44",1044,0.4,3,30,55,221,11,75.3977530971826
"NSFG 15-44",1044,0.4,4,30,86,654,13,79.4615150632178
"NSFG 15-44",1044,0.4,5,30,108,1182,7,113.569606729263
"NSFG 15-44",1044,0.4,6,30,169,4135,5,152.496128630215
"NSFG 15-44",1044,0.4,7,30,176,4196,9,149.190526707568
"NSFG 15-44",1044,0.4,8,30,172,2416,2,203.98952467645
"NSFG 15-44",1044,0.4,9,30,208,3076,3,203.51829348022
"NSFG 15-44",1044,0.4,10,30,246,6350,4,283.259753841563
"NSFG 15-44",1044,0.4,11,30,206,2654,8,264.648549996269
"NSFG 15-44",1044,0.4,12,30,167,2045,6,227.897373501914
"NSFG 15-44",1044,0.4,13,30,285,7457,7,310.756641662315
"NSFG 15-44",1044,0.6,1,30,182,14288,12,74.0786443689656
"NSFG 15-44",1044,0.6,2,30,210,14162,8,138.634500071503
"NSFG 15-44",1044,0.6,3,30,339,18927,7,194.725654737215
"NSFG 15-44",1044,0.6,4,30,161,1745,3,203.202866070787
"NSFG 15-44",1044,0.6,5,30,280,14596,5,300.559438291022
"NSFG 15-44",1044,0.6,6,30,372,10710,3,407.438799177684
"NSFG 15-44",1044,0.6,7,30,510,26974,3,310.107247550944
"NSFG 15-44",1044,0.6,8,30,501,28233,3,505.865969324268
"NSFG 15-44",1044,0.6,9,30,486,17990,7,525.982144583475
"NSFG 15-44",1044,0.6,10,30,824,54764,6,1056.09655731139
"NSFG 15-44",1044,0.6,11,30,619,19145,1,695.301185913468
"NSFG 15-44",1044,0.6,12,30,421,11023,4,556.704216732206
"NSFG 15-44",1044,0.6,13,30,941,48157,1,906.943732427587
"NSFG 15-44",1044,0.8,1,30,144,5156,6,328.178198146052
"NSFG 15-44",1044,0.8,2,30,129,2447,3,431.039212480214
"NSFG 15-44",1044,0.8,3,30,262,5864,2,821.179636174535
"NSFG 15-44",1044,0.8,4,30,595,63809,1,794.48326981686
"NSFG 15-44",1044,0.8,5,30,1102,174616,3,1364.87744056069
"NSFG 15-44",1044,0.8,6,30,446,15626,2,1225.52248229707
"NSFG 15-44",1044,0.8,7,30,1513,248247,2,1548.06775084783
"NSFG 15-44",1044,0.8,8,30,1507,222671,2,2490.23527488128
"NSFG 15-44",1044,0.8,9,30,1916,297058,2,1950.94231535156
"NSFG 15-44",1044,0.8,10,30,2431,449795,3,5377.2317909111
"NSFG 15-44",1044,0.8,11,30,1951,179837,3,2894.57812100382
"NSFG 15-44",1044,0.8,12,30,1731,306681,3,2169.39848482928
"NSFG 15-44",1044,0.8,13,30,1510,125296,2,3286.18682631695
"NSFG 15-44",1045,0.2,1,30,5,5,25,7.17171206299448
"NSFG 15-44",1045,0.2,2,30,14,18,18,14.2415361205112
"NSFG 15-44",1045,0.2,3,30,39,221,13,22.9415682656723
"NSFG 15-44",1045,0.2,4,30,31,97,16,32.4567044546558
"NSFG 15-44",1045,0.2,5,30,43,251,12,38.4057604519169
"NSFG 15-44",1045,0.2,6,30,49,227,11,43.4887684026168
"NSFG 15-44",1045,0.2,7,30,70,370,12,53.5642886217281
"NSFG 15-44",1045,0.2,8,30,60,250,8,60.3793926655503
"NSFG 15-44",1045,0.2,9,30,57,295,13,63.271808498478
"NSFG 15-44",1045,0.2,10,30,68,352,7,72.6341126792447
"NSFG 15-44",1045,0.2,11,30,73,329,7,78.2265606573336
"NSFG 15-44",1045,0.2,12,30,114,1098,8,107.406081903529
"NSFG 15-44",1045,0.2,13,30,107,699,6,107.038081561167
"NSFG 15-44",1045,0.2,14,30,93,485,6,111.305985468045
"NSFG 15-44",1045,0.2,15,30,93,489,7,91.5283200821667
"NSFG 15-44",1045,0.2,16,30,135,1061,4,121.981441396834
"NSFG 15-44",1045,0.4,1,30,11,11,19,21.6368604698144
"NSFG 15-44",1045,0.4,2,30,40,170,12,44.6909063028369
"NSFG 15-44",1045,0.4,3,30,43,157,13,64.9105814094434
"NSFG 15-44",1045,0.4,4,30,74,388,10,87.3977530971826
"NSFG 15-44",1045,0.4,5,30,80,326,6,101.665249678315
"NSFG 15-44",1045,0.4,6,30,130,1170,8,119.900865276431
"NSFG 15-44",1045,0.4,7,30,163,1919,4,140.120540383037
"NSFG 15-44",1045,0.4,8,30,170,2134,4,172.244572540591
"NSFG 15-44",1045,0.4,9,30,177,1801,3,163.553666237754
"NSFG 15-44",1045,0.4,10,30,124,1432,8,178.954911109453
"NSFG 15-44",1045,0.4,11,30,172,1752,4,209.094883758516
"NSFG 15-44",1045,0.4,12,30,249,3709,4,333.33596452459
"NSFG 15-44",1045,0.4,13,30,243,4087,5,317.559131405713
"NSFG 15-44",1045,0.4,14,30,268,3832,4,280.241080766074
"NSFG 15-44",1045,0.4,15,30,197,1805,1,188.503112179248
"NSFG 15-44",1045,0.4,16,30,346,6008,3,336.552907047217
"NSFG 15-44",1045,0.6,1,30,55,1539,14,63.4977680729343
"NSFG 15-44",1045,0.6,2,30,51,255,8,79.3815928137281
"NSFG 15-44",1045,0.6,3,30,158,3160,5,144.995536145869
"NSFG 15-44",1045,0.6,4,30,297,13585,4,299.488840364672
"NSFG 15-44",1045,0.6,5,30,352,13392,3,244.480793922056
"NSFG 15-44",1045,0.6,6,30,280,8072,4,265.655056810865
"NSFG 15-44",1045,0.6,7,30,316,9266,4,332.327087772609
"NSFG 15-44",1045,0.6,8,30,493,16013,4,481.529953843397
"NSFG 15-44",1045,0.6,9,30,406,9254,1,375.733701179831
"NSFG 15-44",1045,0.6,10,30,439,13223,2,417.0116290311
"NSFG 15-44",1045,0.6,11,30,278,4026,7,477.335134215225
"NSFG 15-44",1045,0.6,12,30,815,30277,0,900.582696353222
"NSFG 15-44",1045,0.6,13,30,861,50871,3,837.109948873781
"NSFG 15-44",1045,0.6,14,30,695,28609,1,611.749794065062
"NSFG 15-44",1045,0.6,15,30,318,4084,1,301.742628888094
"NSFG 15-44",1045,0.6,16,30,585,14755,1,827.624691097593
"NSFG 15-44",1045,0.8,1,30,235,29011,5,221.152535835404
"NSFG 15-44",1045,0.8,2,30,348,35404,3,521.16608600497
"NSFG 15-44",1045,0.8,3,30,662,68438,5,742.318621840373
"NSFG 15-44",1045,0.8,4,30,579,72935,3,969.104087271075
"NSFG 15-44",1045,0.8,5,30,612,39752,3,914.243072936913
"NSFG 15-44",1045,0.8,6,30,596,39442,2,943.876002532211
"NSFG 15-44",1045,0.8,7,30,878,72600,3,1069.26873524756
"NSFG 15-44",1045,0.8,8,30,1152,90806,3,2124.09485118696
"NSFG 15-44",1045,0.8,9,30,747,121087,4,1291.88955270178
"NSFG 15-44",1045,0.8,10,30,1872,322444,2,1682.0299763961
"NSFG 15-44",1045,0.8,11,30,699,33541,3,1525.77622934659
"NSFG 15-44",1045,0.8,12,30,2017,274623,2,4191.620209541
"NSFG 15-44",1045,0.8,13,30,2631,546973,1,3522.76986931944
"NSFG 15-44",1045,0.8,14,30,2252,380406,0,3512.97229174765
"NSFG 15-44",1045,0.8,15,30,372,5506,4,528.987887858917
"NSFG 15-44",1045,0.8,16,30,1594,106552,0,3256.7940936016
"NSFG 15-44",1046,0.2,1,30,12,12,18,7.68115209038338
"NSFG 15-44",1046,0.2,2,30,22,62,18,15.1585281698112
"NSFG 15-44",1046,0.2,3,30,34,70,9,23.2981762848446
"NSFG 15-44",1046,0.2,4,30,32,98,15,33.8831365313447
"NSFG 15-44",1046,0.2,5,30,33,101,15,37.0812163807057
"NSFG 15-44",1046,0.2,6,30,40,130,11,44.0491524327446
"NSFG 15-44",1046,0.2,7,30,63,353,13,59.8813449613504
"NSFG 15-44",1046,0.2,8,30,78,522,15,60.7360006847225
"NSFG 15-44",1046,0.2,9,30,74,362,7,71.8813449613504
"NSFG 15-44",1046,0.2,11,30,103,717,7,96.5664016433341
"NSFG 15-44",1046,0.2,12,30,67,321,7,78.1132803286668
"NSFG 15-44",1046,0.2,15,30,138,972,4,97.6416004108336
"NSFG 15-44",1046,0.4,1,30,16,24,17,20.7865492518896
"NSFG 15-44",1046,0.4,2,30,48,290,10,47.5252770292529
"NSFG 15-44",1046,0.4,3,30,44,204,15,63.4933960462354
"NSFG 15-44",1046,0.4,4,30,56,454,10,94.200242840581
"NSFG 15-44",1046,0.4,5,30,75,301,3,105.349931622656
"NSFG 15-44",1046,0.4,6,30,144,1184,2,130.104599891528
"NSFG 15-44",1046,0.4,7,30,221,4253,4,167.330499356631
"NSFG 15-44",1046,0.4,8,30,149,1269,5,161.190526707568
"NSFG 15-44",1046,0.4,9,30,208,4262,5,196.715803736821
"NSFG 15-44",1046,0.4,11,30,196,2878,7,302.062243584961
"NSFG 15-44",1046,0.4,12,30,201,1889,2,178.012448716992
"NSFG 15-44",1046,0.4,15,30,278,3574,2,222.51556089624
"NSFG 15-44",1046,0.6,1,30,27,53,11,38.1036649624594
"NSFG 15-44",1046,0.6,2,30,103,3229,10,107.949958813012
"NSFG 15-44",1046,0.6,3,30,104,1028,11,156.634500071503
"NSFG 15-44",1046,0.6,4,30,188,3754,3,198.970515552375
"NSFG 15-44",1046,0.6,5,30,201,2517,4,227.551391848406
"NSFG 15-44",1046,0.6,6,30,233,4441,7,372.521907400781
"NSFG 15-44",1046,0.6,7,30,318,7318,6,537.596087915615
"NSFG 15-44",1046,0.6,8,30,319,6293,4,376.779278512687
"NSFG 15-44",1046,0.6,9,30,393,10229,2,520.691706435459
"NSFG 15-44",1046,0.6,11,30,669,22729,4,832.852577761875
"NSFG 15-44",1046,0.6,12,30,295,3699,2,342.970515552375
"NSFG 15-44",1046,0.6,15,30,372,7472,3,428.713144440468
"NSFG 15-44",1046,0.8,1,30,114,1848,4,181.722028668323
"NSFG 15-44",1046,0.8,2,30,149,2895,2,385.975775717835
"NSFG 15-44",1046,0.8,3,30,261,8141,1,584.59659317205
"NSFG 15-44",1046,0.8,4,30,488,36134,2,974.737016866372
"NSFG 15-44",1046,0.8,5,30,384,14270,5,863.546706579237
"NSFG 15-44",1046,0.8,6,30,1101,90269,0,1495.90310287134
"NSFG 15-44",1046,0.8,7,30,1033,97781,2,1863.51180818447
"NSFG 15-44",1046,0.8,8,30,725,29743,3,1397.44693339361
"NSFG 15-44",1046,0.8,9,30,1224,123194,3,2424.10840135652
"NSFG 15-44",1046,0.8,11,30,1046,44906,3,3643.75775717835
"NSFG 15-44",1046,0.8,12,30,405,6379,3,963.95155143567
"NSFG 15-44",1046,0.8,15,30,898,33956,2,1204.93943929459
"NSFG 15-44",1047,0.2,1,30,6,6,24,7.37548807395004
"NSFG 15-44",1047,0.2,2,30,16,58,22,15.260416175289
"NSFG 15-44",1047,0.2,3,30,19,65,19,22.635904249239
"NSFG 15-44",1047,0.2,4,30,20,42,18,30.6227203560557
"NSFG 15-44",1047,0.2,5,30,25,67,19,40.9020165861225
"NSFG 15-44",1047,0.2,6,30,42,130,13,44.2019844409613
"NSFG 15-44",1047,0.2,7,30,42,110,10,56.9775368052337
"NSFG 15-44",1047,0.2,8,30,80,474,9,68.6323211092505
"NSFG 15-44",1047,0.2,9,30,96,518,8,65.7171206299448
"NSFG 15-44",1047,0.2,10,30,102,630,7,80.887041122945
"NSFG 15-44",1047,0.2,13,30,80,448,11,90.2265606573337
"NSFG 15-44",1047,0.2,14,30,103,603,5,93.1699204930002
"NSFG 15-44",1047,0.2,15,30,100,696,8,115.981441396834
"NSFG 15-44",1047,0.2,18,30,111,823,8,146.208002054168
"NSFG 15-44",1047,0.4,1,30,22,50,17,19.3693638886816
"NSFG 15-44",1047,0.4,2,30,31,79,10,39.0221648500049
"NSFG 15-44",1047,0.4,3,30,57,329,12,69.1621374990674
"NSFG 15-44",1047,0.4,4,30,47,169,12,80.3118262811426
"NSFG 15-44",1047,0.4,5,30,204,5842,5,102.232123823599
"NSFG 15-44",1047,0.4,6,30,111,999,9,131.521785254736
"NSFG 15-44",1047,0.4,7,30,166,1768,6,164.779565702856
"NSFG 15-44",1047,0.4,8,30,213,4039,6,202.288902240601
"NSFG 15-44",1047,0.4,9,30,160,1422,5,176.591771579268
"NSFG 15-44",1047,0.4,10,30,213,3273,6,233.091391983999
"NSFG 15-44",1047,0.4,13,30,247,3329,3,224.024897433984
"NSFG 15-44",1047,0.4,14,30,172,1548,3,219.018673075488
"NSFG 15-44",1047,0.4,15,30,381,7241,3,324.552907047217
"NSFG 15-44",1047,0.4,18,30,370,9028,4,428.577804481201
"NSFG 15-44",1047,0.6,1,30,40,226,13,40.2198402216656
"NSFG 15-44",1047,0.6,2,30,78,544,8,134.402149553091
"NSFG 15-44",1047,0.6,3,30,205,8381,5,184.144778441184
"NSFG 15-44",1047,0.6,4,30,194,4478,5,219.074180514834
"NSFG 15-44",1047,0.6,5,30,383,17169,2,280.455773328562
"NSFG 15-44",1047,0.6,6,30,228,5868,6,282.584458884515
"NSFG 15-44",1047,0.6,7,30,314,8892,5,458.239515695381
"NSFG 15-44",1047,0.6,8,30,504,19214,5,588.396804433312
"NSFG 15-44",1047,0.6,9,30,295,4065,2,393.721190883084
"NSFG 15-44",1047,0.6,10,30,759,32599,2,590.538000286012
"NSFG 15-44",1047,0.6,13,30,323,5289,4,487.94103110475
"NSFG 15-44",1047,0.6,14,30,483,16709,4,442.455773328562
"NSFG 15-44",1047,0.6,15,30,647,21209,3,809.624691097593
"NSFG 15-44",1047,0.6,18,30,818,31904,3,1117.56572220234
"NSFG 15-44",1047,0.8,1,30,174,16134,7,238.051324621296
"NSFG 15-44",1047,0.8,2,30,323,26473,3,380.342846122538
"NSFG 15-44",1047,0.8,3,30,767,76093,3,967.635805652264
"NSFG 15-44",1047,0.8,4,30,548,45030,0,636.761241148536
"NSFG 15-44",1047,0.8,5,30,1215,104997,2,1235.32005986886
"NSFG 15-44",1047,0.8,6,30,517,24709,3,1332.54814460772
"NSFG 15-44",1047,0.8,7,30,954,71924,4,1998.70211847161
"NSFG 15-44",1047,0.8,8,30,1409,127857,0,2473.33648609539
"NSFG 15-44",1047,0.8,9,30,875,47255,3,1528.47259570426
"NSFG 15-44",1047,0.8,10,30,1560,120572,3,2797.35003626495
"NSFG 15-44",1047,0.8,13,30,672,18468,1,1663.90310287134
"NSFG 15-44",1047,0.8,14,30,1091,60045,3,1349.92732715351
"NSFG 15-44",1047,0.8,15,30,1618,116832,2,3232.7940936016
"NSFG 15-44",1047,0.8,18,30,1814,126618,1,4656.69719647294
"NSFG 15-44",1048,0.2,1,30,8,14,24,7.12076806025559
"NSFG 15-44",1048,0.2,2,30,27,143,16,14.801920150639
"NSFG 15-44",1048,0.2,3,30,18,38,19,21.5660801917223
"NSFG 15-44",1048,0.2,4,30,28,94,17,30.7755523642724
"NSFG 15-44",1048,0.2,5,30,28,62,13,38.1510404382224
"NSFG 15-44",1048,0.2,6,30,48,208,11,47.4114566135114
"NSFG 15-44",1048,0.2,7,30,62,278,9,54.1246726518559
"NSFG 15-44",1048,0.2,8,30,62,250,10,58.9529605888614
"NSFG 15-44",1048,0.2,9,30,55,289,12,71.626624947656
"NSFG 15-44",1048,0.2,10,30,81,483,11,81.294593144856
"NSFG 15-44",1048,0.2,11,30,51,235,10,75.1699204930003
"NSFG 15-44",1048,0.2,12,30,69,315,10,76.5849602465001
"NSFG 15-44",1048,0.2,13,30,73,397,12,97.8681610681672
"NSFG 15-44",1048,0.4,1,30,19,129,21,19.6528009613232
"NSFG 15-44",1048,0.4,2,30,21,71,19,33.6368604698145
"NSFG 15-44",1048,0.4,3,30,41,117,11,52.7227872858545
"NSFG 15-44",1048,0.4,4,30,96,1416,10,111.77334134436
"NSFG 15-44",1048,0.4,5,30,109,1029,9,109.884924784922
"NSFG 15-44",1048,0.4,6,30,151,1797,8,137.47396378021
"NSFG 15-44",1048,0.4,7,30,129,799,3,138.986792092471
"NSFG 15-44",1048,0.4,8,30,195,1953,2,147.018673075488
"NSFG 15-44",1048,0.4,9,30,226,4150,6,195.865492518896
"NSFG 15-44",1048,0.4,10,30,268,4816,7,249.530742197212
"NSFG 15-44",1048,0.4,11,30,185,1817,4,183.018673075488
"NSFG 15-44",1048,0.4,12,30,123,1057,7,169.509336537744
"NSFG 15-44",1048,0.4,13,30,194,1912,3,266.540458330225
"NSFG 15-44",1048,0.6,1,30,41,177,12,53.9749794065062
"NSFG 15-44",1048,0.6,2,30,71,609,13,97.3690825169812
"NSFG 15-44",1048,0.6,3,30,112,1124,5,152.40214955309
"NSFG 15-44",1048,0.6,4,30,131,1523,9,232.829319699675
"NSFG 15-44",1048,0.6,5,30,116,920,9,232.841829996422
"NSFG 15-44",1048,0.6,6,30,210,2648,3,294.22342281015
"NSFG 15-44",1048,0.6,7,30,265,4433,7,388.405732141575
"NSFG 15-44",1048,0.6,8,30,257,4313,4,337.630036217372
"NSFG 15-44",1048,0.6,9,30,477,12177,1,570.421825026806
"NSFG 15-44",1048,0.6,10,30,504,14838,3,594.770350804425
"NSFG 15-44",1048,0.6,11,30,260,3374,2,388.455773328562
"NSFG 15-44",1048,0.6,12,30,239,2725,2,311.227886664281
"NSFG 15-44",1048,0.6,13,30,462,9540,1,646.654175545218
"NSFG 15-44",1048,0.8,1,30,70,536,8,300.013550169566
"NSFG 15-44",1048,0.8,2,30,299,7815,0,532.431945195564
"NSFG 15-44",1048,0.8,3,30,482,24210,3,691.622255482698
"NSFG 15-44",1048,0.8,4,30,299,10713,2,1047.96510160524
"NSFG 15-44",1048,0.8,5,30,299,6901,5,919.87600253221
"NSFG 15-44",1048,0.8,6,30,650,31188,2,1557.86532841961
"NSFG 15-44",1048,0.8,7,30,569,20441,0,1593.13118761021
"NSFG 15-44",1048,0.8,8,30,583,20031,2,1025.67358010399
"NSFG 15-44",1048,0.8,9,30,1045,51327,1,2345.24738702236
"NSFG 15-44",1048,0.8,10,30,1190,74978,2,2521.33648609539
"NSFG 15-44",1048,0.8,11,30,398,7130,5,1277.92732715351
"NSFG 15-44",1048,0.8,12,30,392,5448,0,794.963663576753
"NSFG 15-44",1048,0.8,13,30,778,24704,2,2508.84254216593
"NSFG 15-44",1049,0.2,1,30,5,7,26,7.0698240575167
"NSFG 15-44",1049,0.2,2,30,14,24,20,15.718912199939
"NSFG 15-44",1049,0.2,3,30,16,28,19,26.5076484573947
"NSFG 15-44",1049,0.2,4,30,32,78,12,33.9850245368225
"NSFG 15-44",1049,0.2,5,30,30,94,18,38.2529284437002
"NSFG 15-44",1049,0.2,6,30,53,165,8,44.5585924601335
"NSFG 15-44",1049,0.2,7,30,56,554,12,56.3152647696281
"NSFG 15-44",1049,0.2,8,30,48,188,10,54.3170563396224
"NSFG 15-44",1049,0.2,9,30,49,213,9,66.2265606573336
"NSFG 15-44",1049,0.2,10,30,71,379,9,72.4303366682892
"NSFG 15-44",1049,0.2,11,30,83,451,8,75.4755845094336
"NSFG 15-44",1049,0.2,12,30,90,484,7,88.8624649065727
"NSFG 15-44",1049,0.2,13,30,181,2411,4,131.389314870357
"NSFG 15-44",1049,0.4,1,30,14,16,17,18.8024897433984
"NSFG 15-44",1049,0.4,2,30,22,36,14,36.1877941235889
"NSFG 15-44",1049,0.4,3,30,54,434,8,64.9105814094434
"NSFG 15-44",1049,0.4,4,30,123,2303,9,82.2958857896338
"NSFG 15-44",1049,0.4,5,30,100,980,9,89.4774555547266
"NSFG 15-44",1049,0.4,6,30,91,655,6,119.617428203789
"NSFG 15-44",1049,0.4,7,30,244,5972,5,166.480188138706
"NSFG 15-44",1049,0.4,8,30,128,1098,7,128.311826281143
"NSFG 15-44",1049,0.4,9,30,121,1039,7,176.024897433984
"NSFG 15-44",1049,0.4,10,30,170,1738,4,190.292394015117
"NSFG 15-44",1049,0.4,11,30,203,1905,4,175.649309186807
"NSFG 15-44",1049,0.4,12,30,237,3591,6,256.524517838716
"NSFG 15-44",1049,0.4,13,30,473,15449,2,430.933960462354
"NSFG 15-44",1049,0.6,1,30,27,77,14,39.1617525920625
"NSFG 15-44",1049,0.6,2,30,96,940,3,93.1367319985687
"NSFG 15-44",1049,0.6,3,30,142,1620,3,136.530835109044
"NSFG 15-44",1049,0.6,4,30,339,21413,6,261.397685698959
"NSFG 15-44",1049,0.6,5,30,180,2750,6,279.397685698959
"NSFG 15-44",1049,0.6,6,30,246,2798,0,294.22342281015
"NSFG 15-44",1049,0.6,7,30,375,21141,4,430.7292373257
"NSFG 15-44",1049,0.6,8,30,250,3672,4,303.771232070072
"NSFG 15-44",1049,0.6,9,30,340,7240,4,415.94103110475
"NSFG 15-44",1049,0.6,10,30,464,9690,0,446.638082659987
"NSFG 15-44",1049,0.6,11,30,279,4625,5,403.269000143006
"NSFG 15-44",1049,0.6,12,30,452,13278,3,601.143897175537
"NSFG 15-44",1049,0.6,13,30,1286,93322,3,1206.38253160527
"NSFG 15-44",1049,0.8,1,30,65,1093,4,142.291521501242
"NSFG 15-44",1049,0.8,2,30,234,15386,9,464.836790051997
"NSFG 15-44",1049,0.8,3,30,357,26839,4,736.685692245076
"NSFG 15-44",1049,0.8,4,30,543,66913,3,974.737016866372
"NSFG 15-44",1049,0.8,5,30,783,93603,2,1055.06631281934
"NSFG 15-44",1049,0.8,6,30,414,9424,1,1017.10408727107
"NSFG 15-44",1049,0.8,7,30,1799,322499,4,1705.78977951615
"NSFG 15-44",1049,0.8,8,30,336,7570,4,851.052762649779
"NSFG 15-44",1049,0.8,9,30,1019,56337,5,1567.90310287134
"NSFG 15-44",1049,0.8,10,30,1168,74992,4,1727.09341315848
"NSFG 15-44",1049,0.8,11,30,515,14195,4,1221.59803120053
"NSFG 15-44",1049,0.8,12,30,1901,350527,2,2648.19750042955
"NSFG 15-44",1049,0.8,13,30,3895,759525,1,5021.12914166851
"NSFG 15-44",1050,0.2,1,30,11,17,21,8.34342412598895
"NSFG 15-44",1050,0.2,2,30,10,12,21,15.1585281698112
"NSFG 15-44",1050,0.2,3,30,18,40,20,21.9226882108945
"NSFG 15-44",1050,0.2,4,30,21,41,17,31.0812163807057
"NSFG 15-44",1050,0.2,5,30,35,105,12,34.7887362574557
"NSFG 15-44",1050,0.2,6,30,30,68,11,42.469888347839
"NSFG 15-44",1050,0.2,7,30,78,388,10,56.5190407805837
"NSFG 15-44",1050,0.2,8,30,64,284,8,57.5774725149113
"NSFG 15-44",1050,0.2,9,30,55,209,11,65.2076806025558
"NSFG 15-44",1050,0.2,10,30,79,427,9,85.6757773804006
"NSFG 15-44",1050,0.2,11,30,63,301,11,85.6643850572116
"NSFG 15-44",1050,0.2,15,30,80,574,13,106.811520903834
"NSFG 15-44",1050,0.4,1,30,8,10,23,17.3853043801904
"NSFG 15-44",1050,0.4,2,30,62,432,12,46.1080916660449
"NSFG 15-44",1050,0.4,3,30,62,536,14,68.028389208501
"NSFG 15-44",1050,0.4,4,30,88,596,6,83.9965082254834
"NSFG 15-44",1050,0.4,5,30,105,841,7,99.3977530971827
"NSFG 15-44",1050,0.4,6,30,110,808,6,104.595263353784
"NSFG 15-44",1050,0.4,7,30,115,1229,8,149.757400852852
"NSFG 15-44",1050,0.4,8,30,158,2510,3,160.056778417002
"NSFG 15-44",1050,0.4,9,30,183,1759,1,162.419917947188
"NSFG 15-44",1050,0.4,10,30,211,2577,4,259.451039739668
"NSFG 15-44",1050,0.4,11,30,261,3625,1,242.540458330225
"NSFG 15-44",1050,0.4,15,30,231,2845,3,273.534233971729
"NSFG 15-44",1050,0.6,1,30,24,42,12,40.2198402216656
"NSFG 15-44",1050,0.6,2,30,163,3213,6,123.821273257059
"NSFG 15-44",1050,0.6,3,30,263,5285,9,205.306531033247
"NSFG 15-44",1050,0.6,4,30,209,3465,6,221.19035577404
"NSFG 15-44",1050,0.6,5,30,201,3139,4,231.783742366819
"NSFG 15-44",1050,0.6,6,30,386,16828,5,241.319041329994
"NSFG 15-44",1050,0.6,7,30,409,11379,4,400.044696067209
"NSFG 15-44",1050,0.6,8,30,358,8224,3,393.708680586337
"NSFG 15-44",1050,0.6,9,30,430,9696,1,396.895453771894
"NSFG 15-44",1050,0.6,10,30,691,24423,2,656.139433321406
"NSFG 15-44",1050,0.6,11,30,379,9369,6,612.770350804424
"NSFG 15-44",1050,0.6,15,30,507,12725,3,619.168917769031
"NSFG 15-44",1050,0.8,1,30,70,740,3,136.658591905945
"NSFG 15-44",1050,0.8,2,30,326,18714,2,453.570930861403
"NSFG 15-44",1050,0.8,3,30,243,8459,6,573.330733981456
"NSFG 15-44",1050,0.8,4,30,470,14456,2,890.243072936913
"NSFG 15-44",1050,0.8,5,30,317,6619,0,683.292959529725
"NSFG 15-44",1050,0.8,6,30,658,24716,0,791.786903459185
"NSFG 15-44",1050,0.8,7,30,896,56020,0,1564.96653963372
"NSFG 15-44",1050,0.8,8,30,746,63694,3,1346.75056703594
"NSFG 15-44",1050,0.8,9,30,1366,129494,4,1556.63724368075
"NSFG 15-44",1050,0.8,10,30,1529,156119,4,3078.99651602982
"NSFG 15-44",1050,0.8,11,30,1505,149331,4,2505.90597892831
"NSFG 15-44",1050,0.8,15,30,903,30341,1,2218.86676644809
"NSFG 15-44",1051,0.2,1,30,9,21,24,6.71321603834446
"NSFG 15-44",1051,0.2,2,30,15,23,18,14.1396481150334
"NSFG 15-44",1051,0.2,3,30,17,31,17,22.4321282382834
"NSFG 15-44",1051,0.2,4,30,27,107,18,31.7944324190502
"NSFG 15-44",1051,0.2,5,30,24,86,20,37.896320424528
"NSFG 15-44",1051,0.2,6,30,58,224,8,45.5265285121725
"NSFG 15-44",1051,0.2,7,30,56,288,9,56.4680967778448
"NSFG 15-44",1051,0.2,8,30,69,333,8,54.9283843724891
"NSFG 15-44",1051,0.2,9,30,41,151,13,57.0566401643334
"NSFG 15-44",1051,0.2,10,30,116,1158,5,85.0644493475339
"NSFG 15-44",1051,0.2,11,30,108,796,9,87.3964811503338
"NSFG 15-44",1051,0.2,13,30,80,370,8,96.3398409860004
"NSFG 15-44",1051,0.2,15,30,121,871,4,103.7548807395
"NSFG 15-44",1051,0.2,16,30,85,431,8,108.226560657334
"NSFG 15-44",1051,0.4,1,30,14,58,23,25.8884165594385
"NSFG 15-44",1051,0.4,2,30,37,105,11,40.4393502132129
"NSFG 15-44",1051,0.4,3,30,58,354,11,63.776833118877
"NSFG 15-44",1051,0.4,4,30,58,230,10,97.034613566997
"NSFG 15-44",1051,0.4,5,30,78,470,7,94.2958857896338
"NSFG 15-44",1051,0.4,6,30,151,1577,5,128.68741452832
"NSFG 15-44",1051,0.4,7,30,110,858,7,138.986792092471
"NSFG 15-44",1051,0.4,8,30,128,936,7,141.349931622656
"NSFG 15-44",1051,0.4,9,30,122,838,6,125.006224358496
"NSFG 15-44",1051,0.4,10,30,243,6543,4,266.82040362835
"NSFG 15-44",1051,0.4,11,30,221,3229,3,251.043570509473
"NSFG 15-44",1051,0.4,13,30,270,4342,3,258.037346150976
"NSFG 15-44",1051,0.4,15,30,234,3048,3,256.528009613232
"NSFG 15-44",1051,0.4,16,30,263,4201,4,260.024897433984
"NSFG 15-44",1051,0.6,1,30,20,32,14,32.8132268144437
"NSFG 15-44",1051,0.6,2,30,128,1922,7,107.949958813012
"NSFG 15-44",1051,0.6,3,30,114,1314,8,140.763185627456
"NSFG 15-44",1051,0.6,4,30,223,4997,7,232.829319699675
"NSFG 15-44",1051,0.6,5,30,160,2358,7,202.157288737931
"NSFG 15-44",1051,0.6,6,30,283,6631,4,327.024139327847
"NSFG 15-44",1051,0.6,7,30,317,7137,4,414.857922881653
"NSFG 15-44",1051,0.6,8,30,301,8467,2,290.016092885231
"NSFG 15-44",1051,0.6,9,30,209,1839,1,225.485257776187
"NSFG 15-44",1051,0.6,10,30,592,24782,3,658.255608580612
"NSFG 15-44",1051,0.6,11,30,622,22828,4,642.396804433312
"NSFG 15-44",1051,0.6,13,30,664,20246,3,614.911546657124
"NSFG 15-44",1051,0.6,15,30,507,13433,1,555.683659992844
"NSFG 15-44",1051,0.6,16,30,545,19477,4,541.94103110475
"NSFG 15-44",1051,0.8,1,30,82,956,8,221.152535835404
"NSFG 15-44",1051,0.8,2,30,253,26083,3,436.672142075511
"NSFG 15-44",1051,0.8,3,30,370,22440,6,674.723466696806
"NSFG 15-44",1051,0.8,4,30,302,7976,3,890.243072936913
"NSFG 15-44",1051,0.8,5,30,468,22452,2,897.344284151021
"NSFG 15-44",1051,0.8,6,30,389,11617,4,1129.76267917702
"NSFG 15-44",1051,0.8,7,30,859,85865,1,1317.11763744064
"NSFG 15-44",1051,0.8,8,30,689,37733,4,1115.80045362875
"NSFG 15-44",1051,0.8,9,30,236,2360,4,553.975775717836
"NSFG 15-44",1051,0.8,10,30,1621,163681,4,3264.88319267463
"NSFG 15-44",1051,0.8,11,30,1651,135209,2,2629.83043002485
"NSFG 15-44",1051,0.8,13,30,1073,51091,2,2339.85465430701
"NSFG 15-44",1051,0.8,15,30,1346,76012,1,1880.89099073026
"NSFG 15-44",1051,0.8,16,30,1242,77368,3,1735.90310287134
"NSFG 15-44",1052,0.2,1,30,6,26,28,8.39436812872784
"NSFG 15-44",1052,0.2,2,30,18,46,19,17.0434562711501
"NSFG 15-44",1052,0.2,3,30,22,56,17,21.5660801917223
"NSFG 15-44",1052,0.2,4,30,43,285,14,35.0548485943391
"NSFG 15-44",1052,0.2,5,30,58,240,8,43.2454407121114
"NSFG 15-44",1052,0.2,6,30,44,154,11,45.730304523128
"NSFG 15-44",1052,0.2,7,30,59,231,8,48.1642243314057
"NSFG 15-44",1052,0.2,8,30,50,162,9,54.469888347839
"NSFG 15-44",1052,0.2,9,30,71,343,10,73.002113021606
"NSFG 15-44",1052,0.2,10,30,92,580,10,73.7548807395004
"NSFG 15-44",1052,0.2,11,30,83,447,10,75.4755845094336
"NSFG 15-44",1052,0.4,1,30,20,56,19,17.1018673075488
"NSFG 15-44",1052,0.4,2,30,23,43,15,35.9043570509473
"NSFG 15-44",1052,0.4,3,30,90,944,12,61.7927736103858
"NSFG 15-44",1052,0.4,4,30,134,1468,5,84.5633823707666
"NSFG 15-44",1052,0.4,5,30,94,560,9,130.575831087759
"NSFG 15-44",1052,0.4,6,30,91,643,11,137.47396378021
"NSFG 15-44",1052,0.4,7,30,111,957,8,114.04432970001
"NSFG 15-44",1052,0.4,8,30,119,933,6,140.499620404731
"NSFG 15-44",1052,0.4,9,30,177,2477,7,197.282677882105
"NSFG 15-44",1052,0.4,10,30,180,2198,5,180.655533545303
"NSFG 15-44",1052,0.4,11,30,176,1570,3,189.821162818887
"NSFG 15-44",1052,0.6,1,30,54,992,9,39.1617525920625
"NSFG 15-44",1052,0.6,2,30,80,902,8,84.6720309617437
"NSFG 15-44",1052,0.6,3,30,89,639,6,194.725654737215
"NSFG 15-44",1052,0.6,4,30,126,838,3,213.783742366819
"NSFG 15-44",1052,0.6,5,30,268,7734,6,330.185891919909
"NSFG 15-44",1052,0.6,6,30,268,4778,2,362.999118734353
"NSFG 15-44",1052,0.6,7,30,212,2502,4,233.924938219519
"NSFG 15-44",1052,0.6,8,30,263,3869,0,341.862386735784
"NSFG 15-44",1052,0.6,9,30,342,6290,4,587.351227100456
"NSFG 15-44",1052,0.6,10,30,366,7734,2,510.123340436175
"NSFG 15-44",1052,0.6,11,30,274,3528,2,382.107247550943
"NSFG 15-44",1052,0.8,1,30,33,63,6,63.4305071670808
"NSFG 15-44",1052,0.8,2,30,141,2653,2,425.406282884916
"NSFG 15-44",1052,0.8,3,30,254,6194,3,719.786903459184
"NSFG 15-44",1052,0.8,4,30,287,7435,2,495.938001266105
"NSFG 15-44",1052,0.8,5,30,949,44071,2,1922.53747049512
"NSFG 15-44",1052,0.8,6,30,661,25749,0,1704.32149789734
"NSFG 15-44",1052,0.8,7,30,480,18962,2,765.090537101509
"NSFG 15-44",1052,0.8,8,30,532,20432,1,946.812565769832
"NSFG 15-44",1052,0.8,9,30,582,16820,2,1798.85321627853
"NSFG 15-44",1052,0.8,10,30,975,59889,3,1839.75200506442
"NSFG 15-44",1052,0.8,11,30,453,8835,3,1311.72490472529
"NSFG 15-44",1053,0.2,1,30,9,17,24,8.0887041122945
"NSFG 15-44",1053,0.2,2,30,8,8,22,16.4830722410223
"NSFG 15-44",1053,0.2,3,30,18,36,19,24.979328375228
"NSFG 15-44",1053,0.2,4,30,22,36,14,30.5208323505779
"NSFG 15-44",1053,0.2,5,30,46,248,13,39.1189764902613
"NSFG 15-44",1053,0.2,6,30,48,202,8,47.0548485943391
"NSFG 15-44",1053,0.2,7,30,54,250,12,64.5681932133283
"NSFG 15-44",1053,0.2,8,30,36,104,15,57.8321925286058
"NSFG 15-44",1053,0.2,9,30,106,840,10,72.3398409860004
"NSFG 15-44",1053,0.2,10,30,49,229,13,76.5058568874004
"NSFG 15-44",1053,0.2,11,30,90,582,10,89.2814092516728
"NSFG 15-44",1053,0.2,12,30,129,983,4,93.0398731311617
"NSFG 15-44",1053,0.2,13,30,92,584,9,82.5849602465001
"NSFG 15-44",1053,0.2,14,30,76,552,12,99.9454728572726
"NSFG 15-44",1053,0.4,1,30,16,30,18,26.1718536320801
"NSFG 15-44",1053,0.4,2,30,51,303,11,45.2577804481201
"NSFG 15-44",1053,0.4,3,30,59,203,8,64.0602701915186
"NSFG 15-44",1053,0.4,4,30,111,1001,6,83.1461970075586
"NSFG 15-44",1053,0.4,5,30,116,794,4,123.489904271719
"NSFG 15-44",1053,0.4,6,30,122,1374,7,122.168361857563
"NSFG 15-44",1053,0.4,7,30,270,5376,4,212.113556834004
"NSFG 15-44",1053,0.4,8,30,127,1025,7,143.050554058506
"NSFG 15-44",1053,0.4,9,30,170,3236,9,199.266737390596
"NSFG 15-44",1053,0.4,10,30,164,1746,7,209.566114954746
"NSFG 15-44",1053,0.4,11,30,272,3558,3,249.909822218906
"NSFG 15-44",1053,0.4,12,30,291,4459,2,261.626385146265
"NSFG 15-44",1053,0.4,13,30,148,1176,4,181.509336537744
"NSFG 15-44",1053,0.4,14,30,245,3329,5,249.34643984814
"NSFG 15-44",1053,0.6,1,30,38,180,11,71.9624691097593
"NSFG 15-44",1053,0.6,2,30,169,6977,13,138.634500071503
"NSFG 15-44",1053,0.6,3,30,124,1280,5,167.215376367534
"NSFG 15-44",1053,0.6,4,30,184,4730,5,226.480793922056
"NSFG 15-44",1053,0.6,5,30,157,1841,6,266.700634143722
"NSFG 15-44",1053,0.6,6,30,305,6605,1,300.571948587769
"NSFG 15-44",1053,0.6,7,30,413,14461,7,551.351227100456
"NSFG 15-44",1053,0.6,8,30,350,7714,2,350.327087772609
"NSFG 15-44",1053,0.6,9,30,405,13361,3,521.749794065062
"NSFG 15-44",1053,0.6,10,30,477,14311,3,539.749794065062
"NSFG 15-44",1053,0.6,11,30,570,23234,3,645.571067322122
"NSFG 15-44",1053,0.6,12,30,806,39262,2,654.048278655693
"NSFG 15-44",1053,0.6,13,30,255,2899,3,329.227886664281
"NSFG 15-44",1053,0.6,14,30,770,37754,1,570.48437651054
"NSFG 15-44",1053,0.8,1,30,51,269,7,226.785465430701
"NSFG 15-44",1053,0.8,2,30,326,11202,5,938.002876056966
"NSFG 15-44",1053,0.8,3,30,485,22463,2,640.925889125023
"NSFG 15-44",1053,0.8,4,30,698,66856,2,636.761241148537
"NSFG 15-44",1053,0.8,5,30,582,32704,3,1269.11763744064
"NSFG 15-44",1053,0.8,6,30,818,63968,1,1118.49681998643
"NSFG 15-44",1053,0.8,7,30,1436,138952,1,2899.97085371917
"NSFG 15-44",1053,0.8,8,30,757,32497,3,1211.5602567488
"NSFG 15-44",1053,0.8,9,30,1145,75439,1,1996.00575211393
"NSFG 15-44",1053,0.8,10,30,1708,160290,2,1929.87887858918
"NSFG 15-44",1053,0.8,11,30,1575,124947,1,2477.74133095182
"NSFG 15-44",1053,0.8,12,30,1567,118567,3,2670.72921881074
"NSFG 15-44",1053,0.8,13,30,346,4844,3,818.963663576753
"NSFG 15-44",1053,0.8,14,30,815,39011,4,1986.4483714221
"NSFG 15-44",1054,0.2,1,30,4,4,26,7.5792640849056
"NSFG 15-44",1054,0.2,2,30,21,41,17,16.0755202191112
"NSFG 15-44",1054,0.2,3,30,16,34,21,22.4321282382835
"NSFG 15-44",1054,0.2,4,30,20,48,20,27.8208002054168
"NSFG 15-44",1054,0.2,5,30,39,193,16,39.6793605203891
"NSFG 15-44",1054,0.2,6,30,40,118,13,48.1756166545947
"NSFG 15-44",1054,0.2,7,30,58,218,8,53.9718406436392
"NSFG 15-44",1054,0.2,8,30,64,306,8,61.449216723067
"NSFG 15-44",1054,0.2,9,30,65,359,10,66.6341126792448
"NSFG 15-44",1054,0.2,10,30,64,340,8,70.6982405751669
"NSFG 15-44",1054,0.2,11,30,65,279,8,82.8115209038338
"NSFG 15-44",1054,0.2,13,30,92,628,8,91.7548807395003
"NSFG 15-44",1054,0.4,1,30,20,28,13,26.1718536320801
"NSFG 15-44",1054,0.4,2,30,19,31,16,39.8724760679297
"NSFG 15-44",1054,0.4,3,30,45,125,9,58.1080916660449
"NSFG 15-44",1054,0.4,4,30,135,1519,3,104.403977455679
"NSFG 15-44",1054,0.4,5,30,99,639,6,110.168361857563
"NSFG 15-44",1054,0.4,6,30,116,1008,8,137.190526707568
"NSFG 15-44",1054,0.4,7,30,120,946,7,137.286169656621
"NSFG 15-44",1054,0.4,8,30,235,3267,6,184.999240809463
"NSFG 15-44",1054,0.4,9,30,171,2243,4,178.8592681604
"NSFG 15-44",1054,0.4,10,30,181,2171,3,179.521785254736
"NSFG 15-44",1054,0.4,11,30,209,2517,4,225.534233971729
"NSFG 15-44",1054,0.4,13,30,189,2003,4,232.528009613232
"NSFG 15-44",1054,0.6,1,30,33,77,9,53.9749794065062
"NSFG 15-44",1054,0.6,2,30,133,3097,9,94.1948196281718
"NSFG 15-44",1054,0.6,3,30,85,533,7,136.530835109044
"NSFG 15-44",1054,0.6,4,30,217,4863,5,221.19035577404
"NSFG 15-44",1054,0.6,5,30,181,2203,5,223.319041329994
"NSFG 15-44",1054,0.6,6,30,398,14030,3,354.534417697528
"NSFG 15-44",1054,0.6,7,30,328,13608,3,395.812345548797
"NSFG 15-44",1054,0.6,8,30,546,16058,1,488.936567250618
"NSFG 15-44",1054,0.6,9,30,369,8505,2,437.102783696812
"NSFG 15-44",1054,0.6,10,30,419,10431,4,402.198402216656
"NSFG 15-44",1054,0.6,11,30,367,6371,1,553.51744354665
"NSFG 15-44",1054,0.6,13,30,445,8379,1,519.683659992843
"NSFG 15-44",1054,0.8,1,30,57,491,6,153.557380691837
"NSFG 15-44",1054,0.8,2,30,226,10026,5,476.102649242592
"NSFG 15-44",1054,0.8,3,30,485,41007,6,618.394170743834
"NSFG 15-44",1054,0.8,4,30,771,55361,2,1070.49681998643
"NSFG 15-44",1054,0.8,5,30,261,4929,3,626.963663576753
"NSFG 15-44",1054,0.8,6,30,509,15601,3,1473.37138449015
"NSFG 15-44",1054,0.8,7,30,918,125740,1,1170.66146796291
"NSFG 15-44",1054,0.8,8,30,1601,171807,1,1960.73989292334
"NSFG 15-44",1054,0.8,9,30,501,16135,3,1674.92876518199
"NSFG 15-44",1054,0.8,10,30,889,34945,0,1422.91521501242
"NSFG 15-44",1054,0.8,11,30,1324,96946,1,2111.6009072575
"NSFG 15-44",1054,0.8,13,30,493,10103,3,1832.89099073026
"NSFG 15-44",1055,0.2,1,30,5,5,25,7.22265606573337
"NSFG 15-44",1055,0.2,2,30,19,49,19,15.8208002054168
"NSFG 15-44",1055,0.2,3,30,15,33,21,22.635904249239
"NSFG 15-44",1055,0.2,4,30,52,550,16,38.0605447559337
"NSFG 15-44",1055,0.2,5,30,30,80,16,38.0491524327446
"NSFG 15-44",1055,0.2,6,30,63,299,10,46.0359685395614
"NSFG 15-44",1055,0.2,7,30,65,271,7,52.5963525696891
"NSFG 15-44",1055,0.2,8,30,48,158,11,65.9322889640893
"NSFG 15-44",1055,0.2,9,30,57,343,8,71.0662409175282
"NSFG 15-44",1055,0.2,10,30,94,638,7,89.2928015748619
"NSFG 15-44",1055,0.2,11,30,132,1484,7,85.3587210407783
"NSFG 15-44",1055,0.2,12,30,105,683,5,87.283200821667
"NSFG 15-44",1055,0.2,13,30,111,939,10,97.970049073645
"NSFG 15-44",1055,0.2,14,30,141,1351,10,126.792962300668
"NSFG 15-44",1055,0.4,1,30,21,79,17,19.3693638886816
"NSFG 15-44",1055,0.4,2,30,46,388,17,52.9105814094434
"NSFG 15-44",1055,0.4,3,30,72,602,13,64.6271443368018
"NSFG 15-44",1055,0.4,4,30,63,345,11,89.948686750957
"NSFG 15-44",1055,0.4,5,30,183,3223,7,113.00273258398
"NSFG 15-44",1055,0.4,6,30,127,1385,8,127.270229165112
"NSFG 15-44",1055,0.4,7,30,140,1990,5,142.104599891528
"NSFG 15-44",1055,0.4,8,30,199,2955,7,179.613936429273
"NSFG 15-44",1055,0.4,9,30,154,1232,5,179.142705233042
"NSFG 15-44",1055,0.4,10,30,172,2280,11,242.16137830853
"NSFG 15-44",1055,0.4,11,30,237,4495,3,223.266737390596
"NSFG 15-44",1055,0.4,12,30,239,4745,5,229.031121792481
"NSFG 15-44",1055,0.4,13,30,331,7433,1,294.317291449102
"NSFG 15-44",1055,0.4,14,30,306,5430,4,406.087141018945
"NSFG 15-44",1055,0.6,1,30,45,303,14,68.78820622095
"NSFG 15-44",1055,0.6,2,30,121,1895,11,133.344061923487
"NSFG 15-44",1055,0.6,3,30,89,1255,6,153.460237182694
"NSFG 15-44",1055,0.6,4,30,306,11548,5,247.642546514119
"NSFG 15-44",1055,0.6,5,30,275,10233,4,254.003582588484
"NSFG 15-44",1055,0.6,6,30,362,15714,2,291.04915992134
"NSFG 15-44",1055,0.6,7,30,501,32239,4,380.999118734353
"NSFG 15-44",1055,0.6,8,30,611,32267,6,511.156407472284
"NSFG 15-44",1055,0.6,9,30,527,26707,4,528.098319842681
"NSFG 15-44",1055,0.6,10,30,676,36766,6,843.420943761159
"NSFG 15-44",1055,0.6,11,30,496,19744,3,665.674732284581
"NSFG 15-44",1055,0.6,12,30,668,36272,2,533.426288880937
"NSFG 15-44",1055,0.6,13,30,689,25151,3,719.662221987834
"NSFG 15-44",1055,0.6,14,30,780,31200,4,1140.79360886662
"NSFG 15-44",1055,0.8,1,30,49,363,6,187.354958263621
"NSFG 15-44",1055,0.8,2,30,531,48145,6,859.141861722805
"NSFG 15-44",1055,0.8,3,30,560,144918,4,680.356396292103
"NSFG 15-44",1055,0.8,4,30,803,135495,1,957.83822808048
"NSFG 15-44",1055,0.8,5,30,1031,208553,3,874.812565769832
"NSFG 15-44",1055,0.8,6,30,683,38083,2,1107.23096079583
"NSFG 15-44",1055,0.8,7,30,1117,167945,0,1384.71279258421
"NSFG 15-44",1055,0.8,8,30,2209,302549,1,2501.50113407187
"NSFG 15-44",1055,0.8,9,30,1651,196079,1,2277.6522318788
"NSFG 15-44",1055,0.8,10,30,1927,263783,1,2988.86964250506
"NSFG 15-44",1055,0.8,11,30,1978,328524,3,2415.77910540355
"NSFG 15-44",1055,0.8,12,30,3642,764032,1,1977.87887858918
"NSFG 15-44",1055,0.8,13,30,1394,116356,1,2565.1718381189
"NSFG 15-44",1055,0.8,14,30,2122,182750,1,5067.66086004969
"NSFG 15-44",1056,0.2,1,30,9,9,21,6.5603840301278
"NSFG 15-44",1056,0.2,2,30,15,25,19,15.4641921862445
"NSFG 15-44",1056,0.2,3,30,19,35,17,26.2529284437002
"NSFG 15-44",1056,0.2,4,30,37,99,11,33.4246405066947
"NSFG 15-44",1056,0.2,5,30,34,100,13,43.0416647011559
"NSFG 15-44",1056,0.2,6,30,59,425,12,44.6604804656113
"NSFG 15-44",1056,0.2,7,30,51,149,8,52.3416325559947
"NSFG 15-44",1056,0.2,8,30,66,260,7,62.4171527751059
"NSFG 15-44",1056,0.2,9,30,47,167,11,64.698240575167
"NSFG 15-44",1056,0.2,10,30,58,296,12,98.462722067862
"NSFG 15-44",1056,0.2,11,30,90,484,6,81.2832008216671
"NSFG 15-44",1056,0.2,12,30,106,752,9,95.3323532544116
"NSFG 15-44",1056,0.2,16,30,119,827,8,115.104001027084
"NSFG 15-44",1056,0.4,1,30,13,15,18,25.3215424141553
"NSFG 15-44",1056,0.4,2,30,22,30,12,41.8565355764209
"NSFG 15-44",1056,0.4,3,30,196,7088,8,75.9646272424658
"NSFG 15-44",1056,0.4,4,30,148,3592,6,93.3499316226562
"NSFG 15-44",1056,0.4,5,30,122,1234,7,121.789281835869
"NSFG 15-44",1056,0.4,6,30,88,624,7,111.964627242466
"NSFG 15-44",1056,0.4,7,30,108,1448,9,133.034613566997
"NSFG 15-44",1056,0.4,8,30,150,1698,5,189.534233971728
"NSFG 15-44",1056,0.4,9,30,157,1859,7,167.521785254736
"NSFG 15-44",1056,0.4,10,30,347,9669,3,379.061484394424
"NSFG 15-44",1056,0.4,11,30,225,2455,3,217.03112179248
"NSFG 15-44",1056,0.4,12,30,282,4722,4,268.145437817021
"NSFG 15-44",1056,0.4,16,30,338,5458,0,311.043570509473
"NSFG 15-44",1056,0.6,1,30,78,1286,13,53.9749794065062
"NSFG 15-44",1056,0.6,2,30,238,37366,7,97.3690825169812
"NSFG 15-44",1056,0.6,3,30,457,47695,6,244.455773328562
"NSFG 15-44",1056,0.6,4,30,127,957,6,226.480793922056
"NSFG 15-44",1056,0.6,5,30,199,2649,3,271.991072291737
"NSFG 15-44",1056,0.6,6,30,838,102368,5,393.683659992843
"NSFG 15-44",1056,0.6,7,30,648,68834,5,366.185891919909
"NSFG 15-44",1056,0.6,8,30,737,46841,1,448.7292373257
"NSFG 15-44",1056,0.6,9,30,261,3505,1,384.198402216656
"NSFG 15-44",1056,0.6,10,30,1063,111667,6,1077.25830990345
"NSFG 15-44",1056,0.6,11,30,277,3749,5,515.426288880937
"NSFG 15-44",1056,0.6,12,30,649,53325,2,632.886526063631
"NSFG 15-44",1056,0.6,16,30,567,16227,2,621.297603324984
"NSFG 15-44",1056,0.8,1,30,146,8290,5,238.051324621296
"NSFG 15-44",1056,0.8,2,30,933,314089,3,549.330733981456
"NSFG 15-44",1056,0.8,3,30,1319,402515,4,1040.86389039113
"NSFG 15-44",1056,0.8,4,30,1274,495702,4,1098.66146796291
"NSFG 15-44",1056,0.8,5,30,1826,385014,2,1178.99076391588
"NSFG 15-44",1056,0.8,6,30,2380,665830,3,1338.18107420302
"NSFG 15-44",1056,0.8,7,30,2439,904475,3,1536.80189165723
"NSFG 15-44",1056,0.8,8,30,3647,1131271,4,2101.56313280577
"NSFG 15-44",1056,0.8,9,30,1851,482289,1,1398.91521501242
"NSFG 15-44",1056,0.8,10,30,4223,1365837,3,5275.83905819575
"NSFG 15-44",1056,0.8,11,30,743,21803,1,1953.87887858918
"NSFG 15-44",1056,0.8,12,30,1741,339325,1,2614.39992285777
"NSFG 15-44",1056,0.8,16,30,1768,450680,1,1904.89099073026
"NSFG 15-44",1057,0.2,1,30,8,8,22,7.83398409860005
"NSFG 15-44",1057,0.2,2,30,5,5,25,13.9868161068167
"NSFG 15-44",1057,0.2,3,30,23,55,16,21.9736322136334
"NSFG 15-44",1057,0.2,4,30,30,126,16,33.9340805340836
"NSFG 15-44",1057,0.2,5,30,34,96,14,44.6718727888003
"NSFG 15-44",1057,0.2,6,30,44,138,12,45.3736965039558
"NSFG 15-44",1057,0.2,7,30,73,331,8,60.7473930079116
"NSFG 15-44",1057,0.2,8,30,63,369,13,58.9020165861225
"NSFG 15-44",1057,0.2,9,30,58,226,9,61.437824399878
"NSFG 15-44",1057,0.2,10,30,91,517,7,69.1699204930002
"NSFG 15-44",1057,0.2,11,30,74,522,13,100.947585878879
"NSFG 15-44",1057,0.2,12,30,84,604,7,94.9248012325005
"NSFG 15-44",1057,0.2,13,30,99,871,11,99.4983691558116
"NSFG 15-44",1057,0.2,16,30,92,652,7,112.811520903834
"NSFG 15-44",1057,0.4,1,30,18,34,17,22.2037346150977
"NSFG 15-44",1057,0.4,2,30,37,125,13,43.2737209396289
"NSFG 15-44",1057,0.4,3,30,50,280,13,63.4933960462354
"NSFG 15-44",1057,0.4,4,30,79,843,14,95.9008652764306
"NSFG 15-44",1057,0.4,5,30,82,428,9,113.286169656621
"NSFG 15-44",1057,0.4,6,30,94,588,8,112.248064315107
"NSFG 15-44",1057,0.4,7,30,222,4776,7,184.90359786041
"NSFG 15-44",1057,0.4,8,30,207,2977,5,145.318050639639
"NSFG 15-44",1057,0.4,9,30,154,1676,3,150.798997968882
"NSFG 15-44",1057,0.4,10,30,173,1541,4,171.018673075488
"NSFG 15-44",1057,0.4,11,30,201,2505,6,318.501593798174
"NSFG 15-44",1057,0.4,12,30,249,3479,3,271.546682688721
"NSFG 15-44",1057,0.4,13,30,254,5400,7,277.594504163247
"NSFG 15-44",1057,0.4,16,30,243,3095,2,285.534233971728
"NSFG 15-44",1057,0.6,1,30,24,38,12,39.1617525920625
"NSFG 15-44",1057,0.6,2,30,136,5168,10,102.659520664997
"NSFG 15-44",1057,0.6,3,30,113,1455,5,143.937448516265
"NSFG 15-44",1057,0.6,4,30,126,820,2,223.306531033247
"NSFG 15-44",1057,0.6,5,30,181,2457,4,320.663103253481
"NSFG 15-44",1057,0.6,6,30,213,3531,7,295.281510439753
"NSFG 15-44",1057,0.6,7,30,547,18041,4,519.608598212362
"NSFG 15-44",1057,0.6,8,30,374,7382,1,394.76676821594
"NSFG 15-44",1057,0.6,9,30,292,4222,4,326.003582588484
"NSFG 15-44",1057,0.6,10,30,244,2830,4,370.455773328562
"NSFG 15-44",1057,0.6,11,30,614,29506,4,775.715845763305
"NSFG 15-44",1057,0.6,12,30,588,14720,3,692.139433321405
"NSFG 15-44",1057,0.6,13,30,644,26872,3,717.546046728628
"NSFG 15-44",1057,0.6,16,30,485,10069,0,637.168917769031
"NSFG 15-44",1057,0.8,1,30,112,6318,5,119.759803120053
"NSFG 15-44",1057,0.8,2,30,313,13557,4,526.799015600267
"NSFG 15-44",1057,0.8,3,30,757,123095,2,657.824677910915
"NSFG 15-44",1057,0.8,4,30,392,13970,0,845.179636174535
"NSFG 15-44",1057,0.8,5,30,1162,118620,1,2001.39848482928
"NSFG 15-44",1057,0.8,6,30,717,75155,2,1163.5602567488
"NSFG 15-44",1057,0.8,7,30,1199,93439,1,2004.3350480669
"NSFG 15-44",1057,0.8,8,30,1141,97775,1,1639.66290599139
"NSFG 15-44",1057,0.8,9,30,694,28274,2,1072.20529848518
"NSFG 15-44",1057,0.8,10,30,371,5131,1,1253.92732715351
"NSFG 15-44",1057,0.8,11,30,1457,155899,3,3497.30158770063
"NSFG 15-44",1057,0.8,12,30,1609,139065,2,2822.81831788377
"NSFG 15-44",1057,0.8,13,30,1563,125687,0,2886.24882505085
"NSFG 15-44",1057,0.8,16,30,729,21897,2,2242.86676644809
"NSFG 15-44",1058,0.2,1,30,10,14,22,8.70003214516118
"NSFG 15-44",1058,0.2,2,30,7,13,25,15.1075841670723
"NSFG 15-44",1058,0.2,3,30,19,59,20,22.4830722410223
"NSFG 15-44",1058,0.2,4,30,29,59,14,29.2981762848446
"NSFG 15-44",1058,0.2,5,30,24,54,16,34.9415682656723
"NSFG 15-44",1058,0.2,6,30,48,296,13,44.1510404382224
"NSFG 15-44",1058,0.2,7,30,39,127,13,50.7623684710891
"NSFG 15-44",1058,0.2,8,30,48,168,13,61.0926087038948
"NSFG 15-44",1058,0.2,9,30,78,436,9,71.2700169284838
"NSFG 15-44",1058,0.2,10,30,98,560,6,83.1285772434561
"NSFG 15-44",1058,0.2,11,30,83,527,11,91.981441396834
"NSFG 15-44",1058,0.2,12,30,138,1224,5,93.3964811503339
"NSFG 15-44",1058,0.2,13,30,95,497,5,94.8115209038337
"NSFG 15-44",1058,0.4,1,30,6,6,24,19.3693638886816
"NSFG 15-44",1058,0.4,2,30,62,434,8,47.2418399566113
"NSFG 15-44",1058,0.4,3,30,86,522,5,69.445574571709
"NSFG 15-44",1058,0.4,4,30,72,460,9,90.2321238235986
"NSFG 15-44",1058,0.4,5,30,91,783,12,91.4615150632178
"NSFG 15-44",1058,0.4,6,30,137,983,4,122.168361857563
"NSFG 15-44",1058,0.4,7,30,125,1051,4,126.232123823599
"NSFG 15-44",1058,0.4,8,30,201,2353,6,169.126764741533
"NSFG 15-44",1058,0.4,9,30,165,2069,5,201.250796899087
"NSFG 15-44",1058,0.4,10,30,199,2539,7,258.317291449102
"NSFG 15-44",1058,0.4,11,30,274,4674,5,276.552907047217
"NSFG 15-44",1058,0.4,12,30,172,1630,6,263.043570509473
"NSFG 15-44",1058,0.4,13,30,192,1990,6,249.534233971729
"NSFG 15-44",1058,0.6,1,30,36,142,8,51.8588041473
"NSFG 15-44",1058,0.6,2,30,50,190,10,84.6720309617437
"NSFG 15-44",1058,0.6,3,30,119,1475,8,185.202866070787
"NSFG 15-44",1058,0.6,4,30,201,2979,2,219.074180514834
"NSFG 15-44",1058,0.6,5,30,174,3630,7,205.33155162674
"NSFG 15-44",1058,0.6,6,30,221,2539,4,296.339598069356
"NSFG 15-44",1058,0.6,7,30,317,5327,2,288.945494958881
"NSFG 15-44",1058,0.6,8,30,308,6294,3,413.812345548797
"NSFG 15-44",1058,0.6,9,30,329,8081,4,430.754257919193
"NSFG 15-44",1058,0.6,10,30,411,11683,2,649.790907543787
"NSFG 15-44",1058,0.6,11,30,632,24292,3,737.624691097593
"NSFG 15-44",1058,0.6,12,30,307,7057,6,660.396804433312
"NSFG 15-44",1058,0.6,13,30,412,8422,4,583.168917769031
"NSFG 15-44",1058,0.8,1,30,119,2453,5,164.823239882431
"NSFG 15-44",1058,0.8,2,30,161,6169,5,329.646479764863
"NSFG 15-44",1058,0.8,3,30,288,6606,3,759.217410626265
"NSFG 15-44",1058,0.8,4,30,455,24107,1,698.723466696806
"NSFG 15-44",1058,0.8,5,30,666,43108,2,835.382058602751
"NSFG 15-44",1058,0.8,6,30,883,67989,3,1315.64935582183
"NSFG 15-44",1058,0.8,7,30,627,27285,0,1012.93943929459
"NSFG 15-44",1058,0.8,8,30,908,38620,2,1639.66290599139
"NSFG 15-44",1058,0.8,9,30,1114,93808,3,2052.3350480669
"NSFG 15-44",1058,0.8,10,30,889,43977,2,2932.54034655209
"NSFG 15-44",1058,0.8,11,30,2245,244235,3,3136.7940936016
"NSFG 15-44",1058,0.8,12,30,1425,83217,0,2653.83043002485
"NSFG 15-44",1058,0.8,13,30,734,20850,1,2170.8667664481
"NSFG 15-44",1059,0.2,1,30,6,6,24,6.96793605203892
"NSFG 15-44",1059,0.2,2,30,15,23,19,14.0377601095556
"NSFG 15-44",1059,0.2,3,30,16,32,21,22.8396802601946
"NSFG 15-44",1059,0.2,4,30,12,30,24,27.7698562026779
"NSFG 15-44",1059,0.2,5,30,23,59,18,39.7812485258669
"NSFG 15-44",1059,0.2,6,30,50,240,10,44.7623684710891
"NSFG 15-44",1059,0.2,7,30,31,69,13,54.1246726518559
"NSFG 15-44",1059,0.2,8,30,76,546,11,68.4794891010338
"NSFG 15-44",1059,0.2,9,30,56,232,9,66.532224673767
"NSFG 15-44",1059,0.2,11,30,58,274,10,81.2832008216671
"NSFG 15-44",1059,0.2,12,30,72,442,10,99.5097614790007
"NSFG 15-44",1059,0.4,1,30,22,232,22,22.2037346150977
"NSFG 15-44",1059,0.4,2,30,32,72,12,37.8884165594385
"NSFG 15-44",1059,0.4,3,30,55,209,7,55.5571580122705
"NSFG 15-44",1059,0.4,4,30,47,189,14,70.6749658113281
"NSFG 15-44",1059,0.4,5,30,107,727,7,106.483679913223
"NSFG 15-44",1059,0.4,6,30,77,439,11,133.222407690586
"NSFG 15-44",1059,0.4,7,30,181,2099,2,144.938970617944
"NSFG 15-44",1059,0.4,8,30,177,2635,4,196.90359786041
"NSFG 15-44",1059,0.4,9,30,197,2041,1,179.426142305684
"NSFG 15-44",1059,0.4,11,30,228,2958,5,217.03112179248
"NSFG 15-44",1059,0.4,12,30,222,3024,4,297.056019226465
"NSFG 15-44",1059,0.6,1,30,37,159,10,44.4521907400781
"NSFG 15-44",1059,0.6,2,30,91,977,7,78.323505184125
"NSFG 15-44",1059,0.6,3,30,158,3188,6,192.609479478009
"NSFG 15-44",1059,0.6,4,30,116,744,3,148.182309331425
"NSFG 15-44",1059,0.6,5,30,213,3775,7,321.721190883084
"NSFG 15-44",1059,0.6,6,30,228,3366,5,316.443263031815
"NSFG 15-44",1059,0.6,7,30,290,5174,2,309.04915992134
"NSFG 15-44",1059,0.6,8,30,430,11106,1,425.451309474431
"NSFG 15-44",1059,0.6,9,30,565,20533,3,409.592505327131
"NSFG 15-44",1059,0.6,11,30,350,6116,3,515.426288880937
"NSFG 15-44",1059,0.6,12,30,429,9857,5,787.367319985687
"NSFG 15-44",1059,0.8,1,30,63,465,6,170.456169477729
"NSFG 15-44",1059,0.8,2,30,122,1508,0,301.481831788377
"NSFG 15-44",1059,0.8,3,30,401,20135,2,663.457607506212
"NSFG 15-44",1059,0.8,4,30,232,3130,1,709.989325887401
"NSFG 15-44",1059,0.8,5,30,631,27983,1,1178.99076391588
"NSFG 15-44",1059,0.8,6,30,353,8073,3,938.243072936913
"NSFG 15-44",1059,0.8,7,30,680,28922,2,1114.33217200994
"NSFG 15-44",1059,0.8,8,30,637,25873,3,1819.91665304091
"NSFG 15-44",1059,0.8,9,30,973,51029,0,1466.51037015599
"NSFG 15-44",1059,0.8,11,30,645,16721,1,1953.87887858918
"NSFG 15-44",1059,0.8,12,30,897,30029,0,3329.78198146052
"NSFG 15-44",1060,0.2,1,30,4,4,26,6.91699204930003
"NSFG 15-44",1060,0.2,2,30,11,11,19,15.1585281698112
"NSFG 15-44",1060,0.2,3,30,18,34,19,24.7246083615335
"NSFG 15-44",1060,0.2,4,30,17,35,20,31.2849923916613
"NSFG 15-44",1060,0.2,5,30,26,60,15,37.0302723779668
"NSFG 15-44",1060,0.2,6,30,50,292,10,53.4228489367004
"NSFG 15-44",1060,0.2,7,30,59,421,11,59.3719049339615
"NSFG 15-44",1060,0.2,8,30,98,968,10,74.898433446134
"NSFG 15-44",1060,0.2,9,30,84,800,13,90.7815699774787
"NSFG 15-44",1060,0.2,11,30,84,710,11,76.0359685395614
"NSFG 15-44",1060,0.4,1,30,25,127,17,26.1718536320801
"NSFG 15-44",1060,0.4,2,30,35,115,10,35.0540458330225
"NSFG 15-44",1060,0.4,3,30,46,130,10,58.1080916660449
"NSFG 15-44",1060,0.4,4,30,67,413,13,99.0186730754883
"NSFG 15-44",1060,0.4,5,30,57,351,13,97.1302565160498
"NSFG 15-44",1060,0.4,6,30,158,1578,3,134.923030126436
"NSFG 15-44",1060,0.4,7,30,175,2553,4,143.238348182095
"NSFG 15-44",1060,0.4,8,30,258,4760,5,254.724760679297
"NSFG 15-44",1060,0.4,9,30,338,7904,9,304.705328413271
"NSFG 15-44",1060,0.4,11,30,237,4241,6,193.505844763228
"NSFG 15-44",1060,0.6,1,30,32,74,8,38.1036649624594
"NSFG 15-44",1060,0.6,2,30,191,11705,6,124.879360886662
"NSFG 15-44",1060,0.6,3,30,130,2442,4,158.750675330709
"NSFG 15-44",1060,0.6,4,30,221,8591,2,183.099201108328
"NSFG 15-44",1060,0.6,5,30,185,5759,3,212.738165033962
"NSFG 15-44",1060,0.6,6,30,316,10714,3,386.277046585622
"NSFG 15-44",1060,0.6,7,30,339,12261,3,384.173381623162
"NSFG 15-44",1060,0.6,8,30,599,37561,1,584.1644539149
"NSFG 15-44",1060,0.6,9,30,885,59579,1,888.906201537346
"NSFG 15-44",1060,0.6,11,30,349,9949,4,500.613062066493
"NSFG 15-44",1060,0.8,1,30,45,183,4,114.126873524756
"NSFG 15-44",1060,0.8,2,30,289,15123,5,340.912338955457
"NSFG 15-44",1060,0.8,3,30,122,920,4,359.27940936016
"NSFG 15-44",1060,0.8,4,30,889,149657,2,946.572368889886
"NSFG 15-44",1060,0.8,5,30,728,146694,3,756.52104426859
"NSFG 15-44",1060,0.8,6,30,1018,128500,3,1664.89099073026
"NSFG 15-44",1060,0.8,7,30,763,59435,1,1576.23239882431
"NSFG 15-44",1060,0.8,8,30,1855,302423,1,2783.14761383674
"NSFG 15-44",1060,0.8,9,30,2837,588335,2,3623.92240515484
"NSFG 15-44",1060,0.8,11,30,926,95724,1,1232.86389039113
"NSFG 15-44",1061,0.2,1,30,12,54,24,8.80192015063896
"NSFG 15-44",1061,0.2,2,30,19,31,16,15.260416175289
"NSFG 15-44",1061,0.2,3,30,26,70,14,24.7246083615335
"NSFG 15-44",1061,0.2,4,30,36,88,13,31.896320424528
"NSFG 15-44",1061,0.2,5,30,34,108,14,40.9529605888614
"NSFG 15-44",1061,0.2,6,30,50,162,11,47.105792597078
"NSFG 15-44",1061,0.2,7,30,59,295,10,66.3002893064506
"NSFG 15-44",1061,0.2,8,30,44,154,12,67.2058890325616
"NSFG 15-44",1061,0.2,9,30,45,137,11,60.3170563396223
"NSFG 15-44",1061,0.2,10,30,68,328,9,93.6230418076675
"NSFG 15-44",1061,0.2,11,30,69,275,6,69.0566401643335
"NSFG 15-44",1061,0.2,12,30,142,1770,8,137.717763533168
"NSFG 15-44",1061,0.2,13,30,97,789,9,105.815425495434
"NSFG 15-44",1061,0.2,16,30,129,1153,8,132.679681972001
"NSFG 15-44",1061,0.4,1,30,11,11,19,21.920297542456
"NSFG 15-44",1061,0.4,2,30,30,100,16,44.1240321575537
"NSFG 15-44",1061,0.4,3,30,50,290,11,85.0346135669971
"NSFG 15-44",1061,0.4,4,30,80,486,11,79.1780779905762
"NSFG 15-44",1061,0.4,5,30,149,1911,6,118.671474036812
"NSFG 15-44",1061,0.4,6,30,143,1443,4,119.617428203789
"NSFG 15-44",1061,0.4,7,30,274,6110,6,201.626385146265
"NSFG 15-44",1061,0.4,8,30,144,2220,10,203.98952467645
"NSFG 15-44",1061,0.4,9,30,133,1167,8,151.649309186807
"NSFG 15-44",1061,0.4,10,30,290,5660,4,307.068467943457
"NSFG 15-44",1061,0.4,11,30,200,1918,5,152.974343375479
"NSFG 15-44",1061,0.4,12,30,563,20223,2,509.633823707666
"NSFG 15-44",1061,0.4,13,30,381,10019,2,301.686655337783
"NSFG 15-44",1061,0.4,16,30,446,10254,3,396.074692301953
"NSFG 15-44",1061,0.6,1,30,98,3486,15,63.4977680729343
"NSFG 15-44",1061,0.6,2,30,53,291,8,73.0330670361094
"NSFG 15-44",1061,0.6,3,30,314,15426,7,195.783742366819
"NSFG 15-44",1061,0.6,4,30,303,12163,7,190.50581451555
"NSFG 15-44",1061,0.6,5,30,276,5958,3,313.256489846259
"NSFG 15-44",1061,0.6,6,30,230,4422,7,333.372665105465
"NSFG 15-44",1061,0.6,7,30,453,14003,5,570.396804433312
"NSFG 15-44",1061,0.6,8,30,675,41651,2,595.803417840534
"NSFG 15-44",1061,0.6,9,30,260,2814,1,304.841829996422
"NSFG 15-44",1061,0.6,10,30,826,63450,2,878.337835538062
"NSFG 15-44",1061,0.6,11,30,222,2400,3,247.730118591347
"NSFG 15-44",1061,0.6,12,30,1895,167687,1,1580.93304218803
"NSFG 15-44",1061,0.6,13,30,860,48804,3,815.948196281718
"NSFG 15-44",1061,0.6,16,30,1120,83018,1,1049.82309331425
"NSFG 15-44",1061,0.8,1,30,746,209638,5,452.102649242591
"NSFG 15-44",1061,0.8,2,30,142,2636,2,301.481831788377
"NSFG 15-44",1061,0.8,3,30,1001,228573,2,742.318621840373
"NSFG 15-44",1061,0.8,4,30,981,198113,3,1053.59803120053
"NSFG 15-44",1061,0.8,5,30,834,66638,4,1347.9786517748
"NSFG 15-44",1061,0.8,6,30,1553,318707,1,1349.44693339361
"NSFG 15-44",1061,0.8,7,30,1235,135625,2,1880.41059697037
"NSFG 15-44",1061,0.8,8,30,2427,558813,3,2518.39992285777
"NSFG 15-44",1061,0.8,9,30,345,4741,1,1027.1418617228
"NSFG 15-44",1061,0.8,10,30,2971,458393,1,3957.73353289619
"NSFG 15-44",1061,0.8,11,30,338,4580,0,568.178198146052
"NSFG 15-44",1061,0.8,12,30,4872,1200912,1,7554.47917793346
"NSFG 15-44",1061,0.8,13,30,2132,416536,2,3342.51612226992
"NSFG 15-44",1061,0.8,16,30,3224,530498,1,4439.70930861402
"NSFG 15-44",1062,0.2,1,30,2,2,28,8.80192015063896
"NSFG 15-44",1062,0.2,2,30,18,46,20,13.9358721040778
"NSFG 15-44",1062,0.2,3,30,46,258,15,23.7057283067557
"NSFG 15-44",1062,0.2,4,30,24,44,14,31.1321603834446
"NSFG 15-44",1062,0.2,5,30,44,140,10,38.813312473828
"NSFG 15-44",1062,0.2,6,30,39,135,14,44.6095364628724
"NSFG 15-44",1062,0.2,7,30,43,231,14,54.8888326929392
"NSFG 15-44",1062,0.2,8,30,47,151,12,58.9529605888614
"NSFG 15-44",1062,0.2,9,30,85,503,8,73.8681610681671
"NSFG 15-44",1062,0.2,10,30,84,646,12,79.8681610681671
"NSFG 15-44",1062,0.2,11,30,75,351,4,83.8813449613504
"NSFG 15-44",1062,0.2,12,30,102,614,8,87.283200821667
"NSFG 15-44",1062,0.2,13,30,89,683,10,111.623041807667
"NSFG 15-44",1062,0.2,15,30,118,756,4,99.1699204930002
"NSFG 15-44",1062,0.4,1,30,22,28,11,18.2356155981152
"NSFG 15-44",1062,0.4,2,30,34,180,17,41.8565355764209
"NSFG 15-44",1062,0.4,3,30,56,214,8,65.7608926273682
"NSFG 15-44",1062,0.4,4,30,88,684,12,91.365872114165
"NSFG 15-44",1062,0.4,5,30,129,1995,8,120.655533545303
"NSFG 15-44",1062,0.4,6,30,90,644,8,117.349931622656
"NSFG 15-44",1062,0.4,7,30,138,1550,8,144.938970617944
"NSFG 15-44",1062,0.4,8,30,154,1932,7,170.2605130321
"NSFG 15-44",1062,0.4,9,30,167,1791,6,218.540458330225
"NSFG 15-44",1062,0.4,10,30,229,2785,4,230.540458330225
"NSFG 15-44",1062,0.4,11,30,233,3111,3,230.352664206636
"NSFG 15-44",1062,0.4,12,30,190,2128,6,229.031121792481
"NSFG 15-44",1062,0.4,13,30,353,6817,4,343.068467943457
"NSFG 15-44",1062,0.4,15,30,226,2740,4,231.018673075488
"NSFG 15-44",1062,0.6,1,30,90,2262,15,74.0786443689656
"NSFG 15-44",1062,0.6,2,30,73,555,12,71.9749794065062
"NSFG 15-44",1062,0.6,3,30,141,2013,3,154.518324812297
"NSFG 15-44",1062,0.6,4,30,294,7936,5,269.862386735784
"NSFG 15-44",1062,0.6,5,30,232,4440,5,273.04915992134
"NSFG 15-44",1062,0.6,6,30,187,2491,8,245.551391848406
"NSFG 15-44",1062,0.6,7,30,459,20845,5,398.986608437606
"NSFG 15-44",1062,0.6,8,30,483,14877,3,364.08222695745
"NSFG 15-44",1062,0.6,9,30,367,8455,6,574.654175545218
"NSFG 15-44",1062,0.6,10,30,435,9265,1,592.654175545218
"NSFG 15-44",1062,0.6,11,30,571,20011,4,565.156407472284
"NSFG 15-44",1062,0.6,12,30,349,7529,4,533.426288880937
"NSFG 15-44",1062,0.6,13,30,880,37380,1,932.337835538061
"NSFG 15-44",1062,0.6,15,30,374,5994,3,460.455773328562
"NSFG 15-44",1062,0.8,1,30,85,1173,8,232.418395025999
"NSFG 15-44",1062,0.8,2,30,274,14982,4,391.608705313133
"NSFG 15-44",1062,0.8,3,30,323,11825,3,854.977213746318
"NSFG 15-44",1062,0.8,4,30,611,51611,4,1031.06631281934
"NSFG 15-44",1062,0.8,5,30,901,82331,3,1263.48470784534
"NSFG 15-44",1062,0.8,6,30,876,59658,1,898.812565769833
"NSFG 15-44",1062,0.8,7,30,919,47249,1,1536.80189165723
"NSFG 15-44",1062,0.8,8,30,1597,183009,2,1498.83966610896
"NSFG 15-44",1062,0.8,9,30,856,29042,1,2412.84254216593
"NSFG 15-44",1062,0.8,10,30,1217,78681,3,2436.84254216593
"NSFG 15-44",1062,0.8,11,30,1272,91484,2,2258.05707673523
"NSFG 15-44",1062,0.8,12,30,948,35392,0,1977.87887858918
"NSFG 15-44",1062,0.8,13,30,2472,266900,1,4029.73353289619
"NSFG 15-44",1062,0.8,15,30,513,9625,1,1373.92732715351
"NSFG 15-44",1063,0.2,1,30,11,17,21,7.0188800547778
"NSFG 15-44",1063,0.2,2,30,12,28,23,15.718912199939
"NSFG 15-44",1063,0.2,3,30,18,34,19,22.3302402328057
"NSFG 15-44",1063,0.2,4,30,34,94,13,30.2151683341446
"NSFG 15-44",1063,0.2,5,30,32,86,12,35.9604483204501
"NSFG 15-44",1063,0.2,6,30,40,116,11,44.1510404382224
"NSFG 15-44",1063,0.2,7,30,66,514,13,54.2775046600725
"NSFG 15-44",1063,0.2,8,30,61,333,11,60.4303366682892
"NSFG 15-44",1063,0.2,9,30,63,209,6,63.6793605203891
"NSFG 15-44",1063,0.2,10,30,87,511,8,78.9002250161283
"NSFG 15-44",1063,0.2,13,30,92,628,7,107.038081561167
"NSFG 15-44",1063,0.2,17,30,95,669,7,123.396481150334
"NSFG 15-44",1063,0.4,1,30,11,15,21,19.9362380339648
"NSFG 15-44",1063,0.4,2,30,41,123,10,44.6909063028369
"NSFG 15-44",1063,0.4,3,30,44,162,13,61.2258994651026
"NSFG 15-44",1063,0.4,4,30,71,303,10,76.0602701915185
"NSFG 15-44",1063,0.4,5,30,83,527,7,102.232123823599
"NSFG 15-44",1063,0.4,6,30,93,527,8,103.744952135859
"NSFG 15-44",1063,0.4,7,30,144,1362,6,147.206467199077
"NSFG 15-44",1063,0.4,8,30,154,1814,6,141.633368695298
"NSFG 15-44",1063,0.4,9,30,187,1913,5,161.853043801904
"NSFG 15-44",1063,0.4,10,30,171,2313,5,214.384545189653
"NSFG 15-44",1063,0.4,13,30,359,8331,4,317.559131405713
"NSFG 15-44",1063,0.4,17,30,350,5764,2,323.043570509473
"NSFG 15-44",1063,0.6,1,30,42,200,10,45.5102783696812
"NSFG 15-44",1063,0.6,2,30,155,4485,5,122.763185627456
"NSFG 15-44",1063,0.6,3,30,180,1936,1,166.157288737931
"NSFG 15-44",1063,0.6,4,30,282,8736,4,197.912427922772
"NSFG 15-44",1063,0.6,5,30,221,3291,3,225.4352165892
"NSFG 15-44",1063,0.6,6,30,230,4124,6,277.2940207365
"NSFG 15-44",1063,0.6,7,30,282,4414,4,434.961587844112
"NSFG 15-44",1063,0.6,8,30,344,7218,4,416.986608437606
"NSFG 15-44",1063,0.6,9,30,298,4734,5,365.1528248838
"NSFG 15-44",1063,0.6,10,30,475,10319,1,567.260072434744
"NSFG 15-44",1063,0.6,13,30,635,22675,0,837.109948873781
"NSFG 15-44",1063,0.6,17,30,617,18181,3,750.396804433312
"NSFG 15-44",1063,0.8,1,30,81,1531,8,198.620817454215
"NSFG 15-44",1063,0.8,2,30,104,826,3,307.114761383674
"NSFG 15-44",1063,0.8,3,30,272,22108,2,522.63436762378
"NSFG 15-44",1063,0.8,4,30,291,8461,4,580.431945195564
"NSFG 15-44",1063,0.8,5,30,409,7843,0,1026.90166484286
"NSFG 15-44",1063,0.8,6,30,390,8544,3,831.217410626265
"NSFG 15-44",1063,0.8,7,30,528,21420,2,1424.14329975129
"NSFG 15-44",1063,0.8,8,30,917,51083,1,1645.29583558669
"NSFG 15-44",1063,0.8,9,30,603,15317,2,1291.88955270178
"NSFG 15-44",1063,0.8,10,30,1379,115109,2,2611.46335962015
"NSFG 15-44",1063,0.8,13,30,2572,288308,0,3522.76986931944
"NSFG 15-44",1063,0.8,17,30,1129,51605,1,2773.83043002485
"NSFG 15-44",1064,0.2,1,30,8,8,22,7.88492810133894
"NSFG 15-44",1064,0.2,2,30,14,24,20,16.177408224589
"NSFG 15-44",1064,0.2,3,30,15,25,20,23.4510082930612
"NSFG 15-44",1064,0.2,4,30,39,183,15,32.6095364628724
"NSFG 15-44",1064,0.2,5,30,30,72,15,38.354816449178
"NSFG 15-44",1064,0.2,6,30,39,107,11,45.730304523128
"NSFG 15-44",1064,0.2,7,30,47,279,14,51.2208644957391
"NSFG 15-44",1064,0.2,8,30,70,304,6,72.8606733365784
"NSFG 15-44",1064,0.2,9,30,52,246,14,63.7812485258669
"NSFG 15-44",1064,0.2,10,30,90,586,3,71.9208966409003
"NSFG 15-44",1064,0.2,13,30,119,1113,7,120.792962300668
"NSFG 15-44",1064,0.2,17,30,150,1222,5,129.509761479001
"NSFG 15-44",1064,0.4,1,30,7,7,23,18.5190526707568
"NSFG 15-44",1064,0.4,2,30,26,56,15,51.7768331188769
"NSFG 15-44",1064,0.4,3,30,43,103,9,64.6271443368018
"NSFG 15-44",1064,0.4,4,30,87,659,8,85.9805677339746
"NSFG 15-44",1064,0.4,5,30,115,933,10,101.948686750957
"NSFG 15-44",1064,0.4,6,30,136,1596,10,122.735236002847
"NSFG 15-44",1064,0.4,7,30,92,550,6,132.184302349072
"NSFG 15-44",1064,0.4,8,30,253,6161,4,220.995749034946
"NSFG 15-44",1064,0.4,9,30,205,3583,6,165.821162818887
"NSFG 15-44",1064,0.4,10,30,208,2446,6,211.266737390596
"NSFG 15-44",1064,0.4,13,30,379,9907,5,394.087141018945
"NSFG 15-44",1064,0.4,17,30,390,9056,6,357.056019226465
"NSFG 15-44",1064,0.6,1,30,48,342,13,89.9499588130124
"NSFG 15-44",1064,0.6,2,30,78,486,8,78.323505184125
"NSFG 15-44",1064,0.6,3,30,255,11403,6,167.215376367534
"NSFG 15-44",1064,0.6,4,30,237,4437,6,232.829319699675
"NSFG 15-44",1064,0.6,5,30,245,5757,2,278.339598069356
"NSFG 15-44",1064,0.6,6,30,183,2169,5,284.700634143722
"NSFG 15-44",1064,0.6,7,30,305,6451,2,313.281510439753
"NSFG 15-44",1064,0.6,8,30,447,15695,4,569.351227100456
"NSFG 15-44",1064,0.6,9,30,406,10830,1,408.534417697528
"NSFG 15-44",1064,0.6,10,30,503,15255,1,432.882943475147
"NSFG 15-44",1064,0.6,13,30,1036,52202,2,1122.79360886662
"NSFG 15-44",1064,0.6,17,30,743,28867,4,877.367319985687
"NSFG 15-44",1064,0.8,1,30,133,3677,3,361.975775717835
"NSFG 15-44",1064,0.8,2,30,183,7741,4,245.152535835404
"NSFG 15-44",1064,0.8,3,30,302,14266,0,742.318621840373
"NSFG 15-44",1064,0.8,4,30,476,14372,1,850.812565769832
"NSFG 15-44",1064,0.8,5,30,425,13533,4,1049.43338322405
"NSFG 15-44",1064,0.8,6,30,533,18999,2,1270.58591905945
"NSFG 15-44",1064,0.8,7,30,624,25644,2,905.91377698394
"NSFG 15-44",1064,0.8,8,30,1210,74868,1,2659.2231627402
"NSFG 15-44",1064,0.8,9,30,1041,76793,3,1669.29583558669
"NSFG 15-44",1064,0.8,10,30,887,51517,1,1963.67645616096
"NSFG 15-44",1064,0.8,13,30,1345,93587,3,5043.6608600497
"NSFG 15-44",1064,0.8,17,30,2311,254203,3,3449.78198146052
"NSFG 15-44",1065,0.2,1,30,5,7,26,8.39436812872784
"NSFG 15-44",1065,0.2,2,30,16,28,19,14.9038081561167
"NSFG 15-44",1065,0.2,3,30,33,129,16,25.5397124053557
"NSFG 15-44",1065,0.2,4,30,35,139,17,33.1189764902613
"NSFG 15-44",1065,0.2,5,30,51,237,11,41.3095686080336
"NSFG 15-44",1065,0.2,6,30,46,140,9,48.3793926655503
"NSFG 15-44",1065,0.2,7,30,47,341,13,54.6850566819836
"NSFG 15-44",1065,0.2,8,30,86,840,8,70.4153612051116
"NSFG 15-44",1065,0.2,9,30,133,2101,5,109.019522958001
"NSFG 15-44",1065,0.2,10,30,90,558,7,77.1171849202671
"NSFG 15-44",1065,0.2,11,30,85,445,8,95.4965775858174
"NSFG 15-44",1065,0.2,12,30,85,569,9,81.1699204930002
"NSFG 15-44",1065,0.2,13,30,68,538,11,81.0566401643335
"NSFG 15-44",1065,0.2,14,30,103,647,6,97.1435527066336
"NSFG 15-44",1065,0.2,17,30,101,583,5,112.698240575167
"NSFG 15-44",1065,0.2,18,30,169,1585,2,152.321282382834
"NSFG 15-44",1065,0.4,1,30,11,13,20,20.503112179248
"NSFG 15-44",1065,0.4,2,30,53,399,11,46.3915287386865
"NSFG 15-44",1065,0.4,3,30,106,1968,9,81.3499316226562
"NSFG 15-44",1065,0.4,4,30,73,307,8,95.3339911311475
"NSFG 15-44",1065,0.4,5,30,154,3914,7,120.938970617944
"NSFG 15-44",1065,0.4,6,30,149,1435,3,137.190526707568
"NSFG 15-44",1065,0.4,7,30,219,5091,4,161.661757903799
"NSFG 15-44",1065,0.4,8,30,243,7687,6,211.07545149249
"NSFG 15-44",1065,0.4,9,30,619,28135,1,414.11203845293
"NSFG 15-44",1065,0.4,10,30,266,7350,7,206.73174422833
"NSFG 15-44",1065,0.4,11,30,201,3113,4,307.730985037793
"NSFG 15-44",1065,0.4,12,30,220,2346,5,195.018673075488
"NSFG 15-44",1065,0.4,13,30,173,1763,4,173.006224358496
"NSFG 15-44",1065,0.4,14,30,287,4317,2,242.2605130321
"NSFG 15-44",1065,0.4,17,30,281,4153,2,263.521785254737
"NSFG 15-44",1065,0.4,18,30,563,18819,2,462.590253198194
"NSFG 15-44",1065,0.6,1,30,70,656,11,59.2654175545219
"NSFG 15-44",1065,0.6,2,30,109,1457,2,119.588922738647
"NSFG 15-44",1065,0.6,3,30,248,14852,4,194.725654737215
"NSFG 15-44",1065,0.6,4,30,463,46785,6,250.816809402928
"NSFG 15-44",1065,0.6,5,30,674,64982,2,344.999118734353
"NSFG 15-44",1065,0.6,6,30,447,49155,6,331.256489846259
"NSFG 15-44",1065,0.6,7,30,760,66334,5,547.118876582043
"NSFG 15-44",1065,0.6,8,30,958,129514,3,682.56660346799
"NSFG 15-44",1065,0.6,9,30,1616,180180,1,1304.73463997137
"NSFG 15-44",1065,0.6,10,30,442,11774,2,433.94103110475
"NSFG 15-44",1065,0.6,11,30,1211,136063,1,1016.95982531282
"NSFG 15-44",1065,0.6,12,30,181,2029,7,406.455773328562
"NSFG 15-44",1065,0.6,13,30,445,12671,3,297.485257776187
"NSFG 15-44",1065,0.6,14,30,535,14585,2,533.451309474431
"NSFG 15-44",1065,0.6,17,30,875,58475,2,528.198402216656
"NSFG 15-44",1065,0.6,18,30,1920,209168,1,1244.53623775472
"NSFG 15-44",1065,0.8,1,30,519,65651,7,576.027100339131
"NSFG 15-44",1065,0.8,2,30,628,150534,8,419.773353289619
"NSFG 15-44",1065,0.8,3,30,2070,748414,1,764.850340221562
"NSFG 15-44",1065,0.8,4,30,1860,685366,1,1295.81400379832
"NSFG 15-44",1065,0.8,5,30,2447,1078977,4,1421.20673651367
"NSFG 15-44",1065,0.8,6,30,3883,1588409,4,1394.51037015599
"NSFG 15-44",1065,0.8,7,30,2847,1102257,3,1953.63868170923
"NSFG 15-44",1065,0.8,8,30,4411,2018561,3,2253.6522318788
"NSFG 15-44",1065,0.8,9,30,10269,4500839,1,6299.56396292103
"NSFG 15-44",1065,0.8,10,30,2653,1027663,0,1760.89099073026
"NSFG 15-44",1065,0.8,11,30,5837,2269715,5,3936.67009613381
"NSFG 15-44",1065,0.8,12,30,459,8659,1,1301.92732715351
"NSFG 15-44",1065,0.8,13,30,3252,1510916,3,649.975775717835
"NSFG 15-44",1065,0.8,14,30,2712,685114,0,1766.7641172055
"NSFG 15-44",1065,0.8,17,30,7373,2899815,1,1590.91521501242
"NSFG 15-44",1065,0.8,18,30,7584,3247364,5,5332.64874790861
"NSFG 15-44",1066,0.2,1,30,8,8,22,8.03776010955561
"NSFG 15-44",1066,0.2,2,30,22,102,21,15.7698562026779
"NSFG 15-44",1066,0.2,3,30,29,87,14,23.8585603149724
"NSFG 15-44",1066,0.2,4,30,48,256,9,32.4057604519169
"NSFG 15-44",1066,0.2,5,30,51,187,8,41.4624006162503
"NSFG 15-44",1066,0.2,6,30,62,306,11,46.9020165861225
"NSFG 15-44",1066,0.2,7,30,55,227,10,58.0983048654893
"NSFG 15-44",1066,0.2,8,30,61,341,13,71.5361292653673
"NSFG 15-44",1066,0.2,9,30,54,202,8,64.0359685395613
"NSFG 15-44",1066,0.2,10,30,81,459,9,83.3832972571506
"NSFG 15-44",1066,0.2,12,30,89,629,12,88.8115209038337
"NSFG 15-44",1066,0.2,13,30,118,1064,9,100.924801232501
"NSFG 15-44",1066,0.2,14,30,65,291,10,87.0566401643334
"NSFG 15-44",1066,0.2,15,30,80,452,7,103.7548807395
"NSFG 15-44",1066,0.2,16,30,96,724,11,108.430336668289
"NSFG 15-44",1066,0.2,17,30,131,1075,4,143.264642218501
"NSFG 15-44",1066,0.4,1,30,19,43,18,25.6049794867969
"NSFG 15-44",1066,0.4,2,30,42,124,9,39.8724760679297
"NSFG 15-44",1066,0.4,3,30,70,492,10,65.7608926273682
"NSFG 15-44",1066,0.4,4,30,114,3352,7,89.6652496783154
"NSFG 15-44",1066,0.4,5,30,103,755,7,102.232123823599
"NSFG 15-44",1066,0.4,6,30,171,2951,6,146.543950104741
"NSFG 15-44",1066,0.4,7,30,269,5635,2,168.180810574556
"NSFG 15-44",1066,0.4,8,30,244,3918,4,222.412934398154
"NSFG 15-44",1066,0.4,9,30,133,1271,8,165.537725746245
"NSFG 15-44",1066,0.4,10,30,261,4969,5,250.097616342495
"NSFG 15-44",1066,0.4,12,30,240,3470,0,237.534233971728
"NSFG 15-44",1066,0.4,13,30,279,6435,6,283.546682688721
"NSFG 15-44",1066,0.4,14,30,161,1553,7,185.006224358496
"NSFG 15-44",1066,0.4,15,30,259,4109,2,256.528009613232
"NSFG 15-44",1066,0.4,16,30,306,9192,5,257.757400852852
"NSFG 15-44",1066,0.4,17,30,510,15942,5,433.584028839697
"NSFG 15-44",1066,0.6,1,30,17,25,16,40.2198402216656
"NSFG 15-44",1066,0.6,2,30,232,10932,5,119.588922738647
"NSFG 15-44",1066,0.6,3,30,165,3005,5,201.074180514834
"NSFG 15-44",1066,0.6,4,30,164,3654,5,203.202866070787
"NSFG 15-44",1066,0.6,5,30,237,7523,5,234.958005255628
"NSFG 15-44",1066,0.6,6,30,583,24605,3,449.762304361809
"NSFG 15-44",1066,0.6,7,30,344,12098,3,402.160871326415
"NSFG 15-44",1066,0.6,8,30,851,55655,2,628.60413435823
"NSFG 15-44",1066,0.6,9,30,317,6077,3,371.501350661419
"NSFG 15-44",1066,0.6,10,30,436,14968,0,700.579113764737
"NSFG 15-44",1066,0.6,12,30,549,25943,3,565.168917769031
"NSFG 15-44",1066,0.6,13,30,695,26807,2,710.139433321406
"NSFG 15-44",1066,0.6,14,30,359,7269,3,315.485257776187
"NSFG 15-44",1066,0.6,15,30,769,44025,3,555.683659992844
"NSFG 15-44",1066,0.6,16,30,612,29900,5,563.102783696812
"NSFG 15-44",1066,0.6,17,30,1331,107697,5,1163.05097997853
"NSFG 15-44",1066,0.8,1,30,107,3999,6,232.418395025999
"NSFG 15-44",1066,0.8,2,30,683,192895,5,594.394170743834
"NSFG 15-44",1066,0.8,3,30,1048,224036,3,607.128311553239
"NSFG 15-44",1066,0.8,4,30,548,34760,4,1194.42127108296
"NSFG 15-44",1066,0.8,5,30,636,40908,4,1240.95298946415
"NSFG 15-44",1066,0.8,6,30,2717,507619,0,1749.38493465972
"NSFG 15-44",1066,0.8,7,30,1661,220923,3,1959.27161130453
"NSFG 15-44",1066,0.8,8,30,1767,208323,3,2749.35003626495
"NSFG 15-44",1066,0.8,9,30,640,21416,1,1505.94087732307
"NSFG 15-44",1066,0.8,10,30,1253,208525,3,2357.98152783177
"NSFG 15-44",1066,0.8,12,30,3669,767663,2,2146.8667664481
"NSFG 15-44",1066,0.8,13,30,1677,125085,1,2846.81831788377
"NSFG 15-44",1066,0.8,14,30,741,32313,3,673.975775717836
"NSFG 15-44",1066,0.8,15,30,2285,368457,2,1880.89099073026
"NSFG 15-44",1066,0.8,16,30,2905,678391,4,1758.43482125253
"NSFG 15-44",1066,0.8,17,30,3732,674672,6,4970.67297219078
"NSFG 15-44",1067,0.2,1,30,5,7,26,8.03776010955561
"NSFG 15-44",1067,0.2,2,30,19,53,21,16.7377922547168
"NSFG 15-44",1067,0.2,3,30,14,30,21,21.3623041807667
"NSFG 15-44",1067,0.2,4,30,24,62,18,32.9152004793058
"NSFG 15-44",1067,0.2,5,30,28,92,19,37.3359363944002
"NSFG 15-44",1067,0.2,6,30,29,69,14,45.271808498478
"NSFG 15-44",1067,0.2,7,30,44,144,11,48.7246083615335
"NSFG 15-44",1067,0.2,8,30,32,100,15,59.0548485943392
"NSFG 15-44",1067,0.2,9,30,66,378,12,70.1492488682282
"NSFG 15-44",1067,0.2,10,30,64,242,5,65.1962882793668
"NSFG 15-44",1067,0.2,11,30,85,607,9,82.3530248791837
"NSFG 15-44",1067,0.2,12,30,78,340,7,82.698240575167
"NSFG 15-44",1067,0.2,13,30,46,236,18,91.6529927340226
"NSFG 15-44",1067,0.4,1,30,12,14,19,17.668741452832
"NSFG 15-44",1067,0.4,2,30,30,56,11,33.3534233971729
"NSFG 15-44",1067,0.4,3,30,57,247,11,57.8246545934033
"NSFG 15-44",1067,0.4,4,30,123,1247,5,87.9646272424658
"NSFG 15-44",1067,0.4,5,30,68,356,5,87.2099589735938
"NSFG 15-44",1067,0.4,6,30,106,646,5,117.916805767939
"NSFG 15-44",1067,0.4,7,30,88,456,6,124.531501387749
"NSFG 15-44",1067,0.4,8,30,153,1289,5,150.986792092471
"NSFG 15-44",1067,0.4,9,30,210,2644,4,202.667982262295
"NSFG 15-44",1067,0.4,10,30,191,1861,1,164.783057477373
"NSFG 15-44",1067,0.4,11,30,263,4855,5,253.594504163247
"NSFG 15-44",1067,0.4,12,30,217,2591,4,203.521785254736
"NSFG 15-44",1067,0.4,13,30,212,2316,1,216.08865940002
"NSFG 15-44",1067,0.6,1,30,30,146,13,38.1036649624594
"NSFG 15-44",1067,0.6,2,30,80,436,5,96.3109948873781
"NSFG 15-44",1067,0.6,3,30,144,2662,4,150.285974293884
"NSFG 15-44",1067,0.6,4,30,155,1577,3,231.771232070072
"NSFG 15-44",1067,0.6,5,30,263,5047,2,222.26095370039
"NSFG 15-44",1067,0.6,6,30,220,3800,5,296.339598069356
"NSFG 15-44",1067,0.6,7,30,218,3474,5,265.667567107612
"NSFG 15-44",1067,0.6,8,30,304,4178,2,368.314577475862
"NSFG 15-44",1067,0.6,9,30,286,3924,3,485.774814658556
"NSFG 15-44",1067,0.6,10,30,301,5005,1,296.389639256344
"NSFG 15-44",1067,0.6,11,30,557,15441,0,642.396804433312
"NSFG 15-44",1067,0.6,12,30,583,16943,2,438.198402216656
"NSFG 15-44",1067,0.6,13,30,421,9219,0,443.501350661418
"NSFG 15-44",1067,0.8,1,30,117,5773,7,221.152535835404
"NSFG 15-44",1067,0.8,2,30,143,1425,1,363.444057336646
"NSFG 15-44",1067,0.8,3,30,113,701,4,325.481831788377
"NSFG 15-44",1067,0.8,4,30,578,28480,1,845.179636174535
"NSFG 15-44",1067,0.8,5,30,425,12481,4,1038.16752403345
"NSFG 15-44",1067,0.8,6,30,329,6013,4,1293.11763744064
"NSFG 15-44",1067,0.8,7,30,378,9026,0,866.48326981686
"NSFG 15-44",1067,0.8,8,30,610,20476,1,1662.19462437258
"NSFG 15-44",1067,0.8,9,30,737,34331,3,1855.1825122315
"NSFG 15-44",1067,0.8,10,30,562,14156,1,1220.12974958172
"NSFG 15-44",1067,0.8,11,30,755,29645,4,2072.17040009042
"NSFG 15-44",1067,0.8,12,30,1272,64494,1,1470.91521501242
"NSFG 15-44",1067,0.8,13,30,730,47608,2,1269.59803120053
"NSFG 15-44",1068,0.2,1,30,4,4,26,7.63020808764449
"NSFG 15-44",1068,0.2,2,30,20,48,18,14.0887041122945
"NSFG 15-44",1068,0.2,3,30,19,41,19,22.8906242629334
"NSFG 15-44",1068,0.2,4,30,30,122,18,27.9736322136334
"NSFG 15-44",1068,0.2,5,30,30,70,13,37.9982084300057
"NSFG 15-44",1068,0.2,6,30,21,43,16,47.0039045916003
"NSFG 15-44",1068,0.2,7,30,59,285,10,50.1510404382224
"NSFG 15-44",1068,0.2,8,30,58,268,11,62.5190407805837
"NSFG 15-44",1068,0.2,9,30,52,198,11,60.7755523642724
"NSFG 15-44",1068,0.2,10,30,90,546,9,78.2379529805227
"NSFG 15-44",1068,0.2,11,30,110,662,5,78.2265606573336
"NSFG 15-44",1068,0.2,12,30,57,339,15,97.981441396834
"NSFG 15-44",1068,0.4,1,30,26,124,17,22.4871716877393
"NSFG 15-44",1068,0.4,2,30,18,38,19,48.3755882471777
"NSFG 15-44",1068,0.4,3,30,49,153,9,55.5571580122705
"NSFG 15-44",1068,0.4,4,30,95,1045,10,80.028389208501
"NSFG 15-44",1068,0.4,5,30,69,295,8,92.5952633537842
"NSFG 15-44",1068,0.4,6,30,105,725,9,125.569606729263
"NSFG 15-44",1068,0.4,7,30,160,2160,5,142.104599891528
"NSFG 15-44",1068,0.4,8,30,196,1904,1,178.196751066064
"NSFG 15-44",1068,0.4,9,30,109,659,5,149.665249678315
"NSFG 15-44",1068,0.4,10,30,240,3514,5,223.171094441543
"NSFG 15-44",1068,0.4,11,30,159,1505,6,194.072718908511
"NSFG 15-44",1068,0.4,12,30,349,6605,6,288.552907047217
"NSFG 15-44",1068,0.6,1,30,13,13,17,33.8713144440469
"NSFG 15-44",1068,0.6,2,30,57,315,8,68.8007165176969
"NSFG 15-44",1068,0.6,3,30,297,16637,9,148.169799034678
"NSFG 15-44",1068,0.6,4,30,207,2881,3,176.750675330709
"NSFG 15-44",1068,0.6,5,30,242,4910,4,197.924938219519
"NSFG 15-44",1068,0.6,6,30,236,4462,4,255.074180514834
"NSFG 15-44",1068,0.6,7,30,252,4446,3,311.165335180547
"NSFG 15-44",1068,0.6,8,30,297,4275,0,459.310113621731
"NSFG 15-44",1068,0.6,9,30,256,2994,1,313.306531033247
"NSFG 15-44",1068,0.6,10,30,283,4125,5,560.911546657125
"NSFG 15-44",1068,0.6,11,30,259,3237,2,417.024139327847
"NSFG 15-44",1068,0.6,12,30,843,42149,2,755.624691097593
"NSFG 15-44",1068,0.8,1,30,49,305,12,249.31718381189
"NSFG 15-44",1068,0.8,2,30,142,1970,6,357.811127741349
"NSFG 15-44",1068,0.8,3,30,485,36289,3,573.330733981456
"NSFG 15-44",1068,0.8,4,30,415,22795,1,743.786903459184
"NSFG 15-44",1068,0.8,5,30,570,46448,4,773.419833054482
"NSFG 15-44",1068,0.8,6,30,549,28333,3,1304.38349663123
"NSFG 15-44",1068,0.8,7,30,651,44693,7,1305.85177825005
"NSFG 15-44",1068,0.8,8,30,700,23740,1,1836.8154418268
"NSFG 15-44",1068,0.8,9,30,360,5284,2,1010.24307293691
"NSFG 15-44",1068,0.8,10,30,1362,117210,3,2380.51324621296
"NSFG 15-44",1068,0.8,11,30,785,45549,4,1548.30794772777
"NSFG 15-44",1068,0.8,12,30,2086,224924,5,3160.7940936016
"NSFG 15-44",1069,0.2,1,30,9,13,23,7.17171206299448
"NSFG 15-44",1069,0.2,2,30,6,6,24,15.8717442081557
"NSFG 15-44",1069,0.2,3,30,22,102,20,21.6679681972001
"NSFG 15-44",1069,0.2,4,30,32,144,15,28.8396802601946
"NSFG 15-44",1069,0.2,5,30,63,305,9,41.9718406436392
"NSFG 15-44",1069,0.2,6,30,54,212,10,44.7114244683502
"NSFG 15-44",1069,0.2,7,30,58,286,10,49.1831043861835
"NSFG 15-44",1069,0.2,8,30,43,147,13,69.345537147595
"NSFG 15-44",1069,0.2,9,30,60,322,10,67.1435527066337
"NSFG 15-44",1069,0.2,10,30,66,324,9,73.7039367367614
"NSFG 15-44",1069,0.2,11,30,87,475,7,81.2832008216671
"NSFG 15-44",1069,0.2,12,30,128,1040,5,87.8945288545338
"NSFG 15-44",1069,0.2,13,30,114,862,8,94.8115209038337
"NSFG 15-44",1069,0.4,1,30,18,60,20,24.4712311962305
"NSFG 15-44",1069,0.4,2,30,23,57,17,37.0381053415137
"NSFG 15-44",1069,0.4,3,30,72,676,12,59.525277029253
"NSFG 15-44",1069,0.4,4,30,44,154,14,75.2099589735937
"NSFG 15-44",1069,0.4,5,30,111,1183,8,100.531501387749
"NSFG 15-44",1069,0.4,6,30,121,1083,8,130.954911109453
"NSFG 15-44",1069,0.4,7,30,119,705,4,124.531501387749
"NSFG 15-44",1069,0.4,8,30,197,2101,3,188.967359826445
"NSFG 15-44",1069,0.4,9,30,167,1841,8,181.977075959458
"NSFG 15-44",1069,0.4,10,30,175,2029,5,208.999240809463
"NSFG 15-44",1069,0.4,11,30,196,2222,3,241.406710039658
"NSFG 15-44",1069,0.4,12,30,254,3984,6,227.330499356631
"NSFG 15-44",1069,0.4,13,30,205,2835,7,249.534233971729
"NSFG 15-44",1069,0.6,1,30,74,738,10,66.6720309617437
"NSFG 15-44",1069,0.6,2,30,72,420,9,109.008046442616
"NSFG 15-44",1069,0.6,3,30,152,2202,5,142.879360886662
"NSFG 15-44",1069,0.6,4,30,216,7030,7,203.202866070787
"NSFG 15-44",1069,0.6,5,30,242,4968,3,314.314577475862
"NSFG 15-44",1069,0.6,6,30,260,4806,2,314.327087772609
"NSFG 15-44",1069,0.6,7,30,284,4972,5,292.11975784769
"NSFG 15-44",1069,0.6,8,30,347,8301,6,484.704216732206
"NSFG 15-44",1069,0.6,9,30,454,11194,4,438.160871326415
"NSFG 15-44",1069,0.6,10,30,300,5422,5,509.065252806572
"NSFG 15-44",1069,0.6,11,30,325,5211,2,539.762304361809
"NSFG 15-44",1069,0.6,12,30,458,10858,5,501.683659992843
"NSFG 15-44",1069,0.6,13,30,461,13869,2,583.168917769031
"NSFG 15-44",1069,0.8,1,30,119,4267,4,125.392732715351
"NSFG 15-44",1069,0.8,2,30,210,9684,1,363.444057336646
"NSFG 15-44",1069,0.8,3,30,290,8544,2,533.900226814375
"NSFG 15-44",1069,0.8,4,30,217,3985,1,597.330733981456
"NSFG 15-44",1069,0.8,5,30,653,28199,2,1562.0299763961
"NSFG 15-44",1069,0.8,6,30,738,48884,1,1242.42127108296
"NSFG 15-44",1069,0.8,7,30,551,23803,3,967.87600253221
"NSFG 15-44",1069,0.8,8,30,783,26545,2,2467.70355650009
"NSFG 15-44",1069,0.8,9,30,1155,76171,2,1719.99220194437
"NSFG 15-44",1069,0.8,10,30,911,48483,2,1963.67645616096
"NSFG 15-44",1069,0.8,11,30,558,13994,4,1829.95442749264
"NSFG 15-44",1069,0.8,12,30,881,43787,5,1977.87887858918
"NSFG 15-44",1069,0.8,13,30,1601,160105,3,2170.8667664481
"NSFG 15-44",1070,0.2,1,30,8,14,24,7.17171206299448
"NSFG 15-44",1070,0.2,2,30,12,16,20,16.635904249239
"NSFG 15-44",1070,0.2,3,30,24,72,19,28.6982405751669
"NSFG 15-44",1070,0.2,4,30,32,104,16,31.7434884163113
"NSFG 15-44",1070,0.2,5,30,47,375,14,41.105792597078
"NSFG 15-44",1070,0.2,6,30,31,89,17,44.354816449178
"NSFG 15-44",1070,0.2,7,30,56,190,9,56.0605447559337
"NSFG 15-44",1070,0.2,8,30,67,293,10,64.5568008901393
"NSFG 15-44",1070,0.2,9,30,33,119,15,76.262529196895
"NSFG 15-44",1070,0.2,10,30,115,911,6,73.3473287175892
"NSFG 15-44",1070,0.2,11,30,69,345,11,86.8360971202061
"NSFG 15-44",1070,0.2,12,30,95,591,8,97.981441396834
"NSFG 15-44",1070,0.2,13,30,113,933,6,100.109697188678
"NSFG 15-44",1070,0.2,14,30,129,829,3,119.151361889834
"NSFG 15-44",1070,0.2,15,30,178,2124,5,149.604483204502
"NSFG 15-44",1070,0.4,1,30,20,68,18,18.8024897433984
"NSFG 15-44",1070,0.4,2,30,63,581,11,54.3277667726514
"NSFG 15-44",1070,0.4,3,30,79,613,10,73.4136935886914
"NSFG 15-44",1070,0.4,4,30,161,2733,7,93.9168057679395
"NSFG 15-44",1070,0.4,5,30,84,508,7,117.821162818887
"NSFG 15-44",1070,0.4,6,30,145,1663,5,138.891149143418
"NSFG 15-44",1070,0.4,7,30,196,4400,5,154.8592681604
"NSFG 15-44",1070,0.4,8,30,169,1743,4,208.241080766074
"NSFG 15-44",1070,0.4,9,30,152,2184,5,223.642325637773
"NSFG 15-44",1070,0.4,10,30,158,1726,7,189.725519869834
"NSFG 15-44",1070,0.4,11,30,293,5867,3,228.368604698144
"NSFG 15-44",1070,0.4,12,30,285,5447,6,288.552907047217
"NSFG 15-44",1070,0.4,13,30,268,4276,5,297.151662175518
"NSFG 15-44",1070,0.4,14,30,311,5155,4,363.571580122705
"NSFG 15-44",1070,0.4,15,30,751,34861,2,511.621374990673
"NSFG 15-44",1070,0.6,1,30,36,162,12,47.6264536288875
"NSFG 15-44",1070,0.6,2,30,92,996,8,147.099201108328
"NSFG 15-44",1070,0.6,3,30,179,3857,8,183.086690811581
"NSFG 15-44",1070,0.6,4,30,143,1195,4,250.816809402928
"NSFG 15-44",1070,0.6,5,30,417,27539,4,320.663103253481
"NSFG 15-44",1070,0.6,6,30,556,37372,6,331.256489846259
"NSFG 15-44",1070,0.6,7,30,572,30504,3,467.762304361809
"NSFG 15-44",1070,0.6,8,30,437,12607,3,529.143897175537
"NSFG 15-44",1070,0.6,9,30,612,29546,5,683.63720139434
"NSFG 15-44",1070,0.6,10,30,496,14430,3,440.289556882368
"NSFG 15-44",1070,0.6,11,30,586,24938,2,634.99019102609
"NSFG 15-44",1070,0.6,12,30,813,57211,1,755.624691097593
"NSFG 15-44",1070,0.6,13,30,567,17397,1,642.421825026806
"NSFG 15-44",1070,0.6,14,30,717,27045,4,982.080464426156
"NSFG 15-44",1070,0.6,15,30,1384,128448,3,1507.96252663566
"NSFG 15-44",1070,0.8,1,30,63,717,6,142.291521501242
"NSFG 15-44",1070,0.8,2,30,174,2796,5,487.368508433186
"NSFG 15-44",1070,0.8,3,30,1525,401899,1,804.280847388643
"NSFG 15-44",1070,0.8,4,30,1343,316625,2,693.090537101509
"NSFG 15-44",1070,0.8,5,30,943,178081,5,1167.72490472529
"NSFG 15-44",1070,0.8,6,30,2687,684005,2,1321.28228541713
"NSFG 15-44",1070,0.8,7,30,1752,383332,3,1632.56169477729
"NSFG 15-44",1070,0.8,8,30,1264,152902,1,2281.81687985528
"NSFG 15-44",1070,0.8,9,30,2795,652721,0,2193.15828794934
"NSFG 15-44",1070,0.8,10,30,824,34462,2,2166.46192159166
"NSFG 15-44",1070,0.8,11,30,2063,397707,2,2646.72921881074
"NSFG 15-44",1070,0.8,12,30,2839,504381,1,3160.7940936016
"NSFG 15-44",1070,0.8,13,30,889,39705,5,2846.81831788377
"NSFG 15-44",1070,0.8,14,30,3328,780140,0,4222.7214207551
"NSFG 15-44",1070,0.8,15,30,5397,1273443,0,6950.5276264978
"NSFG 15-44",1071,0.2,1,30,7,11,25,7.47737607942782
"NSFG 15-44",1071,0.2,2,30,12,14,19,13.7830400958612
"NSFG 15-44",1071,0.2,3,30,15,27,20,29.7680646326836
"NSFG 15-44",1071,0.2,4,30,22,50,17,32.5585924601335
"NSFG 15-44",1071,0.2,5,30,36,134,14,36.5208323505779
"NSFG 15-44",1071,0.2,6,30,43,289,14,51.4360328298837
"NSFG 15-44",1071,0.2,7,30,83,491,9,65.6889612735839
"NSFG 15-44",1071,0.2,8,30,49,167,11,65.7285129531337
"NSFG 15-44",1071,0.2,9,30,42,266,18,64.9020165861225
"NSFG 15-44",1071,0.2,10,30,65,267,10,67.6416004108335
"NSFG 15-44",1071,0.2,11,30,71,415,12,78.4303366682892
"NSFG 15-44",1071,0.2,12,30,121,867,5,94.9248012325005
"NSFG 15-44",1071,0.2,14,30,121,1079,8,135.962882793668
"NSFG 15-44",1071,0.2,15,30,109,1103,7,134.321282382834
"NSFG 15-44",1071,0.4,1,30,14,16,17,25.3215424141553
"NSFG 15-44",1071,0.4,2,30,60,490,11,52.3437072641601
"NSFG 15-44",1071,0.4,3,30,115,2065,8,70.5793228622754
"NSFG 15-44",1071,0.4,4,30,156,3608,7,94.200242840581
"NSFG 15-44",1071,0.4,5,30,145,2465,6,109.60148771228
"NSFG 15-44",1071,0.4,6,30,186,2752,4,144.55989059625
"NSFG 15-44",1071,0.4,7,30,214,7880,6,208.428874889663
"NSFG 15-44",1071,0.4,8,30,145,1727,6,175.929254484932
"NSFG 15-44",1071,0.4,9,30,204,3284,7,166.38803696417
"NSFG 15-44",1071,0.4,10,30,140,1098,3,162.51556089624
"NSFG 15-44",1071,0.4,11,30,357,14475,5,200.875208651909
"NSFG 15-44",1071,0.4,12,30,279,4381,4,271.546682688721
"NSFG 15-44",1071,0.4,14,30,446,14230,8,457.105814094434
"NSFG 15-44",1071,0.4,15,30,603,23577,2,426.590253198194
"NSFG 15-44",1071,0.6,1,30,44,574,14,47.6264536288875
"NSFG 15-44",1071,0.6,2,30,71,393,10,135.460237182694
"NSFG 15-44",1071,0.6,3,30,216,4408,4,194.725654737215
"NSFG 15-44",1071,0.6,4,30,122,2078,11,241.2940207365
"NSFG 15-44",1071,0.6,5,30,704,86844,4,254.003582588484
"NSFG 15-44",1071,0.6,6,30,433,30979,3,352.418242438322
"NSFG 15-44",1071,0.6,7,30,404,20826,5,503.737283768315
"NSFG 15-44",1071,0.6,8,30,461,20141,2,578.874015766884
"NSFG 15-44",1071,0.6,9,30,684,65902,2,379.966051698244
"NSFG 15-44",1071,0.6,10,30,299,4217,3,338.713144440469
"NSFG 15-44",1071,0.6,11,30,594,40152,6,552.459355917046
"NSFG 15-44",1071,0.6,12,30,429,8539,2,692.139433321405
"NSFG 15-44",1071,0.6,14,30,2070,200558,1,1331.24938219519
"NSFG 15-44",1071,0.6,15,30,1619,162799,3,1190.53623775472
"NSFG 15-44",1071,0.8,1,30,72,1466,6,147.92445109654
"NSFG 15-44",1071,0.8,2,30,1171,345491,2,690.153973863887
"NSFG 15-44",1071,0.8,3,30,582,168308,5,697.255185077995
"NSFG 15-44",1071,0.8,4,30,1451,457091,2,1025.43338322405
"NSFG 15-44",1071,0.8,5,30,1125,149505,6,993.104087271074
"NSFG 15-44",1071,0.8,6,30,2284,635992,2,1715.58735708793
"NSFG 15-44",1071,0.8,7,30,1605,336851,1,2471.86820447658
"NSFG 15-44",1071,0.8,8,30,3481,1009047,2,2338.14617580825
"NSFG 15-44",1071,0.8,9,30,3864,1431270,2,1432.71279258421
"NSFG 15-44",1071,0.8,10,30,379,7725,6,1084.93943929459
"NSFG 15-44",1071,0.8,11,30,4538,1235642,1,2044.00575211393
"NSFG 15-44",1071,0.8,12,30,777,23197,2,2822.81831788377
"NSFG 15-44",1071,0.8,14,30,5588,1668908,2,6081.58818720321
"NSFG 15-44",1071,0.8,15,30,6371,2058233,1,5260.64874790861
"NSFG 15-44",1072,0.2,1,30,9,11,22,8.03776010955561
"NSFG 15-44",1072,0.2,2,30,17,127,23,18.1132803286668
"NSFG 15-44",1072,0.2,3,30,19,35,18,22.3302402328057
"NSFG 15-44",1072,0.2,4,30,23,55,17,29.5019522958001
"NSFG 15-44",1072,0.2,5,30,45,183,13,34.5849602465001
"NSFG 15-44",1072,0.2,6,30,48,314,15,48.6341126792447
"NSFG 15-44",1072,0.2,7,30,66,268,7,59.5756809449171
"NSFG 15-44",1072,0.2,8,30,101,1015,10,74.1852174077895
"NSFG 15-44",1072,0.2,9,30,115,1271,6,77.3323532544117
"NSFG 15-44",1072,0.2,10,30,78,482,11,72.2265606573336
"NSFG 15-44",1072,0.2,12,30,77,435,11,78.1132803286668
"NSFG 15-44",1072,0.2,13,30,60,402,14,84.1132803286668
"NSFG 15-44",1072,0.2,14,30,83,573,12,88.5849602465002
"NSFG 15-44",1072,0.2,21,30,181,1885,4,161.151361889834
"NSFG 15-44",1072,0.4,1,30,8,10,23,19.6528009613232
"NSFG 15-44",1072,0.4,2,30,68,546,10,45.8246545934033
"NSFG 15-44",1072,0.4,3,30,26,60,16,53.8565355764209
"NSFG 15-44",1072,0.4,4,30,107,1611,12,89.3818126056738
"NSFG 15-44",1072,0.4,5,30,70,266,5,85.5093365377442
"NSFG 15-44",1072,0.4,6,30,156,1470,2,149.378320831157
"NSFG 15-44",1072,0.4,7,30,183,1873,5,164.496128630215
"NSFG 15-44",1072,0.4,8,30,235,5743,7,259.543190914204
"NSFG 15-44",1072,0.4,9,30,140,2038,9,280.896614311377
"NSFG 15-44",1072,0.4,10,30,217,3245,5,188.024897433984
"NSFG 15-44",1072,0.4,12,30,174,1612,3,178.012448716992
"NSFG 15-44",1072,0.4,13,30,159,1481,6,190.012448716992
"NSFG 15-44",1072,0.4,14,30,155,1451,4,193.509336537744
"NSFG 15-44",1072,0.4,21,30,709,25335,0,447.571580122705
"NSFG 15-44",1072,0.6,1,30,77,2027,10,60.323505184125
"NSFG 15-44",1072,0.6,2,30,60,276,7,71.9749794065063
"NSFG 15-44",1072,0.6,3,30,217,5877,3,154.518324812297
"NSFG 15-44",1072,0.6,4,30,267,13399,5,266.688123846975
"NSFG 15-44",1072,0.6,5,30,131,1147,4,186.285974293884
"NSFG 15-44",1072,0.6,6,30,349,15229,4,295.281510439753
"NSFG 15-44",1072,0.6,7,30,368,12338,1,459.297603324984
"NSFG 15-44",1072,0.6,8,30,807,51607,1,688.915129245609
"NSFG 15-44",1072,0.6,9,30,728,31494,2,720.67026843045
"NSFG 15-44",1072,0.6,10,30,444,15024,5,433.941031104749
"NSFG 15-44",1072,0.6,12,30,264,3366,3,342.970515552375
"NSFG 15-44",1072,0.6,13,30,370,5888,2,360.970515552375
"NSFG 15-44",1072,0.6,14,30,287,3575,2,347.227886664281
"NSFG 15-44",1072,0.6,21,30,1273,102051,3,1108.08046442616
"NSFG 15-44",1072,0.8,1,30,45,125,7,232.418395025999
"NSFG 15-44",1072,0.8,2,30,404,47296,2,397.24163490843
"NSFG 15-44",1072,0.8,3,30,808,98572,3,809.91377698394
"NSFG 15-44",1072,0.8,4,30,879,82229,2,1081.76267917702
"NSFG 15-44",1072,0.8,5,30,482,24208,1,750.888114673292
"NSFG 15-44",1072,0.8,6,30,639,29257,2,2014.13262563869
"NSFG 15-44",1072,0.8,7,30,931,87937,3,2235.28516147409
"NSFG 15-44",1072,0.8,8,30,1593,153491,1,2777.51468424144
"NSFG 15-44",1072,0.8,9,30,1649,186029,1,2604.36214840604
"NSFG 15-44",1072,0.8,10,30,1764,136314,1,1591.90310287134
"NSFG 15-44",1072,0.8,12,30,1156,93474,0,963.95155143567
"NSFG 15-44",1072,0.8,13,30,497,9457,2,987.951551435671
"NSFG 15-44",1072,0.8,14,30,396,5836,0,842.963663576753
"NSFG 15-44",1072,0.8,21,30,2924,383484,1,4390.72142075511
"NSFG 15-44",1073,0.2,1,30,4,4,26,7.52832008216671
"NSFG 15-44",1073,0.2,2,30,22,100,19,17.3491202875835
"NSFG 15-44",1073,0.2,3,30,27,67,16,23.552896298539
"NSFG 15-44",1073,0.2,4,30,33,97,14,28.4830722410223
"NSFG 15-44",1073,0.2,5,30,35,85,9,37.0812163807057
"NSFG 15-44",1073,0.2,6,30,39,111,11,45.8831365313447
"NSFG 15-44",1073,0.2,7,30,49,197,8,54.9397766956781
"NSFG 15-44",1073,0.2,8,30,51,179,10,53.552896298539
"NSFG 15-44",1073,0.2,9,30,68,344,11,66.1246726518558
"NSFG 15-44",1073,0.2,10,30,74,386,7,66.1132803286668
"NSFG 15-44",1073,0.2,12,30,72,344,6,85.9586567504559
"NSFG 15-44",1073,0.2,14,30,73,369,6,99.283200821667
"NSFG 15-44",1073,0.2,15,30,100,686,4,114.860673336578
"NSFG 15-44",1073,0.4,1,30,84,2878,18,21.0699863245312
"NSFG 15-44",1073,0.4,2,30,52,152,6,50.3596477556689
"NSFG 15-44",1073,0.4,3,30,51,231,11,67.4615150632178
"NSFG 15-44",1073,0.4,4,30,81,461,8,74.9265219009521
"NSFG 15-44",1073,0.4,5,30,84,562,12,101.098375533032
"NSFG 15-44",1073,0.4,6,30,131,1123,5,129.821162818887
"NSFG 15-44",1073,0.4,7,30,176,2280,4,147.489904271719
"NSFG 15-44",1073,0.4,8,30,185,2001,3,156.08865940002
"NSFG 15-44",1073,0.4,9,30,150,1210,3,173.190526707568
"NSFG 15-44",1073,0.4,10,30,142,1070,1,154.012448716992
"NSFG 15-44",1073,0.4,12,30,271,3677,4,218.827387177383
"NSFG 15-44",1073,0.4,14,30,382,10204,7,253.03112179248
"NSFG 15-44",1073,0.4,15,30,381,9683,5,318.317291449101
"NSFG 15-44",1073,0.6,1,30,40,334,13,35.9874897032531
"NSFG 15-44",1073,0.6,2,30,127,3289,7,93.1367319985687
"NSFG 15-44",1073,0.6,3,30,134,2346,5,168.273463997137
"NSFG 15-44",1073,0.6,4,30,295,9875,4,247.642546514119
"NSFG 15-44",1073,0.6,5,30,88,574,11,215.912427922772
"NSFG 15-44",1073,0.6,6,30,214,2878,3,287.874897032531
"NSFG 15-44",1073,0.6,7,30,280,9870,2,340.791788809434
"NSFG 15-44",1073,0.6,8,30,277,5795,2,275.202866070787
"NSFG 15-44",1073,0.6,9,30,367,12417,1,430.754257919194
"NSFG 15-44",1073,0.6,10,30,284,3262,0,306.970515552375
"NSFG 15-44",1073,0.6,12,30,481,13431,4,503.79983525205
"NSFG 15-44",1073,0.6,14,30,819,33491,1,569.426288880937
"NSFG 15-44",1073,0.6,15,30,728,32420,2,735.558557025375
"NSFG 15-44",1073,0.8,1,30,114,1682,4,384.507494099024
"NSFG 15-44",1073,0.8,2,30,217,16105,3,391.608705313133
"NSFG 15-44",1073,0.8,3,30,547,39871,3,657.824677910914
"NSFG 15-44",1073,0.8,4,30,388,14324,3,884.610143341616
"NSFG 15-44",1073,0.8,5,30,709,55043,3,976.205298485183
"NSFG 15-44",1073,0.8,6,30,846,59800,1,1146.66146796291
"NSFG 15-44",1073,0.8,7,30,871,46371,3,1525.53603246664
"NSFG 15-44",1073,0.8,8,30,487,22267,4,1177.76267917702
"NSFG 15-44",1073,0.8,9,30,1058,82034,1,1691.82755396788
"NSFG 15-44",1073,0.8,10,30,309,4213,5,915.95155143567
"NSFG 15-44",1073,0.8,12,30,1408,104196,4,1763.82755396788
"NSFG 15-44",1073,0.8,14,30,1930,189886,1,2025.87887858918
"NSFG 15-44",1073,0.8,15,30,1607,163631,3,2973.67933221793
"NSFG 15-44",1074,0.2,1,30,9,15,23,8.03776010955561
"NSFG 15-44",1074,0.2,2,30,14,34,22,15.2094721725501
"NSFG 15-44",1074,0.2,3,30,40,528,19,21.7698562026779
"NSFG 15-44",1074,0.2,4,30,21,37,16,29.4000642903224
"NSFG 15-44",1074,0.2,5,30,45,129,8,39.0170884847835
"NSFG 15-44",1074,0.2,6,30,32,92,14,46.1378565450392
"NSFG 15-44",1074,0.2,7,30,45,153,13,53.0039045916003
"NSFG 15-44",1074,0.2,8,30,80,412,8,59.4624006162503
"NSFG 15-44",1074,0.2,9,30,74,676,10,63.6793605203891
"NSFG 15-44",1074,0.2,10,30,86,414,5,69.6284165176502
"NSFG 15-44",1074,0.2,11,30,71,347,8,78.2265606573336
"NSFG 15-44",1074,0.2,12,30,98,718,8,94.9248012325005
"NSFG 15-44",1074,0.2,13,30,137,1367,8,123.849602465001
"NSFG 15-44",1074,0.2,17,30,147,1183,4,134.094721725501
"NSFG 15-44",1074,0.2,19,30,155,1755,6,138.453121314667
"NSFG 15-44",1074,0.4,1,30,34,132,11,21.920297542456
"NSFG 15-44",1074,0.4,2,30,42,192,16,42.7068467943457
"NSFG 15-44",1074,0.4,3,30,68,506,13,63.776833118877
"NSFG 15-44",1074,0.4,4,30,110,1362,7,93.0664945500147
"NSFG 15-44",1074,0.4,5,30,185,4619,9,109.884924784922
"NSFG 15-44",1074,0.4,6,30,87,643,6,113.381812605674
"NSFG 15-44",1074,0.4,7,30,189,2045,3,146.356155981152
"NSFG 15-44",1074,0.4,8,30,115,777,6,162.324274998135
"NSFG 15-44",1074,0.4,9,30,180,2390,5,175.17458621606
"NSFG 15-44",1074,0.4,10,30,168,1850,8,176.970851600962
"NSFG 15-44",1074,0.4,11,30,192,2262,5,200.024897433984
"NSFG 15-44",1074,0.4,12,30,255,5065,4,271.546682688721
"NSFG 15-44",1074,0.4,13,30,555,16141,1,411.093365377441
"NSFG 15-44",1074,0.4,17,30,404,10538,5,382.565355764209
"NSFG 15-44",1074,0.4,19,30,315,6273,4,364.049794867969
"NSFG 15-44",1074,0.6,1,30,123,4073,10,73.0205567393624
"NSFG 15-44",1074,0.6,2,30,80,1482,8,107.949958813012
"NSFG 15-44",1074,0.6,3,30,186,3378,6,198.958005255628
"NSFG 15-44",1074,0.6,4,30,129,1205,7,200.028603181978
"NSFG 15-44",1074,0.6,5,30,490,37312,4,240.248443403644
"NSFG 15-44",1074,0.6,6,30,262,8222,3,312.210912513403
"NSFG 15-44",1074,0.6,7,30,503,14799,2,361.953541401497
"NSFG 15-44",1074,0.6,8,30,211,1965,4,343.97856199499
"NSFG 15-44",1074,0.6,9,30,540,23692,3,375.733701179831
"NSFG 15-44",1074,0.6,10,30,311,7943,4,372.571948587768
"NSFG 15-44",1074,0.6,11,30,364,5806,1,451.94103110475
"NSFG 15-44",1074,0.6,12,30,1006,76034,2,692.139433321405
"NSFG 15-44",1074,0.6,13,30,1036,65174,3,1186.27886664281
"NSFG 15-44",1074,0.6,17,30,1057,53601,0,972.595206649968
"NSFG 15-44",1074,0.6,19,30,925,43097,1,849.882062209499
"NSFG 15-44",1074,0.8,1,30,131,3667,7,170.456169477729
"NSFG 15-44",1074,0.8,2,30,106,1468,4,239.519606240107
"NSFG 15-44",1074,0.8,3,30,536,92184,4,804.280847388643
"NSFG 15-44",1074,0.8,4,30,963,178381,4,980.369946461669
"NSFG 15-44",1074,0.8,5,30,1108,139914,1,1122.66146796291
"NSFG 15-44",1074,0.8,6,30,973,108145,2,1366.3457221795
"NSFG 15-44",1074,0.8,7,30,785,91433,6,1294.58591905945
"NSFG 15-44",1074,0.8,8,30,392,7482,6,1560.80189165723
"NSFG 15-44",1074,0.8,9,30,2628,493950,2,1472.14329975129
"NSFG 15-44",1074,0.8,10,30,738,45374,2,1237.02853836761
"NSFG 15-44",1074,0.8,11,30,753,23717,0,1615.90310287134
"NSFG 15-44",1074,0.8,12,30,2753,543031,3,2822.81831788377
"NSFG 15-44",1074,0.8,13,30,4609,960745,2,5381.63663576753
"NSFG 15-44",1074,0.8,17,30,4195,898623,3,3956.74564503727
"NSFG 15-44",1074,0.8,19,30,1933,171703,4,3159.80620574268
"NSFG 15-44",1075,0.2,1,30,6,6,24,9.00569616159452
"NSFG 15-44",1075,0.2,2,30,15,33,21,16.1264642218501
"NSFG 15-44",1075,0.2,3,30,21,55,20,24.8264963670113
"NSFG 15-44",1075,0.2,4,30,37,123,14,32.7114244683502
"NSFG 15-44",1075,0.2,5,30,34,104,12,40.1378565450391
"NSFG 15-44",1075,0.2,6,30,92,664,8,49.3982727203281
"NSFG 15-44",1075,0.2,7,30,65,423,13,62.6832651119894
"NSFG 15-44",1075,0.2,8,30,44,168,13,56.1510404382224
"NSFG 15-44",1075,0.2,9,30,67,309,10,64.7491845779058
"NSFG 15-44",1075,0.2,10,30,66,316,10,64.5849602465001
"NSFG 15-44",1075,0.2,11,30,93,1153,13,117.962882793668
"NSFG 15-44",1075,0.2,12,30,94,616,8,90.0341769695671
"NSFG 15-44",1075,0.2,14,30,105,641,5,90.1132803286668
"NSFG 15-44",1075,0.4,1,30,21,37,14,21.3534233971728
"NSFG 15-44",1075,0.4,2,30,67,667,10,37.6049794867969
"NSFG 15-44",1075,0.4,3,30,49,157,9,60.0921511745361
"NSFG 15-44",1075,0.4,4,30,116,1140,8,94.200242840581
"NSFG 15-44",1075,0.4,5,30,112,856,7,121.505844763228
"NSFG 15-44",1075,0.4,6,30,105,701,6,108.563382370767
"NSFG 15-44",1075,0.4,7,30,240,4048,4,182.069227133994
"NSFG 15-44",1075,0.4,8,30,132,1314,6,158.639593053794
"NSFG 15-44",1075,0.4,9,30,149,1539,3,168.655533545303
"NSFG 15-44",1075,0.4,10,30,129,923,6,145.509336537744
"NSFG 15-44",1075,0.4,11,30,418,10692,4,421.105814094433
"NSFG 15-44",1075,0.4,12,30,247,2969,3,230.448307155689
"NSFG 15-44",1075,0.4,14,30,162,1520,4,202.012448716992
"NSFG 15-44",1075,0.6,1,30,29,81,11,32.8132268144438
"NSFG 15-44",1075,0.6,2,30,87,867,4,91.0205567393625
"NSFG 15-44",1075,0.6,3,30,159,1823,4,194.725654737216
"NSFG 15-44",1075,0.6,4,30,185,3797,8,200.028603181978
"NSFG 15-44",1075,0.6,5,30,302,8420,2,318.546927994275
"NSFG 15-44",1075,0.6,6,30,216,3066,4,370.405732141575
"NSFG 15-44",1075,0.6,7,30,407,11029,3,462.471866213793
"NSFG 15-44",1075,0.6,8,30,564,18406,2,395.824855845543
"NSFG 15-44",1075,0.6,9,30,340,6902,2,375.733701179831
"NSFG 15-44",1075,0.6,10,30,209,1961,3,275.227886664281
"NSFG 15-44",1075,0.6,11,30,982,46172,3,1277.24938219519
"NSFG 15-44",1075,0.6,12,30,561,17315,4,583.156407472284
"NSFG 15-44",1075,0.6,14,30,337,4515,1,378.970515552375
"NSFG 15-44",1075,0.8,1,30,49,291,9,153.557380691837
"NSFG 15-44",1075,0.8,2,30,332,14732,4,493.001438028483
"NSFG 15-44",1075,0.8,3,30,376,21116,3,595.862452362644
"NSFG 15-44",1075,0.8,4,30,191,3281,7,591.697804386159
"NSFG 15-44",1075,0.8,5,30,545,27149,3,959.306509699291
"NSFG 15-44",1075,0.8,6,30,712,40276,3,1862.04352656566
"NSFG 15-44",1075,0.8,7,30,994,56592,1,1891.67645616096
"NSFG 15-44",1075,0.8,8,30,703,39207,4,1070.73701686637
"NSFG 15-44",1075,0.8,9,30,812,39822,4,1472.14329975129
"NSFG 15-44",1075,0.8,10,30,308,3622,2,746.963663576753
"NSFG 15-44",1075,0.8,11,30,1597,124183,4,6009.5881872032
"NSFG 15-44",1075,0.8,12,30,1021,49037,2,2028.57524494685
"NSFG 15-44",1075,0.8,14,30,465,8339,2,1011.95155143567
"NSFG 15-44",1076,0.2,1,30,7,7,23,7.68115209038338
"NSFG 15-44",1076,0.2,2,30,8,14,24,15.718912199939
"NSFG 15-44",1076,0.2,3,30,26,100,17,23.6547843040168
"NSFG 15-44",1076,0.2,4,30,23,53,15,27.9226882108945
"NSFG 15-44",1076,0.2,5,30,24,54,14,35.8585603149724
"NSFG 15-44",1076,0.2,6,30,39,149,14,44.1510404382224
"NSFG 15-44",1076,0.2,7,30,64,260,9,54.073728649117
"NSFG 15-44",1076,0.2,8,30,34,178,17,61.8058247422392
"NSFG 15-44",1076,0.2,9,30,46,138,11,76.0078091832005
"NSFG 15-44",1076,0.2,10,30,91,465,6,78.4926729942171
"NSFG 15-44",1076,0.2,12,30,67,349,9,75.0566401643334
"NSFG 15-44",1076,0.2,20,30,173,1707,1,181.132803286668
"NSFG 15-44",1076,0.4,1,30,11,11,19,18.5190526707568
"NSFG 15-44",1076,0.4,2,30,27,51,13,29.9521785254736
"NSFG 15-44",1076,0.4,3,30,54,892,13,71.9965082254834
"NSFG 15-44",1076,0.4,4,30,115,3177,9,79.4615150632178
"NSFG 15-44",1076,0.4,5,30,104,906,9,103.649309186807
"NSFG 15-44",1076,0.4,6,30,128,862,3,119.050554058506
"NSFG 15-44",1076,0.4,7,30,171,3217,4,157.693638886816
"NSFG 15-44",1076,0.4,8,30,137,1111,4,196.336723715127
"NSFG 15-44",1076,0.4,9,30,265,7683,5,230.444815381172
"NSFG 15-44",1076,0.4,10,30,157,1387,6,223.171094441543
"NSFG 15-44",1076,0.4,12,30,133,995,6,161.006224358496
"NSFG 15-44",1076,0.4,20,30,556,17644,1,580.124487169922
"NSFG 15-44",1076,0.6,1,30,64,1016,8,59.2654175545218
"NSFG 15-44",1076,0.6,2,30,239,17745,7,81.4977680729344
"NSFG 15-44",1076,0.6,3,30,129,3777,7,147.111711405075
"NSFG 15-44",1076,0.6,4,30,182,2994,4,192.621989774756
"NSFG 15-44",1076,0.6,5,30,225,3509,3,288.920474365387
"NSFG 15-44",1076,0.6,6,30,212,2578,4,287.874897032531
"NSFG 15-44",1076,0.6,7,30,437,14963,1,353.488840364672
"NSFG 15-44",1076,0.6,8,30,272,4688,4,459.310113621731
"NSFG 15-44",1076,0.6,9,30,697,39031,3,638.139433321406
"NSFG 15-44",1076,0.6,10,30,483,13143,1,538.691706435459
"NSFG 15-44",1076,0.6,12,30,229,2469,5,279.485257776188
"NSFG 15-44",1076,0.6,20,30,1731,121285,1,1629.70515552375
"NSFG 15-44",1076,0.8,1,30,93,1217,6,142.291521501242
"NSFG 15-44",1076,0.8,2,30,200,6648,1,346.545268550755
"NSFG 15-44",1076,0.8,3,30,365,32699,2,702.888114673292
"NSFG 15-44",1076,0.8,4,30,314,9498,3,749.419833054482
"NSFG 15-44",1076,0.8,5,30,390,11410,1,1117.02853836761
"NSFG 15-44",1076,0.8,6,30,579,26195,2,1197.35783432059
"NSFG 15-44",1076,0.8,7,30,607,28495,3,1452.30794772777
"NSFG 15-44",1076,0.8,8,30,648,34840,4,1774.85321627853
"NSFG 15-44",1076,0.8,9,30,1343,151231,4,2953.60378331447
"NSFG 15-44",1076,0.8,10,30,815,47621,3,1828.48614587383
"NSFG 15-44",1076,0.8,12,30,317,3973,3,625.975775717835
"NSFG 15-44",1076,0.8,20,30,3334,450746,3,7239.51551435671
"NSFG 15-44",1077,0.2,1,30,5,5,25,6.91699204930003
"NSFG 15-44",1077,0.2,2,30,12,14,19,13.9358721040778
"NSFG 15-44",1077,0.2,3,30,13,23,22,25.5906564080946
"NSFG 15-44",1077,0.2,4,30,30,58,11,30.3170563396224
"NSFG 15-44",1077,0.2,5,30,34,106,16,37.6416004108335
"NSFG 15-44",1077,0.2,6,30,42,148,11,44.5585924601335
"NSFG 15-44",1077,0.2,7,30,43,139,12,51.5774725149113
"NSFG 15-44",1077,0.2,8,30,81,551,12,62.7737607942782
"NSFG 15-44",1077,0.2,9,30,54,232,12,65.156736599817
"NSFG 15-44",1077,0.2,11,30,91,549,5,79.3473287175892
"NSFG 15-44",1077,0.2,12,30,102,598,3,84.2775046600725
"NSFG 15-44",1077,0.4,1,30,19,69,20,15.6846819443408
"NSFG 15-44",1077,0.4,2,30,42,168,13,46.6749658113281
"NSFG 15-44",1077,0.4,3,30,44,146,10,59.525277029253
"NSFG 15-44",1077,0.4,4,30,80,476,5,83.7130711528418
"NSFG 15-44",1077,0.4,5,30,95,489,7,109.034613566997
"NSFG 15-44",1077,0.4,6,30,111,935,8,122.168361857563
"NSFG 15-44",1077,0.4,7,30,194,2270,4,151.17458621606
"NSFG 15-44",1077,0.4,8,30,168,1598,3,189.534233971729
"NSFG 15-44",1077,0.4,9,30,175,3195,5,173.190526707568
"NSFG 15-44",1077,0.4,11,30,182,1986,5,222.699863245312
"NSFG 15-44",1077,0.4,12,30,178,1794,5,216.276453523608
"NSFG 15-44",1077,0.6,1,30,30,110,11,33.8713144440469
"NSFG 15-44",1077,0.6,2,30,89,863,7,80.4396804433312
"NSFG 15-44",1077,0.6,3,30,99,2363,8,154.518324812297
"NSFG 15-44",1077,0.6,4,30,116,786,6,186.273463997137
"NSFG 15-44",1077,0.6,5,30,262,5684,3,268.816809402928
"NSFG 15-44",1077,0.6,6,30,334,6918,2,304.804299106181
"NSFG 15-44",1077,0.6,7,30,329,5737,2,378.882943475147
"NSFG 15-44",1077,0.6,8,30,367,8425,2,512.214495101887
"NSFG 15-44",1077,0.6,9,30,288,6360,7,422.289556882369
"NSFG 15-44",1077,0.6,11,30,418,10144,3,532.355690954587
"NSFG 15-44",1077,0.6,12,30,390,7944,1,456.185891919909
"NSFG 15-44",1077,0.8,1,30,113,2367,6,243.684254216593
"NSFG 15-44",1077,0.8,2,30,290,11698,1,436.672142075511
"NSFG 15-44",1077,0.8,3,30,378,16280,3,466.305071670808
"NSFG 15-44",1077,0.8,4,30,271,9739,6,771.951551435671
"NSFG 15-44",1077,0.8,5,30,365,9059,1,919.87600253221
"NSFG 15-44",1077,0.8,6,30,464,13616,3,1287.48470784534
"NSFG 15-44",1077,0.8,7,30,622,27562,4,1671.99220194437
"NSFG 15-44",1077,0.8,8,30,761,28955,2,2095.93020321047
"NSFG 15-44",1077,0.8,9,30,1057,55029,0,1573.53603246664
"NSFG 15-44",1077,0.8,11,30,857,34471,1,1751.09341315848
"NSFG 15-44",1077,0.8,12,30,704,23002,2,1763.82755396788
"NSFG 15-44",1078,0.2,1,30,6,6,24,7.12076806025559
"NSFG 15-44",1078,0.2,2,30,14,32,21,16.0245762163723
"NSFG 15-44",1078,0.2,3,30,34,156,16,23.0434562711501
"NSFG 15-44",1078,0.2,4,30,35,103,14,36.1246726518559
"NSFG 15-44",1078,0.2,5,30,47,193,8,37.9472644272669
"NSFG 15-44",1078,0.2,6,30,55,375,11,49.7039367367614
"NSFG 15-44",1078,0.2,7,30,46,274,11,50.6095364628724
"NSFG 15-44",1078,0.2,8,30,52,246,10,59.8190086354225
"NSFG 15-44",1078,0.2,9,30,54,424,18,65.8190086354225
"NSFG 15-44",1078,0.2,10,30,92,766,9,77.3209609312226
"NSFG 15-44",1078,0.2,11,30,95,597,8,78.8378886902003
"NSFG 15-44",1078,0.2,12,30,60,428,13,82.698240575167
"NSFG 15-44",1078,0.2,13,30,84,538,9,100.924801232501
"NSFG 15-44",1078,0.2,15,30,128,1368,7,133.14957031984
"NSFG 15-44",1078,0.2,17,30,69,399,13,131.038081561167
"NSFG 15-44",1078,0.4,1,30,26,90,14,21.0699863245312
"NSFG 15-44",1078,0.4,2,30,38,84,9,42.4234097217041
"NSFG 15-44",1078,0.4,3,30,90,1030,9,64.6271443368018
"NSFG 15-44",1078,0.4,4,30,96,670,6,117.158645724551
"NSFG 15-44",1078,0.4,5,30,131,2203,9,120.938970617944
"NSFG 15-44",1078,0.4,6,30,188,4264,8,162.132989100029
"NSFG 15-44",1078,0.4,7,30,176,5938,6,121.697130661333
"NSFG 15-44",1078,0.4,8,30,143,1097,7,157.789281835869
"NSFG 15-44",1078,0.4,9,30,197,2857,8,176.024897433984
"NSFG 15-44",1078,0.4,10,30,200,2332,5,214.101108117012
"NSFG 15-44",1078,0.4,11,30,205,2331,2,215.897373501914
"NSFG 15-44",1078,0.4,12,30,268,5390,4,203.521785254736
"NSFG 15-44",1078,0.4,13,30,449,25319,4,283.546682688721
"NSFG 15-44",1078,0.4,15,30,519,16751,5,427.72400148876
"NSFG 15-44",1078,0.4,17,30,530,19234,3,365.559131405713
"NSFG 15-44",1078,0.6,1,30,25,51,12,41.2779278512687
"NSFG 15-44",1078,0.6,2,30,199,14919,13,135.460237182694
"NSFG 15-44",1078,0.6,3,30,162,2516,3,193.667567107612
"NSFG 15-44",1078,0.6,4,30,322,14798,6,248.700634143722
"NSFG 15-44",1078,0.6,5,30,562,63392,6,265.642546514119
"NSFG 15-44",1078,0.6,6,30,462,23936,6,469.865969324268
"NSFG 15-44",1078,0.6,7,30,257,4003,0,318.571948587769
"NSFG 15-44",1078,0.6,8,30,527,24843,2,345.036649624594
"NSFG 15-44",1078,0.6,9,30,658,50392,4,424.405732141575
"NSFG 15-44",1078,0.6,10,30,592,25540,3,565.143897175537
"NSFG 15-44",1078,0.6,11,30,388,8968,1,464.638082659987
"NSFG 15-44",1078,0.6,12,30,643,44149,4,438.198402216656
"NSFG 15-44",1078,0.6,13,30,1078,84282,4,710.139433321406
"NSFG 15-44",1078,0.6,15,30,1364,86704,0,1119.64436657131
"NSFG 15-44",1078,0.6,17,30,1238,110480,3,909.109948873781
"NSFG 15-44",1078,0.8,1,30,936,305108,3,283.114761383674
"NSFG 15-44",1078,0.8,2,30,306,22474,5,532.431945195564
"NSFG 15-44",1078,0.8,3,30,1093,310137,4,742.318621840373
"NSFG 15-44",1078,0.8,4,30,1106,177962,3,1160.62369351118
"NSFG 15-44",1078,0.8,5,30,1924,392090,3,1640.89099073026
"NSFG 15-44",1078,0.8,6,30,1258,165376,2,1557.86532841961
"NSFG 15-44",1078,0.8,7,30,1954,596058,3,979.141861722805
"NSFG 15-44",1078,0.8,8,30,1081,106497,3,1363.64935582183
"NSFG 15-44",1078,0.8,9,30,1770,364222,1,1658.0299763961
"NSFG 15-44",1078,0.8,10,30,2515,612223,2,2110.13262563869
"NSFG 15-44",1078,0.8,11,30,1541,236299,3,1931.34716020799
"NSFG 15-44",1078,0.8,12,30,2992,1060096,2,1470.91521501242
"NSFG 15-44",1078,0.8,13,30,2918,699126,1,2846.81831788377
"NSFG 15-44",1078,0.8,15,30,4914,1575504,3,5311.34511426629
"NSFG 15-44",1078,0.8,17,30,5914,1826296,0,3618.76986931944
"NSFG 15-44",1079,0.2,1,30,4,4,26,7.5792640849056
"NSFG 15-44",1079,0.2,2,30,6,6,24,15.7698562026779
"NSFG 15-44",1079,0.2,3,30,10,14,22,21.9736322136334
"NSFG 15-44",1079,0.2,4,30,25,65,17,28.8396802601946
"NSFG 15-44",1079,0.2,5,30,45,129,10,34.3811842355446
"NSFG 15-44",1079,0.2,6,30,42,150,11,41.6547843040168
"NSFG 15-44",1079,0.2,7,30,36,116,13,47.552896298539
"NSFG 15-44",1079,0.2,8,30,93,597,7,64.0983048654893
"NSFG 15-44",1079,0.2,9,30,68,276,7,64.3925765587336
"NSFG 15-44",1079,0.2,10,30,51,251,14,69.1699204930002
"NSFG 15-44",1079,0.2,12,30,81,413,7,87.6398088408393
"NSFG 15-44",1079,0.2,13,30,89,487,6,99.3964811503339
"NSFG 15-44",1079,0.2,14,30,99,619,8,99.283200821667
"NSFG 15-44",1079,0.4,1,30,9,11,22,16.5349931622656
"NSFG 15-44",1079,0.4,2,30,38,146,12,44.9743433754785
"NSFG 15-44",1079,0.4,3,30,77,747,10,60.3755882471777
"NSFG 15-44",1079,0.4,4,30,80,674,11,80.8787004264258
"NSFG 15-44",1079,0.4,5,30,112,1162,6,93.1621374990674
"NSFG 15-44",1079,0.4,6,30,128,1214,10,115.649309186807
"NSFG 15-44",1079,0.4,7,30,92,540,8,119.146197007559
"NSFG 15-44",1079,0.4,8,30,105,847,8,164.875208651909
"NSFG 15-44",1079,0.4,9,30,130,1014,5,172.340215489644
"NSFG 15-44",1079,0.4,10,30,133,1113,8,171.018673075488
"NSFG 15-44",1079,0.4,12,30,345,7143,5,272.680430979287
"NSFG 15-44",1079,0.4,13,30,271,5017,6,275.043570509473
"NSFG 15-44",1079,0.4,14,30,247,3125,6,253.03112179248
"NSFG 15-44",1079,0.6,1,30,26,66,13,42.3360154808719
"NSFG 15-44",1079,0.6,2,30,182,4912,5,96.3109948873781
"NSFG 15-44",1079,0.6,3,30,90,790,8,155.5764124419
"NSFG 15-44",1079,0.6,4,30,159,2235,5,198.970515552375
"NSFG 15-44",1079,0.6,5,30,296,7816,3,227.551391848406
"NSFG 15-44",1079,0.6,6,30,172,1664,5,273.061670218087
"NSFG 15-44",1079,0.6,7,30,172,1344,2,242.389639256344
"NSFG 15-44",1079,0.6,8,30,441,12321,3,484.704216732206
"NSFG 15-44",1079,0.6,9,30,325,5987,3,368.327087772609
"NSFG 15-44",1079,0.6,10,30,252,3004,3,370.455773328562
"NSFG 15-44",1079,0.6,12,30,324,6486,4,647.699752878074
"NSFG 15-44",1079,0.6,13,30,813,33019,1,678.396804433312
"NSFG 15-44",1079,0.6,14,30,446,8410,1,569.426288880937
"NSFG 15-44",1079,0.8,1,30,53,387,4,181.722028668323
"NSFG 15-44",1079,0.8,2,30,135,2101,7,363.444057336646
"NSFG 15-44",1079,0.8,3,30,352,13250,4,685.989325887401
"NSFG 15-44",1079,0.8,4,30,333,15065,4,845.179636174535
"NSFG 15-44",1079,0.8,5,30,434,19480,3,841.014988198049
"NSFG 15-44",1079,0.8,6,30,525,28601,4,1028.36994646167
"NSFG 15-44",1079,0.8,7,30,630,38818,3,996.040650508697
"NSFG 15-44",1079,0.8,8,30,870,59352,2,1701.62513153966
"NSFG 15-44",1079,0.8,9,30,448,9096,3,1320.05420067826
"NSFG 15-44",1079,0.8,10,30,400,6510,3,1253.92732715351
"NSFG 15-44",1079,0.8,12,30,829,45561,3,1944.08130101739
"NSFG 15-44",1079,0.8,13,30,1788,150530,1,2677.83043002485
"NSFG 15-44",1079,0.8,14,30,591,14863,6,2025.87887858918
"NSFG 15-44",1080,0.2,1,30,4,4,26,7.06982405751669
"NSFG 15-44",1080,0.2,2,30,19,55,20,17.8076163122335
"NSFG 15-44",1080,0.2,3,30,22,48,17,24.011392323189
"NSFG 15-44",1080,0.2,4,30,24,40,13,26.7000321451612
"NSFG 15-44",1080,0.2,5,30,40,162,15,40.0359685395614
"NSFG 15-44",1080,0.2,6,30,68,282,9,43.5397124053558
"NSFG 15-44",1080,0.2,7,30,46,226,15,61.460609046256
"NSFG 15-44",1080,0.2,8,30,70,344,11,60.8378886902003
"NSFG 15-44",1080,0.2,9,30,79,475,6,70.6077448928782
"NSFG 15-44",1080,0.2,10,30,57,297,13,71.5133446189892
"NSFG 15-44",1080,0.2,11,30,124,864,5,88.1096971886783
"NSFG 15-44",1080,0.2,12,30,76,280,5,81.3736965039558
"NSFG 15-44",1080,0.2,14,30,97,785,9,111.509761479001
"NSFG 15-44",1080,0.2,16,30,102,670,8,128.094721725501
"NSFG 15-44",1080,0.4,1,30,20,38,16,18.5190526707568
"NSFG 15-44",1080,0.4,2,30,25,73,16,36.1877941235889
"NSFG 15-44",1080,0.4,3,30,31,85,15,61.2258994651025
"NSFG 15-44",1080,0.4,4,30,74,352,8,91.9327462594482
"NSFG 15-44",1080,0.4,5,30,91,599,8,109.318050639639
"NSFG 15-44",1080,0.4,6,30,92,850,6,115.082435041523
"NSFG 15-44",1080,0.4,7,30,241,5651,5,188.588279804751
"NSFG 15-44",1080,0.4,8,30,180,2234,7,160.907089634927
"NSFG 15-44",1080,0.4,9,30,278,6050,5,231.578563671738
"NSFG 15-44",1080,0.4,10,30,260,3542,2,188.875208651909
"NSFG 15-44",1080,0.4,11,30,265,4407,4,245.941703201924
"NSFG 15-44",1080,0.4,12,30,180,1442,2,193.884924784922
"NSFG 15-44",1080,0.4,14,30,318,4812,2,321.056019226465
"NSFG 15-44",1080,0.4,16,30,330,6144,3,370.565355764209
"NSFG 15-44",1080,0.6,1,30,58,466,11,48.6845412584906
"NSFG 15-44",1080,0.6,2,30,59,447,13,84.6720309617437
"NSFG 15-44",1080,0.6,3,30,307,15351,6,115.369082516981
"NSFG 15-44",1080,0.6,4,30,191,3073,2,207.4352165892
"NSFG 15-44",1080,0.6,5,30,397,12707,1,324.895453771894
"NSFG 15-44",1080,0.6,6,30,216,5060,5,261.422706292453
"NSFG 15-44",1080,0.6,7,30,255,4915,5,409.567484733637
"NSFG 15-44",1080,0.6,8,30,475,15495,2,414.8704331784
"NSFG 15-44",1080,0.6,9,30,752,49326,2,665.649711691087
"NSFG 15-44",1080,0.6,10,30,653,47071,4,449.812345548796
"NSFG 15-44",1080,0.6,11,30,599,19221,1,695.301185913468
"NSFG 15-44",1080,0.6,12,30,346,4956,3,406.455773328562
"NSFG 15-44",1080,0.6,14,30,689,30547,3,823.367319985687
"NSFG 15-44",1080,0.6,16,30,1089,67937,2,954.595206649967
"NSFG 15-44",1080,0.8,1,30,108,3126,9,136.658591905945
"NSFG 15-44",1080,0.8,2,30,842,134778,1,797.179636174535
"NSFG 15-44",1080,0.8,3,30,580,51384,0,815.546706579237
"NSFG 15-44",1080,0.8,4,30,1354,214780,3,1194.42127108297
"NSFG 15-44",1080,0.8,5,30,872,72148,2,1167.72490472529
"NSFG 15-44",1080,0.8,6,30,407,14789,6,1022.73701686637
"NSFG 15-44",1080,0.8,7,30,925,97777,4,1846.61301939858
"NSFG 15-44",1080,0.8,8,30,1192,112388,0,1701.62513153966
"NSFG 15-44",1080,0.8,9,30,1687,259361,2,2773.35003626495
"NSFG 15-44",1080,0.8,10,30,3083,676915,1,1665.13118761021
"NSFG 15-44",1080,0.8,11,30,1036,56824,1,2804.45124747906
"NSFG 15-44",1080,0.8,12,30,445,8197,4,1301.92732715351
"NSFG 15-44",1080,0.8,14,30,3121,543409,2,3377.78198146052
"NSFG 15-44",1080,0.8,16,30,4507,1000049,1,3932.74564503727
"NSFG 15-44",1081,0.2,1,30,4,4,26,8.0887041122945
"NSFG 15-44",1081,0.2,2,30,11,15,21,13.7320960931223
"NSFG 15-44",1081,0.2,3,30,24,88,17,21.9736322136334
"NSFG 15-44",1081,0.2,4,30,37,109,13,30.5208323505779
"NSFG 15-44",1081,0.2,5,30,42,140,13,38.3038724464391
"NSFG 15-44",1081,0.2,6,30,69,323,8,50.1624327614115
"NSFG 15-44",1081,0.2,7,30,54,184,8,49.9472644272669
"NSFG 15-44",1081,0.2,8,30,60,340,14,66.9002250161282
"NSFG 15-44",1081,0.2,9,30,75,389,9,68.1114887586726
"NSFG 15-44",1081,0.2,10,30,59,275,11,66.4189443451001
"NSFG 15-44",1081,0.2,11,30,77,349,7,80.7737607942781
"NSFG 15-44",1081,0.2,13,30,118,900,8,109.177729676201
"NSFG 15-44",1081,0.2,15,30,108,1108,9,117.509761479001
"NSFG 15-44",1081,0.4,1,30,9,9,21,25.0381053415137
"NSFG 15-44",1081,0.4,2,30,27,45,10,36.1877941235889
"NSFG 15-44",1081,0.4,3,30,43,143,13,67.4615150632178
"NSFG 15-44",1081,0.4,4,30,43,145,12,93.9168057679395
"NSFG 15-44",1081,0.4,5,30,69,347,9,107.050554058506
"NSFG 15-44",1081,0.4,6,30,151,1937,3,136.907089634927
"NSFG 15-44",1081,0.4,7,30,128,1080,7,134.451798930205
"NSFG 15-44",1081,0.4,8,30,238,5588,8,188.683922753804
"NSFG 15-44",1081,0.4,9,30,162,2362,7,187.929254484932
"NSFG 15-44",1081,0.4,10,30,198,1924,1,147.209958973594
"NSFG 15-44",1081,0.4,11,30,228,2650,4,212.779565702856
"NSFG 15-44",1081,0.4,13,30,261,3663,3,328.896614311377
"NSFG 15-44",1081,0.4,15,30,316,5472,3,333.056019226465
"NSFG 15-44",1081,0.6,1,30,30,86,11,37.0455773328562
"NSFG 15-44",1081,0.6,2,30,106,2432,12,131.227886664281
"NSFG 15-44",1081,0.6,3,30,149,1705,5,183.086690811581
"NSFG 15-44",1081,0.6,4,30,154,2794,7,241.2940207365
"NSFG 15-44",1081,0.6,5,30,250,3878,1,281.513860958165
"NSFG 15-44",1081,0.6,6,30,324,15124,3,278.352108366103
"NSFG 15-44",1081,0.6,7,30,243,3233,2,337.617525920625
"NSFG 15-44",1081,0.6,8,30,463,16519,3,553.479912656409
"NSFG 15-44",1081,0.6,9,30,357,8641,6,481.542464140143
"NSFG 15-44",1081,0.6,10,30,306,4658,4,319.667567107612
"NSFG 15-44",1081,0.6,11,30,437,8975,2,510.135850732922
"NSFG 15-44",1081,0.6,13,30,552,19308,3,847.690825169812
"NSFG 15-44",1081,0.6,15,30,767,25953,1,841.367319985687
"NSFG 15-44",1081,0.8,1,30,60,402,6,204.253747049512
"NSFG 15-44",1081,0.8,2,30,484,70134,1,408.507494099025
"NSFG 15-44",1081,0.8,3,30,497,39963,2,702.888114673293
"NSFG 15-44",1081,0.8,4,30,704,87566,3,867.711354555724
"NSFG 15-44",1081,0.8,5,30,832,43874,2,1286.01642622653
"NSFG 15-44",1081,0.8,6,30,485,31773,5,1439.57380691837
"NSFG 15-44",1081,0.8,7,30,1059,128099,3,1204.4590455347
"NSFG 15-44",1081,0.8,8,30,1657,192933,2,2518.39992285777
"NSFG 15-44",1081,0.8,9,30,782,42174,4,1917.14473777977
"NSFG 15-44",1081,0.8,10,30,416,7298,1,949.749129007454
"NSFG 15-44",1081,0.8,11,30,803,42297,2,1784.89099073026
"NSFG 15-44",1081,0.8,13,30,1396,120860,3,3686.12482758306
"NSFG 15-44",1081,0.8,15,30,1212,63948,3,3401.78198146052
"NSFG 15-44",1082,0.2,1,30,10,14,22,8.0887041122945
"NSFG 15-44",1082,0.2,2,30,7,11,25,16.2283522273279
"NSFG 15-44",1082,0.2,3,30,13,19,20,24.5208323505779
"NSFG 15-44",1082,0.2,4,30,18,38,18,28.7887362574557
"NSFG 15-44",1082,0.2,5,30,25,57,16,42.6341126792448
"NSFG 15-44",1082,0.2,6,30,41,133,12,44.0491524327446
"NSFG 15-44",1082,0.2,7,30,52,192,12,55.2963847148503
"NSFG 15-44",1082,0.2,8,30,54,278,15,61.449216723067
"NSFG 15-44",1082,0.2,9,30,102,720,9,90.0683539391342
"NSFG 15-44",1082,0.2,10,30,118,1014,7,84.4531213146673
"NSFG 15-44",1082,0.2,13,30,112,800,7,133.019522958001
"NSFG 15-44",1082,0.2,15,30,146,1946,9,145.019522958001
"NSFG 15-44",1082,0.2,17,30,136,1068,5,118.811520903834
"NSFG 15-44",1082,0.4,1,30,19,43,18,25.3215424141553
"NSFG 15-44",1082,0.4,2,30,21,35,15,34.4871716877393
"NSFG 15-44",1082,0.4,3,30,86,838,11,72.5633823707666
"NSFG 15-44",1082,0.4,4,30,142,2604,7,87.9646272424658
"NSFG 15-44",1082,0.4,5,30,182,2878,6,141.913313993423
"NSFG 15-44",1082,0.4,6,30,118,1214,8,118.767116985864
"NSFG 15-44",1082,0.4,7,30,158,1462,3,154.008956942476
"NSFG 15-44",1082,0.4,8,30,137,1759,10,168.276453523608
"NSFG 15-44",1082,0.4,9,30,454,13636,4,291.667223071758
"NSFG 15-44",1082,0.4,10,30,172,1832,5,216.085167625503
"NSFG 15-44",1082,0.4,13,30,451,13913,4,462.11203845293
"NSFG 15-44",1082,0.4,15,30,546,17202,4,486.112038452929
"NSFG 15-44",1082,0.4,17,30,308,4924,3,297.534233971729
"NSFG 15-44",1082,0.6,1,30,37,147,10,59.2654175545218
"NSFG 15-44",1082,0.6,2,30,172,5054,10,119.588922738647
"NSFG 15-44",1082,0.6,3,30,117,1237,8,188.377128959597
"NSFG 15-44",1082,0.6,4,30,172,3382,6,214.841829996422
"NSFG 15-44",1082,0.6,5,30,292,13298,5,265.642546514119
"NSFG 15-44",1082,0.6,6,30,272,10054,2,270.945494958881
"NSFG 15-44",1082,0.6,7,30,334,10206,6,404.277046585622
"NSFG 15-44",1082,0.6,8,30,315,11201,9,378.895453771893
"NSFG 15-44",1082,0.6,9,30,769,39315,6,860.337835538061
"NSFG 15-44",1082,0.6,10,30,479,17131,6,566.20198480514
"NSFG 15-44",1082,0.6,13,30,1315,85099,1,1376.73463997137
"NSFG 15-44",1082,0.6,15,30,1361,85645,1,1412.73463997137
"NSFG 15-44",1082,0.6,17,30,534,25214,3,655.168917769031
"NSFG 15-44",1082,0.8,1,30,52,258,8,232.418395025998
"NSFG 15-44",1082,0.8,2,30,453,119449,6,436.672142075511
"NSFG 15-44",1082,0.8,3,30,879,185117,0,691.622255482698
"NSFG 15-44",1082,0.8,4,30,985,132011,1,878.977213746319
"NSFG 15-44",1082,0.8,5,30,670,46380,1,1533.86532841961
"NSFG 15-44",1082,0.8,6,30,1299,188243,3,1050.90166484286
"NSFG 15-44",1082,0.8,7,30,1048,114608,3,1857.87887858918
"NSFG 15-44",1082,0.8,8,30,2824,580478,5,1577.70068044312
"NSFG 15-44",1082,0.8,9,30,3885,825549,0,3798.54322260905
"NSFG 15-44",1082,0.8,10,30,1616,188428,0,2234.05707673523
"NSFG 15-44",1082,0.8,13,30,6291,1686763,1,6395.56396292103
"NSFG 15-44",1082,0.8,15,30,4089,870749,1,6443.56396292104
"NSFG 15-44",1082,0.8,17,30,1978,341942,4,2266.8667664481
"NSFG 15-44",1083,0.2,1,30,16,60,21,8.95475215885563
"NSFG 15-44",1083,0.2,2,30,10,14,22,17.2981762848446
"NSFG 15-44",1083,0.2,3,30,35,123,14,23.094400273889
"NSFG 15-44",1083,0.2,4,30,43,187,15,33.3227525012169
"NSFG 15-44",1083,0.2,5,30,28,80,17,38.2019844409613
"NSFG 15-44",1083,0.2,6,30,72,764,12,56.0719370791227
"NSFG 15-44",1083,0.2,7,30,62,294,11,51.9850245368225
"NSFG 15-44",1083,0.2,8,30,63,297,10,63.5888648381004
"NSFG 15-44",1083,0.2,9,30,68,436,12,66.2265606573336
"NSFG 15-44",1083,0.2,10,30,85,389,5,66.4189443451002
"NSFG 15-44",1083,0.2,11,30,58,230,11,84.3398409860005
"NSFG 15-44",1083,0.2,12,30,71,457,13,96.4531213146672
"NSFG 15-44",1083,0.2,13,30,122,1082,7,99.3964811503339
"NSFG 15-44",1083,0.2,15,30,136,1208,6,112.924801232501
"NSFG 15-44",1083,0.4,1,30,35,381,15,26.4552907047217
"NSFG 15-44",1083,0.4,2,30,28,50,11,38.1718536320801
"NSFG 15-44",1083,0.4,3,30,54,270,9,60.3755882471777
"NSFG 15-44",1083,0.4,4,30,110,1000,8,86.8308789518994
"NSFG 15-44",1083,0.4,5,30,130,1532,7,105.633368695298
"NSFG 15-44",1083,0.4,6,30,137,1123,2,174.60422029626
"NSFG 15-44",1083,0.4,7,30,120,982,6,135.30211014813
"NSFG 15-44",1083,0.4,8,30,192,2588,7,160.340215489644
"NSFG 15-44",1083,0.4,9,30,208,2294,8,176.024897433984
"NSFG 15-44",1083,0.4,10,30,116,788,8,154.579322862275
"NSFG 15-44",1083,0.4,11,30,232,3430,5,264.648549996269
"NSFG 15-44",1083,0.4,12,30,328,6446,1,280.049794867969
"NSFG 15-44",1083,0.4,13,30,236,3034,3,275.043570509473
"NSFG 15-44",1083,0.4,15,30,313,4907,2,307.546682688721
"NSFG 15-44",1083,0.6,1,30,28,78,11,39.1617525920625
"NSFG 15-44",1083,0.6,2,30,119,2365,4,92.0786443689656
"NSFG 15-44",1083,0.6,3,30,168,2556,3,155.5764124419
"NSFG 15-44",1083,0.6,4,30,218,4184,6,276.210912513403
"NSFG 15-44",1083,0.6,5,30,298,8928,3,275.165335180547
"NSFG 15-44",1083,0.6,6,30,445,16229,2,459.285093028237
"NSFG 15-44",1083,0.6,7,30,304,7852,2,419.090273400065
"NSFG 15-44",1083,0.6,8,30,356,9484,5,514.330670361093
"NSFG 15-44",1083,0.6,9,30,473,14093,1,415.94103110475
"NSFG 15-44",1083,0.6,10,30,268,3332,4,294.273463997137
"NSFG 15-44",1083,0.6,11,30,441,11279,2,607.479912656409
"NSFG 15-44",1083,0.6,12,30,818,36814,3,723.8820622095
"NSFG 15-44",1083,0.6,13,30,787,34231,3,678.396804433312
"NSFG 15-44",1083,0.6,15,30,576,14620,2,746.139433321406
"NSFG 15-44",1083,0.8,1,30,54,414,9,181.722028668323
"NSFG 15-44",1083,0.8,2,30,77,343,5,307.114761383674
"NSFG 15-44",1083,0.8,3,30,699,51853,4,871.87600253221
"NSFG 15-44",1083,0.8,4,30,1186,147894,3,1397.20673651367
"NSFG 15-44",1083,0.8,5,30,803,75871,2,1100.12974958172
"NSFG 15-44",1083,0.8,6,30,548,27776,2,1546.59946922902
"NSFG 15-44",1083,0.8,7,30,668,47456,2,1198.8261159394
"NSFG 15-44",1083,0.8,8,30,785,35015,2,1921.30938575626
"NSFG 15-44",1083,0.8,9,30,868,49420,2,1567.90310287134
"NSFG 15-44",1083,0.8,10,30,431,6833,1,870.888114673293
"NSFG 15-44",1083,0.8,11,30,1362,89986,1,2545.33648609539
"NSFG 15-44",1083,0.8,12,30,2263,271823,1,2991.80620574268
"NSFG 15-44",1083,0.8,13,30,1704,148808,1,2677.83043002485
"NSFG 15-44",1083,0.8,15,30,782,26034,5,2894.81831788377
"NSFG 15-44",1084,0.2,1,30,8,14,24,7.32454407121114
"NSFG 15-44",1084,0.2,2,30,12,18,21,15.0056961615945
"NSFG 15-44",1084,0.2,3,30,18,46,21,21.2094721725501
"NSFG 15-44",1084,0.2,4,30,33,97,14,28.3302402328057
"NSFG 15-44",1084,0.2,5,30,31,87,15,35.4000642903224
"NSFG 15-44",1084,0.2,6,30,42,122,12,48.2265606573336
"NSFG 15-44",1084,0.2,7,30,60,288,12,52.4944645642114
"NSFG 15-44",1084,0.2,8,30,53,187,9,53.7057283067557
"NSFG 15-44",1084,0.2,9,30,41,173,15,62.8642564765669
"NSFG 15-44",1084,0.2,10,30,60,244,10,69.1699204930002
"NSFG 15-44",1084,0.2,11,30,86,390,4,76.2397445505169
"NSFG 15-44",1084,0.2,12,30,94,652,5,93.9568651804617
"NSFG 15-44",1084,0.2,14,30,104,748,7,93.1699204930002
"NSFG 15-44",1084,0.2,15,30,104,718,9,100.698240575167
"NSFG 15-44",1084,0.4,1,30,17,19,14,17.3853043801904
"NSFG 15-44",1084,0.4,2,30,44,314,13,41.8565355764209
"NSFG 15-44",1084,0.4,3,30,71,389,11,60.0921511745361
"NSFG 15-44",1084,0.4,4,30,75,397,9,78.8946409179346
"NSFG 15-44",1084,0.4,5,30,69,341,8,100.531501387749
"NSFG 15-44",1084,0.4,6,30,151,1791,3,133.222407690586
"NSFG 15-44",1084,0.4,7,30,121,941,7,132.184302349072
"NSFG 15-44",1084,0.4,8,30,198,2684,4,133.980567733975
"NSFG 15-44",1084,0.4,9,30,180,1464,1,155.617428203789
"NSFG 15-44",1084,0.4,10,30,151,1167,4,171.018673075488
"NSFG 15-44",1084,0.4,11,30,169,1453,5,176.21618333209
"NSFG 15-44",1084,0.4,12,30,246,3432,3,270.979808543438
"NSFG 15-44",1084,0.4,14,30,299,4509,4,219.018673075488
"NSFG 15-44",1084,0.4,15,30,172,1598,3,239.521785254736
"NSFG 15-44",1084,0.6,1,30,18,20,13,34.92940207365
"NSFG 15-44",1084,0.6,2,30,125,1927,5,100.543345405791
"NSFG 15-44",1084,0.6,3,30,133,2827,5,167.215376367534
"NSFG 15-44",1084,0.6,4,30,131,1139,3,160.879360886662
"NSFG 15-44",1084,0.6,5,30,198,2054,2,238.132268144437
"NSFG 15-44",1084,0.6,6,30,299,5691,3,337.605015623878
"NSFG 15-44",1084,0.6,7,30,299,5773,2,365.127804290306
"NSFG 15-44",1084,0.6,8,30,324,5940,3,260.389639256344
"NSFG 15-44",1084,0.6,9,30,276,3744,1,341.874897032531
"NSFG 15-44",1084,0.6,10,30,290,4156,3,386.327087772609
"NSFG 15-44",1084,0.6,11,30,404,10388,4,385.281510439753
"NSFG 15-44",1084,0.6,12,30,418,8840,5,654.048278655693
"NSFG 15-44",1084,0.6,14,30,421,9065,3,442.455773328562
"NSFG 15-44",1084,0.6,15,30,452,9452,1,492.198402216656
"NSFG 15-44",1084,0.8,1,30,98,2858,5,254.950113407188
"NSFG 15-44",1084,0.8,2,30,162,2942,3,408.507494099025
"NSFG 15-44",1084,0.8,3,30,288,7082,0,590.229522767347
"NSFG 15-44",1084,0.8,4,30,176,1548,1,541.001438028483
"NSFG 15-44",1084,0.8,5,30,403,9383,0,750.888114673293
"NSFG 15-44",1084,0.8,6,30,643,20671,1,1653.62513153967
"NSFG 15-44",1084,0.8,7,30,623,19823,0,1435.40915894188
"NSFG 15-44",1084,0.8,8,30,596,17578,2,958.078424960427
"NSFG 15-44",1084,0.8,9,30,407,6835,1,1139.80045362875
"NSFG 15-44",1084,0.8,10,30,485,11595,1,1253.92732715351
"NSFG 15-44",1084,0.8,11,30,587,16149,3,1193.43338322405
"NSFG 15-44",1084,0.8,12,30,1009,42129,1,2428.51324621296
"NSFG 15-44",1084,0.8,14,30,799,27609,2,1349.92732715351
"NSFG 15-44",1084,0.8,15,30,793,24665,1,1542.91521501242
"NSFG 15-44",1085,0.2,1,30,5,9,27,8.19059211777228
"NSFG 15-44",1085,0.2,2,30,23,63,17,15.718912199939
"NSFG 15-44",1085,0.2,3,30,27,83,15,22.8396802601946
"NSFG 15-44",1085,0.2,4,30,40,136,14,36.1756166545947
"NSFG 15-44",1085,0.2,5,30,36,100,11,37.2340483889224
"NSFG 15-44",1085,0.2,6,30,37,135,13,45.3736965039558
"NSFG 15-44",1085,0.2,7,30,54,266,11,49.3868803971391
"NSFG 15-44",1085,0.2,8,30,71,467,11,63.0284808079726
"NSFG 15-44",1085,0.2,9,30,112,914,8,79.9814413968339
"NSFG 15-44",1085,0.2,10,30,77,369,6,65.2981762848446
"NSFG 15-44",1085,0.2,11,30,91,711,11,84.9002250161283
"NSFG 15-44",1085,0.2,12,30,59,231,8,96.8606733365784
"NSFG 15-44",1085,0.2,14,30,139,1575,8,123.736322136334
"NSFG 15-44",1085,0.2,15,30,206,2484,0,138.906242629335
"NSFG 15-44",1085,0.4,1,30,18,54,19,31.2737209396289
"NSFG 15-44",1085,0.4,2,30,41,233,13,38.1718536320801
"NSFG 15-44",1085,0.4,3,30,66,478,11,59.5252770292529
"NSFG 15-44",1085,0.4,4,30,68,314,11,90.7989979688818
"NSFG 15-44",1085,0.4,5,30,177,4071,7,117.821162818887
"NSFG 15-44",1085,0.4,6,30,105,761,7,134.072718908511
"NSFG 15-44",1085,0.4,7,30,138,2642,6,122.547441879258
"NSFG 15-44",1085,0.4,8,30,239,4347,7,171.677698395308
"NSFG 15-44",1085,0.4,9,30,249,7493,8,252.552907047217
"NSFG 15-44",1085,0.4,10,30,148,1306,7,157.413693588691
"NSFG 15-44",1085,0.4,11,30,482,14538,1,239.422650531167
"NSFG 15-44",1085,0.4,12,30,312,8584,5,295.071959717974
"NSFG 15-44",1085,0.4,14,30,302,5570,4,389.080916660449
"NSFG 15-44",1085,0.4,15,30,460,14220,6,452.099589735938
"NSFG 15-44",1085,0.6,1,30,37,381,12,48.6845412584906
"NSFG 15-44",1085,0.6,2,30,315,32139,10,121.705097997853
"NSFG 15-44",1085,0.6,3,30,202,6238,2,155.5764124419
"NSFG 15-44",1085,0.6,4,30,282,18724,5,216.958005255628
"NSFG 15-44",1085,0.6,5,30,236,4936,6,277.281510439753
"NSFG 15-44",1085,0.6,6,30,203,3337,6,335.488840364672
"NSFG 15-44",1085,0.6,7,30,200,2358,3,228.634500071503
"NSFG 15-44",1085,0.6,8,30,786,49482,3,500.575531176253
"NSFG 15-44",1085,0.6,9,30,933,70727,2,701.624691097593
"NSFG 15-44",1085,0.6,10,30,333,5951,3,342.945494958881
"NSFG 15-44",1085,0.6,11,30,1428,140240,3,599.015211619584
"NSFG 15-44",1085,0.6,12,30,1217,110201,1,659.338716803709
"NSFG 15-44",1085,0.6,14,30,1964,234580,2,1077.30835109044
"NSFG 15-44",1085,0.6,15,30,1516,161436,5,1285.764124419
"NSFG 15-44",1085,0.8,1,30,95,1273,4,209.886676644809
"NSFG 15-44",1085,0.8,2,30,153,3823,5,464.836790051997
"NSFG 15-44",1085,0.8,3,30,775,169699,2,781.749129007454
"NSFG 15-44",1085,0.8,4,30,1063,254807,5,664.925889125023
"NSFG 15-44",1085,0.8,5,30,1063,249027,1,1156.4590455347
"NSFG 15-44",1085,0.8,6,30,1124,216466,1,1355.07986298891
"NSFG 15-44",1085,0.8,7,30,1413,299081,1,950.977213746318
"NSFG 15-44",1085,0.8,8,30,2238,655998,4,1836.8154418268
"NSFG 15-44",1085,0.8,9,30,5160,1478732,2,3088.7940936016
"NSFG 15-44",1085,0.8,10,30,685,20607,1,972.280847388643
"NSFG 15-44",1085,0.8,11,30,6409,2033735,0,2353.81687985528
"NSFG 15-44",1085,0.8,12,30,5092,1847534,1,2941.10983938501
"NSFG 15-44",1085,0.8,14,30,6397,1990093,2,4729.68508433186
"NSFG 15-44",1085,0.8,15,30,5946,1908732,2,5767.61241148536
"NSFG 15-44",1086,0.2,1,30,6,12,26,7.98681610681672
"NSFG 15-44",1086,0.2,2,30,20,36,15,14.5472001369445
"NSFG 15-44",1086,0.2,3,30,26,210,18,24.1132803286668
"NSFG 15-44",1086,0.2,4,30,37,273,19,28.1264642218501
"NSFG 15-44",1086,0.2,5,30,40,100,8,43.5001607258059
"NSFG 15-44",1086,0.2,6,30,48,218,11,53.626624947656
"NSFG 15-44",1086,0.2,7,30,47,183,12,53.9718406436392
"NSFG 15-44",1086,0.2,8,30,38,214,16,57.5265285121725
"NSFG 15-44",1086,0.2,9,30,54,230,11,72.7983370106505
"NSFG 15-44",1086,0.2,10,30,85,443,6,72.8378886902003
"NSFG 15-44",1086,0.2,11,30,87,591,8,82.8624649065727
"NSFG 15-44",1086,0.2,12,30,63,311,6,91.8681610681672
"NSFG 15-44",1086,0.2,13,30,116,778,5,100.160641191417
"NSFG 15-44",1086,0.2,15,30,114,1006,7,105.283200821667
"NSFG 15-44",1086,0.2,16,30,115,831,7,115.868161068167
"NSFG 15-44",1086,0.2,17,30,176,1724,6,119.932288964089
"NSFG 15-44",1086,0.2,19,30,146,1090,3,152.208002054168
"NSFG 15-44",1086,0.4,1,30,17,39,20,18.8024897433984
"NSFG 15-44",1086,0.4,2,30,22,40,15,42.7068467943457
"NSFG 15-44",1086,0.4,3,30,62,332,9,64.9105814094434
"NSFG 15-44",1086,0.4,4,30,52,152,7,72.0921511745361
"NSFG 15-44",1086,0.4,5,30,89,859,9,118.104599891528
"NSFG 15-44",1086,0.4,6,30,186,3066,4,136.340215489644
"NSFG 15-44",1086,0.4,7,30,152,2410,7,163.362380339648
"NSFG 15-44",1086,0.4,8,30,130,1278,6,138.798997968882
"NSFG 15-44",1086,0.4,9,30,150,1836,5,208.620160787769
"NSFG 15-44",1086,0.4,10,30,217,3095,6,186.324274998135
"NSFG 15-44",1086,0.4,11,30,218,3488,5,220.715803736821
"NSFG 15-44",1086,0.4,12,30,324,8718,5,254.540458330225
"NSFG 15-44",1086,0.4,13,30,240,4876,5,271.925762710415
"NSFG 15-44",1086,0.4,15,30,301,4833,2,265.03112179248
"NSFG 15-44",1086,0.4,16,30,278,3798,4,302.540458330225
"NSFG 15-44",1086,0.4,17,30,310,5430,3,306.037346150977
"NSFG 15-44",1086,0.4,19,30,415,8851,2,440.577804481201
"NSFG 15-44",1086,0.6,1,30,29,99,12,39.1617525920625
"NSFG 15-44",1086,0.6,2,30,66,398,8,92.0786443689656
"NSFG 15-44",1086,0.6,3,30,121,795,3,164.041113478725
"NSFG 15-44",1086,0.6,4,30,145,1655,4,205.319041329994
"NSFG 15-44",1086,0.6,5,30,409,26875,4,299.501350661419
"NSFG 15-44",1086,0.6,6,30,293,7745,5,397.916010511256
"NSFG 15-44",1086,0.6,7,30,531,26619,3,371.476330067925
"NSFG 15-44",1086,0.6,8,30,243,4395,5,334.455773328562
"NSFG 15-44",1086,0.6,9,30,466,15106,2,542.911546657125
"NSFG 15-44",1086,0.6,10,30,457,16269,5,440.289556882369
"NSFG 15-44",1086,0.6,11,30,503,15483,1,484.741747622446
"NSFG 15-44",1086,0.6,12,30,941,61717,3,628.654175545218
"NSFG 15-44",1086,0.6,13,30,681,30125,0,604.330670361093
"NSFG 15-44",1086,0.6,15,30,502,11512,0,587.426288880937
"NSFG 15-44",1086,0.6,16,30,574,13096,1,700.654175545218
"NSFG 15-44",1086,0.6,17,30,1010,62892,2,674.214495101887
"NSFG 15-44",1086,0.6,19,30,840,42522,2,1135.56572220234
"NSFG 15-44",1086,0.8,1,30,361,54523,2,328.178198146052
"NSFG 15-44",1086,0.8,2,30,310,29696,4,318.380620574268
"NSFG 15-44",1086,0.8,3,30,277,6815,4,511.368508433186
"NSFG 15-44",1086,0.8,4,30,615,91659,3,850.812565769832
"NSFG 15-44",1086,0.8,5,30,381,37503,5,1331.07986298891
"NSFG 15-44",1086,0.8,6,30,1058,95206,0,1647.99220194437
"NSFG 15-44",1086,0.8,7,30,1051,94467,3,1784.65079385031
"NSFG 15-44",1086,0.8,8,30,858,69206,0,1166.49681998643
"NSFG 15-44",1086,0.8,9,30,1435,168967,1,2260.7534430929
"NSFG 15-44",1086,0.8,10,30,898,55426,2,1422.91521501242
"NSFG 15-44",1086,0.8,11,30,819,43827,5,2004.57524494685
"NSFG 15-44",1086,0.8,12,30,2604,402054,2,2484.84254216593
"NSFG 15-44",1086,0.8,13,30,1192,97918,4,2537.00719014242
"NSFG 15-44",1086,0.8,15,30,910,33356,1,2049.87887858918
"NSFG 15-44",1086,0.8,16,30,624,17924,4,2580.84254216593
"NSFG 15-44",1086,0.8,17,30,3049,565989,2,2345.72778078226
"NSFG 15-44",1086,0.8,19,30,3407,622567,2,4680.69719647294
"NSFG 15-44",1087,0.2,1,30,7,9,24,6.96793605203891
"NSFG 15-44",1087,0.2,2,30,10,30,24,15.1585281698112
"NSFG 15-44",1087,0.2,3,30,19,37,18,22.9415682656724
"NSFG 15-44",1087,0.2,4,30,32,106,14,29.7566723094946
"NSFG 15-44",1087,0.2,5,30,36,126,13,38.8642564765669
"NSFG 15-44",1087,0.2,6,30,60,260,11,45.3736965039558
"NSFG 15-44",1087,0.2,7,30,55,287,15,54.1246726518558
"NSFG 15-44",1087,0.2,8,30,57,311,12,59.156736599817
"NSFG 15-44",1087,0.2,9,30,80,378,8,67.0416647011559
"NSFG 15-44",1087,0.2,10,30,54,250,10,65.094400273889
"NSFG 15-44",1087,0.2,11,30,89,581,12,81.2832008216671
"NSFG 15-44",1087,0.2,12,30,101,735,8,93.3964811503339
"NSFG 15-44",1087,0.2,13,30,98,584,5,97.8681610681672
"NSFG 15-44",1087,0.2,14,30,91,553,8,103.256833035301
"NSFG 15-44",1087,0.2,17,30,99,579,6,126.453121314667
"NSFG 15-44",1087,0.4,1,30,13,25,20,18.8024897433984
"NSFG 15-44",1087,0.4,2,30,59,223,6,51.2099589735937
"NSFG 15-44",1087,0.4,3,30,71,327,8,70.5793228622754
"NSFG 15-44",1087,0.4,4,30,53,309,11,70.3915287386865
"NSFG 15-44",1087,0.4,5,30,84,474,7,98.8308789518994
"NSFG 15-44",1087,0.4,6,30,90,542,8,118.483679913223
"NSFG 15-44",1087,0.4,7,30,137,1085,7,158.543950104741
"NSFG 15-44",1087,0.4,8,30,154,1494,5,162.607712070776
"NSFG 15-44",1087,0.4,9,30,217,2627,4,184.528009613232
"NSFG 15-44",1087,0.4,10,30,162,1414,4,148.627144336802
"NSFG 15-44",1087,0.4,11,30,306,4272,1,217.03112179248
"NSFG 15-44",1087,0.4,12,30,279,4365,5,263.043570509473
"NSFG 15-44",1087,0.4,13,30,291,5005,7,266.540458330225
"NSFG 15-44",1087,0.4,14,30,270,3922,5,304.616669013252
"NSFG 15-44",1087,0.4,17,30,334,5674,3,340.049794867969
"NSFG 15-44",1087,0.6,1,30,33,95,12,63.4977680729343
"NSFG 15-44",1087,0.6,2,30,195,5899,7,138.634500071503
"NSFG 15-44",1087,0.6,3,30,202,3096,3,203.19035577404
"NSFG 15-44",1087,0.6,4,30,171,2487,7,203.202866070787
"NSFG 15-44",1087,0.6,5,30,234,3952,3,245.538881551659
"NSFG 15-44",1087,0.6,6,30,213,2635,3,303.746211476578
"NSFG 15-44",1087,0.6,7,30,292,4402,5,383.115293993559
"NSFG 15-44",1087,0.6,8,30,340,6228,1,390.534417697528
"NSFG 15-44",1087,0.6,9,30,327,5631,3,462.496886807287
"NSFG 15-44",1087,0.6,10,30,374,10676,1,291.099201108328
"NSFG 15-44",1087,0.6,11,30,567,14699,1,515.426288880937
"NSFG 15-44",1087,0.6,12,30,633,20481,1,660.396804433312
"NSFG 15-44",1087,0.6,13,30,712,26452,1,646.654175545218
"NSFG 15-44",1087,0.6,14,30,821,34523,2,778.927639542356
"NSFG 15-44",1087,0.6,17,30,690,25958,1,813.8820622095
"NSFG 15-44",1087,0.8,1,30,55,307,7,159.190310287134
"NSFG 15-44",1087,0.8,2,30,135,3355,6,256.418395025998
"NSFG 15-44",1087,0.8,3,30,237,5327,5,533.900226814375
"NSFG 15-44",1087,0.8,4,30,262,7378,3,580.431945195564
"NSFG 15-44",1087,0.8,5,30,618,27102,1,1122.66146796291
"NSFG 15-44",1087,0.8,6,30,340,6820,4,1152.29439755821
"NSFG 15-44",1087,0.8,7,30,534,12890,3,1700.15684992085
"NSFG 15-44",1087,0.8,8,30,748,38602,0,1397.44693339361
"NSFG 15-44",1087,0.8,9,30,494,11298,2,1894.61301939858
"NSFG 15-44",1087,0.8,10,30,850,48024,1,853.989325887401
"NSFG 15-44",1087,0.8,11,30,1353,101891,1,1953.87887858918
"NSFG 15-44",1087,0.8,12,30,1326,75048,1,2653.83043002485
"NSFG 15-44",1087,0.8,13,30,1890,180802,1,2508.84254216593
"NSFG 15-44",1087,0.8,14,30,1586,119030,1,3231.32581198279
"NSFG 15-44",1087,0.8,17,30,2251,211681,1,3111.80620574268
"NSFG 15-44",1088,0.2,1,30,8,20,25,8.34342412598895
"NSFG 15-44",1088,0.2,2,30,18,54,20,14.6490881424223
"NSFG 15-44",1088,0.2,3,30,32,256,18,23.8585603149724
"NSFG 15-44",1088,0.2,4,30,22,62,18,32.2529284437002
"NSFG 15-44",1088,0.2,5,30,27,51,13,41.7171206299447
"NSFG 15-44",1088,0.2,6,30,49,135,7,44.813312473828
"NSFG 15-44",1088,0.2,7,30,63,421,15,58.2511368737059
"NSFG 15-44",1088,0.2,8,30,49,147,7,57.3736965039558
"NSFG 15-44",1088,0.2,9,30,85,863,10,74.1738250846005
"NSFG 15-44",1088,0.2,10,30,126,914,7,80.3776010955561
"NSFG 15-44",1088,0.2,11,30,76,402,8,75.6793605203891
"NSFG 15-44",1088,0.2,12,30,91,539,7,107.151361889834
"NSFG 15-44",1088,0.2,13,30,99,683,6,102.453121314667
"NSFG 15-44",1088,0.4,1,30,27,109,17,23.9043570509473
"NSFG 15-44",1088,0.4,2,30,32,84,14,40.1559131405713
"NSFG 15-44",1088,0.4,3,30,59,335,13,62.6430848283106
"NSFG 15-44",1088,0.4,4,30,89,587,7,77.194018482085
"NSFG 15-44",1088,0.4,5,30,89,471,5,131.709579378325
"NSFG 15-44",1088,0.4,6,30,138,1224,5,130.671474036812
"NSFG 15-44",1088,0.4,7,30,145,1093,5,168.747684719839
"NSFG 15-44",1088,0.4,8,30,124,1226,7,131.713071152842
"NSFG 15-44",1088,0.4,9,30,307,5993,3,274.37756164062
"NSFG 15-44",1088,0.4,10,30,310,9184,7,231.107332475508
"NSFG 15-44",1088,0.4,11,30,186,2088,2,181.318050639639
"NSFG 15-44",1088,0.4,12,30,333,6499,5,339.571580122705
"NSFG 15-44",1088,0.4,13,30,328,12418,5,292.049794867969
"NSFG 15-44",1088,0.6,1,30,44,160,8,39.1617525920625
"NSFG 15-44",1088,0.6,2,30,241,17071,10,121.705097997853
"NSFG 15-44",1088,0.6,3,30,308,15472,5,183.086690811581
"NSFG 15-44",1088,0.6,4,30,125,911,4,188.389639256344
"NSFG 15-44",1088,0.6,5,30,269,6181,2,344.999118734353
"NSFG 15-44",1088,0.6,6,30,304,5338,1,357.708680586337
"NSFG 15-44",1088,0.6,7,30,483,21167,1,516.434335323553
"NSFG 15-44",1088,0.6,8,30,282,5106,6,349.269000143006
"NSFG 15-44",1088,0.6,9,30,889,67309,4,692.101902431165
"NSFG 15-44",1088,0.6,10,30,1064,83898,2,628.629154951725
"NSFG 15-44",1088,0.6,11,30,263,3359,1,331.319041329994
"NSFG 15-44",1088,0.6,12,30,963,67757,4,946.080464426155
"NSFG 15-44",1088,0.6,13,30,767,34083,2,741.8820622095
"NSFG 15-44",1088,0.8,1,30,360,72464,7,266.215972597782
"NSFG 15-44",1088,0.8,2,30,477,54099,4,385.975775717835
"NSFG 15-44",1088,0.8,3,30,661,83405,1,618.394170743834
"NSFG 15-44",1088,0.8,4,30,600,36750,1,873.344284151021
"NSFG 15-44",1088,0.8,5,30,948,157264,3,1038.16752403345
"NSFG 15-44",1088,0.8,6,30,778,73652,1,1039.63580565226
"NSFG 15-44",1088,0.8,7,30,839,78671,5,1835.34716020799
"NSFG 15-44",1088,0.8,8,30,583,20943,5,1098.90166484286
"NSFG 15-44",1088,0.8,9,30,1881,296393,2,2446.64011973771
"NSFG 15-44",1088,0.8,10,30,2580,448702,0,2391.77910540355
"NSFG 15-44",1088,0.8,11,30,548,13724,1,1108.93943929459
"NSFG 15-44",1088,0.8,12,30,3675,686911,0,4174.7214207551
"NSFG 15-44",1088,0.8,13,30,2428,401454,2,3015.80620574268
"NSFG 15-44",1089,0.2,1,30,9,17,24,9.1075841670723
"NSFG 15-44",1089,0.2,2,30,20,28,14,14.0887041122945
"NSFG 15-44",1089,0.2,3,30,21,33,14,22.5849602465001
"NSFG 15-44",1089,0.2,4,30,25,63,16,30.7755523642724
"NSFG 15-44",1089,0.2,5,30,42,144,12,38.0491524327446
"NSFG 15-44",1089,0.2,6,30,62,254,9,45.5774725149113
"NSFG 15-44",1089,0.2,7,30,57,243,12,57.7926408490559
"NSFG 15-44",1089,0.2,8,30,64,370,11,61.7548807395003
"NSFG 15-44",1089,0.2,9,30,77,345,6,70.0983048654893
"NSFG 15-44",1089,0.2,10,30,97,667,7,75.1813128161892
"NSFG 15-44",1089,0.2,11,30,111,915,10,85.8681610681671
"NSFG 15-44",1089,0.2,12,30,85,573,6,91.3587210407782
"NSFG 15-44",1089,0.2,14,30,128,982,3,103.868161068167
"NSFG 15-44",1089,0.2,16,30,102,700,5,109.7548807395
"NSFG 15-44",1089,0.4,1,30,24,296,22,24.7546682688721
"NSFG 15-44",1089,0.4,2,30,59,555,11,53.194018482085
"NSFG 15-44",1089,0.4,3,30,67,411,10,56.4074692301953
"NSFG 15-44",1089,0.4,4,30,99,575,6,77.7608926273682
"NSFG 15-44",1089,0.4,5,30,67,423,11,119.238348182095
"NSFG 15-44",1089,0.4,6,30,85,409,7,120.184302349072
"NSFG 15-44",1089,0.4,7,30,160,1778,3,172.148929591538
"NSFG 15-44",1089,0.4,8,30,136,1266,7,176.212691557573
"NSFG 15-44",1089,0.4,9,30,194,2452,6,188.496128630215
"NSFG 15-44",1089,0.4,10,30,233,3935,4,207.582055446255
"NSFG 15-44",1089,0.4,11,30,191,4641,10,242.540458330224
"NSFG 15-44",1089,0.4,12,30,263,5329,5,249.722028095317
"NSFG 15-44",1089,0.4,14,30,227,3441,4,278.540458330225
"NSFG 15-44",1089,0.4,16,30,220,2494,2,268.528009613233
"NSFG 15-44",1089,0.6,1,30,37,347,12,37.0455773328562
"NSFG 15-44",1089,0.6,2,30,109,867,6,156.621989774756
"NSFG 15-44",1089,0.6,3,30,60,248,13,147.111711405075
"NSFG 15-44",1089,0.6,4,30,265,7329,4,241.2940207365
"NSFG 15-44",1089,0.6,5,30,277,8061,6,283.630036217372
"NSFG 15-44",1089,0.6,6,30,425,17539,5,408.496886807287
"NSFG 15-44",1089,0.6,7,30,589,26701,2,520.666685841965
"NSFG 15-44",1089,0.6,8,30,519,40515,4,406.405732141575
"NSFG 15-44",1089,0.6,9,30,412,11418,2,564.073299249187
"NSFG 15-44",1089,0.6,10,30,670,34038,4,565.143897175537
"NSFG 15-44",1089,0.6,11,30,634,22922,4,610.654175545218
"NSFG 15-44",1089,0.6,12,30,595,29709,2,573.633618805856
"NSFG 15-44",1089,0.6,14,30,667,27621,4,664.654175545219
"NSFG 15-44",1089,0.6,16,30,376,6816,4,573.683659992843
"NSFG 15-44",1089,0.8,1,30,169,7719,4,401.406282884916
"NSFG 15-44",1089,0.8,2,30,434,44504,1,487.368508433186
"NSFG 15-44",1089,0.8,3,30,305,17233,2,545.166086004969
"NSFG 15-44",1089,0.8,4,30,665,56283,2,856.44549536513
"NSFG 15-44",1089,0.8,5,30,982,107124,1,1156.4590455347
"NSFG 15-44",1089,0.8,6,30,1467,229539,2,1507.16896206194
"NSFG 15-44",1089,0.8,7,30,1213,152705,2,1897.30938575626
"NSFG 15-44",1089,0.8,8,30,948,114340,4,1487.57380691837
"NSFG 15-44",1089,0.8,9,30,2224,390756,4,1725.62513153966
"NSFG 15-44",1089,0.8,10,30,1887,277601,1,2290.3863726882
"NSFG 15-44",1089,0.8,11,30,2283,216103,1,2460.84254216593
"NSFG 15-44",1089,0.8,12,30,2253,374171,1,2231.36071037755
"NSFG 15-44",1089,0.8,14,30,2370,255634,2,2532.84254216593
"NSFG 15-44",1089,0.8,16,30,577,12641,2,1904.89099073026
"NSFG 15-44",1090,0.2,1,30,11,53,25,10.4321282382834
"NSFG 15-44",1090,0.2,2,30,11,17,22,15.5151361889834
"NSFG 15-44",1090,0.2,3,30,20,40,17,24.4189443451002
"NSFG 15-44",1090,0.2,4,30,19,35,18,29.7566723094946
"NSFG 15-44",1090,0.2,5,30,28,74,18,36.9793283752279
"NSFG 15-44",1090,0.2,6,30,38,106,12,49.5511047285448
"NSFG 15-44",1090,0.2,7,30,38,156,13,56.1114887586726
"NSFG 15-44",1090,0.2,8,30,72,366,11,59.8699526381614
"NSFG 15-44",1090,0.2,9,30,61,289,13,69.8945288545337
"NSFG 15-44",1090,0.2,10,30,66,344,12,77.5756809449171
"NSFG 15-44",1090,0.2,11,30,64,382,13,88.9248012325005
"NSFG 15-44",1090,0.2,12,30,82,468,9,87.283200821667
"NSFG 15-44",1090,0.2,14,30,128,882,6,110.745601437917
"NSFG 15-44",1090,0.2,17,30,157,1761,7,199.812485258669
"NSFG 15-44",1090,0.4,1,30,26,82,14,21.3534233971728
"NSFG 15-44",1090,0.4,2,30,79,3641,17,39.3056019226465
"NSFG 15-44",1090,0.4,3,30,117,4147,7,67.7449521358594
"NSFG 15-44",1090,0.4,4,30,62,250,8,76.3437072641601
"NSFG 15-44",1090,0.4,5,30,100,706,5,133.977075959458
"NSFG 15-44",1090,0.4,6,30,114,738,7,167.234856407578
"NSFG 15-44",1090,0.4,7,30,174,3540,4,172.148929591538
"NSFG 15-44",1090,0.4,8,30,239,4819,4,153.254288673604
"NSFG 15-44",1090,0.4,9,30,224,3328,7,229.877941235889
"NSFG 15-44",1090,0.4,10,30,295,7471,3,216.935478843428
"NSFG 15-44",1090,0.4,11,30,181,2195,5,259.546682688721
"NSFG 15-44",1090,0.4,12,30,271,4893,7,229.031121792481
"NSFG 15-44",1090,0.4,14,30,279,4691,2,342.313799674585
"NSFG 15-44",1090,0.4,17,30,811,38317,4,748.199179471875
"NSFG 15-44",1090,0.6,1,30,25,41,10,64.5558557025375
"NSFG 15-44",1090,0.6,2,30,85,1237,10,85.7301185913469
"NSFG 15-44",1090,0.6,3,30,292,13056,2,234.932984662134
"NSFG 15-44",1090,0.6,4,30,133,1047,3,206.377128959597
"NSFG 15-44",1090,0.6,5,30,307,12585,5,241.306531033247
"NSFG 15-44",1090,0.6,6,30,409,20825,5,426.48437651054
"NSFG 15-44",1090,0.6,7,30,586,45300,4,415.916010511256
"NSFG 15-44",1090,0.6,8,30,972,101078,1,376.779278512687
"NSFG 15-44",1090,0.6,9,30,588,21764,1,606.396804433312
"NSFG 15-44",1090,0.6,10,30,778,40006,4,546.098319842681
"NSFG 15-44",1090,0.6,11,30,360,5496,2,674.139433321406
"NSFG 15-44",1090,0.6,12,30,900,45098,1,533.426288880937
"NSFG 15-44",1090,0.6,14,30,1064,77790,4,870.981263317827
"NSFG 15-44",1090,0.6,17,30,2115,202643,0,2337.528248838
"NSFG 15-44",1090,0.8,1,30,147,8283,3,232.418395025999
"NSFG 15-44",1090,0.8,2,30,1075,430871,2,538.064874790861
"NSFG 15-44",1090,0.8,3,30,484,53940,1,415.608705313133
"NSFG 15-44",1090,0.8,4,30,636,67354,3,664.925889125023
"NSFG 15-44",1090,0.8,5,30,1832,524228,1,1714.11907546912
"NSFG 15-44",1090,0.8,6,30,2592,614180,2,2002.86676644809
"NSFG 15-44",1090,0.8,7,30,2243,508455,1,1829.71423061269
"NSFG 15-44",1090,0.8,8,30,2163,477041,1,1391.81400379832
"NSFG 15-44",1090,0.8,9,30,2542,834094,4,2576.19750042955
"NSFG 15-44",1090,0.8,10,30,5502,1936214,1,2172.09485118696
"NSFG 15-44",1090,0.8,11,30,593,14717,3,2798.81831788376
"NSFG 15-44",1090,0.8,12,30,5096,1667996,2,1977.87887858918
"NSFG 15-44",1090,0.8,14,30,5669,2051323,3,3462.27592538998
"NSFG 15-44",1090,0.8,17,30,7674,2582686,0,11223.2248229707
"NSFG 15-44",1091,0.2,1,30,16,24,17,8.90380815611674
"NSFG 15-44",1091,0.2,2,30,22,52,18,16.5849602465001
"NSFG 15-44",1091,0.2,3,30,23,105,19,27.5265285121725
"NSFG 15-44",1091,0.2,4,30,26,44,12,32.5585924601335
"NSFG 15-44",1091,0.2,5,30,35,95,13,38.7623684710891
"NSFG 15-44",1091,0.2,6,30,43,191,14,45.4755845094336
"NSFG 15-44",1091,0.2,7,30,70,386,10,49.7434884163113
"NSFG 15-44",1091,0.2,8,30,47,147,11,65.9832329668282
"NSFG 15-44",1091,0.2,9,30,75,469,11,68.1114887586726
"NSFG 15-44",1091,0.2,10,30,58,288,12,76.8115209038338
"NSFG 15-44",1091,0.2,11,30,88,706,14,90.8606733365784
"NSFG 15-44",1091,0.2,12,30,81,419,6,79.0812163807058
"NSFG 15-44",1091,0.2,20,30,89,621,10,136.811520903834
"NSFG 15-44",1091,0.4,1,30,11,11,19,18.8024897433984
"NSFG 15-44",1091,0.4,2,30,38,130,13,50.0762106830273
"NSFG 15-44",1091,0.4,3,30,66,438,9,61.5093365377442
"NSFG 15-44",1091,0.4,4,30,71,465,11,84.279945298125
"NSFG 15-44",1091,0.4,5,30,116,1114,5,114.136480874546
"NSFG 15-44",1091,0.4,6,30,110,994,5,129.537725746245
"NSFG 15-44",1091,0.4,7,30,121,833,4,130.483679913223
"NSFG 15-44",1091,0.4,8,30,166,2046,7,209.374829056641
"NSFG 15-44",1091,0.4,9,30,167,1899,5,172.056778417002
"NSFG 15-44",1091,0.4,10,30,233,3561,4,239.043570509473
"NSFG 15-44",1091,0.4,11,30,248,3628,4,280.237588991557
"NSFG 15-44",1091,0.4,12,30,179,1903,4,185.948686750957
"NSFG 15-44",1091,0.4,20,30,297,5707,5,333.534233971729
"NSFG 15-44",1091,0.6,1,30,68,1466,10,37.0455773328562
"NSFG 15-44",1091,0.6,2,30,69,355,6,88.9043814801562
"NSFG 15-44",1091,0.6,3,30,176,1864,2,171.447726885947
"NSFG 15-44",1091,0.6,4,30,182,2902,3,190.50581451555
"NSFG 15-44",1091,0.6,5,30,183,2909,3,269.874897032531
"NSFG 15-44",1091,0.6,6,30,258,6426,6,387.335134215225
"NSFG 15-44",1091,0.6,7,30,253,7439,5,307.991072291737
"NSFG 15-44",1091,0.6,8,30,448,11162,1,539.724773471568
"NSFG 15-44",1091,0.6,9,30,468,18650,4,436.044696067209
"NSFG 15-44",1091,0.6,10,30,407,11839,5,662.487959099024
"NSFG 15-44",1091,0.6,11,30,578,15504,1,736.56660346799
"NSFG 15-44",1091,0.6,12,30,455,18763,1,393.758721773325
"NSFG 15-44",1091,0.6,20,30,825,32995,3,709.168917769031
"NSFG 15-44",1091,0.8,1,30,59,833,4,119.759803120053
"NSFG 15-44",1091,0.8,2,30,787,88719,3,661.989325887401
"NSFG 15-44",1091,0.8,3,30,157,5281,6,342.380620574268
"NSFG 15-44",1091,0.8,4,30,667,65045,0,856.44549536513
"NSFG 15-44",1091,0.8,5,30,792,91752,2,1083.23096079583
"NSFG 15-44",1091,0.8,6,30,1225,140351,2,1867.67645616096
"NSFG 15-44",1091,0.8,7,30,612,24974,1,1103.06631281934
"NSFG 15-44",1091,0.8,8,30,1647,185559,4,2270.55102066469
"NSFG 15-44",1091,0.8,9,30,1037,120075,2,1517.20673651367
"NSFG 15-44",1091,0.8,10,30,1528,149570,1,2707.2231627402
"NSFG 15-44",1091,0.8,11,30,1148,92520,2,3091.73065683922
"NSFG 15-44",1091,0.8,12,30,795,44689,2,1217.43338322405
"NSFG 15-44",1091,0.8,20,30,1692,124894,1,2338.86676644809
"NSFG 15-44",1092,0.2,1,30,8,8,22,6.91699204930003
"NSFG 15-44",1092,0.2,2,30,12,14,19,16.2792962300668
"NSFG 15-44",1092,0.2,3,30,30,80,16,22.8906242629335
"NSFG 15-44",1092,0.2,4,30,41,181,14,31.4887684026169
"NSFG 15-44",1092,0.2,5,30,49,287,13,46.0983048654893
"NSFG 15-44",1092,0.2,6,30,64,312,10,44.7623684710891
"NSFG 15-44",1092,0.2,7,30,44,128,10,60.0341769695671
"NSFG 15-44",1092,0.2,8,30,54,202,9,59.4624006162503
"NSFG 15-44",1092,0.2,9,30,105,801,8,83.0890255639062
"NSFG 15-44",1092,0.2,10,30,82,496,7,74.3662087723671
"NSFG 15-44",1092,0.2,12,30,111,1065,7,87.0284808079726
"NSFG 15-44",1092,0.4,1,30,13,17,19,27.5890389952881
"NSFG 15-44",1092,0.4,2,30,23,49,17,34.2037346150977
"NSFG 15-44",1092,0.4,3,30,41,169,12,62.0762106830273
"NSFG 15-44",1092,0.4,4,30,149,2645,6,102.419917947187
"NSFG 15-44",1092,0.4,5,30,143,2663,10,134.543950104741
"NSFG 15-44",1092,0.4,6,30,139,1341,5,119.900865276431
"NSFG 15-44",1092,0.4,7,30,155,2289,10,195.674206620791
"NSFG 15-44",1092,0.4,8,30,91,599,9,151.553666237754
"NSFG 15-44",1092,0.4,9,30,196,2494,7,270.126005550996
"NSFG 15-44",1092,0.4,10,30,286,4482,4,209.282677882105
"NSFG 15-44",1092,0.4,12,30,210,5226,4,229.031121792481
"NSFG 15-44",1092,0.6,1,30,20,34,14,33.8713144440469
"NSFG 15-44",1092,0.6,2,30,62,452,6,83.6139433321406
"NSFG 15-44",1092,0.6,3,30,134,2420,8,210.596969181262
"NSFG 15-44",1092,0.6,4,30,110,770,5,153.472747479441
"NSFG 15-44",1092,0.6,5,30,274,5690,6,341.824855845544
"NSFG 15-44",1092,0.6,6,30,172,1672,4,306.920474365387
"NSFG 15-44",1092,0.6,7,30,469,29983,3,485.749794065062
"NSFG 15-44",1092,0.6,8,30,381,8783,2,375.721190883084
"NSFG 15-44",1092,0.6,9,30,622,34406,2,697.392340579181
"NSFG 15-44",1092,0.6,10,30,643,37455,1,559.853459027521
"NSFG 15-44",1092,0.6,12,30,560,27864,1,517.55497443689
"NSFG 15-44",1092,0.8,1,30,51,413,9,277.481831788376
"NSFG 15-44",1092,0.8,2,30,216,6196,1,543.697804386159
"NSFG 15-44",1092,0.8,3,30,321,10323,1,821.179636174535
"NSFG 15-44",1092,0.8,4,30,482,23592,3,1340.87744056069
"NSFG 15-44",1092,0.8,5,30,783,65163,3,1432.47259570426
"NSFG 15-44",1092,0.8,6,30,895,91831,1,1338.18107420302
"NSFG 15-44",1092,0.8,7,30,751,72991,5,2556.36214840604
"NSFG 15-44",1092,0.8,8,30,992,109582,2,1679.09341315848
"NSFG 15-44",1092,0.8,9,30,1846,193876,3,3460.56744689122
"NSFG 15-44",1092,0.8,10,30,894,107160,3,1642.59946922902
"NSFG 15-44",1092,0.8,12,30,1615,227219,2,1865.22028668323
"NSFG 15-44",1093,0.2,1,30,5,5,25,8.29248012325006
"NSFG 15-44",1093,0.2,2,30,17,37,19,15.6679681972001
"NSFG 15-44",1093,0.2,3,30,19,43,17,25.0302723779668
"NSFG 15-44",1093,0.2,4,30,34,110,14,28.3811842355446
"NSFG 15-44",1093,0.2,5,30,26,58,14,35.8076163122335
"NSFG 15-44",1093,0.2,6,30,46,160,13,49.0926087038948
"NSFG 15-44",1093,0.2,7,30,66,516,13,54.9397766956781
"NSFG 15-44",1093,0.2,8,30,58,200,7,55.7434884163113
"NSFG 15-44",1093,0.2,9,30,74,420,10,61.3868803971391
"NSFG 15-44",1093,0.2,10,30,76,412,8,68.9661444820447
"NSFG 15-44",1093,0.2,11,30,73,355,8,79.7548807395003
"NSFG 15-44",1093,0.2,13,30,117,841,6,125.377922547168
"NSFG 15-44",1093,0.2,14,30,87,827,11,110.898433446134
"NSFG 15-44",1093,0.4,1,30,24,102,17,20.503112179248
"NSFG 15-44",1093,0.4,2,30,47,355,13,44.6909063028369
"NSFG 15-44",1093,0.4,3,30,76,656,9,60.0921511745362
"NSFG 15-44",1093,0.4,4,30,75,331,8,62.4552907047217
"NSFG 15-44",1093,0.4,5,30,94,524,4,105.066494550015
"NSFG 15-44",1093,0.4,6,30,159,1987,5,126.986792092471
"NSFG 15-44",1093,0.4,7,30,135,1021,5,148.907089634927
"NSFG 15-44",1093,0.4,8,30,99,605,5,141.066494550015
"NSFG 15-44",1093,0.4,9,30,121,1125,8,143.996508225483
"NSFG 15-44",1093,0.4,10,30,162,1556,6,168.751176494355
"NSFG 15-44",1093,0.4,11,30,159,1537,6,208.528009613233
"NSFG 15-44",1093,0.4,13,30,350,7376,6,419.596477556689
"NSFG 15-44",1093,0.4,14,30,308,4918,5,300.64854999627
"NSFG 15-44",1093,0.6,1,30,27,67,13,61.3815928137281
"NSFG 15-44",1093,0.6,2,30,179,3789,7,120.64701036825
"NSFG 15-44",1093,0.6,3,30,134,1542,6,177.796252663565
"NSFG 15-44",1093,0.6,4,30,127,939,4,139.7176082946
"NSFG 15-44",1093,0.6,5,30,192,3950,6,246.596969181262
"NSFG 15-44",1093,0.6,6,30,188,3252,7,322.791788809434
"NSFG 15-44",1093,0.6,7,30,284,5436,4,413.79983525205
"NSFG 15-44",1093,0.6,8,30,297,5521,1,300.596969181262
"NSFG 15-44",1093,0.6,9,30,256,4312,2,269.924938219519
"NSFG 15-44",1093,0.6,10,30,339,5205,0,361.991072291737
"NSFG 15-44",1093,0.6,11,30,348,5450,1,483.683659992843
"NSFG 15-44",1093,0.6,13,30,615,17817,3,1218.0214955309
"NSFG 15-44",1093,0.6,14,30,601,17679,5,772.579113764737
"NSFG 15-44",1093,0.8,1,30,76,922,6,204.253747049512
"NSFG 15-44",1093,0.8,2,30,192,5606,3,391.608705313133
"NSFG 15-44",1093,0.8,3,30,282,12050,4,618.394170743834
"NSFG 15-44",1093,0.8,4,30,627,50071,1,715.622255482698
"NSFG 15-44",1093,0.8,5,30,581,37633,0,1021.26873524756
"NSFG 15-44",1093,0.8,6,30,417,12661,1,1332.54814460772
"NSFG 15-44",1093,0.8,7,30,755,29299,2,1711.42270911145
"NSFG 15-44",1093,0.8,8,30,331,6805,6,980.610143341616
"NSFG 15-44",1093,0.8,9,30,797,44953,4,937.014988198049
"NSFG 15-44",1093,0.8,10,30,577,14067,2,1208.86389039113
"NSFG 15-44",1093,0.8,11,30,429,8301,3,1784.89099073026
"NSFG 15-44",1093,0.8,13,30,1613,96803,1,5550.62452362645
"NSFG 15-44",1093,0.8,14,30,1056,49698,3,2837.02074031198
"NSFG 15-44",1094,0.2,1,30,1,1,29,7.12076806025559
"NSFG 15-44",1094,0.2,2,30,19,49,19,15.3113601780279
"NSFG 15-44",1094,0.2,3,30,20,62,21,26.2019844409613
"NSFG 15-44",1094,0.2,4,30,21,69,21,30.7755523642724
"NSFG 15-44",1094,0.2,5,30,31,71,12,35.6038403012779
"NSFG 15-44",1094,0.2,6,30,50,200,12,47.8190086354225
"NSFG 15-44",1094,0.2,7,30,44,156,12,58.7605769010949
"NSFG 15-44",1094,0.2,8,30,43,135,12,60.2265606573336
"NSFG 15-44",1094,0.2,9,30,101,673,9,74.3776010955561
"NSFG 15-44",1094,0.2,10,30,47,147,11,76.6586888956171
"NSFG 15-44",1094,0.2,11,30,58,282,11,76.0359685395614
"NSFG 15-44",1094,0.2,13,30,110,616,4,92.5190407805837
"NSFG 15-44",1094,0.4,1,30,7,7,23,21.0699863245312
"NSFG 15-44",1094,0.4,2,30,30,76,13,34.2037346150977
"NSFG 15-44",1094,0.4,3,30,61,253,4,54.7068467943457
"NSFG 15-44",1094,0.4,4,30,82,656,7,87.3977530971826
"NSFG 15-44",1094,0.4,5,30,83,509,10,89.7608926273682
"NSFG 15-44",1094,0.4,6,30,120,1264,11,140.024897433984
"NSFG 15-44",1094,0.4,7,30,162,2078,8,172.43236666418
"NSFG 15-44",1094,0.4,8,30,119,1065,6,173.378320831157
"NSFG 15-44",1094,0.4,9,30,244,3594,3,214.2889022406
"NSFG 15-44",1094,0.4,10,30,181,2279,3,220.336723715127
"NSFG 15-44",1094,0.4,11,30,178,1616,3,184.719295511338
"NSFG 15-44",1094,0.4,13,30,180,2078,7,233.378320831157
"NSFG 15-44",1094,0.6,1,30,49,1111,15,43.394103110475
"NSFG 15-44",1094,0.6,2,30,162,4302,9,93.1367319985687
"NSFG 15-44",1094,0.6,3,30,259,10577,5,183.086690811581
"NSFG 15-44",1094,0.6,4,30,160,3080,7,227.538881551659
"NSFG 15-44",1094,0.6,5,30,315,6705,2,200.041113478725
"NSFG 15-44",1094,0.6,6,30,299,4809,4,284.700634143722
"NSFG 15-44",1094,0.6,7,30,328,6446,4,455.065252806572
"NSFG 15-44",1094,0.6,8,30,356,10880,4,393.708680586337
"NSFG 15-44",1094,0.6,9,30,470,12480,2,548.20198480514
"NSFG 15-44",1094,0.6,10,30,481,17651,3,637.09385598855
"NSFG 15-44",1094,0.6,11,30,309,3953,1,385.281510439753
"NSFG 15-44",1094,0.6,13,30,461,12779,3,522.857922881653
"NSFG 15-44",1094,0.8,1,30,123,3585,2,142.291521501242
"NSFG 15-44",1094,0.8,2,30,181,4039,8,346.545268550755
"NSFG 15-44",1094,0.8,3,30,298,9512,2,624.027100339131
"NSFG 15-44",1094,0.8,4,30,460,27388,4,957.83822808048
"NSFG 15-44",1094,0.8,5,30,625,41271,4,626.963663576753
"NSFG 15-44",1094,0.8,6,30,688,25228,1,1377.6115813701
"NSFG 15-44",1094,0.8,7,30,930,58746,2,1869.14473777977
"NSFG 15-44",1094,0.8,8,30,796,52072,2,1363.64935582183
"NSFG 15-44",1094,0.8,9,30,1590,118130,1,2187.52535835404
"NSFG 15-44",1094,0.8,10,30,1183,93667,2,2301.6522318788
"NSFG 15-44",1094,0.8,11,30,560,14526,4,1418.75056703594
"NSFG 15-44",1094,0.8,13,30,1128,86108,4,1951.1825122315
"NSFG 15-44",1095,0.2,1,30,5,7,26,8.24153612051117
"NSFG 15-44",1095,0.2,2,30,23,45,16,15.1075841670723
"NSFG 15-44",1095,0.2,3,30,15,25,19,22.5340162437612
"NSFG 15-44",1095,0.2,4,30,28,136,19,32.1000964354835
"NSFG 15-44",1095,0.2,5,30,35,99,14,38.8642564765669
"NSFG 15-44",1095,0.2,6,30,51,221,10,51.9964168600115
"NSFG 15-44",1095,0.2,7,30,45,167,13,52.6982405751669
"NSFG 15-44",1095,0.2,8,30,65,341,12,64.6586888956171
"NSFG 15-44",1095,0.2,9,30,60,272,10,63.1189764902613
"NSFG 15-44",1095,0.2,10,30,71,411,12,81.0398731311616
"NSFG 15-44",1095,0.2,11,30,80,436,7,79.7548807395003
"NSFG 15-44",1095,0.2,12,30,87,567,7,99.5097614790007
"NSFG 15-44",1095,0.2,14,30,132,1516,5,131.377922547168
"NSFG 15-44",1095,0.4,1,30,24,56,15,17.9521785254736
"NSFG 15-44",1095,0.4,2,30,52,390,14,46.9584028839697
"NSFG 15-44",1095,0.4,3,30,60,238,11,51.8724760679297
"NSFG 15-44",1095,0.4,4,30,111,4387,11,81.445574571709
"NSFG 15-44",1095,0.4,5,30,146,1428,4,123.206467199077
"NSFG 15-44",1095,0.4,6,30,131,1143,9,163.833611535879
"NSFG 15-44",1095,0.4,7,30,188,2208,3,140.403977455679
"NSFG 15-44",1095,0.4,8,30,134,1514,11,164.591771579268
"NSFG 15-44",1095,0.4,9,30,172,1350,3,160.435858438696
"NSFG 15-44",1095,0.4,10,30,239,5245,6,263.986032901933
"NSFG 15-44",1095,0.4,11,30,209,2353,5,208.528009613233
"NSFG 15-44",1095,0.4,12,30,275,4305,1,297.056019226465
"NSFG 15-44",1095,0.4,14,30,563,22845,3,431.596477556689
"NSFG 15-44",1095,0.6,1,30,36,202,10,45.5102783696812
"NSFG 15-44",1095,0.6,2,30,67,387,8,102.659520664997
"NSFG 15-44",1095,0.6,3,30,114,1936,7,129.124221701822
"NSFG 15-44",1095,0.6,4,30,341,9827,7,258.22342281015
"NSFG 15-44",1095,0.6,5,30,217,3427,5,228.609479478009
"NSFG 15-44",1095,0.6,6,30,366,9664,4,457.168917769031
"NSFG 15-44",1095,0.6,7,30,271,3637,1,330.210912513403
"NSFG 15-44",1095,0.6,8,30,370,10508,3,503.749794065062
"NSFG 15-44",1095,0.6,9,30,297,4599,4,352.455773328562
"NSFG 15-44",1095,0.6,10,30,472,28160,5,620.1644539149
"NSFG 15-44",1095,0.6,11,30,375,5741,2,483.683659992843
"NSFG 15-44",1095,0.6,12,30,591,17657,3,787.367319985687
"NSFG 15-44",1095,0.6,14,30,1114,80182,3,1236.02149553091
"NSFG 15-44",1095,0.8,1,30,332,68914,8,153.557380691837
"NSFG 15-44",1095,0.8,2,30,522,105596,2,369.076986931944
"NSFG 15-44",1095,0.8,3,30,421,56149,7,336.747690978971
"NSFG 15-44",1095,0.8,4,30,977,207361,3,777.584481030968
"NSFG 15-44",1095,0.8,5,30,915,136369,2,1308.54814460772
"NSFG 15-44",1095,0.8,6,30,2013,520865,4,1664.89099073026
"NSFG 15-44",1095,0.8,7,30,1187,174917,2,1294.58591905945
"NSFG 15-44",1095,0.8,8,30,2589,536989,3,2293.08273904588
"NSFG 15-44",1095,0.8,9,30,976,95102,1,1055.30650969929
"NSFG 15-44",1095,0.8,10,30,2214,557530,4,2087.6009072575
"NSFG 15-44",1095,0.8,11,30,554,11846,2,1784.89099073026
"NSFG 15-44",1095,0.8,12,30,1420,77608,1,3329.78198146052
"NSFG 15-44",1095,0.8,14,30,5636,1577190,4,5574.62452362645
"NSFG 15-44",1096,0.2,1,30,15,47,21,8.44531213146673
"NSFG 15-44",1096,0.2,2,30,13,45,23,17.8076163122335
"NSFG 15-44",1096,0.2,3,30,24,58,17,24.011392323189
"NSFG 15-44",1096,0.2,4,30,35,159,15,32.4567044546558
"NSFG 15-44",1096,0.2,5,30,41,175,15,39.8831365313447
"NSFG 15-44",1096,0.2,6,30,48,186,13,48.7869446874614
"NSFG 15-44",1096,0.2,7,30,49,219,10,57.9964168600115
"NSFG 15-44",1096,0.2,8,30,57,219,9,69.0398731311616
"NSFG 15-44",1096,0.2,9,30,63,251,6,85.8909457145452
"NSFG 15-44",1096,0.2,10,30,90,516,6,74.6718727888004
"NSFG 15-44",1096,0.2,11,30,105,1207,10,99.877761821362
"NSFG 15-44",1096,0.2,12,30,74,384,11,76.5849602465001
"NSFG 15-44",1096,0.2,13,30,84,510,9,87.1699204930002
"NSFG 15-44",1096,0.2,15,30,148,2114,6,143.491202875835
"NSFG 15-44",1096,0.2,16,30,110,728,8,123.509761479001
"NSFG 15-44",1096,0.2,20,30,140,1134,6,135.283200821667
"NSFG 15-44",1096,0.4,1,30,19,27,14,20.2196751066064
"NSFG 15-44",1096,0.4,2,30,48,170,11,42.4234097217041
"NSFG 15-44",1096,0.4,3,30,75,761,10,70.0124487169922
"NSFG 15-44",1096,0.4,4,30,90,758,9,82.862759934917
"NSFG 15-44",1096,0.4,5,30,94,522,6,115.553666237754
"NSFG 15-44",1096,0.4,6,30,214,5280,5,135.489904271719
"NSFG 15-44",1096,0.4,7,30,158,2796,6,182.636101279277
"NSFG 15-44",1096,0.4,8,30,129,1187,8,205.973584184941
"NSFG 15-44",1096,0.4,9,30,444,16260,2,303.571580122705
"NSFG 15-44",1096,0.4,10,30,245,5065,7,199.362380339648
"NSFG 15-44",1096,0.4,11,30,387,10975,5,344.577804481201
"NSFG 15-44",1096,0.4,12,30,200,1826,4,169.509336537744
"NSFG 15-44",1096,0.4,13,30,156,1598,7,207.018673075488
"NSFG 15-44",1096,0.4,15,30,651,27207,4,477.608926273682
"NSFG 15-44",1096,0.4,16,30,478,11964,1,345.056019226465
"NSFG 15-44",1096,0.4,20,30,290,4490,1,325.03112179248
"NSFG 15-44",1096,0.6,1,30,26,66,13,52.9168917769031
"NSFG 15-44",1096,0.6,2,30,42,178,10,67.7426288880937
"NSFG 15-44",1096,0.6,3,30,170,4302,9,169.331551626741
"NSFG 15-44",1096,0.6,4,30,139,1567,6,255.04915992134
"NSFG 15-44",1096,0.6,5,30,601,62799,4,313.256489846259
"NSFG 15-44",1096,0.6,6,30,588,33202,3,385.218958956018
"NSFG 15-44",1096,0.6,7,30,558,26488,4,525.957123989981
"NSFG 15-44",1096,0.6,8,30,561,47925,3,593.687242581328
"NSFG 15-44",1096,0.6,9,30,1242,152630,5,846.582696353221
"NSFG 15-44",1096,0.6,10,30,409,8835,2,490.019675473715
"NSFG 15-44",1096,0.6,11,30,552,20542,2,838.14301590989
"NSFG 15-44",1096,0.6,12,30,210,2188,5,311.227886664281
"NSFG 15-44",1096,0.6,13,30,681,70975,2,424.455773328563
"NSFG 15-44",1096,0.6,15,30,2196,252476,2,1380.99201108328
"NSFG 15-44",1096,0.6,16,30,866,74120,3,859.367319985687
"NSFG 15-44",1096,0.6,20,30,466,10350,3,677.426288880937
"NSFG 15-44",1096,0.8,1,30,23,33,11,215.519606240107
"NSFG 15-44",1096,0.8,2,30,175,3783,7,385.975775717835
"NSFG 15-44",1096,0.8,3,30,408,25154,1,680.356396292103
"NSFG 15-44",1096,0.8,4,30,1883,511115,3,1115.5602567488
"NSFG 15-44",1096,0.8,5,30,2545,768905,0,1162.09197512999
"NSFG 15-44",1096,0.8,6,30,2219,716457,0,1805.71423061269
"NSFG 15-44",1096,0.8,7,30,1161,173547,2,1908.57524494685
"NSFG 15-44",1096,0.8,8,30,2218,417510,3,2478.96941569069
"NSFG 15-44",1096,0.8,9,30,5748,1888568,5,3809.80908179965
"NSFG 15-44",1096,0.8,10,30,1925,391541,3,1845.38493465972
"NSFG 15-44",1096,0.8,11,30,3287,798901,2,4207.05071670808
"NSFG 15-44",1096,0.8,12,30,343,4377,1,794.963663576753
"NSFG 15-44",1096,0.8,13,30,1529,426755,2,1325.92732715351
"NSFG 15-44",1096,0.8,15,30,5845,1954005,4,6274.57607506212
"NSFG 15-44",1096,0.8,16,30,6292,1898462,1,3425.78198146052
"NSFG 15-44",1096,0.8,20,30,660,17602,3,2169.87887858918
"NSFG 15-44",1097,0.2,1,30,9,11,22,8.49625613420562
"NSFG 15-44",1097,0.2,2,30,35,147,17,19.9472644272669
"NSFG 15-44",1097,0.2,3,30,33,123,15,25.2849923916613
"NSFG 15-44",1097,0.2,4,30,16,26,18,30.979328375228
"NSFG 15-44",1097,0.2,5,30,52,348,14,37.6416004108335
"NSFG 15-44",1097,0.2,6,30,46,168,10,48.8888326929392
"NSFG 15-44",1097,0.2,7,30,47,229,15,61.970049073645
"NSFG 15-44",1097,0.2,8,30,59,301,14,67.8681610681671
"NSFG 15-44",1097,0.2,9,30,71,403,6,71.0662409175282
"NSFG 15-44",1097,0.2,10,30,67,335,11,69.3736965039558
"NSFG 15-44",1097,0.2,11,30,103,633,6,79.7548807395003
"NSFG 15-44",1097,0.2,12,30,129,1345,9,91.1549450298227
"NSFG 15-44",1097,0.2,13,30,166,1856,6,110.60416175289
"NSFG 15-44",1097,0.4,1,30,10,12,21,18.8024897433984
"NSFG 15-44",1097,0.4,2,30,39,139,14,46.1080916660449
"NSFG 15-44",1097,0.4,3,30,99,1421,8,69.1621374990674
"NSFG 15-44",1097,0.4,4,30,71,465,8,96.7511764943555
"NSFG 15-44",1097,0.4,5,30,105,943,8,111.018673075488
"NSFG 15-44",1097,0.4,6,30,231,5851,6,171.486412497202
"NSFG 15-44",1097,0.4,7,30,157,1879,3,185.753909078335
"NSFG 15-44",1097,0.4,8,30,144,1228,4,206.540458330225
"NSFG 15-44",1097,0.4,9,30,331,10701,4,218.540458330225
"NSFG 15-44",1097,0.4,10,30,215,2845,5,171.018673075488
"NSFG 15-44",1097,0.4,11,30,199,2321,5,208.528009613233
"NSFG 15-44",1097,0.4,12,30,237,3551,3,247.171094441543
"NSFG 15-44",1097,0.4,13,30,366,9514,7,398.905571253853
"NSFG 15-44",1097,0.6,1,30,145,8739,11,51.8588041473
"NSFG 15-44",1097,0.6,2,30,152,5928,4,116.414659849837
"NSFG 15-44",1097,0.6,3,30,224,9546,10,208.480793922056
"NSFG 15-44",1097,0.6,4,30,283,9773,4,209.551391848406
"NSFG 15-44",1097,0.6,5,30,432,58248,7,330.185891919909
"NSFG 15-44",1097,0.6,6,30,266,7842,8,402.148361029668
"NSFG 15-44",1097,0.6,7,30,590,39754,2,469.878479621015
"NSFG 15-44",1097,0.6,8,30,369,5769,0,556.654175545218
"NSFG 15-44",1097,0.6,9,30,643,37765,5,542.911546657125
"NSFG 15-44",1097,0.6,10,30,326,5380,6,372.571948587769
"NSFG 15-44",1097,0.6,11,30,448,10424,3,483.683659992843
"NSFG 15-44",1097,0.6,12,30,774,33858,1,588.4468456203
"NSFG 15-44",1097,0.6,13,30,1633,174283,1,976.777515981393
"NSFG 15-44",1097,0.8,1,30,391,128243,6,102.861014334162
"NSFG 15-44",1097,0.8,2,30,89,467,6,532.431945195564
"NSFG 15-44",1097,0.8,3,30,877,195327,3,804.280847388643
"NSFG 15-44",1097,0.8,4,30,1012,221292,4,771.951551435671
"NSFG 15-44",1097,0.8,5,30,1785,416431,3,1314.18107420302
"NSFG 15-44",1097,0.8,6,30,2746,741550,0,1940.90454089982
"NSFG 15-44",1097,0.8,7,30,2144,693366,3,2004.33504806691
"NSFG 15-44",1097,0.8,8,30,389,8089,8,2388.84254216593
"NSFG 15-44",1097,0.8,9,30,3026,843690,4,2553.66578204836
"NSFG 15-44",1097,0.8,10,30,672,19686,3,1265.1931863441
"NSFG 15-44",1097,0.8,11,30,811,31545,3,1784.89099073026
"NSFG 15-44",1097,0.8,12,30,1977,283921,3,2293.32293592582
"NSFG 15-44",1097,0.8,13,30,6311,1855549,1,4964.79984571553
"NSFG 15-44",1098,0.2,1,30,11,15,21,7.12076806025559
"NSFG 15-44",1098,0.2,2,30,13,31,23,14.7000321451612
"NSFG 15-44",1098,0.2,3,30,33,69,11,23.5019522958001
"NSFG 15-44",1098,0.2,4,30,34,152,16,30.6227203560557
"NSFG 15-44",1098,0.2,5,30,40,164,14,38.6604804656113
"NSFG 15-44",1098,0.2,6,30,57,199,10,45.5774725149113
"NSFG 15-44",1098,0.2,7,30,56,186,8,53.4114566135114
"NSFG 15-44",1098,0.2,8,30,78,470,8,65.117184920267
"NSFG 15-44",1098,0.2,9,30,67,451,13,75.9059211777228
"NSFG 15-44",1098,0.2,10,30,65,307,9,74.5190407805837
"NSFG 15-44",1098,0.2,12,30,92,526,6,84.2265606573336
"NSFG 15-44",1098,0.2,13,30,107,819,7,125.377922547168
"NSFG 15-44",1098,0.2,15,30,195,2963,6,129.226882108945
"NSFG 15-44",1098,0.4,1,30,15,59,22,23.0540458330225
"NSFG 15-44",1098,0.4,2,30,56,280,10,47.8087141018945
"NSFG 15-44",1098,0.4,3,30,50,206,11,72.5633823707666
"NSFG 15-44",1098,0.4,4,30,39,119,11,81.445574571709
"NSFG 15-44",1098,0.4,5,30,88,996,11,114.136480874546
"NSFG 15-44",1098,0.4,6,30,128,1272,8,143.142705233042
"NSFG 15-44",1098,0.4,7,30,165,2309,7,160.528009613232
"NSFG 15-44",1098,0.4,8,30,180,2260,7,189.81767104437
"NSFG 15-44",1098,0.4,9,30,178,1878,3,231.295126599097
"NSFG 15-44",1098,0.4,10,30,170,1684,7,190.575831087759
"NSFG 15-44",1098,0.4,12,30,196,2074,4,212.024897433984
"NSFG 15-44",1098,0.4,13,30,369,12189,6,419.596477556689
"NSFG 15-44",1098,0.4,15,30,445,13431,3,409.584028839697
"NSFG 15-44",1098,0.6,1,30,33,93,9,59.2654175545218
"NSFG 15-44",1098,0.6,2,30,116,1524,7,122.763185627456
"NSFG 15-44",1098,0.6,3,30,220,5066,6,176.738165033962
"NSFG 15-44",1098,0.6,4,30,175,2537,4,205.319041329994
"NSFG 15-44",1098,0.6,5,30,337,10583,3,273.04915992134
"NSFG 15-44",1098,0.6,6,30,259,4715,2,312.210912513403
"NSFG 15-44",1098,0.6,7,30,476,26388,1,391.579995030384
"NSFG 15-44",1098,0.6,8,30,543,22235,3,560.886526063631
"NSFG 15-44",1098,0.6,9,30,519,16239,5,632.84899517339
"NSFG 15-44",1098,0.6,10,30,434,8242,1,491.077763103318
"NSFG 15-44",1098,0.6,12,30,420,10246,3,469.941031104749
"NSFG 15-44",1098,0.6,13,30,957,69297,3,1218.0214955309
"NSFG 15-44",1098,0.6,15,30,687,31477,5,1161.96787175543
"NSFG 15-44",1098,0.8,1,30,112,1488,4,232.418395025999
"NSFG 15-44",1098,0.8,2,30,599,76549,7,616.925889125023
"NSFG 15-44",1098,0.8,3,30,419,31989,7,578.963663576753
"NSFG 15-44",1098,0.8,4,30,1271,168707,1,957.83822808048
"NSFG 15-44",1098,0.8,5,30,523,24327,5,1026.90166484286
"NSFG 15-44",1098,0.8,6,30,1304,120328,2,1602.92876518199
"NSFG 15-44",1098,0.8,7,30,1235,88365,0,1773.38493465972
"NSFG 15-44",1098,0.8,8,30,1420,134266,1,2236.7534430929
"NSFG 15-44",1098,0.8,9,30,1806,260726,5,2919.80620574268
"NSFG 15-44",1098,0.8,10,30,619,16029,1,1997.47403373274
"NSFG 15-44",1098,0.8,12,30,1514,189248,2,1639.90310287134
"NSFG 15-44",1098,0.8,13,30,3154,600882,3,5550.62452362645
"NSFG 15-44",1098,0.8,15,30,2105,227289,2,4398.81051982813
"NSFG 15-44",1099,0.2,1,30,13,33,24,7.98681610681672
"NSFG 15-44",1099,0.2,2,30,9,11,22,13.4264320766889
"NSFG 15-44",1099,0.2,3,30,27,93,17,27.1189764902613
"NSFG 15-44",1099,0.2,4,30,40,164,14,31.0812163807057
"NSFG 15-44",1099,0.2,5,30,24,74,18,39.0680324875224
"NSFG 15-44",1099,0.2,6,30,33,101,15,48.1756166545947
"NSFG 15-44",1099,0.2,7,30,75,369,9,57.4360328298837
"NSFG 15-44",1099,0.2,8,30,67,369,11,72.7078413283617
"NSFG 15-44",1099,0.2,9,30,53,203,12,66.4303366682892
"NSFG 15-44",1099,0.2,10,30,85,501,8,72.2265606573337
"NSFG 15-44",1099,0.2,11,30,75,403,10,71.6038403012779
"NSFG 15-44",1099,0.2,13,30,80,544,8,91.7548807395004
"NSFG 15-44",1099,0.4,1,30,14,28,20,17.1018673075488
"NSFG 15-44",1099,0.4,2,30,54,260,9,41.8565355764209
"NSFG 15-44",1099,0.4,3,30,72,566,11,83.9008652764307
"NSFG 15-44",1099,0.4,4,30,104,1240,8,92.2161833320898
"NSFG 15-44",1099,0.4,5,30,124,908,5,107.617428203789
"NSFG 15-44",1099,0.4,6,30,108,954,7,143.709579378325
"NSFG 15-44",1099,0.4,7,30,197,2447,2,151.458023288701
"NSFG 15-44",1099,0.4,8,30,256,4126,4,224.963868051929
"NSFG 15-44",1099,0.4,9,30,166,1518,2,163.553666237754
"NSFG 15-44",1099,0.4,10,30,209,3095,6,180.938970617944
"NSFG 15-44",1099,0.4,11,30,173,1667,4,161.760892627368
"NSFG 15-44",1099,0.4,13,30,283,3841,5,232.528009613232
"NSFG 15-44",1099,0.6,1,30,90,2122,11,101.588922738647
"NSFG 15-44",1099,0.6,2,30,70,366,3,98.4271701465843
"NSFG 15-44",1099,0.6,3,30,147,2913,8,189.4352165892
"NSFG 15-44",1099,0.6,4,30,254,13080,7,216.958005255628
"NSFG 15-44",1099,0.6,5,30,210,2386,4,287.862386735784
"NSFG 15-44",1099,0.6,6,30,292,8752,3,309.036649624594
"NSFG 15-44",1099,0.6,7,30,399,9921,1,433.903500214509
"NSFG 15-44",1099,0.6,8,30,561,16167,4,694.205567393624
"NSFG 15-44",1099,0.6,9,30,384,15192,2,381.024139327847
"NSFG 15-44",1099,0.6,10,30,363,7403,2,402.198402216656
"NSFG 15-44",1099,0.6,11,30,379,8687,0,309.099201108328
"NSFG 15-44",1099,0.6,13,30,424,8414,2,519.683659992843
"NSFG 15-44",1099,0.8,1,30,50,236,7,153.557380691837
"NSFG 15-44",1099,0.8,2,30,402,24804,3,554.963663576753
"NSFG 15-44",1099,0.8,3,30,542,47876,3,714.153973863887
"NSFG 15-44",1099,0.8,4,30,747,86693,2,918.4077209134
"NSFG 15-44",1099,0.8,5,30,906,95028,1,1235.32005986886
"NSFG 15-44",1099,0.8,6,30,1222,155242,3,1293.11763744064
"NSFG 15-44",1099,0.8,7,30,709,31865,2,1649.46048356318
"NSFG 15-44",1099,0.8,8,30,1461,142967,3,2980.30014967214
"NSFG 15-44",1099,0.8,9,30,1088,122828,1,1703.09341315847
"NSFG 15-44",1099,0.8,10,30,753,24281,2,1451.07986298891
"NSFG 15-44",1099,0.8,11,30,862,75850,6,827.292959529726
"NSFG 15-44",1099,0.8,13,30,675,18143,2,1832.89099073026
"NSFG 15-44",1100,0.2,1,30,7,13,25,7.17171206299448
"NSFG 15-44",1100,0.2,2,30,10,18,23,15.9226882108945
"NSFG 15-44",1100,0.2,3,30,30,82,14,22.4321282382835
"NSFG 15-44",1100,0.2,4,30,19,35,17,31.896320424528
"NSFG 15-44",1100,0.2,5,30,31,75,14,38.2529284437002
"NSFG 15-44",1100,0.2,6,30,39,109,12,48.2265606573336
"NSFG 15-44",1100,0.2,7,30,40,100,10,51.6284165176502
"NSFG 15-44",1100,0.2,8,30,36,130,15,63.5379208353615
"NSFG 15-44",1100,0.2,9,30,57,291,10,74.6323211092505
"NSFG 15-44",1100,0.2,10,30,48,186,11,62.2924801232501
"NSFG 15-44",1100,0.2,11,30,80,392,9,78.2265606573336
"NSFG 15-44",1100,0.2,12,30,87,581,7,91.2568330353005
"NSFG 15-44",1100,0.2,13,30,62,354,11,87.1699204930002
"NSFG 15-44",1100,0.2,14,30,126,1000,6,105.396481150334
"NSFG 15-44",1100,0.4,1,30,12,14,19,23.6209199783057
"NSFG 15-44",1100,0.4,2,30,28,46,11,43.2737209396289
"NSFG 15-44",1100,0.4,3,30,44,162,12,60.3755882471778
"NSFG 15-44",1100,0.4,4,30,87,575,4,74.359647755669
"NSFG 15-44",1100,0.4,5,30,101,687,6,105.633368695298
"NSFG 15-44",1100,0.4,6,30,179,3127,6,148.244572540591
"NSFG 15-44",1100,0.4,7,30,124,1880,10,144.938970617944
"NSFG 15-44",1100,0.4,8,30,142,1240,6,183.865492518896
"NSFG 15-44",1100,0.4,9,30,322,5820,2,228.744192945322
"NSFG 15-44",1100,0.4,10,30,117,687,2,133.321542414155
"NSFG 15-44",1100,0.4,11,30,194,2204,2,200.024897433984
"NSFG 15-44",1100,0.4,12,30,323,7663,2,273.814179269854
"NSFG 15-44",1100,0.4,13,30,156,1500,6,207.018673075488
"NSFG 15-44",1100,0.4,14,30,398,9456,2,287.043570509473
"NSFG 15-44",1100,0.6,1,30,92,2320,14,59.2654175545218
"NSFG 15-44",1100,0.6,2,30,59,265,7,92.0786443689656
"NSFG 15-44",1100,0.6,3,30,239,10671,6,189.4352165892
"NSFG 15-44",1100,0.6,4,30,136,1574,5,215.899917626025
"NSFG 15-44",1100,0.6,5,30,257,5723,4,277.281510439753
"NSFG 15-44",1100,0.6,6,30,481,25453,3,409.55497443689
"NSFG 15-44",1100,0.6,7,30,394,14466,4,373.592505327131
"NSFG 15-44",1100,0.6,8,30,610,23122,0,473.065252806571
"NSFG 15-44",1100,0.6,9,30,415,9669,3,596.874015766884
"NSFG 15-44",1100,0.6,10,30,221,2315,3,223.381592813728
"NSFG 15-44",1100,0.6,11,30,343,5373,1,451.94103110475
"NSFG 15-44",1100,0.6,12,30,732,36558,0,624.421825026806
"NSFG 15-44",1100,0.6,13,30,368,6512,2,424.455773328562
"NSFG 15-44",1100,0.6,14,30,751,38547,5,696.396804433312
"NSFG 15-44",1100,0.8,1,30,60,474,5,108.493943929459
"NSFG 15-44",1100,0.8,2,30,339,59703,1,369.076986931944
"NSFG 15-44",1100,0.8,3,30,493,78279,3,1007.06631281934
"NSFG 15-44",1100,0.8,4,30,465,52231,3,867.711354555724
"NSFG 15-44",1100,0.8,5,30,865,95453,0,1139.5602567488
"NSFG 15-44",1100,0.8,6,30,1275,177927,2,1270.58591905945
"NSFG 15-44",1100,0.8,7,30,1256,197192,5,1074.90166484286
"NSFG 15-44",1100,0.8,8,30,1949,234551,0,1887.51180818447
"NSFG 15-44",1100,0.8,9,30,1294,87202,4,2514.23527488128
"NSFG 15-44",1100,0.8,10,30,517,12351,0,510.380620574268
"NSFG 15-44",1100,0.8,11,30,731,20823,0,1615.90310287134
"NSFG 15-44",1100,0.8,12,30,2720,472498,2,2467.94375338004
"NSFG 15-44",1100,0.8,13,30,566,13290,2,1325.92732715351
"NSFG 15-44",1100,0.8,14,30,3099,525611,5,2701.83043002485
