"net_seed","nB","kmax_B","tau","c","gamma","sim_imp","sim_cases","th_imp","th_cases_avg","th_cases_node"
2001,82,8,0.6,10,-2,9.2,30.1,9.33607234605993,20.2283452501729,27.7197971299307
2001,82,8,0.6,10,-1.5,9.5,47.5,9.35117216279454,20.5651989918515,27.8956468444211
2001,82,8,0.6,10,-1,10.1,43.1,9.37180321200082,21.1753328238259,28.2410568552636
2001,82,8,0.6,10,-0.5,9.5,30.6,9.39712945692967,22.3157387072262,28.918002878177
2001,82,8,0.6,10,0,10.9,26.1,9.41429310295323,24.4219809557197,30.1843191187606
2001,82,8,0.6,10,0.5,9.9,33.9,9.36137679992498,27.9288138656279,32.2250806028672
2001,82,8,0.6,10,1,10.1,36.9,9.05339684266203,32.3787645557326,34.4767834790653
2001,82,8,0.6,10,1.5,7.9,30.6,8.23510822060857,35.6003169482209,35.1820228865749
2001,82,8,0.6,10,2,6.3,29.4,6.97223446616906,35.8676565991121,33.3500082180895
2001,82,8,0.6,10,2.5,4.8,24.7,5.71317463974182,34.093084065178,30.2360216507604
2001,82,8,0.6,10,3,4.7,21.8,4.75664615268871,31.8300828541507,27.2701072308853
2001,82,8,0.6,10,3.5,4.2,20.1,4.10328926482586,29.7573931806859,24.8884381690855
2001,82,8,0.6,10,4,4.5,27.2,3.65415291290088,27.985030676342,23.0222971719104
2001,82,8,0.6,10,4.5,3.7,24,3.32762391970514,26.470299146795,21.5270354014685
2001,82,8,0.6,10,5,2.9,18.2,3.07558991510717,25.1616628146339,20.2962805235663
2001,82,8,0.6,10,5.5,3.1,20.7,2.87231420444553,24.0231772799306,19.2638756147541
2001,82,8,0.6,10,6,2.8,20.3,2.70397698449921,23.0309437650736,18.388669348022
2001,82,8,0.6,50,-2,36.1,107.7,36.0801109045381,78.5883816261903,107.236381213236
2001,82,8,0.6,50,-1.5,36.8,110.5,36.351252814646,80.5608215939684,108.676356835864
2001,82,8,0.6,50,-1,37.1,109.7,36.7161254276004,83.8496695408676,111.072466513095
2001,82,8,0.6,50,-0.5,36.8,103.4,37.1527713511887,89.2732849088325,114.913483436243
2001,82,8,0.6,50,0,39.7,126.2,37.4343603931557,97.1099185688632,120.022891549792
2001,82,8,0.6,50,0.5,39.4,112.6,36.7289783852863,104.249919943155,123.145698230729
2001,82,8,0.6,50,1,34,103.8,33.6151999509771,103.454741799924,117.52744330843
2001,82,8,0.6,50,1.5,28.3,101.2,27.7043561737129,92.7082816661273,101.381705719836
2001,82,8,0.6,50,2,21.2,73.3,20.6067826410064,77.4743497413753,80.7553732751086
2001,82,8,0.6,50,2.5,13.4,63,14.5279233245064,63.5008350169098,62.6823912977968
2001,82,8,0.6,50,3,11.1,50.6,10.4299232409493,53.3371544837114,50.0705408761864
2001,82,8,0.6,50,3.5,8.3,40.2,7.98359601946931,46.6279567194691,42.0272389022373
2001,82,8,0.6,50,4,6.6,31.4,6.55212372182191,42.1857520629759,36.8340847772794
2001,82,8,0.6,50,4.5,5.6,31,5.67349087833075,39.061868826548,33.2768181293803
2001,82,8,0.6,50,5,5.2,30.5,5.08667405110001,36.6753249774125,30.6636817386096
2001,82,8,0.6,50,5.5,5.2,28.5,4.65539780033383,34.6973031899429,28.6089202926548
2001,82,8,0.6,50,6,4.5,27.5,4.30965746072798,32.9478134833399,26.8913675802777
2001,82,8,0.6,200,-2,68,187.3,68.6603509949005,152.801520140353,205.111255800258
2001,82,8,0.6,200,-1.5,67.4,165.3,70.128558468602,160.097652707811,211.700578753441
2001,82,8,0.6,200,-1,71.7,204.2,71.9607193303945,170.726571943937,221.042100029727
2001,82,8,0.6,200,-0.5,72.2,200.9,73.8781441346002,184.069737126318,232.271045982045
2001,82,8,0.6,200,0,73.6,209.9,74.845833909495,194.160465407567,239.972402678355
2001,82,8,0.6,200,0.5,72.4,207.8,73.6038534066987,194.294533722983,237.918654808546
2001,82,8,0.6,200,1,70,220.3,69.4511815848447,185.86224327282,225.812955359605
2001,82,8,0.6,200,1.5,60,188.7,60.8206324408975,167.588106324042,200.310005038827
2001,82,8,0.6,200,2,48,157.7,47.1786097105759,138.473907813382,160.018963527154
2001,82,8,0.6,200,2.5,32.2,110.6,32.4105807465468,106.540833392504,116.524829739146
2001,82,8,0.6,200,3,21.8,77.2,21.2121486183246,81.5498893635656,83.7255991024368
2001,82,8,0.6,200,3.5,14.7,59.8,14.3881426185387,65.3811879706018,63.7707318643995
2001,82,8,0.6,200,4,9.2,45.3,10.5506587910812,55.4640470113457,52.2272170438255
2001,82,8,0.6,200,4.5,8.9,46.7,8.37762793824944,49.2293976405746,45.0854167610348
2001,82,8,0.6,200,5,6.7,34,7.08220860338038,45.0812697857685,40.1989598390122
2001,82,8,0.6,200,5.5,6.2,33.3,6.25643488660358,42.1470398045943,36.6244053146415
2001,82,8,0.6,200,6,6,34.2,5.69271333393946,39.9466259577651,33.9306283394746
2001,82,8,0.9,10,-2,7.9,44.6,9.33607234605993,36.2830712302998,63.2800489183484
2001,82,8,0.9,10,-1.5,9.7,61.2,9.35117216279454,37.0941759518685,63.5109427276064
2001,82,8,0.9,10,-1,9.8,69.1,9.37180321200082,38.5732106758037,64.0359910671528
2001,82,8,0.9,10,-0.5,7.7,60.3,9.39712945692967,41.357194368838,65.1498024473035
2001,82,8,0.9,10,0,10.9,66.9,9.41429310295323,46.5426455950039,67.308408669442
2001,82,8,0.9,10,0.5,9.1,81.8,9.36137679992498,55.2963905750353,70.7788656825047
2001,82,8,0.9,10,1,8.3,63.7,9.05339684266203,66.7593194973596,74.3199594068753
2001,82,8,0.9,10,1.5,8.9,76,8.23510822060857,75.935417930211,74.4280098028476
2001,82,8,0.9,10,2,6.2,63.8,6.97223446616906,78.4582241058553,69.3853636964505
2001,82,8,0.9,10,2.5,5.5,62.7,5.71317463974182,75.9238087612285,62.0240961801727
2001,82,8,0.9,10,3,5.2,46.6,4.75664615268871,71.7351248420499,55.302320876242
2001,82,8,0.9,10,3.5,3.7,42.2,4.10328926482586,67.5704017474569,50.0241274174488
2001,82,8,0.9,10,4,3.1,33.3,3.65415291290088,63.8476627263072,45.9634384342329
2001,82,8,0.9,10,4.5,3.1,41.5,3.32762391970514,60.5815734867632,42.7675124501681
2001,82,8,0.9,10,5,3.3,44.9,3.07558991510717,57.7155523012915,40.1821529997897
2001,82,8,0.9,10,5.5,2.6,37.3,2.87231420444553,55.1986090662452,38.0474929771679
2001,82,8,0.9,10,6,2.6,34.9,2.70397698449921,52.9919890438818,36.2626045573338
2001,82,8,0.9,50,-2,35.5,196.9,36.0801109045381,141.243682712842,244.482603294909
2001,82,8,0.9,50,-1.5,34.2,215,36.351252814646,145.72376037634,247.043836884332
2001,82,8,0.9,50,-1,35.1,219,36.7161254276004,153.322417962824,251.425329689628
2001,82,8,0.9,50,-0.5,35.7,203.8,37.1527713511887,166.096604566522,258.496299401647
2001,82,8,0.9,50,0,36,239.9,37.4343603931557,185.069038089301,267.640618373279
2001,82,8,0.9,50,0.5,34.9,232.5,36.7289783852863,203.772785755893,271.867584069465
2001,82,8,0.9,50,1,33.8,204.9,33.6151999509771,206.395121354594,257.108976924069
2001,82,8,0.9,50,1.5,26.6,190.1,27.7043561737129,188.521177707249,219.777633654012
2001,82,8,0.9,50,2,22.1,160.9,20.6067826410064,161.294615262646,173.118454026599
2001,82,8,0.9,50,2.5,16.5,150.3,14.5279233245064,135.684729470528,132.735300283974
2001,82,8,0.9,50,3,8.8,86.7,10.4299232409493,116.580505640325,104.808595990059
2001,82,8,0.9,50,3.5,7.9,75.3,7.98359601946931,103.588026227222,87.0083994399993
2001,82,8,0.9,50,4,6.3,61.1,6.55212372182191,94.7081359337368,75.4223092842732
2001,82,8,0.9,50,4.5,6,56.8,5.67349087833075,88.2748534440313,67.4272411116785
2001,82,8,0.9,50,5,4.5,44.2,5.08667405110001,83.2355919821375,61.5714071229913
2001,82,8,0.9,50,5.5,4.8,53.1,4.65539780033383,78.9777360433052,57.0370041434562
2001,82,8,0.9,50,6,3.9,37.9,4.30965746072798,75.1591821817446,53.3335417667481
2001,82,8,0.9,200,-2,65,344.2,68.6603509949005,276.821862466486,465.330684140158
2001,82,8,0.9,200,-1.5,67.4,355.7,70.128558468602,292.708097507196,478.669786302951
2001,82,8,0.9,200,-1,67.9,364.7,71.9607193303945,316.303047475071,497.625334649443
2001,82,8,0.9,200,-0.5,68.9,380,73.8781441346002,346.487245975888,520.190512124996
2001,82,8,0.9,200,0,70.1,375.6,74.845833909495,370.024927396768,535.117604783852
2001,82,8,0.9,200,0.5,70.1,398.2,73.6038534066987,372.187230489823,529.395665184559
2001,82,8,0.9,200,1,67.9,354.2,69.4511815848447,357.44697245734,501.417527182899
2001,82,8,0.9,200,1.5,57.4,343.3,60.8206324408975,324.958615847079,442.878664416117
2001,82,8,0.9,200,2,46.2,308.3,47.1786097105759,273.039118143458,350.681129028441
2001,82,8,0.9,200,2.5,33.3,209.4,32.4105807465468,215.805529892993,251.784900905997
2001,82,8,0.9,200,3,22.4,157.4,21.2121486183246,170.485036550246,178.325651189271
2001,82,8,0.9,200,3.5,13.7,114.5,14.3881426185387,140.542669621545,134.739061954492
2001,82,8,0.9,200,4,9.8,96.6,10.5506587910812,121.664384357202,109.999806139825
2001,82,8,0.9,200,4.5,8.4,71.9,8.37762793824944,109.443089874307,94.5094079738832
2001,82,8,0.9,200,5,6.6,62.6,7.08220860338038,101.090196495175,83.4957949273207
2001,82,8,0.9,200,5.5,6.3,56.6,6.25643488660358,95.0481957241966,75.1462538179334
2001,82,8,0.9,200,6,5.7,60.3,5.69271333393946,90.4353702046224,68.7554934491977
2002,80,5,0.6,10,-2,9.3,17.5,9.34620922921617,19.5365909962491,19.6138221776644
2002,80,5,0.6,10,-1.5,9.6,20.8,9.35926548110769,19.7480937903733,19.7603844784682
2002,80,5,0.6,10,-1,8.3,15.3,9.3750045423159,20.0647842257916,19.9739443232753
2002,80,5,0.6,10,-0.5,9.6,20.9,9.39122177260812,20.5400195471969,20.2841438902272
2002,80,5,0.6,10,0,8.9,19.2,9.40024779323238,21.2431631909729,20.7249794073636
2002,80,5,0.6,10,0.5,9.2,22.8,9.37979599937273,22.228112500275,21.3081023221311
2002,80,5,0.6,10,1,9.1,20,9.27307035757898,23.4201683471565,21.9382569013789
2002,80,5,0.6,10,1.5,9.9,22.8,8.96640774278979,24.4182209512223,22.2759106546487
2002,80,5,0.6,10,2,8.6,22.1,8.32262654016062,24.5086121631043,21.7742719796402
2002,80,5,0.6,10,2.5,6.4,15,7.31867896950553,23.2611363950346,20.1549209911929
2002,80,5,0.6,10,3,6.1,15.7,6.12589938597049,21.0120420723168,17.767143078095
2002,80,5,0.6,10,3.5,5.4,13.9,4.97836148083905,18.444369027453,15.224528773844
2002,80,5,0.6,10,4,4.2,13.7,4.01841209732115,16.0456352724026,12.9468887119002
2002,80,5,0.6,10,4.5,3.1,10.2,3.27592994913851,14.0126783188016,11.0825567956053
2002,80,5,0.6,10,5,3.2,10.4,2.720681892096,12.365368069617,9.61915185678933
2002,80,5,0.6,10,5.5,2.3,7.8,2.3081829059872,11.0543652808915,8.48769898524992
2002,80,5,0.6,10,6,1.7,6.5,1.99985777738961,10.0172534485825,7.6150764830296
2002,80,5,0.6,50,-2,36.7,74,36.256315048776,76.1034142730717,76.2972365799198
2002,80,5,0.6,50,-1.5,37,73.1,36.4887853515171,77.394421361171,77.302523984097
2002,80,5,0.6,50,-1,37.7,81.1,36.762312102811,79.1497151299007,78.6240933732862
2002,80,5,0.6,50,-0.5,37,79.6,37.0346550375946,81.4232082388045,80.2556082158234
2002,80,5,0.6,50,0,39.3,79.1,37.1790857184808,84.0192091295156,81.9697313144087
2002,80,5,0.6,50,0.5,36.6,77.4,36.89782743496,86.0634415596134,82.9895226758004
2002,80,5,0.6,50,1,37.7,85.4,35.6961367070131,85.8160739596646,81.8548069952208
2002,80,5,0.6,50,1.5,33.2,71.8,33.1344867818012,81.8583890353472,77.345196837089
2002,80,5,0.6,50,2,27.7,67.9,29.1584074336758,74.289605132348,69.4708501863318
2002,80,5,0.6,50,2.5,25.1,59.8,24.1687957791379,64.1924173455832,59.2079545093678
2002,80,5,0.6,50,3,18,42.2,18.9709963492195,53.3002919481656,48.2639081860372
2002,80,5,0.6,50,3.5,15.3,38.1,14.3931828126465,43.346795737492,38.3717724850554
2002,80,5,0.6,50,4,10.9,28.1,10.8377105670744,35.2203365523548,30.4087384114206
2002,80,5,0.6,50,4.5,9.1,27.4,8.26467798069335,28.9582361076489,24.3789580793935
2002,80,5,0.6,50,5,6.7,17.9,6.45189807851232,24.2384049217917,19.9210592271237
2002,80,5,0.6,50,5.5,5.3,15.7,5.17671685033056,20.6944176451693,16.6421552118209
2002,80,5,0.6,50,6,4.1,13,4.26660509663508,18.0033543440189,14.2095954441674
2002,80,5,0.6,200,-2,70.3,148.2,69.5072330790601,148.287203176412,147.84533769373
2002,80,5,0.6,200,-1.5,70,152.6,70.6957937956411,152.811913420639,151.61974878077
2002,80,5,0.6,200,-1,72,146.2,71.9388143050332,157.947928409958,155.79175800962
2002,80,5,0.6,200,-0.5,72.9,158.5,72.9881879372808,162.876580529662,159.661265463233
2002,80,5,0.6,200,0,73.1,163.6,73.4332001100881,165.948120505616,161.900153440005
2002,80,5,0.6,200,0.5,71.9,153,72.9146443382685,165.852572687186,161.425520859508
2002,80,5,0.6,200,1,70.6,148.4,71.2805798038127,162.775931127075,158.219496031249
2002,80,5,0.6,200,1.5,68.7,151,68.1548995370997,156.449940869315,151.801749270824
2002,80,5,0.6,200,2,62.1,133.5,62.7637627799445,145.423474954674,140.652428337474
2002,80,5,0.6,200,2.5,53,114.2,54.418627145289,128.319003009306,123.368125218823
2002,80,5,0.6,200,3,42.2,91.4,43.606702113673,106.13657567974,100.958894694514
2002,80,5,0.6,200,3.5,34.3,88.8,32.4889864579097,83.2764793240234,77.8797486586796
2002,80,5,0.6,200,4,23.7,53.4,23.3814308610368,64.4020527396612,58.8674594370178
2002,80,5,0.6,200,4.5,16.4,38.5,17.0332184733404,50.9106363920288,45.3744495067306
2002,80,5,0.6,200,5,12.4,32.6,12.8448076866908,41.4760826184376,36.0890686941178
2002,80,5,0.6,200,5.5,9.7,28.4,9.97598440726961,34.4395269535315,29.3165471000367
2002,80,5,0.6,200,6,7.6,22.3,7.90032277097267,28.9222887286096,24.1105798591355
2002,80,5,0.9,10,-2,9.6,28.3,9.34620922921617,33.7039902860821,33.9802946723547
2002,80,5,0.9,10,-1.5,8.4,31.2,9.35926548110769,34.1913876900229,34.2353591918011
2002,80,5,0.9,10,-1,8.5,26.1,9.3750045423159,34.9264823013331,34.601490982362
2002,80,5,0.9,10,-0.5,9.1,24.8,9.39122177260812,36.0398774804086,35.1244497339272
2002,80,5,0.9,10,0,8.8,28,9.40024779323238,37.7080332057843,35.8541647334552
2002,80,5,0.9,10,0.5,8.6,33.2,9.37979599937273,40.0907632067786,36.7993096386966
2002,80,5,0.9,10,1,10,42.6,9.27307035757898,43.0884781899875,37.786751283415
2002,80,5,0.9,10,1.5,8.6,32.4,8.96640774278979,45.9004394274706,38.2360515357829
2002,80,5,0.9,10,2,8.7,28.1,8.32262654016062,47.011529763463,37.2290795612603
2002,80,5,0.9,10,2.5,7.9,26.7,7.31867896950553,45.4254836365999,34.3126024782282
2002,80,5,0.9,10,3,5.4,22.2,6.12589938597049,41.7078248353506,30.0987854721733
2002,80,5,0.9,10,3.5,6,24.6,4.97836148083905,37.1657781085115,25.6463895809024
2002,80,5,0.9,10,4,3.7,14.4,4.01841209732115,32.7667431724578,21.6805827522284
2002,80,5,0.9,10,4.5,3.7,15.9,3.27592994913851,28.9396756291066,18.4567927528595
2002,80,5,0.9,10,5,3.6,16.4,2.720681892096,25.7741022295207,15.9491640199544
2002,80,5,0.9,10,5.5,1.8,9,2.3081829059872,23.2139350398808,14.0313595232614
2002,80,5,0.9,10,6,1.9,10,1.99985777738961,21.1636116847217,12.5695176928653
2002,80,5,0.9,50,-2,36.4,116.5,36.256315048776,131.501708287778,132.195132272213
2002,80,5,0.9,50,-1.5,36,124,36.4887853515171,134.264369102302,133.93559453344
2002,80,5,0.9,50,-1,36,138.1,36.762312102811,138.079721607833,136.199242839913
2002,80,5,0.9,50,-0.5,34.3,117.5,37.0346550375946,143.13535715299,138.958119386461
2002,80,5,0.9,50,0,36.6,131,37.1790857184808,149.139706704593,141.80743883681
2002,80,5,0.9,50,0.5,37.6,135.3,36.89782743496,154.417003041209,143.419666795938
2002,80,5,0.9,50,1,37,139.5,35.6961367070131,155.496403870056,141.324466869807
2002,80,5,0.9,50,1.5,33,107.5,33.1344867818012,149.597851007023,133.451331199638
2002,80,5,0.9,50,2,28.2,95.3,29.1584074336758,137.034231667733,119.794522219328
2002,80,5,0.9,50,2.5,23.4,74.2,24.1687957791379,119.836125375386,102.003574848248
2002,80,5,0.9,50,3,19.9,69.8,18.9709963492195,101.027339786785,83.0090355354883
2002,80,5,0.9,50,3.5,12.8,45.1,14.3931828126465,83.6001841352255,65.8014049211097
2002,80,5,0.9,50,4,9.9,39.8,10.8377105670744,69.1188112086879,51.9047061418238
2002,80,5,0.9,50,4.5,8.9,34.2,8.26467798069335,57.7279041548659,41.344953875176
2002,80,5,0.9,50,5,6.5,26.3,6.45189807851232,48.966481865415,33.5206278640749
2002,80,5,0.9,50,5.5,4.6,19.8,5.17671685033056,42.2682377675779,27.7707528897939
2002,80,5,0.9,50,6,4,17,4.26660509663508,37.1011679471952,23.5285123788072
2002,80,5,0.9,200,-2,69.1,231.5,69.5072330790601,257.812765410108,256.231935377856
2002,80,5,0.9,200,-1.5,68.7,228.7,70.6957937956411,266.97562989912,262.710509087573
2002,80,5,0.9,200,-1,71.7,250.6,71.9388143050332,277.523964906583,269.809990728707
2002,80,5,0.9,200,-0.5,72.7,256.5,72.9881879372808,287.845868088387,276.342668994159
2002,80,5,0.9,200,0,73,237.4,73.4332001100881,294.56899531433,280.086877661608
2002,80,5,0.9,200,0.5,74.5,238.4,72.9146443382685,295.061543478511,279.22320181615
2002,80,5,0.9,200,1,71.8,217.8,71.2805798038127,289.979327917737,273.678101137672
2002,80,5,0.9,200,1.5,70.3,240.1,68.1548995370997,279.204037277426,262.574539924637
2002,80,5,0.9,200,2,64.1,232.4,62.7637627799445,260.342932766413,243.273905939614
2002,80,5,0.9,200,2.5,53.7,180.2,54.418627145289,231.06060351748,213.348207768228
2002,80,5,0.9,200,3,44.5,174.8,43.606702113673,193.070088732135,174.54627567216
2002,80,5,0.9,200,3.5,33.3,116.9,32.4889864579097,153.88489290589,134.577401721109
2002,80,5,0.9,200,4,25.9,98,23.3814308610368,121.431862079272,101.631149753872
2002,80,5,0.9,200,4.5,17.7,66.6,17.0332184733404,98.0094514840514,78.2030379137743
2002,80,5,0.9,200,5,11.9,57.4,12.8448076866908,81.2813336294749,62.0086053230547
2002,80,5,0.9,200,5.5,9.4,34.3,9.97598440726961,68.4504976139197,50.122384818455
2002,80,5,0.9,200,6,8.1,34.9,7.90032277097267,58.1485328858818,40.9340316735655
2003,93,13,0.6,10,-2,9.2,23.4,9.43621489597581,19.854698841496,20.350700028803
2003,93,13,0.6,10,-1.5,8.5,16.8,9.44542135335203,20.0579281374504,20.6046797183551
2003,93,13,0.6,10,-1,10,22.4,9.45750545504762,20.4133430806526,21.027854757089
2003,93,13,0.6,10,-0.5,8.4,20.7,9.47159751792764,21.1019255765012,21.7732720347411
2003,93,13,0.6,10,0,11.5,32.8,9.48112857320445,22.5894813670669,23.1835709537028
2003,93,13,0.6,10,0.5,10.3,25.8,9.44160281948713,25.7889873776297,25.847963417932
2003,93,13,0.6,10,1,9.9,27.8,9.09148003547865,30.5315183549519,29.3742446630332
2003,93,13,0.6,10,1.5,8.5,35.4,7.74304921219648,31.7566545441354,29.5858991356882
2003,93,13,0.6,10,2,5.3,24.2,5.38325658561847,27.2407631515265,24.6036170646443
2003,93,13,0.6,10,2.5,3.3,19.9,3.25125941887822,21.8558248501277,18.6878857066343
2003,93,13,0.6,10,3,2.3,13.3,2.0146488322184,18.3178012143423,14.6660553557128
2003,93,13,0.6,10,3.5,1.6,12.9,1.44061006902487,16.5012708953994,12.5393253168659
2003,93,13,0.6,10,4,1.2,11.6,1.19260732152946,15.6509064821605,11.521175354172
2003,93,13,0.6,10,4.5,1.2,13.9,1.0858014467476,15.2619279237878,11.0477605740155
2003,93,13,0.6,10,5,1,8.2,1.03893276273505,15.0836874583555,10.8282644001805
2003,93,13,0.6,10,5.5,1,12.7,1.01791908183959,15.0013300020188,10.7259881632417
2003,93,13,0.6,10,6,1,10.4,1.00832588117283,14.9629486745166,10.6780347679057
2003,93,13,0.6,50,-2,37.2,76.6,37.8601251671795,79.901866231333,81.9635985900729
2003,93,13,0.6,50,-1.5,35.3,74.7,38.0338812631712,81.106446909596,83.4054419855985
2003,93,13,0.6,50,-1,36.6,82.2,38.257465234635,83.0419920474366,85.6324131176937
2003,93,13,0.6,50,-0.5,38.8,88.6,38.5112721120293,86.3746587849784,89.1492901317717
2003,93,13,0.6,50,0,39.8,112.1,38.6760561541856,92.1485288487464,94.5719789724253
2003,93,13,0.6,50,0.5,38.2,103.4,38.1508144207779,98.5639422782397,100.095089000869
2003,93,13,0.6,50,1,34.2,87.5,35.3323113683014,96.6656726911406,98.1704957764277
2003,93,13,0.6,50,1.5,29.7,79.7,28.7611741712385,83.8855939362275,85.4850630521475
2003,93,13,0.6,50,2,18.8,56.7,19.1413671279297,63.1570387082842,64.1398995048856
2003,93,13,0.6,50,2.5,10.6,37.2,10.5939569471758,43.0852684786049,42.8458690908997
2003,93,13,0.6,50,3,6.4,38.7,5.52148024328397,29.635163736136,27.9759152085953
2003,93,13,0.6,50,3.5,3.3,20.9,3.05088540535228,22.1634256311232,19.3620566121096
2003,93,13,0.6,50,4,1.6,12.7,1.92513384202821,18.3818590190898,14.8652398462998
2003,93,13,0.6,50,4.5,1.4,11.5,1.42013204032425,16.5574625539903,12.6509983627143
2003,93,13,0.6,50,5,1.1,8.8,1.19276501615206,15.6953110866873,11.5904831141176
2003,93,13,0.6,50,5.5,1.1,8.5,1.08933142214896,15.2903263952778,11.0877883076371
2003,93,13,0.6,50,6,1,8.8,1.04174391579851,15.0999859888942,10.850032008207
2003,93,13,0.6,200,-2,76.5,163.8,77.88365704115,166.418533165948,171.286176917082
2003,93,13,0.6,200,-1.5,78.6,201,78.9596820980157,171.138389028884,176.701938382312
2003,93,13,0.6,200,-1,79.4,191.6,80.2206628090389,177.723176435948,183.878768899848
2003,93,13,0.6,200,-0.5,82.6,203.4,81.4882295194047,186.850287858423,192.870433252942
2003,93,13,0.6,200,0,81.2,192.1,82.1727959695868,195.782688643298,200.931653981482
2003,93,13,0.6,200,0.5,81.4,207.4,81.1344053030516,196.309573993038,201.408838427135
2003,93,13,0.6,200,1,76.8,179.7,77.300140865199,188.793808317537,193.882831454305
2003,93,13,0.6,200,1.5,68.2,181.7,67.7037770204614,168.966981641828,173.665987477123
2003,93,13,0.6,200,2,48,121.4,49.040001576521,130.054357954177,133.912200010025
2003,93,13,0.6,200,2.5,29,88.8,27.8764185416993,85.1643545449989,87.918709361735
2003,93,13,0.6,200,3,14.7,65.5,14.259119911427,54.4900890823099,55.9897762391815
2003,93,13,0.6,200,3.5,7.5,31,7.52874291713842,36.9786526930111,36.8643068106836
2003,93,13,0.6,200,4,4.2,29.1,4.21428873304492,26.7161548492652,24.9929242344556
2003,93,13,0.6,200,4.5,3,22.6,2.55446866991233,20.9142934119097,18.0282201950551
2003,93,13,0.6,200,5,1.4,14.4,1.74030212118377,17.8639522901285,14.2914629290046
2003,93,13,0.6,200,5.5,1.1,8.5,1.35004312312823,16.3424357894011,12.4057535496907
2003,93,13,0.6,200,6,1.4,11.5,1.16527584775859,15.6045240547113,11.484554975679
2003,93,13,0.9,10,-2,8.8,45.2,9.43621489597581,34.4502457825344,36.2097626193481
2003,93,13,0.9,10,-1.5,9.2,33.6,9.44542135335203,34.9252871255108,36.8648361362296
2003,93,13,0.9,10,-1,9.1,43,9.45750545504762,35.7616838929132,37.9416053704792
2003,93,13,0.9,10,-0.5,9.2,34.2,9.47159751792764,37.3951789909364,39.7767164284213
2003,93,13,0.9,10,0,8.9,48.1,9.48112857320445,40.9533411688352,43.0608172334337
2003,93,13,0.9,10,0.5,9.2,43.8,9.44160281948713,48.6904978017225,48.8997096716452
2003,93,13,0.9,10,1,8,42.7,9.09148003547865,60.5674705477934,56.4621526617845
2003,93,13,0.9,10,1.5,8.7,54.3,7.74304921219648,65.3979890874963,57.6974416140002
2003,93,13,0.9,10,2,5.5,44.1,5.38325658561847,57.8615583425522,48.5065344842411
2003,93,13,0.9,10,2.5,2.3,22.4,3.25125941887822,47.9194833909827,36.6815218626185
2003,93,13,0.9,10,3,1.8,26.9,2.0146488322184,41.1573455400311,28.203125900134
2003,93,13,0.9,10,3.5,1.4,21.6,1.44061006902487,37.6001738839595,23.5455503661818
2003,93,13,0.9,10,4,1.2,17.1,1.19260732152946,35.9059440855253,21.2561173569585
2003,93,13,0.9,10,4.5,1.3,17.2,1.0858014467476,35.1216618850523,20.1723057245655
2003,93,13,0.9,10,5,1,15.8,1.03893276273505,34.7593789991998,19.663672153661
2003,93,13,0.9,10,5.5,1.1,18.8,1.01791908183959,34.5910833239559,19.4247165067575
2003,93,13,0.9,10,6,1,16,1.00832588117283,34.5123719005618,19.3120490869911
2003,93,13,0.9,50,-2,36.4,183.6,37.8601251671795,138.799322751259,146.113121369168
2003,93,13,0.9,50,-1.5,36.4,167.1,38.0338812631712,141.448014555209,149.603480000648
2003,93,13,0.9,50,-1,39.1,175.3,38.257465234635,145.78189420081,154.971165525546
2003,93,13,0.9,50,-0.5,34,163.9,38.5112721120293,153.427822239002,163.270561925054
2003,93,13,0.9,50,0,39,184.9,38.6760561541856,167.059618537802,175.656576377649
2003,93,13,0.9,50,0.5,40.1,203.7,38.1508144207779,183.198390832309,188.629987584578
2003,93,13,0.9,50,1,34.9,190.2,35.3323113683014,182.589302167392,187.927518330473
2003,93,13,0.9,50,1.5,28.4,146.7,28.7611741712385,161.110942699504,166.784906616214
2003,93,13,0.9,50,2,18.6,122.9,19.1413671279297,124.81982996004,128.306434758819
2003,93,13,0.9,50,2.5,11,80.7,10.5939569471758,88.6032598785704,87.7540134167278
2003,93,13,0.9,50,3,4.6,40.1,5.52148024328397,63.4167005875312,57.5306749178796
2003,93,13,0.9,50,3.5,3.4,36.9,3.05088540535228,48.9387203368051,39.0011313123805
2003,93,13,0.9,50,4,1.6,16.8,1.92513384202821,41.4365477889324,28.9616771605331
2003,93,13,0.9,50,4.5,1.2,18.3,1.42013204032425,37.76377426206,23.9059656663178
2003,93,13,0.9,50,5,1.1,13.6,1.19276501615206,36.0123354295699,21.4508502662464
2003,93,13,0.9,50,5.5,1.1,18.5,1.08933142214896,35.1848993315709,20.2767968677365
2003,93,13,0.9,50,6,1.1,18.5,1.04174391579851,34.794572375868,19.7182665603425
2003,93,13,0.9,200,-2,76.6,329.6,77.88365704115,290.449529149209,307.717030427251
2003,93,13,0.9,200,-1.5,77.4,362.5,78.9596820980157,300.274129987836,320.010289921145
2003,93,13,0.9,200,-1,78.8,357.9,80.2206628090389,314.317187805777,336.15356412496
2003,93,13,0.9,200,-0.5,81,386.9,81.4882295194047,334.454956285521,355.810847063195
2003,93,13,0.9,200,0,80.8,374.7,82.1727959695868,354.941979971713,373.207442709605
2003,93,13,0.9,200,0.5,79.6,390.9,81.1344053030516,357.661704480266,375.750858008058
2003,93,13,0.9,200,1,75.7,369.5,77.300140865199,344.988420262858,363.041243766562
2003,93,13,0.9,200,1.5,65.5,306.7,67.7037770204614,310.82945070928,327.498725088199
2003,93,13,0.9,200,2,45.9,242.4,49.040001576521,243.549646480921,257.23497269534
2003,93,13,0.9,200,2.5,28.1,166.7,27.8764185416993,165.420634005975,175.191444638343
2003,93,13,0.9,200,3,13.6,91.9,14.259119911427,110.850784370377,116.170781317957
2003,93,13,0.9,200,3.5,7.8,59.4,7.52874291713842,78.2358589037012,77.8302278077999
2003,93,13,0.9,200,4,3.7,46.6,4.21428873304492,58.2396514422093,52.1266554291694
2003,93,13,0.9,200,4.5,2.6,29.3,2.55446866991233,46.6350878434528,36.397018767641
2003,93,13,0.9,200,5,1.9,24,1.74030212118377,40.4520269209775,27.7789621358601
2003,93,13,0.9,200,5.5,1.4,22.9,1.35004312312823,37.3456999939933,23.3806957576823
2003,93,13,0.9,200,6,1.1,16.2,1.16527584775859,35.8328726416955,21.2176758493864
2004,92,5,0.6,10,-2,10.4,25.8,9.4512537563112,20.3664469029391,20.150111154987
2004,92,5,0.6,10,-1.5,10.5,33,9.45595932647037,20.4849395918236,20.2784939934698
2004,92,5,0.6,10,-1,9.1,21.6,9.46246641280791,20.6887166238697,20.5093864263372
2004,92,5,0.6,10,-0.5,9.7,27.9,9.47041355379979,21.0433689691092,20.9250688913202
2004,92,5,0.6,10,0,8.6,20.3,9.47568931723339,21.6529242903577,21.6561766917701
2004,92,5,0.6,10,0.5,8,17.8,9.45977818756594,22.6377968333365,22.8575224981535
2004,92,5,0.6,10,1,11.5,24.9,9.36051885615621,23.9927343781061,24.5528522281713
2004,92,5,0.6,10,1.5,10.2,33.9,9.02818674861994,25.26171453025,26.2863863182493
2004,92,5,0.6,10,2,8.8,27.4,8.26105016717467,25.4570797238605,27.0192209853928
2004,92,5,0.6,10,2.5,7.3,30.7,7.03620493758234,23.9880700991959,26.0543993513992
2004,92,5,0.6,10,3,5.1,23.3,5.65195844004982,21.4804263991551,23.9284095375425
2004,92,5,0.6,10,3.5,4.1,13.6,4.46302261215813,18.9689829221782,21.6720046458232
2004,92,5,0.6,10,4,3.1,15.5,3.61095112554964,16.979687793226,19.8458026784763
2004,92,5,0.6,10,4.5,3,17.2,3.05333540587757,15.5436639394153,18.5069431110627
2004,92,5,0.6,10,5,3.1,25.2,2.69498943122677,14.5155278079335,17.5239593713431
2004,92,5,0.6,10,5.5,2.7,17.6,2.45727666958181,13.7518157267259,16.7613675190258
2004,92,5,0.6,10,6,2.3,11.4,2.29005510648238,13.1538818470222,16.1259432989701
2004,92,5,0.6,50,-2,38.8,107.8,38.1266878104099,82.2910165940139,81.4154810855094
2004,92,5,0.6,50,-1.5,38.7,95.2,38.2164917055277,82.9846227227066,82.1613966036416
2004,92,5,0.6,50,-1,36.9,85.8,38.3383719360811,84.0917239518274,83.4000411239398
2004,92,5,0.6,50,-0.5,38.1,81.5,38.4825335921739,85.8016172429779,85.3745957410093
2004,92,5,0.6,50,0,38.5,107,38.573316285969,88.1439934558734,88.1572332217804
2004,92,5,0.6,50,0.5,37.4,96.7,38.3438971163962,90.3874991328303,90.9877023575442
2004,92,5,0.6,50,1,36.2,101,37.2057267491522,90.393183739184,91.5789964925978
2004,92,5,0.6,50,1.5,32.4,86.1,34.4622101173619,85.829107882178,87.3910975917556
2004,92,5,0.6,50,2,31.4,89.6,29.8260716916371,76.3669244848944,78.0815299041991
2004,92,5,0.6,50,2.5,22.9,72.2,23.711387759266,63.3885926078278,65.2310820526291
2004,92,5,0.6,50,3,16.4,68.7,17.3329792776848,49.6431432344735,51.6675242231444
2004,92,5,0.6,50,3.5,11.6,39.7,12.0345033567022,38.0452376341661,40.2843656996117
2004,92,5,0.6,50,4,8.7,36.8,8.3645284545883,29.815204161283,32.2747541841517
2004,92,5,0.6,50,4.5,6.1,30.7,6.0924247829329,24.5249672453982,27.1927466490827
2004,92,5,0.6,50,5,4.5,27.4,4.7502763403828,21.2288962958974,24.0837378368422
2004,92,5,0.6,50,5.5,3.9,18.4,3.95486484830804,19.1346811979698,22.1544509111122
2004,92,5,0.6,50,6,3.1,32.9,3.46400545155386,17.7293047879484,20.8954980891462
2004,92,5,0.6,200,-2,79.3,185.4,79.1352002578615,171.95807000655,170.147903378
2004,92,5,0.6,200,-1.5,81.4,194.5,79.7139672743223,174.723747879309,173.150998313099
2004,92,5,0.6,200,-1,80.4,181.8,80.4348198706987,178.523259876812,177.399501463818
2004,92,5,0.6,200,-0.5,81.2,191.4,81.1700951360198,182.962181675848,182.449246817556
2004,92,5,0.6,200,0,81.8,212.6,81.5366828703288,186.319703186893,186.347689543732
2004,92,5,0.6,200,0.5,80.7,217.7,81.0316156060158,186.452642144092,186.734721961771
2004,92,5,0.6,200,1,77.9,203.6,79.3628056974408,183.144215641174,183.476083111504
2004,92,5,0.6,200,1.5,78.2,182.3,75.9880060921845,175.985078144346,176.374220441387
2004,92,5,0.6,200,2,69,172.6,69.7219632356781,162.609933313719,163.12966710702
2004,92,5,0.6,200,2.5,59.4,150.7,59.3441766931798,140.435563821916,141.179719035029
2004,92,5,0.6,200,3,44.8,115.9,45.412782805322,110.655686415519,111.70560485597
2004,92,5,0.6,200,3.5,32.7,106.2,31.2354975158372,80.3202610272199,81.6921305854178
2004,92,5,0.6,200,4,20.6,68.6,20.1829643669172,56.5852636369904,58.239013342641
2004,92,5,0.6,200,4.5,12,38.9,13.076450651902,41.1464140117725,43.0455203729994
2004,92,5,0.6,200,5,9.2,39.9,8.93896020643821,31.9010971282914,34.0355940786774
2004,92,5,0.6,200,5.5,7.7,35.8,6.58120494848613,26.3656766487762,28.7305853426785
2004,92,5,0.6,200,6,6.4,29.3,5.20708656085286,22.9272799080383,25.5031061666393
2004,92,5,0.9,10,-2,10,85,9.4512537563112,37.8510958429623,37.0217933778607
2004,92,5,0.9,10,-1.5,9.3,48.7,9.45595932647037,38.1518599582965,37.3604704387886
2004,92,5,0.9,10,-1,8.8,32.8,9.46246641280791,38.6716365059532,37.9841912904089
2004,92,5,0.9,10,-0.5,9.4,68.3,9.47041355379979,39.5816632454445,39.1281711755444
2004,92,5,0.9,10,0,10.6,62.3,9.47568931723339,41.159191903316,41.171659674058
2004,92,5,0.9,10,0.5,9.4,66.1,9.45977818756594,43.7471832318321,44.5894806200528
2004,92,5,0.9,10,1,9.6,75.9,9.36051885615621,47.4315456001585,49.5787039787611
2004,92,5,0.9,10,1.5,8.2,83.1,9.02818674861994,51.2656093314707,55.1935909422404
2004,92,5,0.9,10,2,9,101.7,8.26105016717467,53.0027709381109,58.9910905352614
2004,92,5,0.9,10,2.5,6.9,73.2,7.03620493758234,51.1426432934403,59.0637194853574
2004,92,5,0.9,10,3,6,55.2,5.65195844004982,46.8354706760272,56.2195806551211
2004,92,5,0.9,10,3.5,4.8,51.8,4.46302261215813,42.2055505349982,52.5673266162153
2004,92,5,0.9,10,4,3.8,54,3.61095112554964,38.3945784200721,49.3815565875869
2004,92,5,0.9,10,4.5,3,46.1,3.05333540587757,35.5514646829075,46.9109128790318
2004,92,5,0.9,10,5,2.8,63.7,2.69498943122677,33.4504161807188,44.9829517659966
2004,92,5,0.9,10,5.5,2.6,49.7,2.45727666958181,31.844125015321,43.3809548912513
2004,92,5,0.9,10,6,2.3,43.3,2.29005510648238,30.5562488186281,41.9493630490131
2004,92,5,0.9,50,-2,38.6,224.4,38.1266878104099,153.036240620731,149.679958719288
2004,92,5,0.9,50,-1.5,37,242.1,38.2164917055277,154.697055477794,151.541296633777
2004,92,5,0.9,50,-1,38.6,245.8,38.3383719360811,157.382346213677,154.730846035524
2004,92,5,0.9,50,-0.5,40.3,261.1,38.4825335921739,161.600327781921,159.963381564819
2004,92,5,0.9,50,0,38.6,245.8,38.573316285969,167.549449354999,167.600202735372
2004,92,5,0.9,50,0.5,37.8,294.5,38.3438971163962,173.75424295566,176.055064796383
2004,92,5,0.9,50,1,37.5,223.9,37.2057267491522,175.592227035142,180.137927174227
2004,92,5,0.9,50,1.5,33.3,249.2,34.4622101173619,168.111863898579,174.099602535759
2004,92,5,0.9,50,2,30.2,183.1,29.8260716916371,150.919015458273,157.491791868859
2004,92,5,0.9,50,2.5,24.2,159.2,23.711387759266,126.946056812006,134.00906444233
2004,92,5,0.9,50,3,17.3,120.2,17.3329792776848,101.399613907058,109.15988542992
2004,92,5,0.9,50,3.5,12.6,114.9,12.0345033567022,79.710882154088,88.2943661225515
2004,92,5,0.9,50,4,8.1,77.8,8.3645284545883,64.1762575315306,73.604708059538
2004,92,5,0.9,50,4.5,5.9,81.1,6.0924247829329,54.0513832875957,64.2780612951199
2004,92,5,0.9,50,5,4.9,71.5,4.7502763403828,47.625395292092,58.5691581689719
2004,92,5,0.9,50,5.5,4.5,80.8,3.95486484830804,43.4506741705593,55.0266734718992
2004,92,5,0.9,50,6,4.2,53.7,3.46400545155386,40.5803663835244,52.7176665501763
2004,92,5,0.9,200,-2,79.3,429.8,79.1352002578615,320.647632285411,313.708531089643
2004,92,5,0.9,200,-1.5,78.8,409.2,79.7139672743223,326.916442725027,320.887457203251
2004,92,5,0.9,200,-1,80,401.1,80.4348198706987,335.647546689021,331.339725947896
2004,92,5,0.9,200,-0.5,80.2,465.6,81.1700951360198,346.019204498317,344.052917620422
2004,92,5,0.9,200,0,81.8,470.2,81.5366828703288,354.167793504602,354.275076535426
2004,92,5,0.9,200,0.5,82.9,467.3,81.0316156060158,355.322731308257,356.404057396855
2004,92,5,0.9,200,1,77.6,469.1,79.3628056974408,349.387862912539,350.660045220994
2004,92,5,0.9,200,1.5,75.4,420.8,75.9880060921845,336.166732868652,337.658472764929
2004,92,5,0.9,200,2,69.2,407.1,69.7219632356781,311.403777430686,313.39612737775
2004,92,5,0.9,200,2.5,60,394,59.3441766931798,270.332892889656,273.185540954042
2004,92,5,0.9,200,3,44.1,359.4,45.412782805322,215.165909013318,219.19067125934
2004,92,5,0.9,200,3.5,31.2,224.9,31.2354975158372,158.947349597405,164.206280759644
2004,92,5,0.9,200,4,19.9,182.6,20.1829643669172,114.896776296162,121.23626813022
2004,92,5,0.9,200,4.5,11.6,102,13.076450651902,86.110662331856,93.3907055136442
2004,92,5,0.9,200,5,8.8,101.2,8.93896020643821,68.6833049736362,76.865695537673
2004,92,5,0.9,200,5.5,5.8,77.9,6.58120494848613,58.0576987226378,67.1233507388172
2004,92,5,0.9,200,6,4.6,66.4,5.20708656085286,51.3126099395635,61.1867943318923
2005,96,6,0.6,10,-2,9.8,20.4,9.46538057280038,19.4463162365743,21.0994359616728
2005,96,6,0.6,10,-1.5,8.8,22,9.47237038727368,19.5871194684864,21.2340153998167
2005,96,6,0.6,10,-1,8.9,18.5,9.48117518715216,19.8121869400437,21.4438502010581
2005,96,6,0.6,10,-0.5,8.7,19.4,9.4908779082356,20.1820512860497,21.7808873015726
2005,96,6,0.6,10,0,10.5,21.4,9.4967898507561,20.798477268011,22.3318475116313
2005,96,6,0.6,10,0.5,9.7,24.3,9.48020743768536,21.7923497918287,23.2040959574445
2005,96,6,0.6,10,1,8.1,19.1,9.37565170287458,23.1674821484511,24.3734634544723
2005,96,6,0.6,10,1.5,9.5,28,9.00998952460236,24.3615226753564,25.2648450075761
2005,96,6,0.6,10,2,8.4,24.1,8.13579529993037,24.1352206667131,24.6664084610315
2005,96,6,0.6,10,2.5,6.2,16.9,6.73376672197343,21.9396606553773,22.0881727063233
2005,96,6,0.6,10,3,4.6,15.9,5.16565369650979,18.7138052271785,18.5374825995725
2005,96,6,0.6,10,3.5,3.3,13.7,3.82722583644512,15.6039624916786,15.2142395294337
2005,96,6,0.6,10,4,3.1,15.4,2.86472703343925,13.1350215985971,12.6483605045247
2005,96,6,0.6,10,4.5,3.1,12.2,2.22832850848541,11.3411640182436,10.8403569340903
2005,96,6,0.6,10,5,1.9,8.4,1.81756412619045,10.0803852219697,9.60888650304287
2005,96,6,0.6,10,5.5,1.3,8.8,1.55086954481635,9.20203053365649,8.77553950243621
2005,96,6,0.6,10,6,1.5,7.5,1.37501960625739,8.5905031851233,8.20969138982932
2005,96,6,0.6,50,-2,38.6,79,38.3976535912608,79.0588990382983,85.7626303528931
2005,96,6,0.6,50,-1.5,39,79.9,38.5306543925151,79.9048991249555,86.5937451645057
2005,96,6,0.6,50,-1,37.2,81,38.6949325592111,81.1482111427446,87.7857478027192
2005,96,6,0.6,50,-0.5,37.9,86.1,38.8708937489625,82.9511598633764,89.4701542865613
2005,96,6,0.6,50,0,38.6,87.6,38.9735692268511,85.3541992985533,91.6469479303839
2005,96,6,0.6,50,0.5,38.6,89.2,38.7289829252662,87.6636411614034,93.5901603689278
2005,96,6,0.6,50,1,35.9,89.3,37.5293075712167,87.6751026427464,93.0922402145478
2005,96,6,0.6,50,1.5,33.8,79.8,34.6675338133699,83.1555593792186,87.8936342244044
2005,96,6,0.6,50,2,29.5,76,29.8276202435272,73.8588736234641,77.6647435839911
2005,96,6,0.6,50,2.5,23.6,59.6,23.4159977709685,60.8912429257819,63.5230459859807
2005,96,6,0.6,50,3,16.3,50.1,16.7981507563125,47.0790374979224,48.4935319487806
2005,96,6,0.6,50,3.5,11.8,36.1,11.4213964726584,35.4285397673581,35.8310878212191
2005,96,6,0.6,50,4,7.9,22.3,7.75640712071692,27.0365198675377,26.7453658447217
2005,96,6,0.6,50,4.5,6.9,25,5.46657750853561,21.38005088954,20.6935152956751
2005,96,6,0.6,50,5,4.4,15.8,4.05061137491646,17.5451285403482,16.6899959799216
2005,96,6,0.6,50,5.5,3.5,18.7,3.14162597425433,14.8350904498752,13.9601680613568
2005,96,6,0.6,50,6,2.3,10.6,2.52742397415372,12.8412332949186,12.0288263732662
2005,96,6,0.6,200,-2,81.7,168.9,80.9504961402297,168.151659816517,182.24639872315
2005,96,6,0.6,200,-1.5,81.3,187.4,81.7858920085108,171.497257070912,185.58544119659
2005,96,6,0.6,200,-1,82.5,178.9,82.7295498582366,175.720932551483,189.718801991168
2005,96,6,0.6,200,-0.5,83.5,181.3,83.6184136856412,180.453167358111,194.264713958418
2005,96,6,0.6,200,0,84.1,195.3,84.0466107413641,184.066568854155,197.636898830202
2005,96,6,0.6,200,0.5,83.4,201.1,83.4540523078363,184.230706872931,197.548126936799
2005,96,6,0.6,200,1,82.1,178.2,81.472527851898,180.578742849332,193.528172082748
2005,96,6,0.6,200,1.5,76.8,166.9,77.4527616392597,172.529998828036,184.783819043591
2005,96,6,0.6,200,2,70.2,153.3,70.0647312484716,157.567872412261,168.536244190106
2005,96,6,0.6,200,2.5,58.9,140.8,58.0965097988929,133.274305945001,142.15344087394
2005,96,6,0.6,200,3,43.6,102,42.789635608961,102.149935679913,108.349354050638
2005,96,6,0.6,200,3.5,27,67.2,28.4059162028602,72.7444775969936,76.4031578095185
2005,96,6,0.6,200,4,16.6,47.2,18.1288904006526,51.3475306464113,53.1355705104245
2005,96,6,0.6,200,4.5,11.8,35.8,11.8507037906917,37.6801908608354,38.2410857454043
2005,96,6,0.6,200,5,7.9,25.8,8.17069904358379,29.0858693092315,28.8501436064047
2005,96,6,0.6,200,5.5,5.2,19.5,5.9866345650695,23.5730154925907,22.8301171147082
2005,96,6,0.6,200,6,4.3,19.9,4.6475676417252,19.9196242578822,18.8886347869418
2005,96,6,0.9,10,-2,8.7,35.4,9.46538057280038,32.240503952471,37.8194142236102
2005,96,6,0.9,10,-1.5,8.7,31.7,9.47237038727368,32.552837593885,38.1107439495472
2005,96,6,0.9,10,-1,8.1,23.6,9.48117518715216,33.0551240868453,38.5616235785088
2005,96,6,0.9,10,-0.5,7.4,29.8,9.4908779082356,33.8866661344767,39.2823809961674
2005,96,6,0.9,10,0,9.4,43.1,9.4967898507561,35.2856872044063,40.4604696909455
2005,96,6,0.9,10,0.5,9.7,41.9,9.48020743768536,37.5748240778309,42.3391524347051
2005,96,6,0.9,10,1,8.6,37.6,9.37565170287458,40.8467131955938,44.9166310562392
2005,96,6,0.9,10,1.5,9,39,9.00998952460236,44.040078221049,47.0885895665109
2005,96,6,0.9,10,2,8.8,37.4,8.13579529993037,44.6442849854085,46.4369252864309
2005,96,6,0.9,10,2.5,5.8,31.6,6.73376672197343,41.4315267414496,41.9327217812471
2005,96,6,0.9,10,3,5.4,33.2,5.16565369650979,36.0806733972564,35.4856238656039
2005,96,6,0.9,10,3.5,3.4,23.1,3.82722583644512,30.7001202591927,29.3848922064653
2005,96,6,0.9,10,4,3.3,23,2.86472703343925,26.3001276558481,24.657755034517
2005,96,6,0.9,10,4.5,1.6,15.6,2.22832850848541,23.0225666505747,21.3324544686058
2005,96,6,0.9,10,5,1.8,9.3,1.81756412619045,20.6721862037124,19.0809832158629
2005,96,6,0.9,10,5.5,1.7,16.7,1.55086954481635,19.0097673264166,17.5704552436322
2005,96,6,0.9,10,6,1.5,12.4,1.37501960625739,17.8397614189025,16.5546065666065
2005,96,6,0.9,50,-2,38.8,128.9,38.3976535912608,131.181027116904,153.804624741523
2005,96,6,0.9,50,-1.5,34.3,119.6,38.5306543925151,132.940994291021,155.514357433181
2005,96,6,0.9,50,-1,38.5,126.6,38.6949325592111,135.567479400768,157.967684833673
2005,96,6,0.9,50,-0.5,39.3,146.8,38.8708937489625,139.456002518704,161.456154348504
2005,96,6,0.9,50,0,38.4,144,38.9735692268511,144.807792379279,166.044415137335
2005,96,6,0.9,50,0.5,35.2,130.7,38.7289829252662,150.391147316839,170.391827471443
2005,96,6,0.9,50,1,36.9,137.8,37.5293075712167,151.955119759444,170.236750533461
2005,96,6,0.9,50,1.5,34.7,145.8,34.6675338133699,145.31054383767,161.30048940417
2005,96,6,0.9,50,2,29.8,121.8,29.8276202435272,130.300888689627,143.144850739706
2005,96,6,0.9,50,2.5,23.2,103.3,23.4159977709685,108.929356521701,117.811104710438
2005,96,6,0.9,50,3,17.5,85.6,16.7981507563125,85.8949724189455,90.6685756253873
2005,96,6,0.9,50,3.5,11.3,55.1,11.4213964726584,66.202397868622,67.5609077443529
2005,96,6,0.9,50,4,7.8,47,7.75640712071692,51.7509745014641,50.7683946291716
2005,96,6,0.9,50,4.5,4.2,23.9,5.46657750853561,41.778936575926,39.4620321085938
2005,96,6,0.9,50,5,4,23.2,4.05061137491646,34.8432448258352,31.9573632093265
2005,96,6,0.9,50,5.5,3.4,21.8,3.14162597425433,29.824504728265,26.8718368569385
2005,96,6,0.9,50,6,2.6,19.9,2.52742397415372,26.0621192880798,23.3204271706012
2005,96,6,0.9,200,-2,80.1,267,80.9504961402297,279.931566500859,327.498165859264
2005,96,6,0.9,200,-1.5,78.3,258.7,81.7858920085108,286.494896923819,334.039375358834
2005,96,6,0.9,200,-1,80.6,275,82.7295498582366,294.923104193208,342.162790711659
2005,96,6,0.9,200,-0.5,81.2,288.3,83.6184136856412,304.582012352564,351.192900855621
2005,96,6,0.9,200,0,82.7,287.6,84.0466107413641,312.278408158537,358.075244368698
2005,96,6,0.9,200,0.5,81.4,293.3,83.4540523078363,313.412527026894,358.355848706125
2005,96,6,0.9,200,1,79.1,277.9,81.472527851898,307.619289066995,351.320723789993
2005,96,6,0.9,200,1.5,76.8,275.1,77.4527616392597,294.405949247909,335.759858721815
2005,96,6,0.9,200,2,68.2,246.6,70.0647312484716,269.73487273103,306.750680503478
2005,96,6,0.9,200,2.5,57.7,225.8,58.0965097988929,229.641907977719,259.607007481289
2005,96,6,0.9,200,3,42.8,163.2,42.789635608961,178.241681740979,199.163335689222
2005,96,6,0.9,200,3.5,30.2,124.7,28.4059162028602,129.580419300165,141.927648787885
2005,96,6,0.9,200,4,19.5,93.8,18.1288904006526,93.9292617874756,99.96349742758
2005,96,6,0.9,200,4.5,10.8,56.2,11.8507037906917,70.7900432146773,72.6829383178216
2005,96,6,0.9,200,5,9.3,52.9,8.17069904358379,55.8962429558501,55.1007212977959
2005,96,6,0.9,200,5.5,5.4,33.6,5.9866345650695,46.1163387249636,43.6092224357704
2005,96,6,0.9,200,6,4.6,26.2,4.6475676417252,39.4963018096774,36.0169423528042
2006,96,5,0.6,10,-2,11.1,28.1,9.44990694805139,20.2447530473508,20.6875644213281
2006,96,5,0.6,10,-1.5,9.3,20.2,9.46043651728568,20.4700898221667,20.8713307906731
2006,96,5,0.6,10,-1,10.6,22.1,9.47365108670263,20.830799168968,21.1768717297762
2006,96,5,0.6,10,-0.5,9.3,25.4,9.48812428638927,21.4170385331581,21.6865001938728
2006,96,5,0.6,10,0,8.6,20.5,9.4967898507561,22.3624703611032,22.5181453275441
2006,96,5,0.6,10,0.5,12.2,36.9,9.47450542888477,23.8028883665008,23.7821477517657
2006,96,5,0.6,10,1,8.3,24.7,9.35004555423732,25.6927724741991,25.4127693409453
2006,96,5,0.6,10,1.5,9.5,29.8,8.9816305431909,27.4871884436304,26.8951271741476
2006,96,5,0.6,10,2,7.9,27.8,8.2283723068181,28.2077345958892,27.3510504591583
2006,96,5,0.6,10,2.5,8,28.3,7.13983354244387,27.3600250002708,26.363638053182
2006,96,5,0.6,10,3,6.4,24.4,5.98093519606635,25.4803504894477,24.4400682638462
2006,96,5,0.6,10,3.5,4.1,23.7,4.9968821328802,23.415546853601,22.3508410199402
2006,96,5,0.6,10,4,4.1,24.1,4.26864922713535,21.6410618103505,20.5232719357614
2006,96,5,0.6,10,4.5,3.9,18,3.76318753288536,20.2601669181761,19.0509867486371
2006,96,5,0.6,10,5,2.8,18.5,3.417001427507,19.2150894671228,17.8867583890737
2006,96,5,0.6,10,5.5,3.5,21,3.17570724153073,18.4173226716185,16.9571134601381
2006,96,5,0.6,10,6,2.7,19,3.00171062248666,17.792437271415,16.1999612844882
2006,96,5,0.6,50,-2,40.6,93,38.1187205929413,81.9420173790457,83.6455361792105
2006,96,5,0.6,50,-1.5,39.3,87,38.3172651887706,83.2841735058101,84.821060950277
2006,96,5,0.6,50,-1,39.1,79.7,38.5621450191389,85.2616533190268,86.5861302158428
2006,96,5,0.6,50,-0.5,39.4,99.5,38.8234634962962,88.1008262003362,89.1391000816834
2006,96,5,0.6,50,0,38.2,98.6,38.9735692268511,91.772620053551,92.4114895217421
2006,96,5,0.6,50,0.5,39.5,97.5,38.6398597575427,95.2227211032927,95.3598242499948
2006,96,5,0.6,50,1,37.9,98,37.1070566519685,95.7168344119716,95.3967429812188
2006,96,5,0.6,50,1.5,36.3,102.5,33.707319157354,90.640049588338,90.0353926808627
2006,96,5,0.6,50,2,28.7,80.4,28.5296415889371,80.3991693989633,79.6056808081429
2006,96,5,0.6,50,2.5,22.7,81.8,22.5031716577622,67.601819975665,66.70108950344
2006,96,5,0.6,50,3,18.2,71.2,16.873738332264,55.1402354296178,54.3018522793185
2006,96,5,0.6,50,3.5,12.4,48.4,12.4557515617635,44.897002111366,44.294409851111
2006,96,5,0.6,50,4,9.2,37.1,9.35796139688614,37.2982275243929,37.0026235720468
2006,96,5,0.6,50,4.5,8.1,38.4,7.30267546938141,31.9320685941317,31.8930840741061
2006,96,5,0.6,50,5,5.8,26.3,5.96093924422964,28.2026410836326,28.2973476041341
2006,96,5,0.6,50,5.5,5.7,35.9,5.07939543360869,25.6024693605915,25.6941686139227
2006,96,5,0.6,50,6,4.6,24.1,4.48920855255305,23.7629277846466,23.7385040257465
2006,96,5,0.6,200,-2,78.1,181.3,79.5258818910193,173.310001937444,176.226720429104
2006,96,5,0.6,200,-1.5,83.1,187.2,80.7411591732654,178.526154326801,181.136275632656
2006,96,5,0.6,200,-1,82.6,181.8,82.1230826153995,185.152333009426,187.413525703488
2006,96,5,0.6,200,-0.5,82.9,195.6,83.4267805884884,192.474722922106,194.300849875399
2006,96,5,0.6,200,0,83.2,202.4,84.0466107413641,197.907911114333,199.285634904397
2006,96,5,0.6,200,0.5,82.9,200.1,83.208152554885,198.243590351278,199.318481872611
2006,96,5,0.6,200,1,78.7,191.4,80.4487984650995,193.010227445164,193.818196127959
2006,96,5,0.6,200,1.5,76.7,197.5,75.1233439345418,181.972025723869,182.396828237102
2006,96,5,0.6,200,2,67.1,169.4,66.2501502095023,163.355305182017,163.225638108639
2006,96,5,0.6,200,2.5,54.6,146,53.8399380679301,137.218189902553,136.367720475429
2006,96,5,0.6,200,3,40.5,99.4,40.1850875059022,108.329005949185,106.76278542058
2006,96,5,0.6,200,3.5,26,79.2,28.4725128988528,83.256549386889,81.2501250215542
2006,96,5,0.6,200,4,19.3,70.2,20.1223529667916,64.8480084105906,62.8446417708507
2006,96,5,0.6,200,4.5,14.3,51,14.6495704985118,52.0899386309576,50.4986136069587
2006,96,5,0.6,200,5,11.4,46.7,11.0776125201173,43.1230717682925,42.1742627183053
2006,96,5,0.6,200,5.5,8.5,39,8.6936970655016,36.6951858485497,36.4188163495808
2006,96,5,0.6,200,6,6.7,34.9,7.07975425621824,32.0877371594224,32.3728095820513
2006,96,5,0.9,10,-2,9.3,45.2,9.44990694805139,36.033017818408,37.6327589290163
2006,96,5,0.9,10,-1.5,10.4,53.5,9.46043651728568,36.5725260974081,38.0220861365157
2006,96,5,0.9,10,-1,8.9,43,9.47365108670263,37.4414723844523,38.691725958126
2006,96,5,0.9,10,-0.5,9.2,45.2,9.48812428638927,38.8639622620146,39.8374442494041
2006,96,5,0.9,10,0,9.9,51.5,9.4967898507561,41.1794843776691,41.7418900843502
2006,96,5,0.9,10,0.5,8.7,27.7,9.47450542888477,44.7592134015433,44.6842839485054
2006,96,5,0.9,10,1,10.4,60,9.35004555423732,49.5952253039978,48.5836602230425
2006,96,5,0.9,10,1.5,7.4,57.5,8.9816305431909,54.5529423395776,52.4140073246907
2006,96,5,0.9,10,2,6.8,46.5,8.2283723068181,57.4290369539841,54.3341010221786
2006,96,5,0.9,10,2.5,6.7,80.3,7.13983354244387,56.9335579178322,53.3339187599337
2006,96,5,0.9,10,3,5.8,68,5.98093519606635,53.9996946932231,50.2414754135735
2006,96,5,0.9,10,3.5,4.3,78,4.9968821328802,50.3542130156819,46.5077587624562
2006,96,5,0.9,10,4,4.3,65.7,4.26864922713535,47.0495064563233,43.0112759128289
2006,96,5,0.9,10,4.5,4.1,62.3,3.76318753288536,44.3882254436739,40.0198299122555
2006,96,5,0.9,10,5,3.7,76.7,3.417001427507,42.3209674529249,37.5221163869117
2006,96,5,0.9,10,5.5,2.8,62.3,3.17570724153073,40.7093181049277,35.4340319605972
2006,96,5,0.9,10,6,3,57.3,3.00171062248666,39.4249743489715,33.671849082424
2006,96,5,0.9,50,-2,37.8,181.4,38.1187205929413,146.036846192264,152.191134942439
2006,96,5,0.9,50,-1.5,35.7,166.3,38.3172651887706,149.051619184479,154.603920168098
2006,96,5,0.9,50,-1,37,189.7,38.5621450191389,153.563155251941,158.348082348227
2006,96,5,0.9,50,-0.5,41.3,186,38.8234634962962,160.172631804058,163.923595554476
2006,96,5,0.9,50,0,38.1,192.7,38.9735692268511,168.995156293928,171.30319491407
2006,96,5,0.9,50,0.5,38.6,226.4,38.6398597575427,177.979361467873,178.474672909861
2006,96,5,0.9,50,1,35.4,181.8,37.1070566519685,181.437990687446,180.281598934612
2006,96,5,0.9,50,1.5,33.9,210.7,33.707319157354,173.908399494868,171.723960319302
2006,96,5,0.9,50,2,27.2,215.6,28.5296415889371,156.262209138599,153.395579250274
2006,96,5,0.9,50,2.5,22.9,143.1,22.5031716577622,133.561945197464,130.307883421558
2006,96,5,0.9,50,3,15.6,139,16.873738332264,111.107831676601,108.079011572165
2006,96,5,0.9,50,3.5,12.2,112.5,12.4557515617635,92.3447423079182,90.1677620668604
2006,96,5,0.9,50,4,9.9,130.5,9.35796139688614,78.162943458,77.0950174226344
2006,96,5,0.9,50,4.5,7.1,93.6,7.30267546938141,67.9543866732426,67.8135476094167
2006,96,5,0.9,50,5,5.2,78.2,5.96093924422964,60.732783187483,61.0749286769447
2006,96,5,0.9,50,5.5,5.6,96.1,5.07939543360869,55.6189904017032,55.9502715611016
2006,96,5,0.9,50,6,4.6,85.5,4.48920855255305,51.9521747234292,51.8639392049127
2006,96,5,0.9,200,-2,78.8,322.6,79.5258818910193,310.476248217661,321.013453794092
2006,96,5,0.9,200,-1.5,77.9,326.5,80.7411591732654,321.543977825067,330.973542199501
2006,96,5,0.9,200,-1,80.6,321.9,82.1230826153995,335.84026958779,344.009262355994
2006,96,5,0.9,200,-0.5,83.1,367.5,83.4267805884884,351.965443814724,358.562678059483
2006,96,5,0.9,200,0,83.5,398.6,84.0466107413641,364.438525902991,369.415817624824
2006,96,5,0.9,200,0.5,82.6,400.1,83.208152554885,366.491468392058,370.374720397707
2006,96,5,0.9,200,1,79.2,395.1,80.4487984650995,357.639683705882,360.55862570672
2006,96,5,0.9,200,1.5,74.1,369.5,75.1233439345418,338.246164605554,339.780845248926
2006,96,5,0.9,200,2,66.2,311.7,66.2501502095023,305.378811884913,304.910364685577
2006,96,5,0.9,200,2.5,51.4,278.6,53.8399380679301,259.165080483821,256.092596383729
2006,96,5,0.9,200,3,40.7,237,40.1850875059022,207.994551620068,202.336279237894
2006,96,5,0.9,200,3.5,27.8,176.9,28.4725128988528,163.382274695424,156.133681431609
2006,96,5,0.9,200,4,18.3,139.3,20.1223529667916,130.262603830491,123.025057187488
2006,96,5,0.9,200,4.5,14.6,137.3,14.6495704985118,106.849259862899,101.100292670919
2006,96,5,0.9,200,5,10.7,116.8,11.0776125201173,89.9919377684429,86.5641828990306
2006,96,5,0.9,200,5.5,8.7,123.2,8.6936970655016,77.6494444663954,76.651006586971
2006,96,5,0.9,200,6,6.9,100.2,7.07975425621824,68.6637709290452,69.6936497911981
2007,107,7,0.6,10,-2,10.3,17.9,9.51344111333331,19.4951751253955,19.1240402251384
2007,107,7,0.6,10,-1.5,9.6,17.6,9.51898130767495,19.6637210811067,19.3373120391336
2007,107,7,0.6,10,-1,9.2,19.1,9.52725386548075,19.9897165652088,19.7379907120847
2007,107,7,0.6,10,-0.5,10.1,24.1,9.53850647077653,20.6388251022938,20.5028421096042
2007,107,7,0.6,10,0,9.5,22.4,9.54693372813739,21.9222164975547,21.9416149676636
2007,107,7,0.6,10,0.5,8.5,22.1,9.51604094446299,24.263915715643,24.4397368494341
2007,107,7,0.6,10,1,9,24.8,9.30715064542719,27.685683460639,27.9456522999842
2007,107,7,0.6,10,1.5,8.5,27.8,8.63532788113522,30.7659509856224,31.0266185439813
2007,107,7,0.6,10,2,7.9,34.3,7.38557162259976,31.4705099266548,31.7007713176661
2007,107,7,0.6,10,2.5,5.7,28.2,5.97361617734506,29.9917914517925,30.0918486477063
2007,107,7,0.6,10,3,5.9,28.8,4.86081290203266,27.9102686227568,27.7083800915073
2007,107,7,0.6,10,3.5,4.6,23.6,4.12674016975634,26.0572396655138,25.4332037872202
2007,107,7,0.6,10,4,3.8,19.8,3.65515703955849,24.5482516741363,23.4695662442273
2007,107,7,0.6,10,4.5,3.2,17.1,3.33406854172151,23.3086049777994,21.8026679920805
2007,107,7,0.6,10,5,2.8,18.1,3.09768867293913,22.2666122921128,20.3890822811606
2007,107,7,0.6,10,5.5,2.9,19.9,2.91263088042458,21.3777518360789,19.1925640453763
2007,107,7,0.6,10,6,2.5,18.7,2.76221282252966,20.6150193229334,18.1839185925081
2007,107,7,0.6,50,-2,37.4,71.9,39.3038126655133,80.6911468339203,79.2034912136216
2007,107,7,0.6,50,-1.5,39.6,87,39.41334190296,81.6585339709481,80.3786522703675
2007,107,7,0.6,50,-1,39.1,85.5,39.5749157303783,83.4147502283393,82.4661191789457
2007,107,7,0.6,50,-0.5,38,80.3,39.7896142736686,86.5828607458658,86.1048917937035
2007,107,7,0.6,50,0,37.7,78.7,39.9432607938486,91.7200051530965,91.8011660967698
2007,107,7,0.6,50,0.5,39.7,92.6,39.4742593672128,97.4850784311925,98.1632471465055
2007,107,7,0.6,50,1,37.1,97.5,37.0261458601336,98.229851370908,99.7138160431864
2007,107,7,0.6,50,1.5,31.5,87.4,31.4844949140557,89.3746476869619,91.8283561615227
2007,107,7,0.6,50,2,23.8,70.1,23.7570280472705,74.1411712310354,77.3007770591643
2007,107,7,0.6,50,2.5,17,64.3,16.3632558132017,58.8264532753736,62.3335919013189
2007,107,7,0.6,50,3,11.8,45.5,11.1512742057729,47.5792055117241,51.1092309054054
2007,107,7,0.6,50,3.5,8.2,38.2,8.12670261300102,40.6235354986921,43.8998423775102
2007,107,7,0.6,50,4,6.6,31.6,6.48926244848893,36.4424871708167,39.2518151152754
2007,107,7,0.6,50,4.5,5.3,32.1,5.56806805371457,33.7105480697548,35.9022750847466
2007,107,7,0.6,50,5,5.1,30.3,4.98802074162099,31.6771734786897,33.1598367605641
2007,107,7,0.6,50,5.5,4.9,35.4,4.57085317720798,29.9904169962343,30.7289753918024
2007,107,7,0.6,50,6,4.5,32.7,4.2382562866215,28.504457947197,28.5143561406308
2007,107,7,0.6,200,-2,86.9,171.1,86.509440676863,179.002003326304,176.168021566537
2007,107,7,0.6,200,-1.5,86.1,170.8,87.3017086699098,183.081816677747,180.90361324205
2007,107,7,0.6,200,-1,86.5,181.3,88.4075137218482,189.654783745569,188.342863708477
2007,107,7,0.6,200,-0.5,89.4,194.8,89.7247178177284,199.026341221202,198.575065246381
2007,107,7,0.6,200,0,88.3,204.7,90.4948912209288,207.799556775064,207.983433870302
2007,107,7,0.6,200,0.5,87.4,196.4,89.2194223627611,208.778806313649,209.522776574928
2007,107,7,0.6,200,1,84.7,203.8,84.7274182233758,200.28822178932,201.46394728196
2007,107,7,0.6,200,1.5,76.4,186.9,75.3490783492445,181.353203538756,182.988018713995
2007,107,7,0.6,200,2,59.1,142,59.6561313919189,149.482398829437,151.827385028036
2007,107,7,0.6,200,2.5,40.4,118.9,40.8009085615761,111.026782322988,114.210970005874
2007,107,7,0.6,200,3,23.7,71.7,25.2580070417364,79.0073461778049,82.858369633543
2007,107,7,0.6,200,3.5,15.3,66,15.6799952656373,58.8191370957599,63.0315582951284
2007,107,7,0.6,200,4,11.5,50.1,10.6316538943893,47.7221153828698,52.0386701580981
2007,107,7,0.6,200,4.5,7.3,41.5,8.09725191943544,41.7747690301771,46.0135510707435
2007,107,7,0.6,200,5,6.8,41.3,6.79391527602327,38.4207432232653,42.4539267472345
2007,107,7,0.6,200,5.5,6.2,40.4,6.06841349375869,36.3175865933928,40.047051035575
2007,107,7,0.6,200,6,5.7,34.7,5.60968143274101,34.7901280793967,38.1202980142697
2007,107,7,0.9,10,-2,9,25.3,9.51344111333331,32.045894416151,30.8135109047563
2007,107,7,0.9,10,-1.5,9.7,26.1,9.51898130767495,32.4193987038768,31.3355310292951
2007,107,7,0.9,10,-1,10.6,36.2,9.52725386548075,33.144889030795,32.3090129367737
2007,107,7,0.9,10,-0.5,10,36.6,9.53850647077653,34.5960176115073,34.1444750648358
2007,107,7,0.9,10,0,8.9,27.1,9.54693372813739,37.4825089272055,37.5469231191662
2007,107,7,0.9,10,0.5,9.3,29.4,9.51604094446299,42.8074309169717,43.3912592394731
2007,107,7,0.9,10,1,9.5,46.8,9.30715064542719,50.7942742186095,51.6575218163526
2007,107,7,0.9,10,1.5,8.1,47.7,8.63532788113522,58.5923023969385,59.4578701477873
2007,107,7,0.9,10,2,6.7,47.5,7.38557162259976,61.7541559769373,62.5187575851309
2007,107,7,0.9,10,2.5,6.1,51.7,5.97361617734506,60.1914917625283,60.5237397897416
2007,107,7,0.9,10,3,4.6,44.5,4.86081290203266,56.8919313484837,56.2215441203382
2007,107,7,0.9,10,3.5,4.3,45.8,4.12674016975634,53.6319619276673,51.5598002247531
2007,107,7,0.9,10,4,3.8,46,3.65515703955849,50.8185735998558,47.2367112180621
2007,107,7,0.9,10,4.5,3.3,33.5,3.33406854172151,48.4239606333634,43.4233748379724
2007,107,7,0.9,10,5,3.3,41.8,3.09768867293913,46.3690156580465,40.1345251101529
2007,107,7,0.9,10,5.5,2.8,36.7,2.91263088042458,44.5952158061877,37.3391226694402
2007,107,7,0.9,10,6,2.5,33.9,2.76221282252966,43.0625783009602,34.989911320193
2007,107,7,0.9,50,-2,41.8,111.6,39.3038126655133,132.730282790925,127.790401750852
2007,107,7,0.9,50,-1.5,40.6,113.4,39.41334190296,134.776313545986,130.526362643392
2007,107,7,0.9,50,-1,36.5,107.7,39.5749157303783,138.537583182231,135.387576909957
2007,107,7,0.9,50,-0.5,39.6,125.1,39.7896142736686,145.419221288632,143.832086650538
2007,107,7,0.9,50,0,39.3,132.5,39.9432607938486,156.822459642152,157.091961132534
2007,107,7,0.9,50,0.5,38.6,142.8,39.4742593672128,170.426062935387,172.677977110304
2007,107,7,0.9,50,1,37.2,153.5,37.0261458601336,175.18547115516,180.113096103235
2007,107,7,0.9,50,1.5,31.9,137.5,31.4844949140557,162.163910181205,170.311648008402
2007,107,7,0.9,50,2,24.1,131.7,23.7570280472705,137.492612678033,147.984339870478
2007,107,7,0.9,50,2.5,15.6,102.3,16.3632558132017,112.218345995778,123.864084005857
2007,107,7,0.9,50,3,11.1,90.9,11.1512742057729,93.3825438506769,105.104279227662
2007,107,7,0.9,50,3.5,8.8,80.6,8.12670261300102,81.4840339746117,92.3632764627944
2007,107,7,0.9,50,4,6.2,58.9,6.48926244848893,74.1047325170222,83.4333336118083
2007,107,7,0.9,50,4.5,5.4,60.5,5.56806805371457,69.096019812459,76.3738269733683
2007,107,7,0.9,50,5,4.9,54.6,4.98802074162099,65.2352770813569,70.1585806571367
2007,107,7,0.9,50,5.5,4.3,51.8,4.57085317720798,61.9521793113305,64.4046223132409
2007,107,7,0.9,50,6,4.4,58.7,4.2382562866215,59.0160188570262,59.0488866104278
2007,107,7,0.9,200,-2,85.5,240.2,86.509440676863,295.299250767774,285.888784681426
2007,107,7,0.9,200,-1.5,86.4,266.3,87.3017086699098,303.512720545948,296.279819525975
2007,107,7,0.9,200,-1,89,275.1,88.4075137218482,316.959925666549,312.603588871328
2007,107,7,0.9,200,-0.5,90.1,288.5,89.7247178177284,336.458774474093,334.96027603034
2007,107,7,0.9,200,0,89.9,296.6,90.4948912209288,355.294764229679,355.905343024984
2007,107,7,0.9,200,0.5,87.7,295,89.2194223627611,359.109025965858,361.579439506416
2007,107,7,0.9,200,1,84.8,296.8,84.7274182233758,345.590751872533,349.494843646313
2007,107,7,0.9,200,1.5,76.3,267.1,75.3490783492445,314.639465956482,320.068002223879
2007,107,7,0.9,200,2,60.2,237.3,59.6561313919189,262.427130294156,270.213846993664
2007,107,7,0.9,200,2.5,40.2,159.5,40.8009085615761,199.326593504333,209.899946737505
2007,107,7,0.9,200,3,24.3,133.6,25.2580070417364,146.590079472964,159.377714927238
2007,107,7,0.9,200,3.5,15.1,97.8,15.6799952656373,113.060941064858,127.048627012893
2007,107,7,0.9,200,4,10,81.2,10.6316538943893,94.358498394475,108.691968319665
2007,107,7,0.9,200,4.5,8.6,79.9,8.09725191943544,84.1198228210076,98.1950420784028
2007,107,7,0.9,200,5,6.8,72.2,6.79391527602327,78.1873247754467,91.5798374977085
2007,107,7,0.9,200,5.5,6.2,67.8,6.06841349375869,74.3519481474277,86.735937046597
2007,107,7,0.9,200,6,5.7,57,5.60968143274101,71.4807065098049,82.5388056404369
2008,90,6,0.6,10,-2,9.3,21.6,9.4284570227925,19.3399730436385,20.3955327838892
2008,90,6,0.6,10,-1.5,10,21.1,9.43513724364682,19.4962493195237,20.4809100015741
2008,90,6,0.6,10,-1,9.7,20.5,9.44459992541993,19.7727419026044,20.6289864025369
2008,90,6,0.6,10,-0.5,8.4,18.2,9.45643233840374,20.269373402964,20.8898592605269
2008,90,6,0.6,10,0,7.6,13.5,9.46446148670673,21.1503992711533,21.3412525956434
2008,90,6,0.6,10,0.5,9.3,18.5,9.43947840866657,22.6037998506106,22.0499512246047
2008,90,6,0.6,10,1,10,21.9,9.28327024210712,24.5723648601221,22.8815843581848
2008,90,6,0.6,10,1.5,7.9,22.2,8.78324717555001,26.2332251064194,23.1747309901161
2008,90,6,0.6,10,2,7.5,20.7,7.75472077454213,26.257931205175,22.0324501084523
2008,90,6,0.6,10,2.5,5.7,16.9,6.36804798394959,24.4527980067975,19.5502623864072
2008,90,6,0.6,10,3,4.8,15.3,5.05072372044421,21.9415976475338,16.7961435614435
2008,90,6,0.6,10,3.5,4.4,14.5,4.05576903577401,19.6607753271188,14.5358650241327
2008,90,6,0.6,10,4,3.2,12.3,3.38215791769375,17.8790750134702,12.9002308317413
2008,90,6,0.6,10,4.5,3.7,16.9,2.93655380004489,16.5427382778569,11.7507535457378
2008,90,6,0.6,10,5,3.1,11.3,2.63534008249876,15.539213380956,10.931853929256
2008,90,6,0.6,10,5.5,2.3,10.4,2.42436801988697,14.775471572352,10.3331683437749
2008,90,6,0.6,10,6,2.3,9.2,2.27140294567185,14.1845019902695,9.88371074879453
2008,90,6,0.6,50,-2,37,82.9,37.709523563695,77.5229033386678,81.6599782159035
2008,90,6,0.6,50,-1.5,35.8,74,37.8360744679755,78.4422195942913,82.2608754730963
2008,90,6,0.6,50,-1,37.9,86.9,38.0120036102307,79.9507859252157,83.2102823823839
2008,90,6,0.6,50,-0.5,38.3,87.7,38.2250848866064,82.3525925697739,84.6504510964592
2008,90,6,0.6,50,0,40.9,86.1,38.3621921336311,85.7286684173854,86.502251987218
2008,90,6,0.6,50,0.5,33.6,73.6,38.0087164571976,88.9259440690083,87.7163751362039
2008,90,6,0.6,50,1,36.6,76.7,36.2903816932664,88.6627368317466,85.625234818016
2008,90,6,0.6,50,1.5,35.8,81.9,32.3989686371648,82.258166370585,77.9631250310975
2008,90,6,0.6,50,2,26.2,64.3,26.4440559519107,70.6198891190924,65.3428485852297
2008,90,6,0.6,50,2.5,17.8,48.5,19.6593214253224,56.8253308503335,50.7054159497769
2008,90,6,0.6,50,3,13.1,37,13.7697542547335,44.5327593739818,37.8352999549413
2008,90,6,0.6,50,3.5,10.2,30.1,9.66395902413662,35.6267536086305,28.6913194995522
2008,90,6,0.6,50,4,6.2,19.9,7.13787811346812,29.7687115431965,22.8829836296201
2008,90,6,0.6,50,4.5,5.8,19.7,5.61886094104906,25.8655994595548,19.2183409292116
2008,90,6,0.6,50,5,4.3,14.6,4.65452072476854,23.062531583427,16.7531328458332
2008,90,6,0.6,50,5.5,4.2,14.4,3.98945670937261,20.8986932591737,14.9592720227113
2008,90,6,0.6,50,6,3.4,12.4,3.49948675339622,19.1671948844227,13.5843049559952
2008,90,6,0.6,200,-2,75.5,154.9,76.8157925608662,159.40676980863,167.093815888118
2008,90,6,0.6,200,-1.5,77,158.6,77.618862287033,163.078699392786,169.82601575776
2008,90,6,0.6,200,-1,78,160.9,78.6411121544443,168.271220428293,173.569043439474
2008,90,6,0.6,200,-0.5,78.2,160,79.7068766817073,174.532928164549,177.916329770828
2008,90,6,0.6,200,0,81.6,180,80.2468779100294,179.329115602033,180.947314741053
2008,90,6,0.6,200,0.5,79.5,165.6,79.5067334153749,179.432905580694,180.156802747777
2008,90,6,0.6,200,1,76.8,167,77.0448027094594,174.739013693716,175.007339277175
2008,90,6,0.6,200,1.5,70.4,143.8,71.9462189007164,164.449934100998,164.066254884596
2008,90,6,0.6,200,2,61.4,140.5,62.637413378016,145.569401581551,144.039982521604
2008,90,6,0.6,200,2.5,49.3,108.8,48.8137038676517,117.49803832321,114.280795913241
2008,90,6,0.6,200,3,32.1,71.3,33.7103400449491,86.767413419388,81.7298035194407
2008,90,6,0.6,200,3.5,21.2,53,21.682758030179,62.143970649035,55.7156635654776
2008,90,6,0.6,200,4,14,37.4,14.1001918782911,46.3587422392605,39.1564321431307
2008,90,6,0.6,200,4.5,9.1,26.9,9.87046622595609,37.2404920686138,29.7320196487079
2008,90,6,0.6,200,5,7.3,23.2,7.58351441284162,32.0112716359566,24.4664208356828
2008,90,6,0.6,200,5.5,6.5,20.2,6.29405339915355,28.7797798915615,21.3542936104646
2008,90,6,0.6,200,6,5.7,17.2,5.47553259013536,26.4478108955532,19.2557344156395
2008,90,6,0.9,10,-2,9.3,29.6,9.4284570227925,31.8427093030067,35.3540817091521
2008,90,6,0.9,10,-1.5,9.2,34.2,9.43513724364682,32.1876913245678,35.4632144584331
2008,90,6,0.9,10,-1,10.2,36.7,9.44459992541993,32.8010248533113,35.6493651180347
2008,90,6,0.9,10,-0.5,10.3,32.2,9.45643233840374,33.909199039522,35.9732763584733
2008,90,6,0.9,10,0,11.2,33.1,9.46446148670673,35.8914537934919,36.5263369475958
2008,90,6,0.9,10,0.5,10,33.8,9.43947840866657,39.2097397165208,37.3673344898143
2008,90,6,0.9,10,1,9.2,33.3,9.28327024210712,43.8585686307185,38.2341025081843
2008,90,6,0.9,10,1.5,8,31.8,8.78324717555001,48.245243383199,38.071009339568
2008,90,6,0.9,10,2,7.4,37.4,7.75472077454213,49.5985341441438,35.5422593925161
2008,90,6,0.9,10,2.5,6.5,25.6,6.36804798394959,47.265540212603,30.9570096376361
2008,90,6,0.9,10,3,5.6,24.2,5.05072372044421,43.2483423933912,26.1317313613202
2008,90,6,0.9,10,3.5,3.9,22.5,4.05576903577401,39.3454812364993,22.2972101290763
2008,90,6,0.9,10,4,3.7,19.9,3.38215791769375,36.1659980877215,19.6036232570295
2008,90,6,0.9,10,4.5,2.9,15.7,2.93655380004489,33.706059778282,17.7652822766353
2008,90,6,0.9,10,5,2.5,15.5,2.63534008249876,31.8166147629035,16.4900025144585
2008,90,6,0.9,10,5.5,2.4,15,2.42436801988697,30.3555896797972,15.578045234183
2008,90,6,0.9,10,6,2.3,15,2.27140294567185,29.2121057466545,14.9053080221414
2008,90,6,0.9,50,-2,37.7,130.2,37.709523563695,127.744906297007,141.507093326451
2008,90,6,0.9,50,-1.5,38.4,138.4,37.8360744679755,129.664244757362,142.367195021661
2008,90,6,0.9,50,-1,39,122.5,38.0120036102307,132.853846690138,143.696725099758
2008,90,6,0.9,50,-0.5,38.4,145.9,38.2250848866064,138.016588792503,145.660530405805
2008,90,6,0.9,50,0,39.1,129.4,38.3621921336311,145.47841399272,148.0517785285
2008,90,6,0.9,50,0.5,34.7,129.9,38.0087164571976,153.154732737641,149.131041029798
2008,90,6,0.9,50,1,37.8,141.4,36.2903816932664,154.72707473941,144.622671977619
2008,90,6,0.9,50,1.5,32.5,126.4,32.3989686371648,145.152318794246,130.864648407018
2008,90,6,0.9,50,2,26.9,101.3,26.4440559519107,126.344844813608,108.790504864725
2008,90,6,0.9,50,2.5,21.4,89.5,19.6593214253224,103.70784737725,83.3496435822967
2008,90,6,0.9,50,3,13,53.9,13.7697542547335,83.33830019565,61.0588655994507
2008,90,6,0.9,50,3.5,9.6,39.2,9.66395902413662,68.3771393784126,45.3060700427513
2008,90,6,0.9,50,4,8,36.2,7.13787811346812,58.3160438691989,35.4103246853524
2008,90,6,0.9,50,4.5,5.5,25.5,5.61886094104906,51.4055502881531,29.2931114654886
2008,90,6,0.9,50,5,4.4,23.3,4.65452072476854,46.2830464210501,25.2945151406767
2008,90,6,0.9,50,5.5,3.9,19.7,3.98945670937261,42.2286012656573,22.4708186950239
2008,90,6,0.9,50,6,4,22,3.49948675339622,38.9309951082217,20.3592318117446
2008,90,6,0.9,200,-2,76.9,241.2,76.8157925608662,263.589944588399,289.161288832611
2008,90,6,0.9,200,-1.5,77.9,262.1,77.618862287033,270.88075528964,293.326041516524
2008,90,6,0.9,200,-1,78.3,258.1,78.6411121544443,281.333803618355,298.95727752016
2008,90,6,0.9,200,-0.5,78,257.6,79.7068766817073,294.149857574108,305.40491267537
2008,90,6,0.9,200,0,80.4,261.6,80.2468779100294,304.314948571046,309.697969150302
2008,90,6,0.9,200,0.5,78.1,257.4,79.5067334153749,305.483307291549,307.891387517095
2008,90,6,0.9,200,1,77.6,263.7,77.0448027094594,297.97394076585,298.866539274198
2008,90,6,0.9,200,1.5,71.9,231.4,71.9462189007164,281.137386527888,279.861058375238
2008,90,6,0.9,200,2,62.3,223.3,62.637413378016,250.182739621167,245.095050426755
2008,90,6,0.9,200,2.5,49.2,169.6,48.8137038676517,204.13888287635,193.436564673535
2008,90,6,0.9,200,3,35,133.7,33.7103400449491,153.695479085566,136.937617146461
2008,90,6,0.9,200,3.5,20.5,84.6,21.682758030179,113.183172829994,91.799086974209
2008,90,6,0.9,200,4,14.6,59.4,14.1001918782911,87.0508166327722,63.0919709439009
2008,90,6,0.9,200,4.5,10,45.9,9.87046622595609,71.7660090332359,46.788699022058
2008,90,6,0.9,200,5,8.3,33.6,7.58351441284162,62.8253070797912,37.7269825621546
2008,90,6,0.9,200,5.5,7,31.9,6.29405339915355,57.1440692034674,32.4428167443112
2008,90,6,0.9,200,6,5.3,26,5.47553259013536,52.9029832283452,28.978180176973
2009,79,4,0.6,10,-2,9,20.6,9.34067319502827,20.2629357546411,25.1310311615778
2009,79,4,0.6,10,-1.5,7.9,17.6,9.35283668243189,20.4820993747874,25.3739756149356
2009,79,4,0.6,10,-1,8.9,24.7,9.36799779706347,20.813623177605,25.8055361981808
2009,79,4,0.6,10,-0.5,10.4,29,9.38400916645874,21.307842071741,26.553884290829
2009,79,4,0.6,10,0,10.6,23,9.39296958241034,22.0191155082112,27.7962133329469
2009,79,4,0.6,10,0.5,8.7,24,9.37357908904876,22.9722850248111,29.7087576916288
2009,79,4,0.6,10,1,9.5,24.3,9.27966666750687,24.0887292377388,32.3065562075988
2009,79,4,0.6,10,1.5,9.4,37.1,9.03547864098645,25.1013507685692,35.1975685195589
2009,79,4,0.6,10,2,8.5,35.7,8.56417329786172,25.591512530085,37.5494837496738
2009,79,4,0.6,10,2.5,8,50.8,7.8558241409172,25.2545313676734,38.6066728923807
2009,79,4,0.6,10,3,6.6,34,7.00537022063672,24.1571831394917,38.3060669970324
2009,79,4,0.6,10,3.5,6.4,33.7,6.15550515695261,22.6470577317275,37.1743529369691
2009,79,4,0.6,10,4,7,40.6,5.40918870809583,21.065709616743,35.7736470364024
2009,79,4,0.6,10,4.5,4.6,48.1,4.80086759397992,19.6018856102644,34.4141230262969
2009,79,4,0.6,10,5,4.2,43.7,4.3193277897889,18.3128675179921,33.1912470113399
2009,79,4,0.6,10,5.5,3.8,33.4,3.93717791233449,17.1898072032719,32.0993241387336
2009,79,4,0.6,10,6,3.7,41.2,3.62739712074368,16.202610671693,31.1044184981401
2009,79,4,0.6,50,-2,37.6,101,36.1544837449117,78.7512855484147,97.508405572375
2009,79,4,0.6,50,-1.5,35.6,86,36.3719778941518,80.0729929887,99.0850849306813
2009,79,4,0.6,50,-1,35.9,93.5,36.6362851206433,81.8957141277679,101.54137366566
2009,79,4,0.6,50,-0.5,36.5,113.5,36.9049603029907,84.242060426124,105.118025555508
2009,79,4,0.6,50,0,36.5,111.6,37.0475656904829,86.8473618571491,109.633277353249
2009,79,4,0.6,50,0.5,36.5,112,36.7794750761716,88.8563047987951,113.805943658696
2009,79,4,0.6,50,1,36.5,104.1,35.6657765028036,88.7859968849648,115.058389179128
2009,79,4,0.6,50,1.5,34.5,102.5,33.3269612112017,85.3373566806678,111.193765243935
2009,79,4,0.6,50,2,29.9,100.2,29.7358490568928,78.4595669182705,102.460176007252
2009,79,4,0.6,50,2.5,26.4,86,25.2919728514794,69.2875585040843,90.8480131011434
2009,79,4,0.6,50,3,19.6,70.1,20.6668704152436,59.448321728868,78.6127453029059
2009,79,4,0.6,50,3.5,18,58.4,16.5157015139603,50.4202259066015,67.6360015652414
2009,79,4,0.6,50,4,13.2,58,13.1997682999481,43.0103696890023,58.9159314903298
2009,79,4,0.6,50,4.5,10.2,56.8,10.7410871430053,37.2994388955587,52.5140783529555
2009,79,4,0.6,50,5,9.4,44.4,8.97371548107736,32.9781571938733,47.9771759848247
2009,79,4,0.6,50,5.5,6.7,33.5,7.7004881644052,29.6768597210041,44.7630820651272
2009,79,4,0.6,50,6,7.4,45.3,6.76578991856205,27.1095064345437,42.4401575505444
2009,79,4,0.6,200,-2,68.9,184.2,68.896466577264,152.531180213494,187.876542662408
2009,79,4,0.6,200,-1.5,70.3,187.6,70.0357494865123,157.209846738913,194.137998446271
2009,79,4,0.6,200,-1,72.8,212.8,71.256835545399,162.530750257321,202.015583961888
2009,79,4,0.6,200,-0.5,72.9,196.3,72.2878036980938,167.488226742023,210.023297879175
2009,79,4,0.6,200,0,73.9,195.3,72.7172845542328,170.464758135865,215.189151495515
2009,79,4,0.6,200,0.5,71.2,205.1,72.2250057391484,170.380334792729,215.481041827193
2009,79,4,0.6,200,1,71.3,206.8,70.690610361081,167.387872008394,211.628973950379
2009,79,4,0.6,200,1.5,66.7,190.1,67.8469789027758,161.400765377127,204.046030737833
2009,79,4,0.6,200,2,62.2,173.3,63.127736385986,151.370541180839,191.453325769476
2009,79,4,0.6,200,2.5,54.6,168.3,56.0355590069469,136.271770323525,172.535478534209
2009,79,4,0.6,200,3,47.4,135.6,46.8258540198667,116.656065508729,147.972132424713
2009,79,4,0.6,200,3.5,37.6,126.3,36.8585606084983,95.4182605807588,121.390973552892
2009,79,4,0.6,200,4,27.6,93.7,27.8966560568107,76.3027361041885,97.497498113324
2009,79,4,0.6,200,4.5,20.8,75.9,21.0114689512023,61.5670790271309,79.1569257264201
2009,79,4,0.6,200,5,15.2,62,16.2727286780244,51.3193436309931,66.5683622731914
2009,79,4,0.6,200,5.5,12,52.1,13.1749242022154,44.4361741464054,58.3986955638798
2009,79,4,0.6,200,6,9.8,47.8,11.1213796989172,39.617399389759,53.0660345131806
2009,79,4,0.9,10,-2,9.4,36.5,9.34067319502827,36.4614650618815,53.9700449377778
2009,79,4,0.9,10,-1.5,8.7,55.9,9.35283668243189,36.987625304617,54.5817352663054
2009,79,4,0.9,10,-1,9.2,40.4,9.36799779706347,37.7883385494874,55.7422405477386
2009,79,4,0.9,10,-0.5,9.1,46.3,9.38400916645874,38.9917748390282,57.8596772828352
2009,79,4,0.9,10,0,10,49.4,9.39296958241034,40.7446308215721,61.5225265405266
2009,79,4,0.9,10,0.5,9.6,61.4,9.37357908904876,43.1401793085023,67.368560206852
2009,79,4,0.9,10,1,10.1,63.4,9.27966666750687,46.0516726066044,75.607888720008
2009,79,4,0.9,10,1.5,8.1,75.3,9.03547864098645,48.9282363689323,85.2402681104959
2009,79,4,0.9,10,2,8.2,89.4,8.56417329786172,50.8443254955397,93.8523351482485
2009,79,4,0.9,10,2.5,6.5,71.6,7.8558241409172,51.0581107435106,99.0803898604097
2009,79,4,0.9,10,3,6.8,100.3,7.00537022063672,49.5945998580498,100.482440474636
2009,79,4,0.9,10,3.5,5.9,103.4,6.15550515695261,47.1052591571525,99.3540930890555
2009,79,4,0.9,10,4,4.7,112.2,5.40918870809583,44.2854968544096,97.1840281269992
2009,79,4,0.9,10,4.5,4.1,101.7,4.80086759397992,41.5528983061427,94.826554687199
2009,79,4,0.9,10,5,4.5,84.4,4.3193277897889,39.0663297390438,92.5778725514511
2009,79,4,0.9,10,5.5,3.7,86.8,3.93717791233449,36.8444440329191,90.4679756924646
2009,79,4,0.9,10,6,3.4,95.8,3.62739712074368,34.8525894776483,88.4483945748178
2009,79,4,0.9,50,-2,37.3,192.4,36.1544837449117,141.925516953562,209.387328345614
2009,79,4,0.9,50,-1.5,38.2,206,36.3719778941518,144.884854990879,213.263697751385
2009,79,4,0.9,50,-1,38.1,194.9,36.6362851206433,149.01882009592,219.676350501695
2009,79,4,0.9,50,-0.5,36.6,193.3,36.9049603029907,154.446507488192,229.528951935238
2009,79,4,0.9,50,0,35.3,208.3,37.0475656904829,160.704170672861,242.655937875374
2009,79,4,0.9,50,0.5,36.7,222.1,36.7794750761716,166.090124063435,255.823933353795
2009,79,4,0.9,50,1,32.8,201,35.6657765028036,167.567242251585,262.05846326541
2009,79,4,0.9,50,1.5,32.1,222.3,33.3269612112017,162.472648997169,255.467743955392
2009,79,4,0.9,50,2,31.2,199.8,29.7358490568928,150.720471417458,237.041002585728
2009,79,4,0.9,50,2.5,25.8,195.2,25.2919728514794,134.536290595376,212.080568165479
2009,79,4,0.9,50,3,21.8,186.6,20.6668704152436,116.964104036095,185.890822366928
2009,79,4,0.9,50,3.5,15.5,151.9,16.5157015139603,100.703162159483,162.621378227167
2009,79,4,0.9,50,4,13.5,153.3,13.1997682999481,87.2217130467994,144.427617202401
2009,79,4,0.9,50,4.5,11.5,121.9,10.7410871430053,76.6874536834931,131.40838824924
2009,79,4,0.9,50,5,9,147.8,8.97371548107736,68.5785330744594,122.523966885645
2009,79,4,0.9,50,5.5,7.8,138,7.7004881644052,62.2694564273578,116.528526321763
2009,79,4,0.9,50,6,6.8,111.5,6.76578991856205,57.2807540495616,112.418935859129
2009,79,4,0.9,200,-2,70,337,68.896466577264,276.567693028028,403.690736014715
2009,79,4,0.9,200,-1.5,69.3,343.7,70.0357494865123,286.495529212499,419.311228123451
2009,79,4,0.9,200,-1,71.8,356.9,71.256835545399,297.896767543399,439.907822589238
2009,79,4,0.9,200,-0.5,71.2,371.2,72.2878036980938,308.677548489422,461.659079925839
2009,79,4,0.9,200,0,73.3,376.3,72.7172845542328,315.431545637895,476.287187953908
2009,79,4,0.9,200,0.5,71.3,373.2,72.2250057391484,315.952002353209,478.161093499433
2009,79,4,0.9,200,1,69.5,383.7,70.690610361081,310.797116949619,469.914554550608
2009,79,4,0.9,200,1.5,66.8,375.7,67.8469789027758,300.148002383833,453.525858091589
2009,79,4,0.9,200,2,61.9,339.9,63.127736385986,282.241196580391,426.402840293965
2009,79,4,0.9,200,2.5,56.5,322.8,56.0355590069469,255.268050940277,385.694014017794
2009,79,4,0.9,200,3,47,304.6,46.8258540198667,220.219472921746,332.850761580577
2009,79,4,0.9,200,3.5,36.7,261.9,36.8585606084983,182.266659531671,275.680054638583
2009,79,4,0.9,200,4,28.3,182.8,27.8966560568107,148.092560054719,224.321588569399
2009,79,4,0.9,200,4.5,20.6,179.7,21.0114689512023,121.714070989869,184.977670035285
2009,79,4,0.9,200,5,15.2,133.3,16.2727286780244,103.296085293881,158.140667950483
2009,79,4,0.9,200,5.5,12.2,131.3,13.1749242022154,90.7989374143741,141.016507340883
2009,79,4,0.9,200,6,11.1,126.9,11.1213796989172,81.879120125958,130.248447880851
2010,98,5,0.6,10,-2,9.9,36.5,9.4723740025725,20.158020003753,21.1172943581494
2010,98,5,0.6,10,-1.5,9.5,21,9.4800428654392,20.3258437706245,21.2426482013223
2010,98,5,0.6,10,-1,9.5,19.2,9.48978423383035,20.5894319662598,21.4352072164481
2010,98,5,0.6,10,-0.5,9.9,23.8,9.5004360098697,21.0052737401977,21.7303548344817
2010,98,5,0.6,10,0,9.3,21.6,9.50671598094105,21.6536297651175,22.1733872376034
2010,98,5,0.6,10,0.5,10.5,29,9.49116080997606,22.6170745964708,22.7973559162975
2010,98,5,0.6,10,1,8.8,23.3,9.40508271511046,23.8808356116133,23.543452224311
2010,98,5,0.6,10,1.5,8.6,22,9.1417366262365,25.1174911895069,24.1070354347
2010,98,5,0.6,10,2,10.1,31.7,8.55343578847973,25.5950841954669,23.9013123468204
2010,98,5,0.6,10,2.5,7.2,28.7,7.58616562034533,24.7129703723735,22.5034003206548
2010,98,5,0.6,10,3,6.3,20.8,6.39917191368776,22.6802375644668,20.1737815705545
2010,98,5,0.6,10,3.5,5.4,17.2,5.24668410531774,20.2102099206702,17.5747184781
2010,98,5,0.6,10,4,3.6,15.3,4.28735806383962,17.8472024020309,15.1915106689056
2010,98,5,0.6,10,4.5,3.5,11.8,3.54881049037407,15.8016791587315,13.1906874678888
2010,98,5,0.6,10,5,2.8,10.1,2.99238068674649,14.0904665605633,11.5575444237868
2010,98,5,0.6,10,5.5,2.4,10,2.5690643479953,12.6688448930696,10.2264496937388
2010,98,5,0.6,10,6,2.7,10.4,2.24075104004589,11.4883675036728,9.13644156676349
2010,98,5,0.6,50,-2,38.5,98.5,38.5301294172011,82.1987145300912,86.0455552442922
2010,98,5,0.6,50,-1.5,40.4,93.6,38.6769510987305,83.1992986949233,86.8631017091272
2010,98,5,0.6,50,-1,35.2,73.8,38.8598133500691,84.649678047966,88.0140148217588
2010,98,5,0.6,50,-0.5,40.1,101.4,39.0538938938547,86.6710726061046,89.5511909277854
2010,98,5,0.6,50,0,40.9,91.9,39.1634419625564,89.2033247111816,91.3444943484271
2010,98,5,0.6,50,0.5,38.1,83.2,38.9266295429286,91.5580180923666,92.7211046220945
2010,98,5,0.6,50,1,37.8,88.5,37.8331310297825,91.9634805113761,92.1192286844388
2010,98,5,0.6,50,1.5,36.2,90,35.3096320179473,88.4347720263729,87.77917596583
2010,98,5,0.6,50,2,27.8,76.4,31.1595405243651,80.5864671001652,79.245383684958
2010,98,5,0.6,50,2.5,25.1,69.7,25.765912412334,69.5653831490442,67.5584935032964
2010,98,5,0.6,50,3,18.6,59.6,20.0483604133999,57.470035618967,54.862789983516
2010,98,5,0.6,50,3.5,14.7,50.3,15.0229203234817,46.5177695711805,43.4641677088911
2010,98,5,0.6,50,4,11,41.4,11.2161015233545,37.8890582464615,34.5813731563573
2010,98,5,0.6,50,4.5,8.6,28.8,8.58381133033632,31.5869112623247,28.1885376376995
2010,98,5,0.6,50,5,7.4,29.7,6.82477800772352,27.0712653204521,23.6895803715218
2010,98,5,0.6,50,5.5,6,24.3,5.63583139896104,23.7611596441818,20.4566498828669
2010,98,5,0.6,50,6,4.5,18.4,4.79502476048378,21.20617849862,18.01132581854
2010,98,5,0.6,200,-2,81.5,177.9,81.7959671147146,176.269818747433,183.952677163096
2010,98,5,0.6,200,-1.5,82.6,190.6,82.7397526637287,180.249120156473,187.443965161509
2010,98,5,0.6,200,-1,84.4,189.3,83.8122746977395,185.17217554477,191.652122075258
2010,98,5,0.6,200,-0.5,83.9,185.2,84.8049901966062,190.410579865532,195.968353425684
2010,98,5,0.6,200,0,85.4,208.4,85.2675843861041,194.215616303691,198.877422150668
2010,98,5,0.6,200,0.5,85.4,182.1,84.6427830231626,194.460009320282,198.555859618145
2010,98,5,0.6,200,1,82,189.8,82.5795230390221,190.626221251968,194.358752857965
2010,98,5,0.6,200,1.5,81,189.4,78.6346702132487,182.488032091123,185.754135409215
2010,98,5,0.6,200,2,70.8,161,71.9613464703175,168.526950956374,171.053525002244
2010,98,5,0.6,200,2.5,59.9,129.3,61.8392124725415,147.294246661086,148.713360125246
2010,98,5,0.6,200,3,48.5,122.5,48.9088829752171,120.142911693664,120.154387065295
2010,98,5,0.6,200,3.5,36.3,91.2,35.7088926415993,92.3760408148994,90.9629546384424
2010,98,5,0.6,200,4,26.3,87.8,24.9494101632239,69.6131666980565,67.0716219995668
2010,98,5,0.6,200,4.5,16.5,53.3,17.555339893819,53.6935422136259,50.4462756932553
2010,98,5,0.6,200,5,13,45,12.8801486759813,43.2003752288184,39.6146677652067
2010,98,5,0.6,200,5.5,10.1,30.9,9.92337585785137,36.0936031145021,32.4125096451768
2010,98,5,0.6,200,6,7.5,25.9,7.97699574105906,31.0383727020021,27.3895767673429
2010,98,5,0.9,10,-2,9.7,34.7,9.4723740025725,35.9054048368974,39.4028264423566
2010,98,5,0.9,10,-1.5,7.4,41.1,9.4800428654392,36.3092481112465,39.6518284785916
2010,98,5,0.9,10,-1,8.3,39.2,9.48978423383035,36.9469291485168,40.0305439869769
2010,98,5,0.9,10,-0.5,8.7,40.4,9.5004360098697,37.9598974627447,40.6034730709494
2010,98,5,0.9,10,0,8.5,47.7,9.50671598094105,39.5544778629603,41.4494633856524
2010,98,5,0.9,10,0.5,10.3,32.6,9.49116080997606,41.96067026301,42.6179585352679
2010,98,5,0.9,10,1,8.7,39.9,9.40508271511046,45.2136826463692,43.9836154162108
2010,98,5,0.9,10,1.5,8.9,56.3,9.1417366262365,48.6608834261474,44.9768593802361
2010,98,5,0.9,10,2,8.6,51.6,8.55343578847973,50.7092790346297,44.5339505365569
2010,98,5,0.9,10,2.5,7.5,67.8,7.58616562034533,49.9526597053833,41.8967807983333
2010,98,5,0.9,10,3,6.2,36.4,6.39917191368776,46.6735652741983,37.5352689087575
2010,98,5,0.9,10,3.5,5.5,40.5,5.24668410531774,42.2618855469277,32.6531384038359
2010,98,5,0.9,10,4,4.7,33.9,4.28735806383962,37.8302794239951,28.147883973409
2010,98,5,0.9,10,4.5,3.5,43.8,3.54881049037407,33.8586724569643,24.3392490413623
2010,98,5,0.9,10,5,2.9,17.6,2.99238068674649,30.4456620393363,21.2108726743252
2010,98,5,0.9,10,5.5,2.7,17.5,2.5690643479953,27.5528426369606,18.6481057386373
2010,98,5,0.9,10,6,2.3,13.7,2.24075104004589,25.1165351620406,16.5416404528391
2010,98,5,0.9,50,-2,36.7,141.5,38.5301294172011,146.552897217373,160.578106757216
2010,98,5,0.9,50,-1.5,38.8,164.8,38.6769510987305,148.811667024813,162.169538796632
2010,98,5,0.9,50,-1,36.6,127.1,38.8598133500691,152.129980200567,164.39602699602
2010,98,5,0.9,50,-0.5,37.9,159.7,39.0538938938547,156.844278584253,167.344911691309
2010,98,5,0.9,50,0,41.1,196.6,39.1634419625564,162.946857910856,170.753355515983
2010,98,5,0.9,50,0.5,37.4,184.8,38.9266295429286,169.120640857447,173.361141960645
2010,98,5,0.9,50,1,39.5,204.6,37.8331310297825,171.735114752776,172.302957542469
2010,98,5,0.9,50,1.5,34.1,185.7,35.3096320179473,166.725033928642,164.334794039409
2010,98,5,0.9,50,2,34,175.9,31.1595405243651,153.426689752375,148.537229203814
2010,98,5,0.9,50,2.5,25.2,146.3,25.765912412334,134.11245134715,126.79552561611
2010,98,5,0.9,50,3,18.8,129.4,20.0483604133999,112.618177387644,103.112411728035
2010,98,5,0.9,50,3.5,13.8,114.7,15.0229203234817,92.9315765895477,81.798439256422
2010,98,5,0.9,50,4,9.3,74.7,11.2161015233545,77.196865571369,65.1373653406301
2010,98,5,0.9,50,4.5,9.5,72.8,8.58381133033632,65.4864683826221,53.0963265178737
2010,98,5,0.9,50,5,6,37.9,6.82477800772352,56.908415755502,44.5791191897802
2010,98,5,0.9,50,5.5,6,36.3,5.63583139896104,50.4723682199684,38.4244449311769
2010,98,5,0.9,50,6,4.6,26.4,4.79502476048378,45.3912163935469,33.7430922272326
2010,98,5,0.9,200,-2,81.6,306.9,81.7959671147146,315.4954769964,343.506436417421
2010,98,5,0.9,200,-1.5,82.6,314.9,82.7397526637287,323.94820344775,350.17991312832
2010,98,5,0.9,200,-1,84.8,313.5,83.8122746977395,334.545771217995,358.17103013801
2010,98,5,0.9,200,-0.5,84.9,342.6,84.8049901966062,346.041026622237,366.304131998129
2010,98,5,0.9,200,0,83.1,324.7,85.2675843861041,354.771804037255,371.768297704523
2010,98,5,0.9,200,0.5,84.5,342.8,84.6427830231626,356.297124607292,371.230199028414
2010,98,5,0.9,200,1,81.2,335.5,82.5795230390221,349.854117864107,363.462567440648
2010,98,5,0.9,200,1.5,74.9,320.1,78.6346702132487,335.53622922642,347.444126334279
2010,98,5,0.9,200,2,71.2,306.3,71.9613464703175,310.835215269,320.046860107956
2010,98,5,0.9,200,2.5,61.3,283,61.8392124725415,273.228917260117,278.402867827443
2010,98,5,0.9,200,3,48.2,241.4,48.9088829752171,225.120155308203,225.161993404352
2010,98,5,0.9,200,3.5,35.7,209.4,35.7088926415993,175.886143019595,170.73416736084
2010,98,5,0.9,200,4,24.5,138.1,24.9494101632239,135.433928696927,126.167702305071
2010,98,5,0.9,200,4.5,18.1,135.8,17.555339893819,106.950236197795,95.1110162343109
2010,98,5,0.9,200,5,13.1,93.5,12.8801486759813,87.8831464625742,74.8100035221667
2010,98,5,0.9,200,5.5,10.1,76.6,9.92337585785137,74.6605404560344,61.2396293555461
2010,98,5,0.9,200,6,8.4,56.1,7.97699574105906,65.0238123980264,51.7206549881546
2011,79,2,0.6,10,-2,10.3,24.9,9.38467452140326,20.4869001274085,18.470216866941
2011,79,2,0.6,10,-1.5,8.9,14.8,9.38686651098439,20.5215976630755,18.4974842489852
2011,79,2,0.6,10,-1,8.3,22.6,9.38936795428444,20.5684302612555,18.5341541381815
2011,79,2,0.6,10,-0.5,9.1,19.2,9.39175711905607,20.6303551298498,18.5823721859305
2011,79,2,0.6,10,0,9.6,21.9,9.39296958241034,20.7097684934175,18.6436652726818
2011,79,2,0.6,10,0.5,9,22.7,9.39069488560615,20.8069414712791,18.7175645062633
2011,79,2,0.6,10,1,8.3,14.8,9.38037653935637,20.9171408341095,18.7991028482741
2011,79,2,0.6,10,1.5,8.2,16.9,9.35373620140268,21.0260424324742,18.8748632105822
2011,79,2,0.6,10,2,8.9,17.1,9.29697860798573,21.1037134694869,18.9178348191292
2011,79,2,0.6,10,2.5,8.4,14.9,9.18938638251366,21.0991307670123,18.8827951015774
2011,79,2,0.6,10,3,9.3,20.1,9.00382448912917,20.9397852169801,18.7061539616038
2011,79,2,0.6,10,3.5,8.7,16.8,8.71111237662856,20.5424599632094,18.3155054011298
2011,79,2,0.6,10,4,8.9,21.1,8.28903757253287,19.8378523185439,17.6511620208357
2011,79,2,0.6,10,4.5,7,13.6,7.73340146707201,18.8015854894477,16.6931881461809
2011,79,2,0.6,10,5,8.5,19,7.06511174534187,17.474310381508,15.478902943454
2011,79,2,0.6,10,5.5,5.2,11.1,6.32803845108944,15.9563589096904,14.0981494904434
2011,79,2,0.6,10,6,5.9,14.6,5.57781487897563,14.3786846463177,12.6677148817004
2011,79,2,0.6,50,-2,35.6,69.3,36.9054097872817,80.6218158905443,72.6779809723806
2011,79,2,0.6,50,-1.5,37.5,86.5,36.9449259607367,80.8358847349757,72.8538244612698
2011,79,2,0.6,50,-1,38.3,76.9,36.9885510851575,81.0970509748599,73.067012011263
2011,79,2,0.6,50,-0.5,38.7,74.8,37.0283947300364,81.392191595068,73.305161878028
2011,79,2,0.6,50,0,37.8,75.4,37.0475656904829,81.6830611408933,73.5339774967963
2011,79,2,0.6,50,0.5,38.3,71.6,37.0154147325662,81.8919797679838,73.6848713901796
2011,79,2,0.6,50,1,37.2,71,36.8837010249741,81.8908718745027,73.6454307740648
2011,79,2,0.6,50,1.5,33.9,72,36.587116398469,81.5049192512279,73.2623744040833
2011,79,2,0.6,50,2,37,77.1,36.051231125306,80.5405179122877,72.3653332659315
2011,79,2,0.6,50,2.5,35.2,72.3,35.2058548086255,78.8297016970141,70.8048536033637
2011,79,2,0.6,50,3,35.3,71.9,33.9950030553694,76.2597018602841,68.4779995828037
2011,79,2,0.6,50,3.5,33.8,59,32.3775457190083,72.7654386002688,65.3227815936736
2011,79,2,0.6,50,4,30.9,63.8,30.3273869947973,68.3127174284161,61.305314747384
2011,79,2,0.6,50,4.5,27.8,62.4,27.8466808507576,62.9183157832455,56.439104298332
2011,79,2,0.6,50,5,24.3,51,24.9885570998611,56.7019013600676,50.8315436336334
2011,79,2,0.6,50,5.5,22.7,45.6,21.870807658183,49.9206109094318,44.7144582195191
2011,79,2,0.6,50,6,17.7,35.9,18.6655658301525,42.9489968991635,38.4256938303133
2011,79,2,0.6,200,-2,71.4,165.9,72.1200088813196,157.983181747133,142.358668932139
2011,79,2,0.6,200,-1.5,71.8,133.1,72.3238446966764,158.713347055489,142.978682685001
2011,79,2,0.6,200,-1,72.3,155.4,72.5169702263502,159.427342062905,143.583150176145
2011,79,2,0.6,200,-0.5,72.1,151.6,72.6616285084036,160.006958845894,144.070302228133
2011,79,2,0.6,200,0,73.6,149.6,72.7172845542328,160.328223718327,144.333131377988
2011,79,2,0.6,200,0.5,71.4,149.7,72.6554802718569,160.312724900699,144.303130475101
2011,79,2,0.6,200,1,71.1,148.2,72.46700092599,159.9538982296,143.972562705678
2011,79,2,0.6,200,1.5,71.7,144.4,72.1484519946598,159.275370813824,143.358563780699
2011,79,2,0.6,200,2,72,143.3,71.6779775754773,158.254370527472,142.437256000881
2011,79,2,0.6,200,2.5,71.8,149,71.0023157749969,156.784946333198,141.111732759628
2011,79,2,0.6,200,3,69.9,149.7,70.0355406815137,154.682151741761,139.214900134732
2011,79,2,0.6,200,3.5,68.6,134.6,68.6568352140546,151.683374587666,136.509844764323
2011,79,2,0.6,200,4,68,139.3,66.7080689300932,147.444676691384,132.686315414283
2011,79,2,0.6,200,4.5,64.9,129.3,64.002578452964,141.560052717196,127.378073819918
2011,79,2,0.6,200,5,58.9,130.4,60.358958064143,133.63493301186,120.229197316555
2011,79,2,0.6,200,5.5,56.8,126.6,55.667564227187,123.430835500268,111.024562478104
2011,79,2,0.6,200,6,47.4,97.7,49.9738930184438,111.046717212161,99.8534337713551
2011,79,2,0.9,10,-2,9.8,55.2,9.38467452140326,39.8894522503172,31.7232024688595
2011,79,2,0.9,10,-1.5,10,41.6,9.38686651098439,39.9809573644459,31.7846203146565
2011,79,2,0.9,10,-1,9.7,34.9,9.38936795428444,40.1052642973901,31.8677749151327
2011,79,2,0.9,10,-0.5,9.2,31,9.39175711905607,40.2712353849668,31.9782423324373
2011,79,2,0.9,10,0,9.2,43.9,9.39296958241034,40.4873147735544,32.1209464372151
2011,79,2,0.9,10,0.5,10.1,34.9,9.39069488560615,40.7582852186702,32.2976734218589
2011,79,2,0.9,10,1,9.9,49.4,9.38037653935637,41.0791046152799,32.5024344073178
2011,79,2,0.9,10,1.5,9.9,35.8,9.35373620140268,41.4248829965155,32.714012432449
2011,79,2,0.9,10,2,9.3,37.9,9.29697860798573,41.7374851726785,32.8861045911592
2011,79,2,0.9,10,2.5,9.2,40.7,9.18938638251366,41.9129247207004,32.938213124543
2011,79,2,0.9,10,3,9.6,36,9.00382448912917,41.7993955669852,32.7546481301242
2011,79,2,0.9,10,3.5,9.1,33,8.71111237662856,41.2192455357089,32.2015343450669
2011,79,2,0.9,10,4,7,24.2,8.28903757253287,40.0208757968357,31.1662085737656
2011,79,2,0.9,10,4.5,8.5,25.5,7.73340146707201,38.14464561281,29.6070137093808
2011,79,2,0.9,10,5,7.7,37.5,7.06511174534187,35.6657096795622,27.5856130801834
2011,79,2,0.9,10,5.5,6.4,24.3,6.32803845108944,32.7830742173873,25.2585399678638
2011,79,2,0.9,10,6,5,36.1,5.57781487897563,29.7593245691294,22.8310147347193
2011,79,2,0.9,50,-2,38.1,178.6,36.9054097872817,157.021798934124,124.854456924575
2011,79,2,0.9,50,-1.5,36.3,150.7,36.9449259607367,157.540920784772,125.218791056467
2011,79,2,0.9,50,-1,35.8,133.2,36.9885510851575,158.182267808352,125.665855728665
2011,79,2,0.9,50,-0.5,38.4,134.5,37.0283947300364,158.923572382206,126.176384980993
2011,79,2,0.9,50,0,36,145.2,37.0475656904829,159.689269782519,126.690804514225
2011,79,2,0.9,50,0.5,35.3,170.5,37.0154147325662,160.31948818808,127.086060653652
2011,79,2,0.9,50,1,36.5,143.5,36.8837010249741,160.546630575739,127.157980555971
2011,79,2,0.9,50,1.5,37.3,147.3,36.587116398469,160.00449600508,126.627573919137
2011,79,2,0.9,50,2,34.7,128.9,36.051231125306,158.291208307962,125.187051031323
2011,79,2,0.9,50,2.5,37.4,160,35.2058548086255,155.067925733456,122.572533286051
2011,79,2,0.9,50,3,33,121.1,33.9950030553694,150.122641654791,118.611830924845
2011,79,2,0.9,50,3.5,33.2,169,32.3775457190083,143.348421199653,113.21052233125
2011,79,2,0.9,50,4,30.1,150.1,30.3273869947973,134.696916398895,106.321513213718
2011,79,2,0.9,50,4.5,28.7,119,27.8466808507576,124.210461066723,97.9738871783549
2011,79,2,0.9,50,5,23.9,119.9,24.9885570998611,112.12500631549,88.3538924076671
2011,79,2,0.9,50,5.5,20.2,112.7,21.870807658183,98.941211727101,77.8596943169852
2011,79,2,0.9,50,6,19.9,85.6,18.6655658301525,85.387383017411,67.0709604925863
2011,79,2,0.9,200,-2,74.1,294.5,72.1200088813196,308.040003333079,244.770933339787
2011,79,2,0.9,200,-1.5,70.6,269.6,72.3238446966764,309.689996411482,245.974884576313
2011,79,2,0.9,200,-1,71,298.7,72.5169702263502,311.314277117442,247.15565039158
2011,79,2,0.9,200,-0.5,72.5,296.7,72.6616285084036,312.654039233914,248.120990751235
2011,79,2,0.9,200,0,71.7,295,72.7172845542328,313.439489332388,248.669814347132
2011,79,2,0.9,200,0.5,72.6,264.9,72.6554802718569,313.504915207273,248.676516250383
2011,79,2,0.9,200,1,71.8,307,72.46700092599,312.84838490682,248.134416041238
2011,79,2,0.9,200,1.5,72.2,290,72.1484519946598,311.540749278379,247.088078646487
2011,79,2,0.9,200,2,70.7,280.3,71.6779775754773,309.557634978871,245.508653873071
2011,79,2,0.9,200,2.5,69.9,289.4,71.0023157749969,306.701009986726,243.234733735577
2011,79,2,0.9,200,3,69.5,272,70.0355406815137,302.612876752039,239.980611918161
2011,79,2,0.9,200,3.5,68.2,299.7,68.6568352140546,296.782818154176,235.339934666815
2011,79,2,0.9,200,4,66.6,241.2,66.7080689300932,288.542173347183,228.780451258088
2011,79,2,0.9,200,4.5,60.4,274.4,64.002578452964,277.101609008301,219.673859028522
2011,79,2,0.9,200,5,61.4,242.3,60.358958064143,261.69402438098,207.409552278665
2011,79,2,0.9,200,5.5,53.7,230,55.667564227187,241.855775647726,191.6184744602
2011,79,2,0.9,200,6,49.2,213.7,49.9738930184438,217.779249657807,172.453763874241
2012,110,6,0.6,10,-2,9,20.3,9.533960668179,20.5187258853054,20.9867369313807
2012,110,6,0.6,10,-1.5,8.1,16.2,9.53818437959399,20.6612352830706,21.1986905450304
2012,110,6,0.6,10,-1,10.4,21.3,9.54448357622337,20.9267336887987,21.5212346965682
2012,110,6,0.6,10,-0.5,11.4,21.7,9.55287400932356,21.4282396695396,22.0197558608972
2012,110,6,0.6,10,0,9,18.9,9.55892120895116,22.361945027599,22.7888672978587
2012,110,6,0.6,10,0.5,8.9,19.6,9.53846291724052,23.9847204534948,23.9119740542528
2012,110,6,0.6,10,1,8.4,28.1,9.40452701708102,26.3581114574931,25.2676615777926
2012,110,6,0.6,10,1.5,8.4,24.4,8.9575218479323,28.752805716254,26.1664342675112
2012,110,6,0.6,10,2,8,26.2,8.00579043393131,29.6888496936944,25.5372855092235
2012,110,6,0.6,10,2.5,7,26.5,6.69800255295662,28.6432633814445,23.2457966957142
2012,110,6,0.6,10,3,5.3,23.1,5.46112820498084,26.6449980043851,20.3849537153619
2012,110,6,0.6,10,3.5,4.4,17.7,4.54983007678888,24.7090888924075,17.9100817291657
2012,110,6,0.6,10,4,4.5,17.2,3.95071494795761,23.1415430121287,16.0657376848328
2012,110,6,0.6,10,4.5,3.7,15.3,3.55775243502547,21.8872998277393,14.7317132370448
2012,110,6,0.6,10,5,3.1,12.5,3.28212728392449,20.8366787996758,13.7361308594149
2012,110,6,0.6,10,5.5,3.2,13.4,3.07085738810501,19.9134526145616,12.9529836679508
2012,110,6,0.6,10,6,2.7,11.6,2.89626763312594,19.0761357659163,12.3051384375956
2012,110,6,0.6,50,-2,40.4,85.2,39.69789127671,85.5617755811455,87.6575154407971
2012,110,6,0.6,50,-1.5,38,74.7,39.7823643836797,86.3748059910217,88.7594176504359
2012,110,6,0.6,50,-1,40.1,81.7,39.9066462228386,87.8011682138551,90.3798413105158
2012,110,6,0.6,50,-0.5,39.1,83.3,40.0679601079092,90.2439178193,92.7186994409694
2012,110,6,0.6,50,0,38.6,80.3,40.1789939165689,93.9939176802918,95.7883991834502
2012,110,6,0.6,50,0.5,37.4,88.3,39.860188105073,98.160106063646,98.6385719679461
2012,110,6,0.6,50,1,37.8,90,38.1867365064324,99.1542475899317,98.3204261077207
2012,110,6,0.6,50,1.5,34.8,90.9,34.1246075032301,92.9228623236847,91.4746889947918
2012,110,6,0.6,50,2,29.2,80.7,27.7119670661035,79.9730128154593,78.1394965802669
2012,110,6,0.6,50,2.5,19.5,64.2,20.4133359760113,64.4272155879833,61.7907344740635
2012,110,6,0.6,50,3,15.5,52.5,14.1756211336327,50.8217935059163,46.8967904242675
2012,110,6,0.6,50,3.5,10.3,29.8,9.93655454687253,41.3160331779362,35.9010961713477
2012,110,6,0.6,50,4,6.4,26.2,7.43973189960994,35.4684249479173,28.6959188168966
2012,110,6,0.6,50,4.5,5.6,23.6,6.05167024391516,31.9889812551295,24.1790073223913
2012,110,6,0.6,50,5,5.1,19.7,5.2707833237254,29.8303204694675,21.3310428629657
2012,110,6,0.6,50,5.5,5,21.4,4.80132010393583,28.3613359775714,19.4661371990087
2012,110,6,0.6,50,6,4.5,16,4.48797429190979,27.2404566882355,18.1696580895205
2012,110,6,0.6,200,-2,89.4,189.8,89.0557747613478,193.143973885536,199.101225600894
2012,110,6,0.6,200,-1.5,88.4,191.2,89.689277518432,196.593074373828,203.050244152556
2012,110,6,0.6,200,-1,88.9,200.1,90.5653991519928,201.930913557169,208.300372089033
2012,110,6,0.6,200,-0.5,91,203.5,91.5756093361198,209.106000072495,214.532056573553
2012,110,6,0.6,200,0,94.1,211,92.1447327699965,215.561505712167,219.676890455561
2012,110,6,0.6,200,0.5,92,208.6,91.2139207758144,216.434076926919,220.06520460565
2012,110,6,0.6,200,1,85.7,197.9,87.9464544975528,210.088204396497,213.936068066932
2012,110,6,0.6,200,1.5,83.1,209.3,81.2528542157059,195.90769058204,199.832750002067
2012,110,6,0.6,200,2,68.1,161.1,69.5170906237451,170.884409566018,174.590507706215
2012,110,6,0.6,200,2.5,49.5,129.7,52.9906741513372,135.587134194511,138.772545618927
2012,110,6,0.6,200,3,36.7,103,35.8177879945,98.8172766860078,101.109800353492
2012,110,6,0.6,200,3.5,22,69.7,22.621874008358,70.3707523578288,71.2410966872347
2012,110,6,0.6,200,4,12.9,47.7,14.4724848537315,52.5128811113043,51.4019729272698
2012,110,6,0.6,200,4.5,11.2,38.2,9.99319006608611,42.3853196934463,39.0363801416974
2012,110,6,0.6,200,5,7.7,27.7,7.62555051059668,36.7659231327732,31.3499229037472
2012,110,6,0.6,200,5.5,6.4,21.8,6.35953482611102,33.5520890714697,26.5064497604038
2012,110,6,0.6,200,6,5.4,22.2,5.64654782354332,31.5746679568382,23.3896068199133
2012,110,6,0.9,10,-2,9.8,31.6,9.533960668179,37.6472211144775,39.4027446579347
2012,110,6,0.9,10,-1.5,7.3,24.2,9.53818437959399,38.0053587639252,40.0213696547741
2012,110,6,0.9,10,-1,8.8,37.4,9.54448357622337,38.6750253360817,40.9050165392823
2012,110,6,0.9,10,-0.5,10.1,31,9.55287400932356,39.9454441828006,42.1642392496534
2012,110,6,0.9,10,0,9.1,33.7,9.55892120895116,42.325642754591,43.9270410612166
2012,110,6,0.9,10,0.5,9.3,42,9.53846291724052,46.5107051603259,46.2378312236061
2012,110,6,0.9,10,1,10,35.7,9.40452701708102,52.7937597817936,48.7034494080794
2012,110,6,0.9,10,1.5,8.4,44.1,8.9575218479323,59.6195032374731,49.9179459591362
2012,110,6,0.9,10,2,9.4,39.3,8.00579043393131,63.4991469320602,47.9265045144689
2012,110,6,0.9,10,2.5,6.6,38.2,6.69800255295662,62.8624103521632,42.6163500907948
2012,110,6,0.9,10,3,6.2,34.6,5.46112820498084,59.6769113518621,36.1952964954932
2012,110,6,0.9,10,3.5,4.8,38.5,4.54983007678888,56.1433309195936,30.6400500733411
2012,110,6,0.9,10,4,4.2,24.5,3.95071494795761,53.0657153038151,26.5241561992659
2012,110,6,0.9,10,4.5,3.2,24.7,3.55775243502547,50.4684810239916,23.6276599951835
2012,110,6,0.9,10,5,3.5,17.9,3.28212728392449,48.2094123942915,21.5750430025682
2012,110,6,0.9,10,5.5,3,19,3.07085738810501,46.1760359543904,20.0671070909602
2012,110,6,0.9,10,6,3.1,18.1,2.89626763312594,44.305331715325,18.9071166043039
2012,110,6,0.9,50,-2,38.3,114.9,39.69789127671,157.077125064903,164.938308460964
2012,110,6,0.9,50,-1.5,38.7,126.5,39.7823643836797,159.026191615776,167.970941841672
2012,110,6,0.9,50,-1,40.9,141.1,39.9066462228386,162.48288195204,172.155562479627
2012,110,6,0.9,50,-0.5,38.8,136.7,40.0679601079092,168.483064063295,177.766044536061
2012,110,6,0.9,50,0,38.7,149.3,40.1789939165689,177.90728739966,184.638441618157
2012,110,6,0.9,50,0.5,43.4,164.7,39.860188105073,189.066907153726,190.861647185579
2012,110,6,0.9,50,1,39.4,173.4,38.1867365064324,194.220614698085,191.092925180203
2012,110,6,0.9,50,1.5,33.4,143.9,34.1246075032301,184.606717851664,179.174576035359
2012,110,6,0.9,50,2,30.8,129.2,27.7119670661035,161.463427503044,154.585852827864
2012,110,6,0.9,50,2.5,21.4,117.6,20.4133359760113,133.057861036428,123.168340893303
2012,110,6,0.9,50,3,13.5,89.1,14.1756211336327,107.964006037454,93.2412011469279
2012,110,6,0.9,50,3.5,10.4,56.4,9.93655454687253,90.2459137354271,69.9343217738234
2012,110,6,0.9,50,4,7.6,56.1,7.43973189960994,79.1734405461884,53.7695658707525
2012,110,6,0.9,50,4.5,6,43.9,6.05167024391516,72.432914205146,43.1374665278176
2012,110,6,0.9,50,5,5.4,28.4,5.2707833237254,68.1258967987321,36.2448502599422
2012,110,6,0.9,50,5.5,4.9,25.1,4.80132010393583,65.0983632616513,31.7322044702018
2012,110,6,0.9,50,6,4.8,30.2,4.48797429190979,62.7183006361131,28.6934616252774
2012,110,6,0.9,200,-2,88.6,283.5,89.0557747613478,355.448236823453,377.794067607394
2012,110,6,0.9,200,-1.5,88.9,295.7,89.689277518432,363.287686249842,387.508724761045
2012,110,6,0.9,200,-1,90.2,304.7,90.5653991519928,375.582661635436,399.47469261533
2012,110,6,0.9,200,-0.5,90.6,315.1,91.5756093361198,392.370612216599,412.72391373719
2012,110,6,0.9,200,0,90.7,334.2,92.1447327699965,408.004727279059,423.441659522434
2012,110,6,0.9,200,0.5,90.3,335.4,91.2139207758144,411.689305858564,425.309775252965
2012,110,6,0.9,200,1,86.2,336.1,87.9464544975528,400.543288239801,414.976740873254
2012,110,6,0.9,200,1.5,80.2,304.1,81.2528542157059,374.688463669513,389.411479886996
2012,110,6,0.9,200,2,68,272.8,69.5170906237451,328.946016216442,342.847702072019
2012,110,6,0.9,200,2.5,52.7,227.7,52.9906741513372,264.379424592329,276.327998879315
2012,110,6,0.9,200,3,33.8,161.9,35.8177879945,197.052097382072,205.651422773964
2012,110,6,0.9,200,3.5,23.8,133.6,22.621874008358,144.825364617733,148.090052436534
2012,110,6,0.9,200,4,14.6,96.8,14.4724848537315,111.829100705854,107.662050615806
2012,110,6,0.9,200,4.5,10.4,70.5,9.99319006608611,92.894222416276,80.3322491936071
2012,110,6,0.9,200,5,8.5,67,7.62555051059668,82.2043757140853,61.888795573064
2012,110,6,0.9,200,5.5,6.2,37.6,6.35953482611102,75.9533171773233,49.5249117091
2012,110,6,0.9,200,6,5.6,34.6,5.64654782354332,72.0042696120585,41.3018585236708
2013,108,9,0.6,10,-2,10,25.6,9.48867605403068,21.0709876269238,20.6152653181756
2013,108,9,0.6,10,-1.5,12.2,25.2,9.50163805715876,21.4255819308622,21.0298083000795
2013,108,9,0.6,10,-1,12.2,34.4,9.51885307257777,22.0285097540389,21.7312095820668
2013,108,9,0.6,10,-0.5,9.5,24,9.53865991058379,23.077001451813,22.9406682234155
2013,108,9,0.6,10,0,9.4,24.5,9.55100128590098,24.9081911999935,25.0384233124045
2013,108,9,0.6,10,0.5,10.9,30.9,9.51686125088096,27.9446435490671,28.5167087492827
2013,108,9,0.6,10,1,8.9,34.9,9.31432446537193,32.1219833180166,33.341234282687
2013,108,9,0.6,10,1.5,8.6,32.5,8.69948879348707,35.7215639280116,37.5664606829827
2013,108,9,0.6,10,2,7.2,32.3,7.53219364280317,36.2535362597405,38.305502758783
2013,108,9,0.6,10,2.5,5.5,27.2,6.09210529688486,33.7522354577238,35.5963405471794
2013,108,9,0.6,10,3,5.1,29,4.78708209559304,30.0882712074708,31.600101104739
2013,108,9,0.6,10,3.5,3.1,21.3,3.78716831144452,26.5645101206007,27.8205016393049
2013,108,9,0.6,10,4,3,22.6,3.07315500943143,23.634001293225,24.7810406274276
2013,108,9,0.6,10,4.5,2.6,26.9,2.57255899634116,21.3284732856759,22.503989740261
2013,108,9,0.6,10,5,1.6,20.1,2.21896030718987,19.5390524188272,20.8400076596776
2013,108,9,0.6,10,5.5,1.6,15.7,1.9638913121783,18.1381108398018,19.6201026954281
2013,108,9,0.6,10,6,1.8,13.2,1.7746942523808,17.0205018726768,18.7077326976963
2013,108,9,0.6,50,-2,41.6,98.5,38.8488304995013,86.6512564192406,84.8537147913646
2013,108,9,0.6,50,-1.5,37.6,83.5,39.1004452709012,88.7146149438536,87.1875952781117
2013,108,9,0.6,50,-1,39.9,96,39.4297847686955,91.9775908115358,90.8766545200724
2013,108,9,0.6,50,-0.5,38.5,97.1,39.8002980403464,97.0668044574193,96.6226417254762
2013,108,9,0.6,50,0,41.6,108.3,40.0230780719661,104.376750791606,104.922483102437
2013,108,9,0.6,50,0.5,39.4,104.4,39.4907208838244,112.127069346361,113.957651041909
2013,108,9,0.6,50,1,34.6,122,37.019464075442,114.16073555707,117.069051491849
2013,108,9,0.6,50,1.5,31.1,104.2,31.8874337822282,106.355992788621,109.943782022574
2013,108,9,0.6,50,2,25.4,86.4,25.0229050274975,91.973306423746,96.0234719360868
2013,108,9,0.6,50,2.5,17.5,76.6,18.336227657677,76.112657871958,80.1615879648843
2013,108,9,0.6,50,3,12.5,66.7,13.1548230118774,62.2265657985218,65.6762144660999
2013,108,9,0.6,50,3.5,9.8,53.1,9.57790319295039,51.1547554150039,53.5886436980325
2013,108,9,0.6,50,4,6.8,40.7,7.16249255052678,42.536479698649,43.9162143691104
2013,108,9,0.6,50,4.5,5.1,33.4,5.50971801983109,35.923318183481,36.5116058149229
2013,108,9,0.6,50,5,3.9,26.4,4.36757466817261,30.9573990687176,31.1053152011015
2013,108,9,0.6,50,5.5,4.6,29.8,3.57826467855624,27.313034711387,27.3088996930515
2013,108,9,0.6,50,6,2.7,25.7,3.03411243182817,24.6777507866982,24.7054431373861
2013,108,9,0.6,200,-2,84.2,190.3,84.0896053993761,190.985281514415,187.740000664609
2013,108,9,0.6,200,-1.5,87.2,196.5,85.7971852369301,199.380697412888,196.929119347922
2013,108,9,0.6,200,-1,87.9,208.3,87.8776216361815,210.957139701062,209.554910661323
2013,108,9,0.6,200,-0.5,86.5,209.8,89.977460055708,225.208841874415,225.101085527301
2013,108,9,0.6,200,0,88.2,211.9,91.0498043713629,237.45007126653,238.691575481946
2013,108,9,0.6,200,0.5,88.4,225,89.456262541278,239.196448235164,241.304480768923
2013,108,9,0.6,200,1,84.4,215.7,84.068391316645,228.869828248767,231.58741537856
2013,108,9,0.6,200,1.5,70.8,182.6,73.7822008090111,206.853905191544,210.27443977219
2013,108,9,0.6,200,2,56.2,151.9,58.4295094739143,173.393848784022,177.743610057715
2013,108,9,0.6,200,2.5,43.2,135.3,41.5188174310797,135.982546434969,141.359582573059
2013,108,9,0.6,200,3,26.9,102.2,27.9942847876844,105.035314979127,111.203034737837
2013,108,9,0.6,200,3.5,20.2,98.3,19.3203544875132,83.6426264584336,89.9906255643705
2013,108,9,0.6,200,4,13.9,75.4,14.0840548509447,68.9043635747664,74.5130170290378
2013,108,9,0.6,200,4.5,10.5,58.6,10.6974194659215,57.69983425065,61.7442327964457
2013,108,9,0.6,200,5,8.7,54.3,8.30196025304483,48.6305045825971,50.8510665611816
2013,108,9,0.6,200,5.5,6.9,43.1,6.53692650831742,41.2919452884678,42.0189906491023
2013,108,9,0.6,200,6,4.9,27.4,5.22804585727866,35.4738558842863,35.2966677814678
2013,108,9,0.9,10,-2,8.8,29.8,9.48867605403068,38.960779904161,37.2960500509009
2013,108,9,0.9,10,-1.5,9.9,35.9,9.50163805715876,39.843052198648,38.3973117430031
2013,108,9,0.9,10,-1,8.6,38.7,9.51885307257777,41.3506595755526,40.2646375350237
2013,108,9,0.9,10,-0.5,10.1,38.4,9.53865991058379,43.9880360433634,43.4900178622299
2013,108,9,0.9,10,0,9.6,50.9,9.55100128590098,48.6285803292398,49.1043114515086
2013,108,9,0.9,10,0.5,9.8,45.1,9.51686125088096,56.4078044103451,58.4975287853186
2013,108,9,0.9,10,1,9.9,70.3,9.31432446537193,67.3502084124643,71.8040686702127
2013,108,9,0.9,10,1.5,8.9,71.6,8.69948879348707,77.4592868354077,84.1985985724595
2013,108,9,0.9,10,2,7.2,75.9,7.53219364280317,80.6159116030955,88.1116383280578
2013,108,9,0.9,10,2.5,5.6,50.3,6.09210529688486,76.4754845971138,83.2119044212786
2013,108,9,0.9,10,3,4.4,71.5,4.78708209559304,69.1679501411577,74.690585997951
2013,108,9,0.9,10,3.5,4.3,53.5,3.78716831144452,61.7459081540548,66.3339797417103
2013,108,9,0.9,10,4,3.4,51.6,3.07315500943143,55.3918474490932,59.5819223825669
2013,108,9,0.9,10,4.5,2.5,54.1,2.57255899634116,50.2984598461439,54.592560216875
2013,108,9,0.9,10,5,2.4,48.1,2.21896030718987,46.2912985615556,51.0436202838512
2013,108,9,0.9,10,5.5,1.8,35.3,1.9638913121783,43.1204665444101,48.5341055894818
2013,108,9,0.9,10,6,1.8,32.7,1.7746942523808,40.5688522783192,46.7322185867756
2013,108,9,0.9,50,-2,38.5,137.8,38.8488304995013,160.485867469904,153.919541545193
2013,108,9,0.9,50,-1.5,40.2,153.8,39.1004452709012,165.347606887708,159.769483597982
2013,108,9,0.9,50,-1,39.5,141.6,39.4297847686955,173.141815138835,169.120152218775
2013,108,9,0.9,50,-0.5,38,147.4,39.8002980403464,185.519433088321,183.896929766941
2013,108,9,0.9,50,0,40.7,171.1,40.0230780719661,203.776065858046,205.769597559894
2013,108,9,0.9,50,0.5,40.2,199.9,39.4907208838244,224.319629319708,231.006648890423
2013,108,9,0.9,50,1,36.4,193.4,37.019464075442,233.311503875037,243.935430477701
2013,108,9,0.9,50,1.5,30.5,194.1,31.8874337822282,221.37854622497,234.484553392742
2013,108,9,0.9,50,2,25.3,157.6,25.0229050274975,195.383473411453,210.178517036943
2013,108,9,0.9,50,2.5,18.1,126.8,18.336227657677,165.352903961763,180.143434664489
2013,108,9,0.9,50,3,13.2,136.5,13.1548230118774,138.021736702891,150.623123578048
2013,108,9,0.9,50,3.5,7.8,83.7,9.57790319295039,115.373477654759,124.264344760623
2013,108,9,0.9,50,4,7.2,79.1,7.16249255052678,97.1743883850833,102.214487259778
2013,108,9,0.9,50,4.5,5.7,82.9,5.50971801983109,82.8995185651063,85.0485026362506
2013,108,9,0.9,50,5,4.3,66.4,4.36757466817261,72.0274766797575,72.5678066057481
2013,108,9,0.9,50,5.5,3.1,52.1,3.57826467855624,63.9732560293045,63.9581510227363
2013,108,9,0.9,50,6,3.4,63.4,3.03411243182817,58.108054561159,58.2092132756049
2013,108,9,0.9,200,-2,83,316.7,84.0896053993761,356.094070808986,344.239228925722
2013,108,9,0.9,200,-1.5,84.5,307.5,85.7971852369301,374.819376139379,365.863889181639
2013,108,9,0.9,200,-1,88.2,303.9,87.8776216361815,401.063147289076,395.940877655246
2013,108,9,0.9,200,-0.5,88.3,339.2,89.977460055708,434.084359932692,433.690731610192
2013,108,9,0.9,200,0,88.8,355.4,91.0498043713629,463.576811822898,468.111962046352
2013,108,9,0.9,200,0.5,88.1,352.9,89.456262541278,470.48195637915,478.182489408202
2013,108,9,0.9,200,1,82.9,348.4,84.068391316645,452.527050026827,462.454254240787
2013,108,9,0.9,200,1.5,69.3,303.6,73.7822008090111,412.393631385145,424.888666017422
2013,108,9,0.9,200,2,58.6,280.4,58.4295094739143,350.965323752892,366.85477508733
2013,108,9,0.9,200,2.5,40.7,218.5,41.5188174310797,281.889214458638,301.531247357409
2013,108,9,0.9,200,3,28.5,202.4,27.9942847876844,224.031252730868,246.561611705546
2013,108,9,0.9,200,3.5,19.2,150.7,19.3203544875132,182.993440595814,206.18235063436
2013,108,9,0.9,200,4,13.4,133.3,14.0840548509447,153.578647241806,174.066766130615
2013,108,9,0.9,200,4.5,9.7,108.5,10.6974194659215,130.298765106151,145.072742303277
2013,108,9,0.9,200,5,7.6,100.3,8.30196025304483,110.921116983973,119.032714212814
2013,108,9,0.9,200,5.5,6.3,79.2,6.53692650831742,94.9738085897037,97.629667417083
2013,108,9,0.9,200,6,4.7,67.1,5.22804585727866,82.1908911871786,81.5436322780971
2014,84,4,0.6,10,-2,9.6,20.6,9.39312361045902,18.7919684258005,19.8712419757381
2014,84,4,0.6,10,-1.5,8.4,21.3,9.40138055509154,18.9232343985489,19.9858592074704
2014,84,4,0.6,10,-1,9.3,18.7,9.41142568591898,19.1184994071361,20.1562363951205
2014,84,4,0.6,10,-0.5,9.3,15.1,9.42186358152206,19.4078223327437,20.4085690948182
2014,84,4,0.6,10,0,9.7,23.5,9.42769588264746,19.8279750715702,20.7744815438876
2014,84,4,0.6,10,0.5,11.1,23.7,9.41457801313447,20.4060733558688,21.2749407169355
2014,84,4,0.6,10,1,10.9,23.3,9.34682548723766,21.1089105012502,21.870687241749
2014,84,4,0.6,10,1.5,8.4,20.6,9.15134826746648,21.750524273214,22.3719836455059
2014,84,4,0.6,10,2,9.3,21.4,8.72147389576037,21.9453122853074,22.3951941305451
2014,84,4,0.6,10,2.5,9.6,21.4,7.98181693336689,21.301311744396,21.5605345832971
2014,84,4,0.6,10,3,6.4,19.8,6.98239386373833,19.7839955704426,19.8567798948335
2014,84,4,0.6,10,3.5,5.8,16.5,5.89274870732285,17.7646471610021,17.6804598116294
2014,84,4,0.6,10,4,4.5,14.9,4.88674441782805,15.692731019932,15.4954591120144
2014,84,4,0.6,10,4.5,4.4,15.7,4.05700386174291,13.8473704326352,13.5809299978446
2014,84,4,0.6,10,5,3.4,9.8,3.41593530954994,12.3220651055361,12.0216005524136
2014,84,4,0.6,10,5.5,3.9,10.2,2.93491650050994,11.1038258936235,10.793819741339
2014,84,4,0.6,10,6,2.3,9.2,2.57581518120982,10.1406146486406,9.83676600817255
2014,84,4,0.6,50,-2,38,75.2,37.0748950388075,74.3588056946853,78.5893484053735
2014,84,4,0.6,50,-1.5,38.2,79.8,37.2257571331986,75.1670593115414,79.3376344985755
2014,84,4,0.6,50,-1,36.7,77.4,37.4048139790739,76.2622045195387,80.3449333262287
2014,84,4,0.6,50,-0.5,36.7,79.6,37.5843244920367,77.6660771807804,81.6230551130199
2014,84,4,0.6,50,0,37.6,78.5,37.6797744052796,79.2466830612773,83.0295957468361
2014,84,4,0.6,50,0.5,39.8,86.6,37.4931811081654,80.4962626594971,84.0473651034697
2014,84,4,0.6,50,1,37.9,78,36.6787948758305,80.3846517513179,83.6374942697518
2014,84,4,0.6,50,1.5,32.7,73.2,34.8520536628016,77.7963089247359,80.6760248573667
2014,84,4,0.6,50,2,31.1,66,31.8153121136031,72.3387767291023,74.7628053147303
2014,84,4,0.6,50,2.5,27.2,61.6,27.6656234022722,64.3953870149372,66.2811058592999
2014,84,4,0.6,50,3,21.9,53.3,22.8342439761519,54.922785084023,56.2215802343979
2014,84,4,0.6,50,3.5,19.2,47,18.0195723653929,45.3331545672591,46.0707661936747
2014,84,4,0.6,50,4,14.7,40.1,13.8641659745111,36.9011616021237,37.1776627875101
2014,84,4,0.6,50,4.5,10.5,32,10.6527690384253,30.1927571172804,30.1412756574614
2014,84,4,0.6,50,5,8.5,24.7,8.3195601959339,25.0999120935892,24.8424564601388
2014,84,4,0.6,50,5.5,6.8,17.7,6.64996465096055,21.2443486587298,20.8707077584063
2014,84,4,0.6,50,6,5.3,17,5.43976406370144,18.2792140318701,17.8466064122638
2014,84,4,0.6,200,-2,74.4,144.5,73.4570471494249,148.807479733515,156.956465728259
2014,84,4,0.6,200,-1.5,74.2,153.2,74.289270308709,151.784879385283,159.833977729456
2014,84,4,0.6,200,-1,72.8,153.3,75.1686289764108,155.148694970501,163.074313409679
2014,84,4,0.6,200,-0.5,75.4,153.3,75.9149717397322,158.338897093166,166.128463761082
2014,84,4,0.6,200,0,76.6,164.5,76.2331520107147,160.330695486032,167.984227449882
2014,84,4,0.6,200,0.5,76.7,165,75.8521905645468,160.263281777528,167.776766356119
2014,84,4,0.6,200,1,75,155.8,74.6511062883684,158.10655936678,165.442725989316
2014,84,4,0.6,200,1.5,73.5,158.1,72.4183072827216,153.758330976028,160.819269579062
2014,84,4,0.6,200,2,67,145.5,68.6458947313692,146.324986456249,152.934749579915
2014,84,4,0.6,200,2.5,62.2,137.7,62.6437565570175,134.473472514929,140.369052241412
2014,84,4,0.6,200,3,54.1,116.8,54.0173735468369,117.43369425446,122.303804731505
2014,84,4,0.6,200,3.5,44.8,97.5,43.4229494288868,96.5037816442056,100.114859911091
2014,84,4,0.6,200,4,33,74.3,32.6829219967039,75.2815675262965,77.6169962735221
2014,84,4,0.6,200,4.5,24.1,57.5,23.671977009304,57.4608871140112,58.7282677158514
2014,84,4,0.6,200,5,16.6,43.5,17.1915375049979,44.5998545914152,45.1057358577657
2014,84,4,0.6,200,5.5,12.7,36.5,12.9685014628065,36.1127129878254,36.1380037998236
2014,84,4,0.6,200,6,11,29.9,10.2898340539797,30.5371229049275,30.2859121367772
2014,84,4,0.9,10,-2,8.2,22.8,9.39312361045902,29.2818376140696,32.6283266903034
2014,84,4,0.9,10,-1.5,10.3,29.5,9.40138055509154,29.5503915875525,32.8452581349595
2014,84,4,0.9,10,-1,9.7,21.5,9.41142568591898,29.952376924748,33.1700741382991
2014,84,4,0.9,10,-0.5,9.1,30.2,9.42186358152206,30.5529580465266,33.655960160821
2014,84,4,0.9,10,0,9,23.1,9.42769588264746,31.4355258245307,34.3703457970741
2014,84,4,0.9,10,0.5,8.8,30.7,9.41457801313447,32.6734690405546,35.3675544581709
2014,84,4,0.9,10,1,9.7,29.9,9.34682548723766,34.2363464364511,36.5983773976988
2014,84,4,0.9,10,1.5,9.2,30.8,9.15134826746648,35.812221298421,37.7391720708348
2014,84,4,0.9,10,2,7.9,37.8,8.72147389576037,36.7041829336167,38.0991255603224
2014,84,4,0.9,10,2.5,9.1,32.4,7.98181693336689,36.1669426774084,36.9707114705405
2014,84,4,0.9,10,3,6.9,31.9,6.98239386373833,34.0716160112501,34.2972973934253
2014,84,4,0.9,10,3.5,6.1,27.6,5.89274870732285,31.0146437555022,30.7536051661205
2014,84,4,0.9,10,4,4,21.5,4.88674441782805,27.7530839817378,27.1414056125868
2014,84,4,0.9,10,4.5,3.9,19.1,4.05700386174291,24.7742094912215,23.9480611949478
2014,84,4,0.9,10,5,3.1,14.9,3.41593530954994,22.2620245759965,21.3303781506042
2014,84,4,0.9,10,5.5,2.9,15.6,2.93491650050994,20.2209879096101,19.2597559751803
2014,84,4,0.9,10,6,3,14.5,2.57581518120982,18.5835412431205,17.6414018233102
2014,84,4,0.9,50,-2,37.5,111.2,37.0748950388075,115.970658352246,129.088245611451
2014,84,4,0.9,50,-1.5,36.8,120.2,37.2257571331986,117.512613951805,130.444260711636
2014,84,4,0.9,50,-1,37.3,119,37.4048139790739,119.630187689303,132.289450351306
2014,84,4,0.9,50,-0.5,36.8,111.9,37.5843244920367,122.400547299404,134.669895905142
2014,84,4,0.9,50,0,41.2,134.5,37.6797744052796,125.638707073677,137.3683338947
2014,84,4,0.9,50,0.5,39.9,130.7,37.4931811081654,128.491171505063,139.502027407191
2014,84,4,0.9,50,1,36,129,36.6787948758305,129.163914564204,139.249959900233
2014,84,4,0.9,50,1.5,35.4,119.3,34.8520536628016,125.725562884757,134.654659601489
2014,84,4,0.9,50,2,31,103.3,31.8153121136031,117.566232998854,125.082386047125
2014,84,4,0.9,50,2.5,27.2,90.7,27.6656234022722,105.388766859235,111.235790085064
2014,84,4,0.9,50,3,23.1,82.4,22.8342439761519,90.7361861218328,94.763342891538
2014,84,4,0.9,50,3.5,17.3,71.8,18.0195723653929,75.8173161839015,78.1044186987786
2014,84,4,0.9,50,4,13.2,53,13.8641659745111,62.6123075325189,63.4696510637439
2014,84,4,0.9,50,4.5,10,45.5,10.6527690384253,52.0009604565839,51.8413325819612
2014,84,4,0.9,50,5,8,42.8,8.3195601959339,43.8281387850448,43.0298495422422
2014,84,4,0.9,50,5.5,6.8,31.5,6.64996465096055,37.5328588036121,36.374315456155
2014,84,4,0.9,50,6,5.8,28.8,5.43976406370144,32.6090761863735,31.2676955202844
2014,84,4,0.9,200,-2,74.3,244.8,73.4570471494249,232.904642375931,258.172094372107
2014,84,4,0.9,200,-1.5,75.2,234.4,74.289270308709,238.276232083392,263.233963776033
2014,84,4,0.9,200,-1,74.7,251.2,75.1686289764108,244.412902054514,268.987761255535
2014,84,4,0.9,200,-0.5,76.1,242.8,75.9149717397322,250.330648412422,274.483653704068
2014,84,4,0.9,200,0,76.3,238.1,76.2331520107147,254.190339670273,277.921543972565
2014,84,4,0.9,200,0.5,75.6,242.9,75.8521905645468,254.472870536554,277.76983178253
2014,84,4,0.9,200,1,75.2,247.4,74.6511062883684,251.249578859058,273.996732687823
2014,84,4,0.9,200,1.5,71.5,234.5,72.4183072827216,244.540360584683,266.43411857067
2014,84,4,0.9,200,2,66.8,222.2,68.6458947313692,233.021120594724,253.515924799937
2014,84,4,0.9,200,2.5,61.5,202.4,62.6437565570175,214.64123132281,232.921576610512
2014,84,4,0.9,200,3,54.8,184.4,54.0173735468369,188.211425102665,203.312111589815
2014,84,4,0.9,200,3.5,42.3,140,43.4229494288868,155.746273384709,166.943095519613
2014,84,4,0.9,200,4,32.5,115.2,32.6829219967039,122.825093138452,130.066525851563
2014,84,4,0.9,200,4.5,23.9,84,23.671977009304,95.1720371517277,99.1017872505182
2014,84,4,0.9,200,5,17.5,70.9,17.1915375049979,75.1897479831885,76.7583272667359
2014,84,4,0.9,200,5.5,12.8,56.6,12.9685014628065,61.9435205107662,62.0219393936212
2014,84,4,0.9,200,6,11.4,53.6,10.2898340539797,53.1347309765983,52.3558051041944
2015,106,3,0.6,10,-2,8.7,15.2,9.52738707700554,19.7816870041074,20.2521296316651
2015,106,3,0.6,10,-1.5,10.8,27.3,9.53123760466884,19.857676971171,20.2692750598335
2015,106,3,0.6,10,-1,9.7,17.4,9.53579883303922,19.9659847817081,20.2929733802877
2015,106,3,0.6,10,-0.5,7.2,15.5,9.54035957886468,20.1186449113265,20.324490757624
2015,106,3,0.6,10,0,9.4,23.1,9.54279181780184,20.3293395666078,20.3633174182542
2015,106,3,0.6,10,0.5,10.6,25,9.53779443337262,20.6091245487328,20.4034524330452
2015,106,3,0.6,10,1,9.5,22.6,9.51351530943465,20.9552711735444,20.4253662425097
2015,106,3,0.6,10,1.5,10.7,28.8,9.44614409071924,21.3293255077561,20.3818545520584
2015,106,3,0.6,10,2,10.5,19.9,9.29439899858462,21.6279333500168,20.1816115343911
2015,106,3,0.6,10,2.5,9.5,23,9.00160146202584,21.6726231420794,19.6896935045198
2015,106,3,0.6,10,3,7.7,18.8,8.51684509097162,21.2648748938073,18.7757897585084
2015,106,3,0.6,10,3.5,8.6,20.4,7.8324606183122,20.3077030253108,17.4061853110889
2015,106,3,0.6,10,4,6.2,14.5,7.0055095343173,18.8886354187363,15.6992371882151
2015,106,3,0.6,10,4.5,5.9,15.5,6.13496579619207,17.2272405775455,13.8733769139259
2015,106,3,0.6,10,5,4.9,12.8,5.31391632919219,15.5474449799717,12.1360874631421
2015,106,3,0.6,10,5.5,4,9.1,4.59741219221572,13.9936665721828,10.6110254234524
2015,106,3,0.6,10,6,4.2,9.5,4.00018069051749,12.622716255882,9.33342475069649
2015,106,3,0.6,50,-2,38.9,89.6,39.5717662423473,82.2584525837343,84.1278044012627
2015,106,3,0.6,50,-1.5,38.8,80.8,39.6470461245602,82.7202455817597,84.3289376624085
2015,106,3,0.6,50,-1,40.7,83.8,39.7342779622712,83.3265414777016,84.5760228531792
2015,106,3,0.6,50,-0.5,39.7,84.4,39.8188300651116,84.0793095643645,84.8455925723717
2015,106,3,0.6,50,0,42.8,95.4,39.8621645051544,84.9197481782576,85.0616805118681
2015,106,3,0.6,50,0.5,40.2,80.1,39.7812959303335,85.659482047639,85.045477318654
2015,106,3,0.6,50,1,40.3,89.4,39.4269255290079,85.9036099561035,84.4601627042285
2015,106,3,0.6,50,1.5,38.2,85,38.5860348460567,85.0602570206794,82.8174852796721
2015,106,3,0.6,50,2,38.6,89.6,37.0400341261857,82.5466954858724,79.6254723256896
2015,106,3,0.6,50,2.5,34.9,79.1,34.6523027188443,78.0650440851305,74.5991927819234
2015,106,3,0.6,50,3,31.7,73.9,31.4177279241973,71.6686665327829,67.7505672201167
2015,106,3,0.6,50,3.5,26.6,59,27.4904641911173,63.7329328812909,59.4206624800443
2015,106,3,0.6,50,4,23,54.6,23.2006519713945,54.9755163484913,50.3152187831908
2015,106,3,0.6,50,4.5,20.5,42.4,18.9882410220559,46.3280648227098,41.3706130113096
2015,106,3,0.6,50,5,14.1,31,15.2545374439613,38.6310644671228,33.4401765243635
2015,106,3,0.6,50,5.5,11.4,25,12.2310297604988,32.3654104098807,27.0158584028995
2015,106,3,0.6,50,6,10.2,24.9,9.94965009299983,27.5943481048235,22.1652976333801
2015,106,3,0.6,200,-2,89.1,179.9,88.2418674203629,184.287772964833,187.700653078083
2015,106,3,0.6,200,-1.5,88.2,203.5,88.7513052623346,186.174080642898,188.904283169739
2015,106,3,0.6,200,-1,89.5,184.3,89.2860541331446,188.265719945679,190.196281038523
2015,106,3,0.6,200,-0.5,89.8,207.7,89.7385491396689,190.249306151869,191.333930224502
2015,106,3,0.6,200,0,91.2,206.6,89.9349413833018,191.591517156796,191.911737502633
2015,106,3,0.6,200,0.5,90.1,191.9,89.6764180078417,191.701983135521,191.466491596371
2015,106,3,0.6,200,1,88.2,181.7,88.8151581270749,190.244973108762,189.679127208772
2015,106,3,0.6,200,1.5,89.2,190.8,87.2423328136941,187.122115083752,186.349502530786
2015,106,3,0.6,200,2,83.9,180.5,84.7732953844007,182.071049053418,181.108106193993
2015,106,3,0.6,200,2.5,80.2,178.5,81.0934741416303,174.498168454867,173.293052631812
2015,106,3,0.6,200,3,76.5,168.4,75.808004820324,163.610114884662,162.067211634817
2015,106,3,0.6,200,3.5,66.8,153.1,68.6038258643466,148.767533182349,146.766068523326
2015,106,3,0.6,200,4,59,125.7,59.5262716826622,130.064975181801,127.485992772141
2015,106,3,0.6,200,4.5,48.1,116,49.2138400395966,108.818139761359,105.583122078605
2015,106,3,0.6,200,5,38.3,82.2,38.8078722822689,87.3785788327456,83.4815864868071
2015,106,3,0.6,200,5.5,28.5,65.6,29.4846661596107,68.169834669885,63.6797587428658
2015,106,3,0.6,200,6,22.2,49.9,21.9756493037345,52.6988551921613,47.7311375027553
2015,106,3,0.9,10,-2,9.6,31.9,9.52738707700554,34.0412343397967,35.7119838746938
2015,106,3,0.9,10,-1.5,10.6,44.4,9.53123760466884,34.2175408334111,35.6793074228198
2015,106,3,0.9,10,-1,11.7,47.1,9.53579883303922,34.4701178100386,35.631398733559
2015,106,3,0.9,10,-0.5,9.2,32.8,9.54035957886468,34.8287237563969,35.5597732655528
2015,106,3,0.9,10,0,9.6,36.1,9.54279181780184,35.3290264595425,35.4496968165842
2015,106,3,0.9,10,0.5,10.2,46.9,9.53779443337262,36.0048275193244,35.27439500429
2015,106,3,0.9,10,1,8.3,32.8,9.51351530943465,36.8660852230204,34.9841587877774
2015,106,3,0.9,10,1.5,9.4,28.1,9.44614409071924,37.8539823950557,34.4890945940108
2015,106,3,0.9,10,2,9.6,43.9,9.29439899858462,38.7788474202961,33.6423199051069
2015,106,3,0.9,10,2.5,11,34.8,9.00160146202584,39.2928443880688,32.2505855118152
2015,106,3,0.9,10,3,9.9,42.4,8.51684509097162,38.9921830184578,30.1523424331994
2015,106,3,0.9,10,3.5,7.9,30.7,7.8324606183122,37.6556751824966,27.3511043643741
2015,106,3,0.9,10,4,6.9,26.6,7.0055095343173,35.4132150828222,24.0862534128973
2015,106,3,0.9,10,4.5,7.7,22.8,6.13496579619207,32.6520690328886,20.7410179761609
2015,106,3,0.9,10,5,6.3,21,5.31391632919219,29.7781079451972,17.6628708243609
2015,106,3,0.9,10,5.5,4.8,18.3,4.59741219221572,27.0600226434732,15.0467700279413
2015,106,3,0.9,10,6,3.7,9.7,4.00018069051749,24.6131451415261,12.9314183367933
2015,106,3,0.9,50,-2,39,145.7,39.5717662423473,141.618216664748,148.257110542008
2015,106,3,0.9,50,-1.5,38.5,147.4,39.6470461245602,142.617491705426,148.330667740282
2015,106,3,0.9,50,-1,40.3,156.8,39.7342779622712,143.945593922738,148.38305410312
2015,106,3,0.9,50,-0.5,38.6,156.9,39.8188300651116,145.627577803704,148.348987183364
2015,106,3,0.9,50,0,36.2,152.5,39.8621645051544,147.576463096482,148.080527495573
2015,106,3,0.9,50,0.5,40.4,170.1,39.7812959303335,149.457320151266,147.276718191996
2015,106,3,0.9,50,1,38.8,145.6,39.4269255290079,150.533715015003,145.407396345204
2015,106,3,0.9,50,1.5,37.6,142.7,38.5860348460567,149.686938091015,141.721865149769
2015,106,3,0.9,50,2,37,142.8,37.0400341261857,145.827894237686,135.45334067832
2015,106,3,0.9,50,2.5,31.9,112.9,34.6523027188443,138.434454467644,126.125685844959
2015,106,3,0.9,50,3,32.4,128,31.4177279241973,127.641299328327,113.726398295014
2015,106,3,0.9,50,3.5,29.2,103.5,27.4904641911173,114.131419518479,98.8166428694408
2015,106,3,0.9,50,4,22.8,85.3,23.2006519713945,99.1613882160386,82.6106134060897
2015,106,3,0.9,50,4.5,19.9,82.2,18.9882410220559,84.3466047919234,66.7405040200379
2015,106,3,0.9,50,5,15.8,49,15.2545374439613,71.1382756858805,52.7031401177196
2015,106,3,0.9,50,5.5,12.4,52.3,12.2310297604988,60.3641188527484,41.3654971207596
2015,106,3,0.9,50,6,10.9,34.1,9.94965009299983,52.1309238157167,32.8499679270319
2015,106,3,0.9,200,-2,87.8,349.4,88.2418674203629,317.848439831107,329.969084364264
2015,106,3,0.9,200,-1.5,88.8,338.3,88.7513052623346,321.649411673711,331.345566602478
2015,106,3,0.9,200,-1,88.8,327.9,89.2860541331446,325.906050339587,332.762325385721
2015,106,3,0.9,200,-0.5,87.8,312.4,89.7385491396689,330.018759703098,333.870738794145
2015,106,3,0.9,200,0,91.6,347.9,89.9349413833018,332.954337098801,334.091580967729
2015,106,3,0.9,200,0.5,88.6,314,89.6764180078417,333.577916717637,332.741582260552
2015,106,3,0.9,200,1,88.5,330.9,88.8151581270749,331.292461310166,329.282892621335
2015,106,3,0.9,200,1.5,88.3,312.8,87.2423328136941,326.014140213034,323.27025182387
2015,106,3,0.9,200,2,83.3,316.3,84.7732953844007,317.372525893654,313.95269052952
2015,106,3,0.9,200,2.5,82.7,324.2,81.0934741416303,304.385988140636,300.106089630332
2015,106,3,0.9,200,3,75,285,75.808004820324,285.707025793887,280.227494951939
2015,106,3,0.9,200,3.5,67.8,252.7,68.6038258643466,260.242542420593,253.134457497387
2015,106,3,0.9,200,4,59.9,209.6,59.5262716826622,228.155531211441,218.996425703047
2015,106,3,0.9,200,4.5,48.3,177.4,49.2138400395966,191.703401489148,180.214424997148
2015,106,3,0.9,200,5,41.1,142.3,38.8078722822689,154.920614282078,141.080673409212
2015,106,3,0.9,200,5.5,30.5,135.3,29.4846661596107,121.965120109452,106.018877513058
2015,106,3,0.9,200,6,23.2,87.6,21.9756493037345,95.4222991897635,77.7797397512965
2016,88,11,0.6,10,-2,9.8,18.7,9.40676166065489,21.1188171050245,19.9175534291117
2016,88,11,0.6,10,-1.5,7.1,14.6,9.41535679173058,21.3400832728679,20.1018490893338
2016,88,11,0.6,10,-1,9.8,19.1,9.42694724961576,21.7662355829124,20.4178903596809
2016,88,11,0.6,10,-0.5,8.8,20.1,9.44158870777265,22.6859789181523,21.0236851069934
2016,88,11,0.6,10,0,9.3,24.6,9.45274243581149,24.8107397660098,22.2932950465566
2016,88,11,0.6,10,0.5,9.4,21.7,9.40044492438499,29.3631460707456,24.8116844494659
2016,88,11,0.6,10,1,8.4,25.7,8.96864383784986,35.9905717582721,28.0566107283148
2016,88,11,0.6,10,1.5,7.6,23.3,7.53149746974323,39.1115810694078,28.3974244343017
2016,88,11,0.6,10,2,6.3,28.3,5.3692045064315,36.2497651946392,24.7414631244471
2016,88,11,0.6,10,2.5,3.8,21.4,3.66079009918303,32.2816203660202,20.8764310149916
2016,88,11,0.6,10,3,2.6,15.8,2.74259148890579,29.7391353941513,18.5552513524264
2016,88,11,0.6,10,3.5,2.8,17.2,2.32284525655939,28.4276087105797,17.4084508946798
2016,88,11,0.6,10,4,2.4,20.1,2.13714164571102,27.7818576477901,16.8659922801728
2016,88,11,0.6,10,4.5,1.9,13.4,2.05286837746609,27.456294979928,16.6033082513594
2016,88,11,0.6,10,5,1.9,14.1,2.01262864606657,27.281209671039,16.4679466784481
2016,88,11,0.6,10,5.5,2.1,18.7,1.99203042721838,27.1767202386361,16.3908458717527
2016,88,11,0.6,10,6,1.9,13.3,1.98042741487331,27.1048759139185,16.3403124567586
2016,88,11,0.6,50,-2,36,71.2,37.3202962639997,84.0409615768978,79.2679805646112
2016,88,11,0.6,50,-1.5,40.7,83.1,37.4798380969081,85.3251394834489,80.3475762557448
2016,88,11,0.6,50,-1,36.7,80.7,37.6913246613459,87.6021220437446,82.0687498398857
2016,88,11,0.6,50,-0.5,37.1,80.9,37.9527201754729,92.0048652910523,85.0335020970687
2016,88,11,0.6,50,0,38.7,94.8,38.143195016127,100.114955190572,89.9566984171051
2016,88,11,0.6,50,0.5,38.9,92.6,37.4712852399278,109.025993131182,94.5073732940288
2016,88,11,0.6,50,1,35,84.6,33.9331783475687,106.490556078329,90.1979464231337
2016,88,11,0.6,50,1.5,27.3,73.5,26.3832772991202,90.3288959588375,74.6389542301242
2016,88,11,0.6,50,2,16.6,46.8,16.8729795309589,68.2878365025038,53.7233253863139
2016,88,11,0.6,50,2.5,9,35.6,9.51498951953207,50.0459031082583,36.570770310848
2016,88,11,0.6,50,3,5.3,28.1,5.49808442795715,39.0733174941817,26.4892300566259
2016,88,11,0.6,50,3.5,3.9,18.7,3.61537461980001,33.3108512785793,21.3859775621434
2016,88,11,0.6,50,4,3.1,18.7,2.76077325692642,30.4033070170198,18.9131380641727
2016,88,11,0.6,50,4.5,2.3,14.9,2.36726886298381,28.9457542261511,17.7181189492793
2016,88,11,0.6,50,5,2.3,15.5,2.18125874651953,28.2118418645299,17.1345077962296
2016,88,11,0.6,50,5.5,2,15.1,2.09103741699316,27.8394558153391,16.8456105087965
2016,88,11,0.6,50,6,2,16.4,2.04632973552771,27.6490091622194,16.7007607240903
2016,88,11,0.6,200,-2,74,159.3,74.78515889029,170.514706907421,160.824889647725
2016,88,11,0.6,200,-1.5,76.6,160.6,75.7241324331852,175.408386415387,164.842656954031
2016,88,11,0.6,200,-1,77.2,163.5,76.8774773802733,183.144419338162,170.575455844301
2016,88,11,0.6,200,-0.5,77.8,167.4,78.1697925841131,195.240799879394,178.706303205768
2016,88,11,0.6,200,0,78.4,175.6,78.9332892953648,207.177262353318,186.155829295661
2016,88,11,0.6,200,0.5,78.6,182.4,77.7757774433663,207.805705969199,185.677308477583
2016,88,11,0.6,200,1,71.5,164.7,73.4909030750297,198.636470527569,177.009093617699
2016,88,11,0.6,200,1.5,62.8,154.1,62.7812341334429,174.937208710697,154.657207319597
2016,88,11,0.6,200,2,44.2,111.4,43.7302561045475,132.425493228204,114.465804576874
2016,88,11,0.6,200,2.5,24.7,73.9,24.5628045721481,88.8196227934339,73.0035017385726
2016,88,11,0.6,200,3,12.3,41.1,12.9170919318289,60.8386556847619,46.2627111624493
2016,88,11,0.6,200,3.5,7.5,31.3,7.30213892233318,45.7489896107938,32.0955472435331
2016,88,11,0.6,200,4,4.8,26.1,4.64928180999764,37.493632358177,24.7174753459871
2016,88,11,0.6,200,4.5,3,19.8,3.3454221914594,32.8832954301994,20.8212113898033
2016,88,11,0.6,200,5,2.6,19.1,2.68805693649618,30.343366729794,18.7692642062734
2016,88,11,0.6,200,5.5,2.2,17.3,2.35339489923684,28.9742424888548,17.6989153708468
2016,88,11,0.6,200,6,2.5,16.5,2.1822386452353,28.2478163429782,17.144417971599
2016,88,11,0.9,10,-2,9.7,32,9.40676166065489,41.9748272699451,37.1252476802902
2016,88,11,0.9,10,-1.5,9.2,42.2,9.41535679173058,42.574803163479,37.5759712300014
2016,88,11,0.9,10,-1,10.5,30.1,9.42694724961576,43.7391782597534,38.2958208974133
2016,88,11,0.9,10,-0.5,9.4,37.8,9.44158870777265,46.2706637898963,39.5598755589277
2016,88,11,0.9,10,0,9.3,31.6,9.45274243581149,52.1591885462295,41.9961004796009
2016,88,11,0.9,10,0.5,9.1,38,9.40044492438499,64.9113297354599,46.5367831440278
2016,88,11,0.9,10,1,9.6,48.3,8.96864383784986,84.1093333250134,52.0794166235369
2016,88,11,0.9,10,1.5,9.1,42.8,7.53149746974323,95.347187850135,52.093440667202
2016,88,11,0.9,10,2,6,39.9,5.3692045064315,91.2397104412967,44.7799464858311
2016,88,11,0.9,10,2.5,3.8,31.5,3.66079009918303,83.2475955365504,37.2041043347831
2016,88,11,0.9,10,3,2.9,25.5,2.74259148890579,77.8126948799205,32.662627605472
2016,88,11,0.9,10,3.5,2.2,20.8,2.32284525655939,74.9131478660161,30.4280910789919
2016,88,11,0.9,10,4,2.1,24.6,2.13714164571102,73.4481764383982,29.3801179832145
2016,88,11,0.9,10,4.5,2.1,26,2.05286837746609,72.692942463479,28.8787291637516
2016,88,11,0.9,10,5,2.1,23.1,2.01262864606657,72.2777335701204,28.6238875761595
2016,88,11,0.9,10,5.5,2.1,24.9,1.99203042721838,72.0238565250171,28.4805801943899
2016,88,11,0.9,10,6,2.1,21.6,1.98042741487331,71.8447386795111,28.3874958774952
2016,88,11,0.9,50,-2,38.4,122.7,37.3202962639997,167.237858595181,147.96902381467
2016,88,11,0.9,50,-1.5,36.7,120.7,37.4798380969081,170.524709857843,150.429963367697
2016,88,11,0.9,50,-1,38.3,122.6,37.6913246613459,176.47978339797,154.141199921361
2016,88,11,0.9,50,-0.5,38.5,125,37.9527201754729,188.257149385918,160.113302755474
2016,88,11,0.9,50,0,37.4,143.9,38.143195016127,210.4699365408,169.460393254941
2016,88,11,0.9,50,0.5,39.2,154,37.4712852399278,236.445618338417,177.833005767148
2016,88,11,0.9,50,1,33.2,139,33.9331783475687,235.695665692133,169.921340845419
2016,88,11,0.9,50,1.5,26.3,121.5,26.3832772991202,204.198786611577,140.857471381497
2016,88,11,0.9,50,2,16.5,82,16.8729795309589,159.843822103816,101.045943454317
2016,88,11,0.9,50,2.5,9.1,58,9.51498951953207,122.22052265434,67.8205351307426
2016,88,11,0.9,50,3,5.6,35.6,5.49808442795715,98.861747069572,48.0589676171534
2016,88,11,0.9,50,3.5,3.9,29.3,3.61537461980001,86.1904816721828,38.0489908870788
2016,88,11,0.9,50,4,2.6,25.4,2.76077325692642,79.6272001093136,33.2406407279448
2016,88,11,0.9,50,4.5,2.9,30.4,2.36726886298381,76.2748642645509,30.9481704082423
2016,88,11,0.9,50,5,2.2,24.2,2.18125874651953,74.5652858596244,29.8453677578856
2016,88,11,0.9,50,5.5,2.1,23.2,2.09103741699316,73.6904405888692,29.307572048441
2016,88,11,0.9,50,6,2,22.8,2.04632973552771,73.2404721559311,29.0416811389017
2016,88,11,0.9,200,-2,73.9,245.3,74.78515889029,340.98319862621,301.864776124676
2016,88,11,0.9,200,-1.5,76.6,277.5,75.7241324331852,352.919142252421,310.264605223601
2016,88,11,0.9,200,-1,77.8,276.3,76.8774773802733,372.377166074705,321.635442966642
2016,88,11,0.9,200,-0.5,77.2,276.6,78.1697925841131,403.712671427921,336.961832955511
2016,88,11,0.9,200,0,78.3,282,78.9332892953648,435.54517082085,350.680278336492
2016,88,11,0.9,200,0.5,78.2,301.2,77.7757774433663,439.353919172235,350.020139271194
2016,88,11,0.9,200,1,73.9,279.3,73.4909030750297,421.486954738657,334.175827512428
2016,88,11,0.9,200,1.5,64.1,244,62.7812341334429,374.656733344972,292.785048721099
2016,88,11,0.9,200,2,45.4,181,43.7302561045475,290.367775504562,217.863344323909
2016,88,11,0.9,200,2.5,23.8,120.2,24.5628045721481,203.243675885911,139.392966509487
2016,88,11,0.9,200,3,14.1,74.1,12.9170919318289,146.174028753759,87.3299927001153
2016,88,11,0.9,200,3.5,7.9,48.4,7.30213892233318,114.212455530705,59.0926206763973
2016,88,11,0.9,200,4,4.9,39.8,4.64928180999764,95.9805574027767,44.4023805853862
2016,88,11,0.9,200,4.5,3.2,29.3,3.3454221914594,85.4822766631174,36.7868588760488
2016,88,11,0.9,200,5,2.6,28.4,2.68805693649618,79.590010489521,32.8646058243182
2016,88,11,0.9,200,5.5,2.3,25.4,2.35339489923684,76.3787882208149,30.8595592999693
2016,88,11,0.9,200,6,2.1,23.4,2.1822386452353,74.6635762410403,29.8384348525537
2017,94,5,0.6,10,-2,10.4,22.2,9.44235351710089,19.7188155544131,20.229973240838
2017,94,5,0.6,10,-1.5,9.8,25.9,9.45159696350476,19.9217119941934,20.3750789894828
2017,94,5,0.6,10,-1,9.2,23.9,9.46388927385061,20.2521720706645,20.6088283115792
2017,94,5,0.6,10,-0.5,9.3,17.6,9.47792641618861,20.7880812697393,20.9849184195325
2017,94,5,0.6,10,0,9.9,24.9,9.48645616869627,21.6341922389344,21.5743762819339
2017,94,5,0.6,10,0.5,9.6,23.3,9.46515686538334,22.8807766918322,22.4308955336816
2017,94,5,0.6,10,1,11.6,27.3,9.35157073624944,24.4666832350577,23.4781565533947
2017,94,5,0.6,10,1.5,8.6,20.4,9.03158107215021,25.9716286454063,24.343061534312
2017,94,5,0.6,10,2,8.8,24.9,8.39508992801941,26.6706867275728,24.4236684370795
2017,94,5,0.6,10,2.5,8.8,27.2,7.4699628982045,26.1379799826212,23.4258186759117
2017,94,5,0.6,10,3,6.6,22.7,6.44800373880826,24.663281076546,21.6951804565866
2017,94,5,0.6,10,3.5,5.1,17.1,5.52442377723447,22.8345395188341,19.7977350113557
2017,94,5,0.6,10,4,4.8,17.3,4.77947110408932,21.0430097384312,18.0717665935159
2017,94,5,0.6,10,4.5,4.4,16.6,4.20176454161489,19.4275965588764,16.604738463599
2017,94,5,0.6,10,5,3.8,15,3.75015625699359,18.001994101287,15.3711138210619
2017,94,5,0.6,10,5.5,3.2,12.5,3.38735723623798,16.7452033561763,14.3230635698059
2017,94,5,0.6,10,6,3.5,15.1,3.08779310525593,15.6349003630719,13.4210587269884
2017,94,5,0.6,50,-2,36.6,86.3,37.9729071631087,79.5400555448928,81.523211655882
2017,94,5,0.6,50,-1.5,40.6,87.8,38.1483277632952,80.7457526067347,82.4695575194396
2017,94,5,0.6,50,-1,37.7,81.5,38.3770931596465,82.5617012028628,83.8685446033077
2017,94,5,0.6,50,-0.5,38.8,93.3,38.6302418655042,85.1606524407859,85.825981444123
2017,94,5,0.6,50,0,39.6,84.9,38.776980369064,88.4322483371586,88.1877437351112
2017,94,5,0.6,50,0.5,38.9,87.3,38.4589921499033,91.388895872504,90.0213168042799
2017,94,5,0.6,50,1,38.6,97.5,37.0325088128839,91.7706633802679,89.2731606386052
2017,94,5,0.6,50,1.5,32.4,91.5,33.9083835109547,87.4343897860652,84.0204407429328
2017,94,5,0.6,50,2,29.3,72.9,29.1433818053339,78.5602832567413,74.4743230225377
2017,94,5,0.6,50,2.5,23.7,58.8,23.5421420714935,67.2910676859618,62.7072132627707
2017,94,5,0.6,50,3,17.7,53.6,18.2251274140922,56.2083579699366,51.2720810718789
2017,94,5,0.6,50,3.5,14.4,39.1,13.9852038630807,47.0763561116099,41.9330897889198
2017,94,5,0.6,50,4,12.4,46,10.9855034720997,40.3229156044651,35.10652648748
2017,94,5,0.6,50,4.5,8.7,26.4,8.98200113391779,35.5204947506082,30.3409589496144
2017,94,5,0.6,50,5,7.5,24.3,7.64428220329641,32.0383303178802,26.9833728853702
2017,94,5,0.6,50,5.5,7.1,24,6.70941191578611,29.3578066794697,24.4995853879257
2017,94,5,0.6,50,6,6.6,23.2,6.005936139046,27.1334948024292,22.5319901537805
2017,94,5,0.6,200,-2,79,173.6,78.5285695875701,166.558879020332,170.020336770005
2017,94,5,0.6,200,-1.5,80.8,184.7,79.6387305587081,171.343544297776,174.055734317151
2017,94,5,0.6,200,-1,83.5,186.1,80.9566604441021,177.483312038324,179.174421206813
2017,94,5,0.6,200,-0.5,82.2,184.2,82.2133607118092,184.110959107798,184.621840495537
2017,94,5,0.6,200,0,80.9,196.7,82.803119555062,188.835385372774,188.313278091536
2017,94,5,0.6,200,0.5,81,172.4,82.0218457982622,189.033929536109,187.894662681094
2017,94,5,0.6,200,1,78.6,177.5,79.4684489736416,184.289870842583,182.82064250225
2017,94,5,0.6,200,1.5,75.7,174.3,74.616782314336,174.431099076606,172.621547243217
2017,94,5,0.6,200,2,66.6,149.1,66.6180822509188,158.013954120932,155.690957743843
2017,94,5,0.6,200,2.5,55.3,120.5,55.2996303238706,134.73709905401,131.696111945541
2017,94,5,0.6,200,3,40.5,101.8,42.3341478470677,108.034488029761,104.176590524549
2017,94,5,0.6,200,3.5,30.3,79.5,30.5638547893546,83.7110556046544,79.1231460294849
2017,94,5,0.6,200,4,20.1,48.3,21.8071088900487,65.4413476477034,60.3347898727081
2017,94,5,0.6,200,4.5,17.1,50.5,16.0805299220646,53.2095693416785,47.8038489996638
2017,94,5,0.6,200,5,12.3,38.6,12.5209187955542,45.2570373677761,39.7147500750594
2017,94,5,0.6,200,5.5,11.1,34.1,10.2890338676351,39.9428920965466,34.3621424922927
2017,94,5,0.6,200,6,8.3,29,8.84145941344738,36.2504108282754,30.6828497896737
2017,94,5,0.9,10,-2,8.9,27.5,9.44235351710089,33.3569456900712,35.1029226956194
2017,94,5,0.9,10,-1.5,10.1,36.2,9.45159696350476,33.8168434903623,35.3654230576312
2017,94,5,0.9,10,-1,9.2,32.4,9.46388927385061,34.569551358304,35.7877930321752
2017,94,5,0.9,10,-0.5,8.6,48.1,9.47792641618861,35.7980490180866,36.4703917148779
2017,94,5,0.9,10,0,10.4,44.3,9.48645616869627,37.7557333664165,37.5514181653318
2017,94,5,0.9,10,0.5,10.6,37.1,9.46515686538334,40.6849556377876,39.1482827514731
2017,94,5,0.9,10,1,8.5,40.9,9.35157073624944,44.5262981614197,41.1497572203527
2017,94,5,0.9,10,1.5,9.1,36.3,9.03158107215021,48.4531570614577,42.8904103719761
2017,94,5,0.9,10,2,8.3,41.7,8.39508992801941,50.9246533703875,43.249443996765
2017,94,5,0.9,10,2.5,8,39.6,7.4699628982045,50.9127366496104,41.6487239924346
2017,94,5,0.9,10,3,5.8,29.1,6.44800373880826,48.8371963683253,38.6989639397999
2017,94,5,0.9,10,3.5,5.4,29.2,5.52442377723447,45.8071939489363,35.4342875421343
2017,94,5,0.9,10,4,4,21.9,4.77947110408932,42.6267275156313,32.4777610681168
2017,94,5,0.9,10,4.5,4.6,27,4.20176454161489,39.6341499155796,29.992026838546
2017,94,5,0.9,10,5,3.9,24.2,3.75015625699359,36.9159372937058,27.9295587345745
2017,94,5,0.9,10,5.5,3.3,22.7,3.38735723623798,34.472709481763,26.1993322372485
2017,94,5,0.9,10,6,3.2,20.9,3.08779310525593,32.2864562182727,24.7245693618665
2017,94,5,0.9,50,-2,39.8,133.5,37.9729071631087,134.704778281245,141.478705505968
2017,94,5,0.9,50,-1.5,37.4,121.2,38.1483277632952,137.277779032698,143.16583240559
2017,94,5,0.9,50,-1,37.9,150.2,38.3770931596465,141.200115114042,145.663940245946
2017,94,5,0.9,50,-0.5,40.3,142,38.6302418655042,146.912235075666,149.184819782502
2017,94,5,0.9,50,0,36,148.2,38.776980369064,154.330901396065,153.495739518892
2017,94,5,0.9,50,0.5,39.4,161.4,38.4589921499033,161.633393678821,156.962111861485
2017,94,5,0.9,50,1,37.9,167.9,37.0325088128839,164.414932649714,155.884135844651
2017,94,5,0.9,50,1.5,32,134.6,33.9083835109547,158.469989058608,146.808858480463
2017,94,5,0.9,50,2,28.2,125.5,29.1433818053339,144.142594605557,130.186054766743
2017,94,5,0.9,50,2.5,22.7,115.5,23.5421420714935,125.351277382547,109.694065073662
2017,94,5,0.9,50,3,21.3,81.7,18.2251274140922,106.616780578074,89.7557880000135
2017,94,5,0.9,50,3.5,14.5,61.8,13.9852038630807,90.9923886007784,73.4243758890155
2017,94,5,0.9,50,4,10.4,68.5,10.9855034720997,79.2572728815035,61.439492395898
2017,94,5,0.9,50,4.5,8.8,49.6,8.98200113391779,70.7403426160145,53.0484431334884
2017,94,5,0.9,50,5,7.9,38.9,7.64428220329641,64.4122350249923,47.1458617011017
2017,94,5,0.9,50,5.5,6.2,32.2,6.70941191578611,59.4150145034634,42.8206388574116
2017,94,5,0.9,50,6,5.8,35,6.005936139046,55.1723659094096,39.454865183447
2017,94,5,0.9,200,-2,77.1,282.7,78.5285695875701,283.385935994531,295.209343520445
2017,94,5,0.9,200,-1.5,77.7,278.6,79.6387305587081,293.047120810653,302.311231542562
2017,94,5,0.9,200,-1,79.4,311.5,80.9566604441021,305.58606094369,311.362434459081
2017,94,5,0.9,200,-0.5,81.6,287.6,82.2133607118092,319.341615572034,321.086648815678
2017,94,5,0.9,200,0,81.1,296.6,82.803119555062,329.553254475015,327.769876602236
2017,94,5,0.9,200,0.5,80.8,284.4,82.0218457982622,331.052137632014,327.160708852083
2017,94,5,0.9,200,1,76.6,275.3,79.4684489736416,323.40080097231,318.382312614909
2017,94,5,0.9,200,1.5,71.9,255.3,74.616782314336,306.896984365048,300.716042602163
2017,94,5,0.9,200,2,63.9,206.1,66.6180822509188,279.307526743441,271.372796686383
2017,94,5,0.9,200,2.5,55.8,217.3,55.2996303238706,240.160398654137,229.773205608697
2017,94,5,0.9,200,3,41,144.7,42.3341478470677,195.226927034083,182.049388061767
2017,94,5,0.9,200,3.5,28.6,120,30.5638547893546,154.243933401826,138.572869785807
2017,94,5,0.9,200,4,22.2,102.9,21.8071088900487,123.349353767572,105.906727569373
2017,94,5,0.9,200,4.5,15.8,68.8,16.0805299220646,102.484375162799,84.0198901981002
2017,94,5,0.9,200,5,12.6,56,12.5209187955542,88.7018964645422,69.7709355727939
2017,94,5,0.9,200,5.5,10.3,51.7,10.2890338676351,79.2972122975899,60.2348745072686
2017,94,5,0.9,200,6,9.1,44.3,8.84145941344738,72.6254633434426,53.6081741417989
2018,89,14,0.6,10,-2,9.6,18.2,9.41287839557868,18.9522835462895,20.1536486410777
2018,89,14,0.6,10,-1.5,8.7,16.3,9.42107039742305,19.1357655383605,20.3220020971167
2018,89,14,0.6,10,-1,8.5,21.8,9.43240976666893,19.4962130439543,20.6491614131426
2018,89,14,0.6,10,-0.5,10.6,24.3,9.44717553942379,20.2870240116269,21.3575798762295
2018,89,14,0.6,10,0,8,16.9,9.45866535605873,22.1527449796483,23.00476619557
2018,89,14,0.6,10,0.5,11,36,9.40315375085196,26.2573704279005,26.5673625006682
2018,89,14,0.6,10,1,8.2,38.9,8.9306842020972,32.1015582010474,31.4676197991146
2018,89,14,0.6,10,1.5,6.7,35.6,7.3627365052954,33.88749189465,32.4388747627716
2018,89,14,0.6,10,2,4.8,26.2,5.10880078728032,30.3395483849473,28.5027181916273
2018,89,14,0.6,10,2.5,2.9,20.3,3.39443891873564,26.1699848920637,24.1946463028039
2018,89,14,0.6,10,3,2.2,17.8,2.44859474476544,23.1044207422341,21.1183531102853
2018,89,14,0.6,10,3.5,2.1,22.7,1.94697177379486,20.9412280226544,18.9835913595844
2018,89,14,0.6,10,4,1.6,15.6,1.65258755311036,19.3486089128387,17.4183523987053
2018,89,14,0.6,10,4.5,1.3,16.3,1.46046020051261,18.1479953049993,16.2346868881057
2018,89,14,0.6,10,5,1.3,16.4,1.32719361539113,17.2432613632867,15.3378631391762
2018,89,14,0.6,10,5.5,1.2,13,1.232499687505,16.5690811752314,14.6659127117294
2018,89,14,0.6,10,6,1.2,15.7,1.16484226249658,16.0733718980869,14.1694713483931
2018,89,14,0.6,50,-2,38.3,93.3,37.4299209337639,75.5630087983793,80.3220171520348
2018,89,14,0.6,50,-1.5,36,82,37.5827133185589,76.6413856392809,81.3446891648357
2018,89,14,0.6,50,-1,39,96.2,37.7910135590905,78.5908914093024,83.1616571242683
2018,89,14,0.6,50,-0.5,36.6,78.7,38.0564379942639,82.4157742678705,86.6513316328505
2018,89,14,0.6,50,0,39.2,96.3,38.2537046654625,89.5924035876749,93.0382351860729
2018,89,14,0.6,50,0.5,40.4,96.9,37.5422002010743,97.4429389701296,99.6573149594007
2018,89,14,0.6,50,1,33.4,95.5,33.7881903926788,94.5591074076304,95.777171973971
2018,89,14,0.6,50,1.5,24.9,79.3,25.7717378349885,79.2876131919707,79.3935673921452
2018,89,14,0.6,50,2,16.9,55.8,15.9261644003517,58.890817926821,57.7814985374282
2018,89,14,0.6,50,2.5,9.6,57,8.79201231871421,43.0989496189095,41.2053480057522
2018,89,14,0.6,50,3,5.9,40.8,5.20926767308011,34.2438602212465,32.0636470870489
2018,89,14,0.6,50,3.5,3.3,23.5,3.61354677894385,29.5185000720878,27.3242008477603
2018,89,14,0.6,50,4,3,24.2,2.84461005663292,26.612598494131,24.5034523790578
2018,89,14,0.6,50,4.5,2.3,24.9,2.39824140857473,24.4589044108258,22.4453994440265
2018,89,14,0.6,50,5,2.3,20.6,2.0863825548939,22.6488361699837,20.706854341767
2018,89,14,0.6,50,5.5,1.9,20.6,1.84261099055081,21.0591320081317,19.1591958371774
2018,89,14,0.6,50,6,1.7,21.1,1.64481405941115,19.6781722943855,17.7972924125717
2018,89,14,0.6,200,-2,76,160,75.3574581970309,153.807818372729,163.235642794537
2018,89,14,0.6,200,-1.5,75.9,167,76.2739522283615,158.027404572313,167.334236608325
2018,89,14,0.6,200,-1,78.5,176.7,77.4418055950435,164.826401306137,173.802510546638
2018,89,14,0.6,200,-0.5,78.9,182.4,78.7871912749966,175.571886920386,183.778193946546
2018,89,14,0.6,200,0,80.2,197.4,79.5930821650227,186.411632611204,193.581248206258
2018,89,14,0.6,200,0.5,77.9,187.7,78.3477319274745,186.80848689756,193.482505187963
2018,89,14,0.6,200,1,75,182.2,73.6742161805527,177.779006718192,183.821642350185
2018,89,14,0.6,200,1.5,62.1,163.2,61.8594891014935,154.262398953007,158.772818931484
2018,89,14,0.6,200,2,41.3,124.2,41.2303345076766,112.856180127095,114.7207988376
2018,89,14,0.6,200,2.5,20.9,73.6,21.7946602108175,72.9971152505024,72.4402041571367
2018,89,14,0.6,200,3,10.8,52.5,11.0094413563709,49.5855228406999,47.7866759993606
2018,89,14,0.6,200,3.5,6.3,34.3,6.31471565915543,38.2636411033413,36.0100444806114
2018,89,14,0.6,200,4,4.2,29.6,4.33912625136052,32.7620888298052,30.3907770249657
2018,89,14,0.6,200,4.5,3.5,30.1,3.42865605355594,29.6989188752109,27.3643124588968
2018,89,14,0.6,200,5,2.8,25.7,2.92293906946837,27.5937815926741,25.3728769673818
2018,89,14,0.6,200,5.5,2.5,23,2.58768763353489,25.9388274175115,23.8505367102092
2018,89,14,0.6,200,6,2.3,28.3,2.3364955936238,24.5282312496927,22.5521145561673
2018,89,14,0.9,10,-2,10.9,42.9,9.41287839557868,30.3974931668835,34.3431862303996
2018,89,14,0.9,10,-1.5,9.1,26.3,9.42107039742305,30.7912849896871,34.6872907766696
2018,89,14,0.9,10,-1,10.1,37,9.43240976666893,31.5705862642141,35.357262273559
2018,89,14,0.9,10,-0.5,9,43.9,9.44717553942379,33.2924825344358,36.8085534336107
2018,89,14,0.9,10,0,9.4,31.7,9.45866535605873,37.3828772507017,40.181205765668
2018,89,14,0.9,10,0.5,10,59.5,9.40315375085196,46.4787615746387,47.4968813590161
2018,89,14,0.9,10,1,9,58.8,8.9306842020972,59.9015631091728,57.8194929990505
2018,89,14,0.9,10,1.5,7.4,57.9,7.3627365052954,65.7114243904327,60.953671236342
2018,89,14,0.9,10,2,5.6,53.5,5.10880078728032,60.6109532133792,54.5781758469641
2018,89,14,0.9,10,2.5,3.4,37.6,3.39443891873564,53.4956822253813,47.0079960061376
2018,89,14,0.9,10,3,2.7,44.2,2.44859474476544,47.8869155301746,41.3639914723253
2018,89,14,0.9,10,3.5,1.7,32.2,1.94697177379486,43.7302008066942,37.3006537557022
2018,89,14,0.9,10,4,1.8,34,1.65258755311036,40.5799824327597,34.2403611372322
2018,89,14,0.9,10,4.5,1.4,29,1.46046020051261,38.1694048483019,31.8854468894311
2018,89,14,0.9,10,5,1.4,25,1.32719361539113,36.3390780135175,30.0810998279317
2018,89,14,0.9,10,5.5,1.2,26.9,1.232499687505,34.9696404571978,28.7189855665908
2018,89,14,0.9,10,6,1.2,23,1.16484226249658,33.9603621368289,27.7073028252666
2018,89,14,0.9,50,-2,35.9,147.1,37.4299209337639,121.314413335226,136.944621280917
2018,89,14,0.9,50,-1.5,38.4,156.6,37.5827133185589,123.503290040044,138.950544315119
2018,89,14,0.9,50,-1,40.2,159.1,37.7910135590905,127.541863415719,142.553818278347
2018,89,14,0.9,50,-0.5,39,143.2,38.0564379942639,135.637321551038,149.548337767197
2018,89,14,0.9,50,0,38.2,165.9,38.2537046654625,151.187666765013,162.504953986713
2018,89,14,0.9,50,0.5,34.8,159.9,37.5422002010743,169.310786158609,176.583552796151
2018,89,14,0.9,50,1,35.3,161.5,33.7881903926788,167.470979068729,171.471518897274
2018,89,14,0.9,50,1.5,25.2,126.4,25.7717378349885,143.495014158121,143.843003919511
2018,89,14,0.9,50,2,16.4,107.8,15.9261644003517,110.43904951126,106.795665964544
2018,89,14,0.9,50,2.5,10.1,80.9,8.79201231871421,84.2598063639503,78.0405722755691
2018,89,14,0.9,50,3,5.8,53.7,5.20926767308011,69.0790509603189,61.9184868005065
2018,89,14,0.9,50,3.5,3.8,47.7,3.61354677894385,60.5988049724033,53.3919772842434
2018,89,14,0.9,50,4,3.2,46.6,2.84461005663292,55.1290107472313,48.2018549373208
2018,89,14,0.9,50,4.5,2.4,43.2,2.39824140857473,50.9268977962658,44.3138601648905
2018,89,14,0.9,50,5,2.2,41.9,2.0863825548939,47.3193044245907,40.941173195116
2018,89,14,0.9,50,5.5,1.7,29.8,1.84261099055081,44.1147741315166,37.874735192996
2018,89,14,0.9,50,6,1.8,36.8,1.64481405941115,41.3142766323138,35.1368250522939
2018,89,14,0.9,200,-2,76.7,266.2,75.3574581970309,247.931173323751,278.895366961936
2018,89,14,0.9,200,-1.5,76.6,269.1,76.2739522283615,256.11375110033,286.680564442179
2018,89,14,0.9,200,-1,78.2,287.7,77.4418055950435,269.668894074127,299.149500861569
2018,89,14,0.9,200,-0.5,77,274.5,78.7871912749966,291.692453373561,318.644766913111
2018,89,14,0.9,200,0,78.6,305.1,79.5930821650227,314.570640632101,338.118105631883
2018,89,14,0.9,200,0.5,77.6,323.4,78.3477319274745,316.93778286818,338.857537144765
2018,89,14,0.9,200,1,75,326.2,73.6742161805527,302.68209358651,322.528171687117
2018,89,14,0.9,200,1.5,60,269.8,61.8594891014935,265.125776291018,279.939535155687
2018,89,14,0.9,200,2,43.2,202.4,41.2303345076766,198.791603187041,204.915647529645
2018,89,14,0.9,200,2.5,21.3,121.3,21.7946602108175,134.428915426698,132.599829291583
2018,89,14,0.9,200,3,12.3,80.1,11.0094413563709,95.8684232893053,89.9603962166093
2018,89,14,0.9,200,3.5,6.8,67.3,6.31471565915543,76.5953969187643,69.1938163327757
2018,89,14,0.9,200,4,4.3,57.6,4.33912625136052,66.8634567462689,59.0752593195419
2018,89,14,0.9,200,4.5,3.4,52.4,3.42865605355594,61.217515688298,53.5498712870636
2018,89,14,0.9,200,5,3.2,51.8,2.92293906946837,57.1934222132128,49.8992133063927
2018,89,14,0.9,200,5.5,2.3,42.1,2.58768763353489,53.9551120269861,47.0964524952971
2018,89,14,0.9,200,6,2.3,40,2.3364955936238,51.1534832875091,44.663241508247
2019,94,10,0.6,10,-2,8.7,17.3,9.4388704555271,20.228551986397,20.9427541625343
2019,94,10,0.6,10,-1.5,8.1,28.2,9.44843719545562,20.4537423931212,21.1762639820392
2019,94,10,0.6,10,-1,9.7,22.2,9.46106078418022,20.8541230149672,21.5971621074349
2019,94,10,0.6,10,-0.5,8.5,22.5,9.47614586526886,21.6143238069903,22.4419628164409
2019,94,10,0.6,10,0,10.6,40.6,9.48645616869627,23.1182987489731,24.267820708705
2019,94,10,0.6,10,0.5,8.6,29.6,9.44935221624154,25.9541526861155,28.0570348116248
2019,94,10,0.6,10,1,8.8,27.1,9.17954626300355,30.0329758719399,33.9841460044627
2019,94,10,0.6,10,1.5,7.6,34.7,8.25197506233869,32.6070140508613,38.236979429059
2019,94,10,0.6,10,2,7.2,43.8,6.5473055039549,31.0050674366972,36.9923175777718
2019,94,10,0.6,10,2.5,5.1,33,4.75195505493292,27.170971640864,33.0712444643194
2019,94,10,0.6,10,3,3.4,24.7,3.44445281250281,23.5224102019285,29.5747604163607
2019,94,10,0.6,10,3.5,2.8,24.5,2.63372215934506,20.6917926315426,27.1248274598684
2019,94,10,0.6,10,4,2.3,20.5,2.13387563246341,18.5520570295468,25.4564985453767
2019,94,10,0.6,10,4.5,1.9,31.5,1.80661054530934,16.9147600062793,24.2826662767351
2019,94,10,0.6,10,5,1.3,17.6,1.57973444059535,15.6576781840574,23.4316359555016
2019,94,10,0.6,10,5.5,1.3,22.5,1.4173608478989,14.700677336589,22.8068029615541
2019,94,10,0.6,10,6,1.3,15.9,1.29981598165348,13.9819818775096,22.3479629627134
2019,94,10,0.6,50,-2,39.9,80.8,37.9107697412697,81.5062859083392,84.3989525112603
2019,94,10,0.6,50,-1.5,36.8,77.4,38.0908988359193,82.8293582959392,85.7608807271479
2019,94,10,0.6,50,-1,36.9,88.2,38.3248472892421,84.9981416843877,88.0323731429087
2019,94,10,0.6,50,-0.5,38.5,92.9,38.5980246763227,88.66806857038,92.1138986106731
2019,94,10,0.6,50,0,40.8,99,38.776980369064,94.4987043436988,99.1975075293842
2019,94,10,0.6,50,0.5,37.2,109.8,38.2584821764104,100.669196662493,107.32071064005
2019,94,10,0.6,50,1,36.2,111.4,35.6285714559481,100.060598897411,107.138056410696
2019,94,10,0.6,50,1.5,29.1,108.1,29.8299497477737,89.3144458427706,95.5149192860162
2019,94,10,0.6,50,2,20.7,86.5,21.6701512493035,71.9130356507486,77.2185627827218
2019,94,10,0.6,50,2.5,14.9,60.3,13.9235778068364,54.3488409556294,58.8466377270416
2019,94,10,0.6,50,3,9.7,43.6,8.67979156294386,41.5654322980491,45.5614818455728
2019,94,10,0.6,50,3.5,5.9,31.3,5.78277024270445,33.7407976559943,37.62242806889
2019,94,10,0.6,50,4,3.8,28.9,4.27250134385647,29.0461294136406,33.1221979977101
2019,94,10,0.6,50,4.5,3.7,28.1,3.43343368476989,25.9107376615211,30.4003021044089
2019,94,10,0.6,50,5,2.9,28,2.89214286068077,23.4489161696299,28.502515361991
2019,94,10,0.6,50,5.5,2.6,21,2.48604462181,21.2990311747971,26.9959923278821
2019,94,10,0.6,50,6,2.2,24.5,2.15596806221253,19.384124312152,25.7302954957783
2019,94,10,0.6,200,-2,77,176.1,78.2126504862608,170.349986223121,176.471455663087
2019,94,10,0.6,200,-1.5,79.2,187.2,79.3176457398846,175.516912149723,181.711566063893
2019,94,10,0.6,200,-1,80.7,181.4,80.6525357074752,182.959703406093,189.529887756333
2019,94,10,0.6,200,-0.5,81.4,189.2,82.0507714642011,192.928189024716,200.891229902023
2019,94,10,0.6,200,0,82.6,207.6,82.803119555062,201.789500860988,211.823174402531
2019,94,10,0.6,200,0.5,81.9,207.9,81.6906285785096,202.350564112064,212.799417692061
2019,94,10,0.6,200,1,79,214,77.8042810504349,194.621916289234,204.770697758653
2019,94,10,0.6,200,1.5,68.3,195.6,69.1531607710075,176.453176301207,185.988842204875
2019,94,10,0.6,200,2,55.3,148.7,53.6664039113564,143.642995249774,152.012851078383
2019,94,10,0.6,200,2.5,36.4,119.6,34.8808058546963,103.375632189597,110.170876356434
2019,94,10,0.6,200,3,19.7,85.3,20.2644378986695,71.041936056085,76.3000878186063
2019,94,10,0.6,200,3.5,11.4,48.2,11.8701612352915,51.2053386580033,55.3293711524543
2019,94,10,0.6,200,4,7.8,43.7,7.59247868518574,40.0202787210468,43.5850014466689
2019,94,10,0.6,200,4.5,5.8,42.9,5.42191589822849,33.630546146154,37.091368674683
2019,94,10,0.6,200,5,4,32.8,4.2833738618597,29.8881229156235,33.4650969961052
2019,94,10,0.6,200,5.5,3.3,29.2,3.65710766880019,27.5997010762174,31.3794911171496
2019,94,10,0.6,200,6,3.2,28,3.26809884235227,25.9564919439981,30.0241735364058
2019,94,10,0.9,10,-2,9,29.6,9.4388704555271,36.1415529610038,38.7327317620079
2019,94,10,0.9,10,-1.5,8.7,26.5,9.44843719545562,36.6847527186111,39.3061149701202
2019,94,10,0.9,10,-1,9.2,44.6,9.46106078418022,37.6570110208425,40.3528123065969
2019,94,10,0.9,10,-0.5,11.1,44.9,9.47614586526886,39.5161346124283,42.5188707112893
2019,94,10,0.9,10,0,8.3,46,9.48645616869627,43.2230185819911,47.3935700488824
2019,94,10,0.9,10,0.5,10.9,70.4,9.44935221624154,50.2960116382414,57.9254249426092
2019,94,10,0.9,10,1,8.9,51.3,9.17954626300355,60.7883456890636,75.1234858337303
2019,94,10,0.9,10,1.5,7.9,87.3,8.25197506233869,68.5266802664126,88.9526148627932
2019,94,10,0.9,10,2,5.9,92.1,6.5473055039549,67.0762330553406,88.7984234381369
2019,94,10,0.9,10,2.5,4.9,92.9,4.75195505493292,60.2353240743395,81.6419542570787
2019,94,10,0.9,10,3,2.9,70.9,3.44445281250281,53.134086375311,75.0924646831285
2019,94,10,0.9,10,3.5,2.4,77.6,2.63372215934506,47.3244686935235,70.6639991937426
2019,94,10,0.9,10,4,2.5,59.2,2.13387563246341,42.7661671333132,67.8159962802241
2019,94,10,0.9,10,4.5,2.2,63.1,1.80661054530934,39.1967890364294,65.9281029047877
2019,94,10,0.9,10,5,1.5,59,1.57973444059535,36.420323668007,64.6248226884569
2019,94,10,0.9,10,5.5,1.7,57.6,1.4173608478989,34.291378658567,63.7010074436357
2019,94,10,0.9,10,6,1.4,53,1.29981598165348,32.6860852084086,63.0384889980805
2019,94,10,0.9,50,-2,38.9,155.7,37.9107697412697,145.802483091754,156.297293427393
2019,94,10,0.9,50,-1.5,37.1,150.3,38.0908988359193,148.811208358227,159.446990538981
2019,94,10,0.9,50,-1,36.2,155.8,38.3248472892421,153.83355421006,164.841972407805
2019,94,10,0.9,50,-0.5,38.5,175.9,38.5980246763227,162.51312646251,175.014855035449
2019,94,10,0.9,50,0,41.9,198.9,38.776980369064,176.679058358619,193.726667021321
2019,94,10,0.9,50,0.5,36.2,203.4,38.2584821764104,192.714708627003,216.846897787283
2019,94,10,0.9,50,1,36.9,224.7,35.6285714559481,195.087214144435,220.764758243525
2019,94,10,0.9,50,1.5,28.3,182.4,29.8299497477737,177.044268231454,199.540048668895
2019,94,10,0.9,50,2,21.4,159.6,21.6701512493035,146.013004788836,165.261853212785
2019,94,10,0.9,50,2.5,13.9,125.3,13.9235778068364,113.96943773089,130.287780120074
2019,94,10,0.9,50,3,8.5,94.2,8.67979156294386,90.0663293422368,104.564295354196
2019,94,10,0.9,50,3.5,6.2,85.7,5.78277024270445,74.9742776435999,89.0571224952162
2019,94,10,0.9,50,4,4.1,87.4,4.27250134385647,65.5831454961936,80.3714265451293
2019,94,10,0.9,50,4.5,3.9,65.2,3.43343368476989,59.0610543845147,75.3495292713745
2019,94,10,0.9,50,5,3,69,2.89214286068077,53.7667668646821,72.1016019205478
2019,94,10,0.9,50,5.5,2.4,59.3,2.48604462181,49.0450839657371,69.7140842337791
2019,94,10,0.9,50,6,2.6,62.5,2.15596806221253,44.7928137541526,67.8171964681515
2019,94,10,0.9,200,-2,77.8,306.6,78.2126504862608,306.237362433761,328.446510450676
2019,94,10,0.9,200,-1.5,78.8,324.8,79.3176457398846,317.39496626619,339.869633017795
2019,94,10,0.9,200,-1,82.2,355.5,80.6525357074752,333.845904693826,357.683023895993
2019,94,10,0.9,200,-0.5,81.7,352.5,82.0507714642011,356.454095572961,385.344602214095
2019,94,10,0.9,200,0,81.9,357.9,82.803119555062,377.274791716784,413.677708209782
2019,94,10,0.9,200,0.5,80.9,383,81.6906285785096,380.304071474447,418.213292134791
2019,94,10,0.9,200,1,75.4,380,77.8042810504349,366.908664335299,403.729200981952
2019,94,10,0.9,200,1.5,68.1,344.4,69.1531607710075,334.703004789863,369.299112402804
2019,94,10,0.9,200,2,54.3,267.1,53.6664039113564,276.343629792468,306.710091440414
2019,94,10,0.9,200,2.5,34,216,34.8808058546963,204.39420582445,229.047858839042
2019,94,10,0.9,200,3,19.5,140,20.2644378986695,145.930372323202,165.007339370819
2019,94,10,0.9,200,3.5,12.4,134,11.8701612352915,109.218238748992,124.180536444679
2019,94,10,0.9,200,4,7.9,97.2,7.59247868518574,87.8459362345363,100.779016343654
2019,94,10,0.9,200,4.5,5.1,87.7,5.42191589822849,75.2336239889315,87.7897464281859
2019,94,10,0.9,200,5,3.9,68.5,4.2833738618597,67.650905392694,80.6284343316477
2019,94,10,0.9,200,5.5,4,74.1,3.65710766880019,62.911078074397,76.6244384554598
2019,94,10,0.9,200,6,3.3,55.4,3.26809884235227,59.4181303163444,74.1759827335503
2020,105,3,0.6,10,-2,8.6,18.3,9.52288010180055,18.6969965031418,19.1354721388316
2020,105,3,0.6,10,-1.5,10.4,26.1,9.5268044515198,18.7661312752891,19.1649694201949
2020,105,3,0.6,10,-1,9.6,22.2,9.53145193598976,18.8645284770747,19.2060333539614
2020,105,3,0.6,10,-0.5,10.8,22,9.53609725972837,19.0029372816373,19.2618134346018
2020,105,3,0.6,10,0,10.4,24.8,9.53857349794513,19.1933830448288,19.3342114565914
2020,105,3,0.6,10,0.5,8.8,18,9.53349088121988,19.4450648608274,19.4201205875863
2020,105,3,0.6,10,1,8.8,17.8,9.50882298235457,19.7538529197223,19.5031247059322
2020,105,3,0.6,10,1.5,9.3,21.5,9.44047698011186,20.0819114550061,19.5387632382419
2020,105,3,0.6,10,2,10.4,21.8,9.28685344993635,20.3311017525269,19.4372322465229
2020,105,3,0.6,10,2.5,9.7,18.5,8.99120419524468,20.3348779481019,19.0630001258375
2020,105,3,0.6,10,3,8.3,17.8,8.50320078733942,19.9111794132057,18.2824704855043
2020,105,3,0.6,10,3.5,8.5,17.2,7.81638067761567,18.9754177688568,17.0552332808774
2020,105,3,0.6,10,4,7.2,15.2,6.98887085383194,17.6149087527633,15.4890657635262
2020,105,3,0.6,10,4.5,6.4,14.4,6.11978966842967,16.0373230308821,13.7897350100127
2020,105,3,0.6,10,5,4.8,10.3,5.301503623569,14.4515120672514,12.1542981965647
2020,105,3,0.6,10,5.5,5.1,10.9,4.58811036475602,12.9905813004425,10.7017651597167
2020,105,3,0.6,10,6,4,8.3,3.99365850727049,11.7055151555601,9.46874309837607
2020,105,3,0.6,50,-2,37.7,78.8,39.484722079431,77.6105592965331,79.3715915886881
2020,105,3,0.6,50,-1.5,40,79.3,39.5612620971664,78.0365308296167,79.6226656899961
2020,105,3,0.6,50,-1,39.8,80.1,39.649912443313,78.5940417489358,79.937539422498
2020,105,3,0.6,50,-0.5,36.4,79.1,39.7357834933737,79.2827140659551,80.2975361962125
2020,105,3,0.6,50,0,40.8,93.9,39.7797584503776,80.0442688346785,80.6315809945184
2020,105,3,0.6,50,0.5,40,80.8,39.6978432005352,80.6983661135638,80.7653419146389
2020,105,3,0.6,50,1,37,81.3,39.3395094354064,80.8720492304069,80.3663943345499
2020,105,3,0.6,50,1.5,38,80.2,38.4911819244673,80.0114959915082,78.9531776185538
2020,105,3,0.6,50,2,35.3,71.5,36.9354630778473,77.5759423486515,76.0455174302524
2020,105,3,0.6,50,2.5,35.6,80.5,34.5383770491252,73.2917473584094,71.3729280363165
2020,105,3,0.6,50,3,30.6,64.3,31.2977729557576,67.212608174362,64.9560640073516
2020,105,3,0.6,50,3.5,25.3,55.1,27.3707222977846,59.6961822230223,57.129787822474
2020,105,3,0.6,50,4,22.1,50.3,23.0892516594832,51.422941421908,48.5712295780916
2020,105,3,0.6,50,4.5,18.5,44.9,18.8926536139628,43.2713770882148,40.1683530268054
2020,105,3,0.6,50,5,13.8,28.7,15.1789736561761,36.0292574923721,32.7229881377594
2020,105,3,0.6,50,5.5,11.1,26.7,12.1755837023538,30.1430947420767,26.6920078909463
2020,105,3,0.6,50,6,10.1,24.4,9.91140789699727,25.6668907993265,22.1326072009566
2020,105,3,0.6,200,-2,86.5,171.5,87.66555060584,173.09215550666,176.494232334154
2020,105,3,0.6,200,-1.5,87.9,178.5,88.1795177853961,174.846204712799,177.792864155117
2020,105,3,0.6,200,-1,89,179.2,88.7181652866162,176.784145774875,179.193409120371
2020,105,3,0.6,200,-0.5,88.6,187.2,89.1729906963798,178.610737828062,180.448158868993
2020,105,3,0.6,200,0,89.8,185.1,89.3699015156498,179.828855209641,181.14832098642
2020,105,3,0.6,200,0.5,90.5,189.3,89.1118887371062,179.894311920367,180.837138529161
2020,105,3,0.6,200,1,87.4,193.2,88.2546597183537,178.501773428196,179.216694793044
2020,105,3,0.6,200,1.5,87,185.4,86.6917238594565,175.557957506879,176.118386034129
2020,105,3,0.6,200,2,83.7,176.8,84.2388196202112,170.808389711052,171.211900213675
2020,105,3,0.6,200,2.5,81.6,169.8,80.5813525310192,163.687697674152,163.883131725639
2020,105,3,0.6,200,3,74.9,150.9,75.324803768355,153.44449938386,153.34709126513
2020,105,3,0.6,200,3.5,68.3,150.2,68.1573293955249,139.475877797354,138.980301353817
2020,105,3,0.6,200,4,57.9,115.4,59.1264098617868,121.875344030724,120.878256379553
2020,105,3,0.6,200,4.5,46.8,90.2,48.871895404405,101.890080720792,100.323560301356
2020,105,3,0.6,200,5,38.1,80.4,38.5324609315573,81.7393046694572,79.5986426654678
2020,105,3,0.6,200,5.5,28.9,62.1,29.2769895072052,63.7010799115688,61.0464752239834
2020,105,3,0.6,200,6,20.7,41.5,21.8285045295811,49.1845041000686,46.1163182017826
2020,105,3,0.9,10,-2,10,34.9,9.52288010180055,29.1868057701599,30.6117677443625
2020,105,3,0.9,10,-1.5,9.3,35.5,9.5268044515198,29.3305030247923,30.6266507331096
2020,105,3,0.9,10,-1,8.3,27,9.53145193598976,29.5360949263677,30.6459204764299
2020,105,3,0.9,10,-0.5,10.6,37.2,9.53609725972837,29.8274507112554,30.6687487081712
2020,105,3,0.9,10,0,8.9,32,9.53857349794513,30.2328233817081,30.6904887918592
2020,105,3,0.9,10,0.5,9.7,28,9.53349088121988,30.7780931366428,30.6970290182524
2020,105,3,0.9,10,1,8.7,26.9,9.50882298235457,31.4681592655807,30.6533405129982
2020,105,3,0.9,10,1.5,9.5,46.9,9.44047698011186,32.2494721317804,30.4843442837362
2020,105,3,0.9,10,2,8.1,26.8,9.28685344993635,32.9592452296278,30.0543402536621
2020,105,3,0.9,10,2.5,8.6,32.1,8.99120419524468,33.3053885508837,29.1720288267855
2020,105,3,0.9,10,3,8.4,38.3,8.50320078733942,32.9552170809705,27.6622244945799
2020,105,3,0.9,10,3.5,8,22.5,7.81638067761567,31.7348123055976,25.4945798819189
2020,105,3,0.9,10,4,7,24.9,6.98887085383194,29.7648647755143,22.8562815471145
2020,105,3,0.9,10,4.5,6,22.2,6.11978966842967,27.3771653459636,20.072934043866
2020,105,3,0.9,10,5,4.6,20.6,5.301503623569,24.9137559681246,17.4482501431771
2020,105,3,0.9,10,5.5,5.1,17.1,4.58811036475602,22.5980806639919,15.159865855671
2020,105,3,0.9,10,6,4,13.4,3.99365850727049,20.5233567651689,13.2542752769072
2020,105,3,0.9,50,-2,41,148.4,39.484722079431,121.204159274653,126.927177493707
2020,105,3,0.9,50,-1.5,41.1,137.9,39.5612620971664,122.029675547255,127.184310555521
2020,105,3,0.9,50,-1,40.3,139.6,39.649912443313,123.123288012515,127.489398558759
2020,105,3,0.9,50,-0.5,38.2,134.5,39.7357834933737,124.501211483508,127.799189360709
2020,105,3,0.9,50,0,39.2,134.6,39.7797584503776,126.083256752843,127.991908971209
2020,105,3,0.9,50,0.5,39.1,123.1,39.6978432005352,127.578920751261,127.79657929818
2020,105,3,0.9,50,1,37.2,152.2,39.3395094354064,128.360919195115,126.717637470847
2020,105,3,0.9,50,1.5,39.9,149.4,38.4911819244673,127.486386892857,124.047054543893
2020,105,3,0.9,50,2,34.6,121.8,36.9354630778473,124.04481819686,119.071229847622
2020,105,3,0.9,50,2.5,33.8,136.3,34.5383770491252,117.602877195292,111.367081299709
2020,105,3,0.9,50,3,30.7,98.2,31.2977729557576,108.278118444589,100.944781380056
2020,105,3,0.9,50,3.5,28.8,97.1,27.3707222977846,96.6575520433142,88.3172609668552
2020,105,3,0.9,50,4,23.6,80.9,23.0892516594832,83.8200670344892,74.5525488235187
2020,105,3,0.9,50,4.5,18.9,61.4,18.8926536139628,71.1463405431028,61.0621056788588
2020,105,3,0.9,50,5,13.7,51.1,15.1789736561761,59.8697551530416,49.1250119488189
2020,105,3,0.9,50,5.5,10.8,36.6,12.1755837023538,50.68739084259,39.472018465524
2020,105,3,0.9,50,6,9.1,37.4,9.91140789699727,43.6819238908007,32.1961779934193
2020,105,3,0.9,200,-2,86.4,293.9,87.66555060584,270.770095543208,281.826194714758
2020,105,3,0.9,200,-1.5,86.6,273.9,88.1795177853961,273.942071377398,283.518151128381
2020,105,3,0.9,200,-1,88.8,299.3,88.7181652866162,277.479983697719,285.309628890595
2020,105,3,0.9,200,-0.5,86.9,303.8,89.1729906963798,280.875072357976,286.84633940411
2020,105,3,0.9,200,0,87.4,304.4,89.3699015156498,283.260851189684,287.54886266657
2020,105,3,0.9,200,0.5,90.2,314.7,89.1118887371062,283.696167306777,286.760173505629
2020,105,3,0.9,200,1,87.1,303,88.2546597183537,281.691548693827,284.014906428062
2020,105,3,0.9,200,1.5,86.4,283,86.6917238594565,277.168815758408,278.990101311332
2020,105,3,0.9,200,2,83.7,276.6,84.2388196202112,269.793211665993,271.10454364348
2020,105,3,0.9,200,2.5,77.6,272.3,80.5813525310192,258.712621197356,259.347744495362
2020,105,3,0.9,200,3,76,263.4,75.324803768355,242.767620124332,242.451062364059
2020,105,3,0.9,200,3.5,69.7,232.4,68.1573293955249,221.022474462118,219.411945780772
2020,105,3,0.9,200,4,60.2,203.3,59.1264098617868,193.623327416306,190.38298320509
2020,105,3,0.9,200,4.5,47.2,167.4,48.871895404405,162.511793736229,157.420901910513
2020,105,3,0.9,200,5,38.4,155.2,38.5324609315573,131.142596497557,124.185854304786
2020,105,3,0.9,200,5.5,30.4,115.9,29.2769895072052,103.06205231863,94.4350946761628
2020,105,3,0.9,200,6,20,65.5,21.8285045295811,80.4637254713047,70.4927079757378
2021,96,4,0.6,10,-2,8.8,22,9.44902838272233,20.3674694288875,18.9777705868942
2021,96,4,0.6,10,-1.5,9.1,16.4,9.45981155807172,20.6007881404207,19.3423208412987
2021,96,4,0.6,10,-1,10,22.8,9.47345479060743,20.9659431192258,19.8921009978977
2021,96,4,0.6,10,-0.5,9.5,17.5,9.48823851081456,21.5344013391916,20.7166371900679
2021,96,4,0.6,10,0,9.1,23.2,9.4967898507561,22.3957214773995,21.9240839229215
2021,96,4,0.6,10,0.5,7,16.2,9.47706289636956,23.6180087517027,23.5936782907852
2021,96,4,0.6,10,1,8.6,24.4,9.377385150521,25.1415787921898,25.6539404996543
2021,96,4,0.6,10,1.5,9,21.6,9.11002721568375,26.6409662261515,27.7267418002145
2021,96,4,0.6,10,2,8.1,26.5,8.59166685384343,27.5673006164544,29.1691885920126
2021,96,4,0.6,10,2.5,9.2,31.9,7.83232180705238,27.5329475573098,29.4953615133082
2021,96,4,0.6,10,3,7.8,34.9,6.96394639892415,26.644196150014,28.763524975375
2021,96,4,0.6,10,3.5,6.7,29.8,6.14612357690785,25.328042372154,27.4225519035714
2021,96,4,0.6,10,4,5.3,20.6,5.4693760083043,23.9633990563932,25.914447016683
2021,96,4,0.6,10,4.5,5.4,25.3,4.94723380091947,22.7398183155262,24.4931056102208
2021,96,4,0.6,10,5,4.5,23.6,4.55456843490948,21.7069942966516,23.2530826541065
2021,96,4,0.6,10,5.5,4.1,18.4,4.25855669986463,20.8518168726705,22.2052568566024
2021,96,4,0.6,10,6,4,20,4.03156024515193,20.1435949174844,21.3284358895644
2021,96,4,0.6,50,-2,37.4,79.4,38.1022405003711,82.420375956948,77.0389145058566
2021,96,4,0.6,50,-1.5,36.3,70.8,38.3061456496595,83.8103394481898,78.9785125577074
2021,96,4,0.6,50,-1,38.8,85.5,38.5593491313641,85.8160408081531,81.7223987751918
2021,96,4,0.6,50,-0.5,38.3,91.4,38.8258767379527,88.5683700245895,85.4365176459995
2021,96,4,0.6,50,0,40.8,78.1,38.9735692268511,91.9090782360747,89.9735401049486
2021,96,4,0.6,50,0.5,36.4,89.7,38.6731274262717,94.903696571371,94.3590335543825
2021,96,4,0.6,50,1,37.5,96.9,37.3633583868278,95.561767641074,96.4989905078812
2021,96,4,0.6,50,1.5,34.6,91.1,34.5254217280889,91.8853884221886,94.2617888332848
2021,96,4,0.6,50,2,30.5,87.5,30.1815150875654,83.7762135223013,87.4335013551997
2021,96,4,0.6,50,2.5,22.1,67.9,25.0118566831842,73.1139168258914,77.7848477456248
2021,96,4,0.6,50,3,20.1,63.5,19.9592626432479,62.2379589795527,67.5410586121435
2021,96,4,0.6,50,3.5,16.4,59.5,15.7251920531969,52.7910188137166,58.2887045079081
2021,96,4,0.6,50,4,12.7,48.3,12.5329434460929,45.3533008028091,50.6616569262301
2021,96,4,0.6,50,4.5,10,44.7,10.2576903174732,39.7638142501782,44.6302693856048
2021,96,4,0.6,50,5,8.5,31.8,8.66343816369266,35.6112062475754,39.9232374436414
2021,96,4,0.6,50,5.5,7.9,37.2,7.53893308295344,32.5065723283161,36.2556502234611
2021,96,4,0.6,50,6,6.5,32.1,6.73135837737876,30.153139107318,33.3893393528645
2021,96,4,0.6,200,-2,79,166.5,79.4296358767049,174.28788910535,164.882055535089
2021,96,4,0.6,200,-1.5,79.9,173.2,80.6942320779238,179.715030005536,171.551800454812
2021,96,4,0.6,200,-1,80.2,168.3,82.1295228142792,186.390389658621,179.608404069278
2021,96,4,0.6,200,-0.5,82.9,181.8,83.4454806268928,193.336899437548,187.941688585193
2021,96,4,0.6,200,0,83.4,181.1,84.0466107413641,198.202183565549,194.028190187243
2021,96,4,0.6,200,0.5,84.4,183.8,83.2601486549502,198.498419172851,195.297546110814
2021,96,4,0.6,200,1,80.9,182.9,80.7020698775489,193.715201571627,191.372067345617
2021,96,4,0.6,200,1.5,75.8,173.5,75.9629586371897,183.864088801438,182.53819485695
2021,96,4,0.6,200,2,69.7,166.4,68.4123568398571,167.95082819376,168.044836475441
2021,96,4,0.6,200,2.5,59.1,137.8,57.9704212912938,145.873023576441,147.853806958509
2021,96,4,0.6,200,3,47.1,122.8,45.9678525278405,120.44839631321,124.545413657095
2021,96,4,0.6,200,3.5,34.5,93.7,34.7056941469413,96.5112598904877,102.503520607638
2021,96,4,0.6,200,4,25.3,88.8,25.8606406882109,77.5449874691015,84.8394795071209
2021,96,4,0.6,200,4.5,20,72.4,19.6981542784934,64.0415689875987,71.919834043169
2021,96,4,0.6,200,5,15.5,56.5,15.6039262955278,54.6718129985827,62.4924862734583
2021,96,4,0.6,200,5.5,12.7,49.7,12.8376259174643,47.9107107202817,55.2112874241915
2021,96,4,0.6,200,6,10.6,45.8,10.8725165954378,42.7408625016387,49.2617434075392
2021,96,4,0.9,10,-2,7.9,18.6,9.44902838272233,37.4284023758603,32.1449766968412
2021,96,4,0.9,10,-1.5,8.6,21.1,9.45981155807172,38.0094505704852,33.2249474511979
2021,96,4,0.9,10,-1,11,34.4,9.47345479060743,38.9238706236558,34.8412846218576
2021,96,4,0.9,10,-0.5,9.2,35.1,9.48823851081456,40.3574893069965,37.2484731847235
2021,96,4,0.9,10,0,9.5,38.7,9.4967898507561,42.5513285498069,40.7582336063411
2021,96,4,0.9,10,0.5,9.5,38.9,9.47706289636956,45.7143618871486,45.6218611394256
2021,96,4,0.9,10,1,9.2,36.4,9.377385150521,49.774385760367,51.7223077995629
2021,96,4,0.9,10,1.5,6.9,44.5,9.11002721568375,54.0344534181816,58.1624086098459
2021,96,4,0.9,10,2,8.9,44.5,8.59166685384343,57.2182383173023,63.3083751219324
2021,96,4,0.9,10,2.5,7.6,45.8,7.83232180705238,58.3167429285914,65.7775452079655
2021,96,4,0.9,10,3,7.2,55.6,6.96394639892415,57.3961524012184,65.4535213791875
2021,96,4,0.9,10,3.5,6.5,52.1,6.14612357690785,55.3013168511984,63.2643266119089
2021,96,4,0.9,10,4,5.8,55,5.4693760083043,52.8617816926249,60.2793721682756
2021,96,4,0.9,10,4.5,3.9,38.8,4.94723380091947,50.5421474276727,57.2078816396982
2021,96,4,0.9,10,5,5.1,54.2,4.55456843490948,48.5090245743979,54.3870196356103
2021,96,4,0.9,10,5.5,4.1,44.4,4.25855669986463,46.7801062670017,51.9256812290276
2021,96,4,0.9,10,6,4.4,47.5,4.03156024515193,45.3199311748034,49.8245180883691
2021,96,4,0.9,50,-2,36.3,100.5,38.1022405003711,151.670989131719,131.211483257363
2021,96,4,0.9,50,-1.5,37.3,113.2,38.3061456496595,154.914263160399,136.54438509881
2021,96,4,0.9,50,-1,38.5,123.1,38.5593491313641,159.658381906532,144.094971486878
2021,96,4,0.9,50,-0.5,40,134.8,38.8258767379527,166.294973940872,154.388142921134
2021,96,4,0.9,50,0,39.5,137.5,38.9735692268511,174.625023296514,167.266398855233
2021,96,4,0.9,50,0.5,36.9,142.4,38.6731274262717,182.768435291705,180.697708538962
2021,96,4,0.9,50,1,35.6,138.6,37.3633583868278,186.501413118752,190.06459329263
2021,96,4,0.9,50,1.5,33.6,150.4,34.5254217280889,181.514900682306,190.549617108787
2021,96,4,0.9,50,2,29.8,154.8,30.1815150875654,167.522194513737,181.426651988986
2021,96,4,0.9,50,2.5,23.3,107.2,25.0118566831842,148.277213420713,166.035389235874
2021,96,4,0.9,50,3,20.3,108.8,19.9592626432479,128.301786244752,148.463372288128
2021,96,4,0.9,50,3.5,14.5,86.8,15.7251920531969,110.709322563449,131.610695504225
2021,96,4,0.9,50,4,12.5,88.3,12.5329434460929,96.6377207846606,116.819291214433
2021,96,4,0.9,50,4.5,9.7,86.2,10.2576903174732,85.86948078375,104.371010216866
2021,96,4,0.9,50,5,8,68.1,8.66343816369266,77.7192381914928,94.1129313152116
2021,96,4,0.9,50,5.5,7.4,69.1,7.53893308295344,71.5204953973932,85.7739248637661
2021,96,4,0.9,50,6,6.5,66.3,6.73135837737876,66.7515352375554,79.0550811304503
2021,96,4,0.9,200,-2,80.4,234.1,79.4296358767049,322.511457924206,286.751895408908
2021,96,4,0.9,200,-1.5,80.5,247.1,80.6942320779238,334.442906142404,303.407536946762
2021,96,4,0.9,200,-1,83.3,253.5,82.1295228142792,349.306290445515,323.522202746286
2021,96,4,0.9,200,-0.5,82.8,269.2,83.4454806268928,365.05098571132,344.539206684313
2021,96,4,0.9,200,0,83.7,282.5,84.0466107413641,376.579349796688,360.710455664658
2021,96,4,0.9,200,0.5,83.7,282.5,83.2601486549502,378.567386703849,366.398149441631
2021,96,4,0.9,200,1,79.6,269.2,80.7020698775489,370.307212629587,361.398969228208
2021,96,4,0.9,200,1.5,75.1,271.3,75.9629586371897,352.468190692099,347.427341623021
2021,96,4,0.9,200,2,68.4,261.4,68.4123568398571,323.487610251999,323.845015579302
2021,96,4,0.9,200,2.5,57.5,230.2,57.9704212912938,283.227834314558,290.758474385023
2021,96,4,0.9,200,3,44.5,207.9,45.9678525278405,236.83017261291,252.406415456303
2021,96,4,0.9,200,3.5,34.1,153.7,34.7056941469413,193.087374414706,215.86904709924
2021,96,4,0.9,200,4,25.5,156.4,25.8606406882109,158.305891989127,186.038452011838
2021,96,4,0.9,200,4.5,20.1,136.1,19.6981542784934,133.331683005989,163.28366011278
2021,96,4,0.9,200,5,14.7,105.1,15.6039262955278,115.718494718301,145.45151654944
2021,96,4,0.9,200,5.5,12.4,106.4,12.8376259174643,102.715196592789,130.470889598735
2021,96,4,0.9,200,6,10.7,91.3,10.8725165954378,92.5376888377199,117.329095858426
2022,87,6,0.6,10,-2,9,15.3,9.38961915431375,19.2890956810399,18.5586369229546
2022,87,6,0.6,10,-1.5,10.1,18.5,9.40128772958139,19.5265271478749,18.9252138319633
2022,87,6,0.6,10,-1,10.1,21.5,9.41694029602742,19.9255683783128,19.5478008397401
2022,87,6,0.6,10,-0.5,9.4,17.5,9.43521947289848,20.5993265131768,20.6014961377704
2022,87,6,0.6,10,0,9.1,19.5,9.44668852131382,21.7097519656777,22.3305726890482
2022,87,6,0.6,10,0.5,9.1,21.5,9.41627358293865,23.3976099059589,24.9490093278818
2022,87,6,0.6,10,1,8.5,25.3,9.24956306750033,25.525970695726,28.3110149278779
2022,87,6,0.6,10,1.5,7,20.4,8.78498186922704,27.3427671501513,31.5002807659295
2022,87,6,0.6,10,2,7.6,31.9,7.92450615832543,27.8228785303895,33.2051088793904
2022,87,6,0.6,10,2.5,6.5,33.3,6.81675961974045,26.7781782668672,32.9857884903851
2022,87,6,0.6,10,3,6.3,36.2,5.74789087344539,24.9321570521929,31.4911253080469
2022,87,6,0.6,10,3.5,5,29.7,4.88529637425515,22.9746080280054,29.4940662077013
2022,87,6,0.6,10,4,4.8,36.2,4.237594392773,21.1846836610763,27.4011551740562
2022,87,6,0.6,10,4.5,3.5,19.2,3.74883335672515,19.595877525819,25.3493369740391
2022,87,6,0.6,10,5,3.4,24.4,3.36358383214001,18.171200916231,23.3709325270417
2022,87,6,0.6,10,5.5,3.2,21.2,3.04446131015492,16.8737750080151,21.474090604765
2022,87,6,0.6,10,6,2.1,9.5,2.7698750282947,15.6816951388119,19.6676362180665
2022,87,6,0.6,50,-2,38.5,79.6,37.0181710224546,76.3370017901838,73.6224832030611
2022,87,6,0.6,50,-1.5,36.9,66.4,37.2336500184167,77.7513911304112,75.6196161630923
2022,87,6,0.6,50,-1,36.2,68.6,37.5173999610883,79.9411914416394,78.7772974916274
2022,87,6,0.6,50,-0.5,38.6,87.4,37.8387551041051,83.1899314674389,83.5449813631181
2022,87,6,0.6,50,0,40,90.1,38.0306067706711,87.3994139038963,89.8987223919783
2022,87,6,0.6,50,0.5,37.6,86.4,37.5993781853997,91.1039269982223,96.1636635717799
2022,87,6,0.6,50,1,37.5,91.9,35.6823955665346,91.0213014798615,98.5236598842268
2022,87,6,0.6,50,1.5,30.6,90.4,31.683381830765,84.8884092088527,94.1962702880225
2022,87,6,0.6,50,2,25.8,82.3,26.0296094673064,74.0699987675763,84.4911966429344
2022,87,6,0.6,50,2.5,20.3,61.9,20.0053729806524,61.7929600004742,72.8737646646474
2022,87,6,0.6,50,3,15.5,70.7,14.9040486538495,50.9625851712699,62.372139086946
2022,87,6,0.6,50,3.5,11.6,47.1,11.251308570332,42.8186660828423,54.2824101412331
2022,87,6,0.6,50,4,9,39.3,8.86728720833331,37.1407275001024,48.4573133810524
2022,87,6,0.6,50,4.5,6.9,48.8,7.34911036300095,33.2105949106976,44.2501208809305
2022,87,6,0.6,50,5,5.7,31,6.35744511336081,30.3876241232056,41.0698555914193
2022,87,6,0.6,50,5.5,5.8,31.7,5.67270576333083,28.2388943527436,38.5112261898304
2022,87,6,0.6,50,6,5.5,32.9,5.16640689463493,26.4974087785744,36.3178804950488
2022,87,6,0.6,200,-2,70.9,139.2,73.3153748050005,153.576491733813,149.601416773907
2022,87,6,0.6,200,-1.5,75.4,156.1,74.5761282663195,159.007808717041,156.751061292194
2022,87,6,0.6,200,-1,74.9,146,76.0921107527029,166.200902230198,166.35036665802
2022,87,6,0.6,200,-0.5,77.5,169,77.5680371953878,174.209796133488,177.107837535134
2022,87,6,0.6,200,0,78.4,181.8,78.2674489475329,179.869051446291,185.012658559233
2022,87,6,0.6,200,0.5,77.4,172,77.3696326392951,179.91794287948,186.243396614987
2022,87,6,0.6,200,1,74.2,172.3,74.4503200253947,174.427815663196,181.295861591451
2022,87,6,0.6,200,1.5,67.6,167.8,68.722146802353,162.949504245936,170.414612131657
2022,87,6,0.6,200,2,57.4,149.4,59.1590702642167,143.655182427571,152.055255095043
2022,87,6,0.6,200,2.5,45.1,113.4,46.3379698365955,117.717040239961,127.346292482568
2022,87,6,0.6,200,3,33.2,95.8,33.327965985493,91.2601084539863,102.091500734447
2022,87,6,0.6,200,3.5,23.7,69.9,23.1383712422619,70.2457349776494,81.9218898572463
2022,87,6,0.6,200,4,17.3,69.2,16.4225975505704,55.9395803799446,68.0211336003871
2022,87,6,0.6,200,4.5,12.4,63.7,12.3059584733856,46.6695133416453,58.830069598774
2022,87,6,0.6,200,5,9.7,46.4,9.79569629697096,40.6034188494032,52.6622079328824
2022,87,6,0.6,200,5.5,8.6,56,8.22683248549991,36.5171281755403,48.3839011651264
2022,87,6,0.6,200,6,7.8,45.2,7.20185041629668,33.630679705699,45.2473042121465
2022,87,6,0.9,10,-2,7.8,23.3,9.38961915431375,31.6851293687604,29.25029303829
2022,87,6,0.9,10,-1.5,8.5,31.3,9.40128772958139,32.2052590572389,30.2009029024645
2022,87,6,0.9,10,-1,9.1,27.1,9.41694029602742,33.0843760554715,31.8251644747927
2022,87,6,0.9,10,-0.5,8.6,24.8,9.43521947289848,34.5789189280877,34.5861509322568
2022,87,6,0.9,10,0,10.4,44.6,9.44668852131382,37.0654475078202,39.1348276545292
2022,87,6,0.9,10,0.5,8.8,40.3,9.41627358293865,40.9049109831027,46.0761867515944
2022,87,6,0.9,10,1,9.6,55.2,9.24956306750033,45.9071390059743,55.1905198996281
2022,87,6,0.9,10,1.5,10.5,73.9,8.78498186922704,50.5806556274625,64.4388852455965
2022,87,6,0.9,10,2,8.5,67.5,7.92450615832543,52.739437864511,70.6800126713074
2022,87,6,0.9,10,2.5,6.3,61.2,6.81675961974045,51.7736835682278,72.4654950227727
2022,87,6,0.9,10,3,6.8,89.2,5.74789087344539,48.9545191623436,70.8175114572377
2022,87,6,0.9,10,3.5,5.7,74.2,4.88529637425515,45.6258781272056,67.3571715851907
2022,87,6,0.9,10,4,4.2,50,4.237594392773,42.4056733681118,63.1270221364042
2022,87,6,0.9,10,4.5,4.2,63,3.74883335672515,39.439400851577,58.6173926756957
2022,87,6,0.9,10,5,3,51.1,3.36358383214001,36.7131631819835,54.0454154064411
2022,87,6,0.9,10,5.5,2.9,44.3,3.04446131015492,34.1907147486082,49.5249350897501
2022,87,6,0.9,10,6,2.3,32.3,2.7698750282947,31.8497578265358,45.1360851427058
2022,87,6,0.9,50,-2,36.2,106.3,37.0181710224546,125.571680961623,116.523383022136
2022,87,6,0.9,50,-1.5,37.7,112.2,37.2336500184167,128.487334835985,121.381494730212
2022,87,6,0.9,50,-1,37.6,113,37.5173999610883,133.063873932373,129.184269173123
2022,87,6,0.9,50,-0.5,39.3,140.4,37.8387551041051,139.978258452195,141.161745371287
2022,87,6,0.9,50,0,36.9,136.5,38.0306067706711,149.21858128046,157.549519941236
2022,87,6,0.9,50,0.5,36.2,165.4,37.5993781853997,158.101832164162,174.967439285091
2022,87,6,0.9,50,1,35,163.2,35.6823955665346,160.316171778428,185.323764068844
2022,87,6,0.9,50,1.5,32.3,161,31.683381830765,151.511256382065,182.537126170992
2022,87,6,0.9,50,2,28,165.6,26.0296094673064,134.225733520785,168.962686036018
2022,87,6,0.9,50,2.5,19.2,121,20.0053729806524,114.118993102103,151.054611257873
2022,87,6,0.9,50,3,13.4,106.5,14.9040486538495,96.1147537928232,134.146190996985
2022,87,6,0.9,50,3.5,11.5,107.1,11.251308570332,82.34702155709,120.559090626877
2022,87,6,0.9,50,4,8.7,86.4,8.86728720833331,72.5444700493498,110.266017138542
2022,87,6,0.9,50,4.5,7.7,98.3,7.34911036300095,65.5941086048032,102.392132594486
2022,87,6,0.9,50,5,6.4,82.7,6.35744511336081,60.4779938234412,96.0850489533978
2022,87,6,0.9,50,5.5,5.6,81.6,5.67270576333083,56.4960686793469,90.736806405799
2022,87,6,0.9,50,6,5.2,74.9,5.16640689463493,53.2078936443425,85.9424471738366
2022,87,6,0.9,200,-2,71.6,226.3,73.3153748050005,254.078726026465,240.828618718432
2022,87,6,0.9,200,-1.5,74.5,229.8,74.5761282663195,264.732384390552,257.209973908246
2022,87,6,0.9,200,-1,76.1,247.4,76.0921107527029,279.034304248902,279.53251364806
2022,87,6,0.9,200,-0.5,76.2,250.2,77.5680371953878,295.223720072094,304.883754144974
2022,87,6,0.9,200,0,75.8,276.9,78.2674489475329,307.093645989325,324.238818567013
2022,87,6,0.9,200,0.5,74.9,295.5,77.3696326392951,308.327996171113,329.412615106058
2022,87,6,0.9,200,1,72.4,286.6,74.4503200253947,299.618718494699,322.511958613128
2022,87,6,0.9,200,1.5,69,271.5,68.722146802353,280.940136783133,305.823562013984
2022,87,6,0.9,200,2,55.6,237.5,59.1590702642167,249.460438900537,277.4603798732
2022,87,6,0.9,200,2.5,46.7,211.2,46.3379698365955,207.097257358463,239.194419499446
2022,87,6,0.9,200,3,33.1,169.9,33.327965985493,163.802205776254,199.906458264339
2022,87,6,0.9,200,3.5,22.6,142.2,23.1383712422619,129.233143678207,168.153241200981
2022,87,6,0.9,200,4,16.3,122.6,16.4225975505704,105.422383745104,145.693794531874
2022,87,6,0.9,200,4.5,11.7,112.5,12.3059584733856,89.6992414920949,130.233992901196
2022,87,6,0.9,200,5,10.4,114.4,9.79569629697096,79.1805663956279,119.376097542245
2022,87,6,0.9,200,5.5,8.4,108.6,8.22683248549991,71.9419768998691,111.497461286459
2022,87,6,0.9,200,6,6.7,91,7.20185041629668,66.7246172804764,105.446282361026
2023,69,13,0.6,10,-2,10.2,32.4,9.24405001115943,21.0546600154729,23.0671525331128
2023,69,13,0.6,10,-1.5,9.1,27.8,9.25375669845789,21.3191919667027,23.3056594935312
2023,69,13,0.6,10,-1,9.2,19.6,9.26867469007422,21.8881458490333,23.8357240137912
2023,69,13,0.6,10,-0.5,8.5,18.2,9.29058989659602,23.2051000000846,25.0876782098004
2023,69,13,0.6,10,0,8.4,22.9,9.30913650718256,26.287712178297,28.0333092763963
2023,69,13,0.6,10,0.5,10.1,26,9.22230880994986,32.5158359571956,33.9406336143026
2023,69,13,0.6,10,1,8,42.4,8.59811317266193,40.1115828002428,41.0038429527793
2023,69,13,0.6,10,1.5,7.2,44.4,6.95254783532835,42.2775598995626,42.7142239721799
2023,69,13,0.6,10,2,3.9,30.9,4.9872845753049,39.0947041268463,39.2551314766914
2023,69,13,0.6,10,2.5,3.2,32,3.61480460399503,35.1938612797292,35.18510359383
2023,69,13,0.6,10,3,2.7,32.3,2.83881722126298,32.0308578718002,31.8890183370601
2023,69,13,0.6,10,3.5,2.9,49.3,2.38639985587484,29.5284639463141,29.243465129887
2023,69,13,0.6,10,4,2.3,26,2.08933251844509,27.485091901027,27.0383150675106
2023,69,13,0.6,10,4.5,2.4,34.2,1.87322413926332,25.774935581891,25.1549343305376
2023,69,13,0.6,10,5,1.8,23.5,1.7058297754801,24.3239803491739,23.5290122154935
2023,69,13,0.6,10,5.5,1.6,23.2,1.57173543734366,23.0867857974601,22.1233786219724
2023,69,13,0.6,10,6,1.2,23.1,1.46256856660332,22.0336662381022,20.9143063958392
2023,69,13,0.6,50,-2,34.7,80.5,34.4950694238267,78.8697861371302,86.3227402643763
2023,69,13,0.6,50,-1.5,33,90.5,34.6633871825285,80.3750584128292,87.7452763775921
2023,69,13,0.6,50,-1,35.7,87.4,34.9182795233519,83.3716924968729,90.6297959914867
2023,69,13,0.6,50,-0.5,35.2,92.6,35.2820998066678,89.5267253913758,96.6006537542022
2023,69,13,0.6,50,0,35.9,99.2,35.5694944340922,100.443325897038,107.113118118594
2023,69,13,0.6,50,0.5,34.3,104.2,34.6232266097298,110.040373526379,115.997774017949
2023,69,13,0.6,50,1,31,106.6,30.2879837160099,104.916992861708,109.809948120399
2023,69,13,0.6,50,1.5,24,106.3,22.2559835222299,87.3793008420655,90.5438469264256
2023,69,13,0.6,50,2,13.8,71.4,13.7179483654965,67.4694053133484,68.9845896690369
2023,69,13,0.6,50,2.5,7.1,43.3,8.1512978500592,53.6242635409192,54.2917232365394
2023,69,13,0.6,50,3,4.8,40.8,5.44564128126517,45.9114727075703,46.3444502528281
2023,69,13,0.6,50,3.5,4.6,42.6,4.1731983311944,41.2408352585261,41.6356900638643
2023,69,13,0.6,50,4,3.4,44.5,3.46865579544619,37.7906612545616,38.1525959864697
2023,69,13,0.6,50,4.5,2.8,28.9,3.00109671735849,34.9960678397719,35.2956562330216
2023,69,13,0.6,50,5,2.8,36.1,2.66260054586254,32.7342476772052,32.9501414037971
2023,69,13,0.6,50,5.5,2.3,28.7,2.40997748052462,30.9145445292766,31.0310883073197
2023,69,13,0.6,50,6,2.1,35.9,2.21518372144467,29.4050907357174,29.4046443421272
2023,69,13,0.6,200,-2,61.4,147.5,60.8546114204126,141.419969672517,154.171241232903
2023,69,13,0.6,200,-1.5,62.8,159.2,61.7016120544974,146.878366911075,159.55067982166
2023,69,13,0.6,200,-1,63.2,154.4,62.9001152590948,156.58306393796,169.216679954814
2023,69,13,0.6,200,-0.5,63.4,197.3,64.3715988789309,171.731939576043,184.245231039163
2023,69,13,0.6,200,0,65.1,182.9,65.1978915049856,184.109815684034,196.335358850738
2023,69,13,0.6,200,0.5,64.2,177,64.223786954879,183.951432511085,195.859800490736
2023,69,13,0.6,200,1,60.1,167.7,60.5195465793817,175.721021960614,186.780703984552
2023,69,13,0.6,200,1.5,51,139.8,50.5412820484164,153.258041290449,162.093963086699
2023,69,13,0.6,200,2,32.3,110.6,33.3913001697194,114.433552766633,119.508102292944
2023,69,13,0.6,200,2.5,18.5,73.7,18.0935672144515,79.2014148991878,81.1009397273116
2023,69,13,0.6,200,3,10.2,55.2,9.8913707692173,59.4357693408836,59.9450854053491
2023,69,13,0.6,200,3.5,6.2,47.5,6.40045514383337,50.2386801129348,50.4833896471283
2023,69,13,0.6,200,4,5.4,52.1,4.9525271633099,45.7878486832436,46.1373443611634
2023,69,13,0.6,200,4.5,3.8,33.9,4.24327755316702,42.91643960745,43.3788049984405
2023,69,13,0.6,200,5,3.7,37.6,3.75102310276388,40.2265200011393,40.7121859289193
2023,69,13,0.6,200,5.5,3.5,36.9,3.32287732085898,37.4775636692594,37.9127766182929
2023,69,13,0.6,200,6,3.4,32.5,2.95143064726788,34.9350092481162,35.2885798254539
2023,69,13,0.9,10,-2,8.4,37.4,9.24405001115943,46.1131117499427,55.426712096804
2023,69,13,0.9,10,-1.5,9.3,33.1,9.25375669845789,46.9183038850764,56.1114633551028
2023,69,13,0.9,10,-1,10.2,43.7,9.26867469007422,48.6627501104407,57.6759337679387
2023,69,13,0.9,10,-0.5,8,54.2,9.29058989659602,52.727375285588,61.4397460960719
2023,69,13,0.9,10,0,9.3,59.2,9.30913650718256,62.3109843733216,70.3894212349923
2023,69,13,0.9,10,0.5,9.7,63.7,9.22230880994986,81.9374767980703,88.5312881226469
2023,69,13,0.9,10,1,8,82.8,8.59811317266193,106.973392423963,111.102677076361
2023,69,13,0.9,10,1.5,7.4,131.7,6.95254783532835,117.226280542095,119.247115214792
2023,69,13,0.9,10,2,4.9,112.3,4.9872845753049,111.460071056028,112.202511690251
2023,69,13,0.9,10,2.5,3.7,95.2,3.61480460399503,102.194826279841,102.154296645214
2023,69,13,0.9,10,3,2.8,77.9,2.83881722126298,93.967315125491,93.3108969135592
2023,69,13,0.9,10,3.5,2.4,68.6,2.38639985587484,87.1155066761781,85.7965626044538
2023,69,13,0.9,10,4,1.9,65.1,2.08933251844509,81.3670176031052,79.2993821534651
2023,69,13,0.9,10,4.5,1.8,80.7,1.87322413926332,76.4869548880544,73.6176553408286
2023,69,13,0.9,10,5,1.9,78.2,1.7058297754801,72.312681548086,68.633653963788
2023,69,13,0.9,10,5.5,1.5,53.7,1.57173543734366,68.7350504355071,64.2765049625959
2023,69,13,0.9,10,6,1.8,60,1.46256856660332,65.679156008576,60.4988782565928
2023,69,13,0.9,50,-2,32.7,154.5,34.4950694238267,173.01917355954,207.510648949503
2023,69,13,0.9,50,-1.5,34.7,167.3,34.6633871825285,177.361048705295,211.469629975231
2023,69,13,0.9,50,-1,34.1,190.2,34.9182795233519,186.174808502217,219.764535983175
2023,69,13,0.9,50,-0.5,35.2,205,35.2820998066678,204.616998592537,237.354383241775
2023,69,13,0.9,50,0,35.3,243.4,35.5694944340922,238.085477653013,268.952563420384
2023,69,13,0.9,50,0.5,34.8,240.2,34.6232266097298,270.052170992563,297.622383949053
2023,69,13,0.9,50,1,29,216.1,30.2879837160099,263.256606394439,285.900680543825
2023,69,13,0.9,50,1.5,22.3,209.6,22.2559835222299,225.550784216054,240.195965378527
2023,69,13,0.9,50,2,13.5,160,13.7179483654965,181.51332760807,188.525438916314
2023,69,13,0.9,50,2.5,8.2,155.6,8.1512978500592,150.103794705817,153.192726862412
2023,69,13,0.9,50,3,5.2,121.4,5.44564128126517,131.767417770605,133.771191588569
2023,69,13,0.9,50,3.5,4.6,107.6,4.1731983311944,119.886865439453,121.714211290294
2023,69,13,0.9,50,4,3.4,135.6,3.46865579544619,110.611312932447,112.286308200798
2023,69,13,0.9,50,4.5,3.1,105,3.00109671735849,102.87947431276,104.265937387196
2023,69,13,0.9,50,5,2.8,103.2,2.66260054586254,96.5369571004737,97.5360901999745
2023,69,13,0.9,50,5.5,2.2,96,2.40997748052462,91.3923959986118,91.9317481512745
2023,69,13,0.9,50,6,2.5,110.1,2.21518372144467,87.0936413129559,87.0915754511155
2023,69,13,0.9,200,-2,60.4,297.9,60.8546114204126,312.354675034333,371.366197406105
2023,69,13,0.9,200,-1.5,60.1,290.4,61.7016120544974,327.597025785832,386.243135962667
2023,69,13,0.9,200,-1,61.4,322.4,62.9001152590948,355.349228171205,413.816253258418
2023,69,13,0.9,200,-0.5,63.5,358.4,64.3715988789309,399.517288052732,457.427463961345
2023,69,13,0.9,200,0,65.4,385.1,65.1978915049856,436.404041943758,492.982549481025
2023,69,13,0.9,200,0.5,62.1,380.6,64.223786954879,437.976366562431,493.087021222604
2023,69,13,0.9,200,1,59.3,329.8,60.5195465793817,420.142826552082,471.325853287068
2023,69,13,0.9,200,1.5,49.9,307.4,50.5412820484164,371.191149982345,412.08285198127
2023,69,13,0.9,200,2,32,237.9,33.3913001697194,286.380080034133,309.864553051623
2023,69,13,0.9,200,2.5,16.8,187.4,18.0935672144515,208.853316980965,217.644114930779
2023,69,13,0.9,200,3,9.9,131.9,9.8913707692173,164.553618450118,166.910678778587
2023,69,13,0.9,200,3.5,6.7,122,6.40045514383337,143.249798430436,144.382288008692
2023,69,13,0.9,200,4,5,129.6,4.9525271633099,132.427737139056,134.045165794601
2023,69,13,0.9,200,4.5,4.5,107.6,4.24327755316702,124.968896203905,127.108673831976
2023,69,13,0.9,200,5,3.7,95.4,3.75102310276388,117.616212674501,119.863822697287
2023,69,13,0.9,200,5.5,3.4,111.9,3.32287732085898,109.943216083044,111.957335110841
2023,69,13,0.9,200,6,2.6,89.2,2.95143064726788,102.794244323381,104.430531178049
2024,81,4,0.6,10,-2,10,20.6,9.37022260112645,19.6323268755808,18.2658243882532
2024,81,4,0.6,10,-1.5,9,15.3,9.37911501033019,19.7811280030802,18.4265687081273
2024,81,4,0.6,10,-1,9.1,17.7,9.38991607981461,20.0022053283111,18.6573743861552
2024,81,4,0.6,10,-0.5,9.5,17.9,9.40111425743278,20.3291760702754,18.9862709026128
2024,81,4,0.6,10,0,9.4,18.6,9.40735361665213,20.8026897791703,19.4445070811356
2024,81,4,0.6,10,0.5,9.4,21.5,9.39341375436605,21.4514890387826,20.0485686282908
2024,81,4,0.6,10,1,8.8,23,9.32191531345053,22.2355372716339,20.75006984974
2024,81,4,0.6,10,1.5,10.5,24.1,9.11773647354096,22.9462287475,21.3508222354852
2024,81,4,0.6,10,2,8,23.2,8.67456452565592,23.1651078833862,21.4718953020674
2024,81,4,0.6,10,2.5,7.1,17.7,7.92292673381023,22.48543278108,20.7521153853182
2024,81,4,0.6,10,3,7.7,20.4,6.92074154840441,20.8922934475671,19.1823610621183
2024,81,4,0.6,10,3.5,6.6,15.4,5.83919967098772,18.7863882829162,17.1269214379154
2024,81,4,0.6,10,4,5.7,15.4,4.84698061792664,16.6327623045957,15.014334177579
2024,81,4,0.6,10,4.5,3.8,12,4.03077177695087,14.7141935813365,13.1152749260758
2024,81,4,0.6,10,5,4.2,12.9,3.4000201679539,13.1241493503237,11.5295724892551
2024,81,4,0.6,10,5.5,2.6,8.5,2.92579695789329,11.8493131727118,10.2554087202441
2024,81,4,0.6,10,6,2.4,7.5,2.57078703898091,10.8372629136606,9.24931891244871
2024,81,4,0.6,50,-2,35.3,73.4,36.6670943767891,77.0425503165575,71.7336395618221
2024,81,4,0.6,50,-1.5,35.3,68.7,36.8276074389627,77.9504518342674,72.6670239167403
2024,81,4,0.6,50,-1,34.7,75.3,37.0176443882153,79.1777782680243,73.8986237344976
2024,81,4,0.6,50,-0.5,37.4,75.6,37.2074962478639,80.745415029157,75.43297159184
2024,81,4,0.6,50,0,37.4,80.3,37.3079919137522,82.4999902939527,77.1136647468847
2024,81,4,0.6,50,0.5,38.1,77.3,37.1136347436309,83.8738573070536,78.418229165221
2024,81,4,0.6,50,1,33.3,74.2,36.2740638886183,83.7517882454644,78.3471079293648
2024,81,4,0.6,50,1.5,33,73.3,34.4137615620383,80.9842224667734,75.8667171669273
2024,81,4,0.6,50,2,30.6,68.9,31.3545168632961,75.22522696967,70.6347345704731
2024,81,4,0.6,50,2.5,26.8,63,27.2110073712038,66.9226932380286,63.0175128869128
2024,81,4,0.6,50,3,22.2,59.8,22.4262487217607,57.1015491661082,53.9375490328203
2024,81,4,0.6,50,3.5,16.2,41.2,17.6939491369081,47.2283886209577,44.7453437696038
2024,81,4,0.6,50,4,14.4,39.6,13.6335828197437,38.587675720848,36.6272159034036
2024,81,4,0.6,50,4.5,10.4,31.5,10.5053676334834,31.7202176541162,30.084380435649
2024,81,4,0.6,50,5,9.4,28,8.23224149263357,26.4906350239972,25.0018060155752
2024,81,4,0.6,50,5.5,7.2,26.1,6.6008383438026,22.5077720939866,21.0392839458583
2024,81,4,0.6,50,6,5.4,19.8,5.41303421682156,19.4238311550573,17.9022335531933
2024,81,4,0.6,200,-2,70.9,144,71.3264762802314,151.560806214665,141.495058235115
2024,81,4,0.6,200,-1.5,71.4,147.6,72.1800915286115,154.807004799462,144.652095729908
2024,81,4,0.6,200,-1,71.9,148.7,73.0751405596896,158.4479472618,148.112320901651
2024,81,4,0.6,200,-0.5,72.8,150.7,73.8266468768515,161.860977579721,151.298902082957
2024,81,4,0.6,200,0,73,152.2,74.1427029215751,163.953404019653,153.249082656059
2024,81,4,0.6,200,0.5,74.4,151.4,73.7732862950621,163.885724026861,153.228239646891
2024,81,4,0.6,200,1,72.7,150.1,72.6183374925873,161.710031048008,151.258813630992
2024,81,4,0.6,200,1.5,69.6,148.2,70.4700392502826,157.330352436351,147.22420166913
2024,81,4,0.6,200,2,64.9,136,66.8216502481288,149.808591768037,140.262589567113
2024,81,4,0.6,200,2.5,60.4,127.2,60.9864982327374,137.755160919696,129.096512721466
2024,81,4,0.6,200,3,51.5,122.3,52.5776843634497,120.379284754647,112.997084288109
2024,81,4,0.6,200,3.5,40.8,94.3,42.2565848760358,99.0492801334369,93.2328409023727
2024,81,4,0.6,200,4,32.3,74.6,31.8232349828219,77.4823243798838,73.2468252997684
2024,81,4,0.6,200,4.5,23.3,55.8,23.0993514367476,59.4325876920832,56.5128747574613
2024,81,4,0.6,200,5,17.3,44.2,16.84215404745,46.4374033147388,44.4431864469346
2024,81,4,0.6,200,5.5,13.3,35.8,12.7688269290908,37.8616278954381,36.4266618510572
2024,81,4,0.6,200,6,9.8,24.5,10.1806692177138,32.2025294087052,31.0446889344962
2024,81,4,0.9,10,-2,8.5,28.7,9.37022260112645,33.3991582975957,28.7204087886008
2024,81,4,0.9,10,-1.5,8.5,21.2,9.37911501033019,33.735649950131,29.0977925770651
2024,81,4,0.9,10,-1,9.1,30.4,9.38991607981461,34.2388173504084,29.6342687537947
2024,81,4,0.9,10,-0.5,10.8,35,9.40111425743278,34.9894037120145,30.3914487488178
2024,81,4,0.9,10,0,8.1,30.8,9.40735361665213,36.0897759118944,31.4395124176925
2024,81,4,0.9,10,0.5,9,32.5,9.39341375436605,37.6276538169713,32.8242134700868
2024,81,4,0.9,10,1,9,32.5,9.32191531345053,39.5594361320745,34.4733641817728
2024,81,4,0.9,10,1.5,9.5,32.7,9.11773647354096,41.4974456192808,36.0349546952176
2024,81,4,0.9,10,2,8.8,33.5,8.67456452565592,42.604480382832,36.8071125719892
2024,81,4,0.9,10,2.5,7.7,31.2,7.92292673381023,42.0213447610327,36.0866626147799
2024,81,4,0.9,10,3,6.3,25.4,6.92074154840441,39.6354278531014,33.7808133295089
2024,81,4,0.9,10,3.5,6.7,26.8,5.83919967098772,36.1553175241784,30.4734912865803
2024,81,4,0.9,10,4,5.9,30,4.84698061792664,32.4436394227462,26.9023251003463
2024,81,4,0.9,10,4.5,3.9,18.6,4.03077177695087,29.0462314419708,23.5717153378294
2024,81,4,0.9,10,5,3.7,18.6,3.4000201679539,26.1692757297961,20.7096254364623
2024,81,4,0.9,10,5.5,2.7,17.1,2.92579695789329,23.8204002066678,18.3630521641094
2024,81,4,0.9,10,6,2.4,11.8,2.57078703898091,21.9269163392414,16.4899762056661
2024,81,4,0.9,50,-2,36.7,113.6,36.6670943767891,131.207084279972,113.029976065853
2024,81,4,0.9,50,-1.5,39.9,146.9,36.8276074389627,133.117623326882,115.027765456748
2024,81,4,0.9,50,-1,39.4,132.1,37.0176443882153,135.73649569382,117.661269405757
2024,81,4,0.9,50,-0.5,36.7,126.6,37.2074962478639,139.152460241072,120.963256522519
2024,81,4,0.9,50,0,34.4,116.6,37.3079919137522,143.126018512446,124.683850830836
2024,81,4,0.9,50,0.5,36.7,125.4,37.1136347436309,146.60369166364,127.924239758815
2024,81,4,0.9,50,1,37.7,125.7,36.2740638886183,147.444166537571,128.93915420885
2024,81,4,0.9,50,1.5,36.5,132.3,34.4137615620383,143.45948751714,125.937729868707
2024,81,4,0.9,50,2,31,109.1,31.3545168632961,134.078718831178,118.361393573474
2024,81,4,0.9,50,2.5,24.3,97,27.2110073712038,120.196765513197,106.825870970551
2024,81,4,0.9,50,3,23.2,84.7,22.4262487217607,103.619203144092,92.7860255923763
2024,81,4,0.9,50,3.5,18.7,73.5,17.6939491369081,86.8494681428996,78.3478042331581
2024,81,4,0.9,50,4,14.1,57.9,13.6335828197437,72.0641227604656,65.3517307280071
2024,81,4,0.9,50,4.5,10.5,46.5,10.5053676334834,60.1803907400998,54.5794696633536
2024,81,4,0.9,50,5,8.4,38.4,8.23224149263357,50.9846587700634,45.8870771288071
2024,81,4,0.9,50,5.5,6.9,28,6.6008383438026,43.8472624678153,38.819325624863
2024,81,4,0.9,50,6,5.3,29.2,5.41303421682156,38.2196136162554,33.0098360281211
2024,81,4,0.9,200,-2,71.4,225.5,71.3264762802314,259.196868461207,224.732889175602
2024,81,4,0.9,200,-1.5,71.3,231.4,72.1800915286115,265.652768543345,230.88351179945
2024,81,4,0.9,200,-1,73.2,224.8,73.0751405596896,272.977385519211,237.589373271772
2024,81,4,0.9,200,-0.5,73.9,239,73.8266468768515,279.960906962944,243.797558558726
2024,81,4,0.9,200,0,75.2,233.7,74.1427029215751,284.43637211695,247.785990000204
2024,81,4,0.9,200,0.5,74.2,233.7,73.7732862950621,284.773478243963,248.283460646245
2024,81,4,0.9,200,1,72.7,243.3,72.6183374925873,281.228435215122,245.444652300907
2024,81,4,0.9,200,1.5,70.1,224.4,70.4700392502826,273.855312319358,239.252998471811
2024,81,4,0.9,200,2,65.9,212.7,66.8216502481288,261.137341075055,228.452912378707
2024,81,4,0.9,200,2.5,61.1,209.5,60.9864982327374,240.741956750232,211.095727503144
2024,81,4,0.9,200,3,54.7,165,52.5776843634497,211.336575556302,186.060758550168
2024,81,4,0.9,200,3.5,42.8,141.2,42.2565848760358,175.237890256685,155.323062110515
2024,81,4,0.9,200,4,31.6,116.6,31.8232349828219,138.734965144488,124.233096743068
2024,81,4,0.9,200,4.5,23.5,85.7,23.0993514367476,108.174397867273,98.1776319733552
2024,81,4,0.9,200,5,14.3,55.2,16.84215404745,86.140060455878,79.3120881121786
2024,81,4,0.9,200,5.5,11.8,52.4,12.7688269290908,71.5241547584532,66.610993796191
2024,81,4,0.9,200,6,10.7,47.7,10.1806692177138,61.7453238240037,57.7810093785949
2025,89,4,0.6,10,-2,9.5,18.2,9.42474879505494,20.2536897377456,20.8907904134306
2025,89,4,0.6,10,-1.5,9.1,20.9,9.43209598608364,20.4108397266658,21.1820066122374
2025,89,4,0.6,10,-1,10.8,20.7,9.44168208268086,20.6582182500934,21.5987119248463
2025,89,4,0.6,10,-0.5,8.2,17.9,9.45235719338015,21.0436747266475,22.1868294093975
2025,89,4,0.6,10,0,8.8,27.1,9.45866535605873,21.6266581490681,22.99239541538
2025,89,4,0.6,10,0.5,9.5,22.6,9.4436414909099,22.4532631736821,24.030661002475
2025,89,4,0.6,10,1,8.8,27.6,9.3653630398943,23.4857725736385,25.2167462350005
2025,89,4,0.6,10,1.5,9.8,34.9,9.14425849461785,24.4928992007248,26.2733412594413
2025,89,4,0.6,10,2,8.1,24.9,8.68173504107169,25.0299696529825,26.7357001745587
2025,89,4,0.6,10,2.5,8.3,25.6,7.93878123692677,24.7017560752623,26.2113880025225
2025,89,4,0.6,10,3,8.3,34.9,7.00873622254355,23.5284413116094,24.7206045683172
2025,89,4,0.6,10,3.5,6.2,22.2,6.06838729240659,21.9117827927221,22.6712565890153
2025,89,4,0.6,10,4,4.6,16.8,5.25636154779603,20.2687050731242,20.5184185386112
2025,89,4,0.6,10,4.5,4.5,21.5,4.61925083770127,18.8150184632974,18.5384834745666
2025,89,4,0.6,10,5,5.1,24,4.13892518449142,17.5927610797625,16.8281023833597
2025,89,4,0.6,10,5.5,4.1,21.7,3.77544875545119,16.5654454170923,15.3840243663377
2025,89,4,0.6,10,6,3.5,17.1,3.49140385457543,15.680451617408,14.1659686338292
2025,89,4,0.6,50,-2,36.5,78.2,37.6445633273813,81.0963176967316,83.9059039550346
2025,89,4,0.6,50,-1.5,38.6,81.5,37.7825236993973,82.0330979738239,85.4134898112249
2025,89,4,0.6,50,-1,37.8,81,37.9584878518047,83.3921320010101,87.4452371286491
2025,89,4,0.6,50,-0.5,37.7,91.9,38.1475565589661,85.2482831016839,90.0368857546292
2025,89,4,0.6,50,0,38.3,92.3,38.2537046654625,87.4647492635358,92.9882040078824
2025,89,4,0.6,50,0.5,36.8,87.5,38.033981970523,89.368103021102,95.5784151157309
2025,89,4,0.6,50,1,35.8,89.2,37.0562164672273,89.5373289319259,96.4028647701566
2025,89,4,0.6,50,1.5,35.4,93.8,34.851112336792,86.4151368023462,93.9173073445047
2025,89,4,0.6,50,2,33,85.5,31.2440697417382,79.5494311400303,87.548509864887
2025,89,4,0.6,50,2.5,26.6,78.8,26.5310019617565,69.8571391816012,78.0532650738782
2025,89,4,0.6,50,3,21.8,69.6,21.4055751634002,59.0365875481852,67.0729177507631
2025,89,4,0.6,50,3.5,16.7,58.5,16.6793856345254,48.9054942238174,56.4382622596481
2025,89,4,0.6,50,4,12.4,50.9,12.8903636761446,40.6428823986911,47.3635101313189
2025,89,4,0.6,50,4.5,10,49.9,10.1441369452266,34.4993437887425,40.1576686648159
2025,89,4,0.6,50,5,9,47.5,8.26232438532178,30.128672191242,34.5644418966352
2025,89,4,0.6,50,5.5,6.1,32.2,6.99415487574067,27.0352704226679,30.1962524199575
2025,89,4,0.6,50,6,5.7,30.2,6.13051882271075,24.807895703751,26.7416783976629
2025,89,4,0.6,200,-2,74.5,167.5,76.5194132920509,166.519624473021,174.281897775149
2025,89,4,0.6,200,-1.5,77.8,166.6,77.3610462814096,170.140707639949,179.118646057689
2025,89,4,0.6,200,-1,77,187.8,78.3246505474508,174.551875246679,184.613359506326
2025,89,4,0.6,200,-0.5,79.3,190.4,79.2007709550672,179.012246008595,189.902691712058
2025,89,4,0.6,200,0,78.8,179.1,79.5930821650227,181.984700189339,193.477150166308
2025,89,4,0.6,200,0.5,80.7,186.5,79.0983432272846,182.040981533333,194.00607364245
2025,89,4,0.6,200,1,77.9,169.8,77.5114159791796,178.999696706505,191.265069497497
2025,89,4,0.6,200,1.5,75.3,181.5,74.5457924812581,172.779314430466,185.129029292647
2025,89,4,0.6,200,2,65.8,163.9,69.5750642027634,162.249160087425,174.523199012303
2025,89,4,0.6,200,2.5,62,159.2,61.935749503636,146.040603446101,158.123977333822
2025,89,4,0.6,200,3,52.6,139.6,51.6821198671944,124.277459140722,136.080845921787
2025,89,4,0.6,200,3.5,38.3,108.1,40.1961785541594,99.8933604923761,111.366231860405
2025,89,4,0.6,200,4,28.6,88.8,29.5961954462046,77.3783995203223,88.5096156493701
2025,89,4,0.6,200,4.5,21.4,77.5,21.3506541252196,59.8340216378801,70.6044068410468
2025,89,4,0.6,200,5,16.9,67.3,15.6967330915966,47.7362443480721,58.0474042765051
2025,89,4,0.6,200,5.5,11.7,52.1,12.0922614611719,39.901386928985,49.5370843882198
2025,89,4,0.6,200,6,10.2,39.9,9.83198949780967,34.8110544366252,43.4684794433402
2025,89,4,0.9,10,-2,10.3,45.2,9.42474879505494,37.6547183358702,40.1254130677577
2025,89,4,0.9,10,-1.5,8.8,29.9,9.43209598608364,38.052586487719,41.0431938348853
2025,89,4,0.9,10,-1,9.8,38,9.44168208268086,38.6820737364219,42.3293352388324
2025,89,4,0.9,10,-0.5,9.9,43.5,9.45235719338015,39.6697665073465,44.1029532236633
2025,89,4,0.9,10,0,9.6,44.7,9.45866535605873,41.1794095855645,46.475777958414
2025,89,4,0.9,10,0.5,10,62.2,9.4436414909099,43.3584283371788,49.4756224548891
2025,89,4,0.9,10,1,9.1,57.4,9.3653630398943,46.1758630833446,52.8886286938423
2025,89,4,0.9,10,1.5,9.3,57.8,9.14425849461785,49.1566347666281,56.0612402438896
2025,89,4,0.9,10,2,9.1,51.7,8.68173504107169,51.29995297972,57.9148249685887
2025,89,4,0.9,10,2.5,9.1,76,7.93878123692677,51.6381856019562,57.4925816057914
2025,89,4,0.9,10,3,7.3,59.2,7.00873622254355,50.0739606018819,54.6972039766138
2025,89,4,0.9,10,3.5,6.6,69.3,6.06838729240659,47.3705399926561,50.3158012035174
2025,89,4,0.9,10,4,5.1,43.6,5.25636154779603,44.3920445937291,45.3604405901651
2025,89,4,0.9,10,4.5,4.4,42.5,4.61925083770127,41.626201914442,40.5537912799609
2025,89,4,0.9,10,5,4.3,51.9,4.13892518449142,39.211734200685,36.2463657981746
2025,89,4,0.9,10,5.5,4,43.2,3.77544875545119,37.1176950652316,32.5361102739395
2025,89,4,0.9,10,6,3.2,30.5,3.49140385457543,35.2670362915189,29.3938277518508
2025,89,4,0.9,50,-2,38.4,142.3,37.6445633273813,150.918955424764,161.814611687739
2025,89,4,0.9,50,-1.5,36.7,126.2,37.7825236993973,153.139359657933,166.248616362774
2025,89,4,0.9,50,-1,35.4,141.2,37.9584878518047,156.399469038061,172.117527217606
2025,89,4,0.9,50,-0.5,34.2,146.7,38.1475565589661,160.934455359876,179.504794082267
2025,89,4,0.9,50,0,40.8,176.1,38.2537046654625,166.541992266939,187.962108520942
2025,89,4,0.9,50,0.5,38.1,171.4,38.033981970523,171.856918242101,195.940687042187
2025,89,4,0.9,50,1,34.3,160.2,37.0562164672273,173.869245016113,200.493990326363
2025,89,4,0.9,50,1.5,35.2,172.1,34.851112336792,169.273383892994,198.367016883264
2025,89,4,0.9,50,2,32.2,163.3,31.2440697417382,157.171331525569,188.191988730505
2025,89,4,0.9,50,2.5,25.4,149.2,26.5310019617565,139.477922672683,171.262734456415
2025,89,4,0.9,50,3,21.4,134,21.4055751634002,119.505873155104,150.670992661326
2025,89,4,0.9,50,3.5,16.3,121.5,16.6793856345254,100.689638226103,129.901929176268
2025,89,4,0.9,50,4,11.9,106.8,12.8903636761446,85.2384134406236,111.30120095239
2025,89,4,0.9,50,4.5,10.6,90.3,10.1441369452266,73.6357333064377,95.578879807721
2025,89,4,0.9,50,5,7.9,90.6,8.26232438532178,65.2657133406062,82.4677557512464
2025,89,4,0.9,50,5.5,7,69.4,6.99415487574067,59.2393452824345,71.4977243210336
2025,89,4,0.9,50,6,6.1,78.3,6.13051882271075,54.820578473464,62.3198433413378
2025,89,4,0.9,200,-2,76.7,307.8,76.5194132920509,311.140992055083,341.243311024402
2025,89,4,0.9,200,-1.5,77.5,305.2,77.3610462814096,319.228374584333,354.045077812703
2025,89,4,0.9,200,-1,79.3,311.3,78.3246505474508,329.179432804803,368.198157951424
2025,89,4,0.9,200,-0.5,76.6,304.4,79.2007709550672,339.399336585513,381.632798037307
2025,89,4,0.9,200,0,78.4,318,79.5930821650227,346.517823315475,391.085874642759
2025,89,4,0.9,200,0.5,77.4,316.4,79.0983432272846,347.459539323051,393.860510423514
2025,89,4,0.9,200,1,77.5,322.7,77.5114159791796,342.081246846704,389.64671506216
2025,89,4,0.9,200,1.5,73.4,317.4,74.5457924812581,330.630791669008,378.5233408607
2025,89,4,0.9,200,2,69.6,303.5,69.5750642027634,311.167193838713,358.766269570464
2025,89,4,0.9,200,2.5,61.7,274.5,61.935749503636,281.188719632085,328.048390869633
2025,89,4,0.9,200,3,51.1,245.7,51.6821198671944,240.930932594364,286.704805784895
2025,89,4,0.9,200,3.5,38.9,185.2,40.1961785541594,195.820780877425,240.312905796513
2025,89,4,0.9,200,4,29,166.8,29.5961954462046,154.159638237518,197.326814319964
2025,89,4,0.9,200,4.5,21.2,140.7,21.3506541252196,121.672956967188,163.440820348045
2025,89,4,0.9,200,5,13.9,119,15.6967330915966,99.2205450377145,139.207519604078
2025,89,4,0.9,200,5.5,12.1,100.3,12.0922614611719,84.5878793676456,121.955391064281
2025,89,4,0.9,200,6,9.4,89.3,9.83198949780967,74.9499217233776,108.523664731582
2026,88,5,0.6,10,-2,7.5,21.5,9.39547139036933,20.7355201098692,20.0137080514527
2026,88,5,0.6,10,-1.5,9.1,18.5,9.40686768829083,21.0105312902365,20.4763817226458
2026,88,5,0.6,10,-1,9.4,22.3,9.42246281901579,21.4791285162414,21.2128026898231
2026,88,5,0.6,10,-0.5,9.2,26.4,9.44099002282935,22.2782367613442,22.3832707478315
2026,88,5,0.6,10,0,9.5,25.4,9.45274243581149,23.601635195286,24.1951453482981
2026,88,5,0.6,10,0.5,9.1,25.2,9.42154062868695,25.613409483186,26.7939909747302
2026,88,5,0.6,10,1,8.1,24.5,9.25306163918228,28.1601142542512,29.9505881454215
2026,88,5,0.6,10,1.5,9.2,31.3,8.79654678587045,30.4401749580921,32.7319260886788
2026,88,5,0.6,10,2,8.1,36,7.97654399875802,31.3937499552085,33.9402919277429
2026,88,5,0.6,10,2.5,7.3,34.1,6.94468179830127,30.7818201589463,33.266552649189
2026,88,5,0.6,10,3,6.8,39.2,5.9625127707839,29.2772280379752,31.4271765877606
2026,88,5,0.6,10,3.5,5.5,30.2,5.17906306879477,27.5922209245655,29.2547670551483
2026,88,5,0.6,10,4,4.3,27.2,4.60347037112911,26.0697405666042,27.2089891205866
2026,88,5,0.6,10,4.5,4.3,27.2,4.18823967899747,24.7955387965978,25.4474125887289
2026,88,5,0.6,10,5,4,25.2,3.88476706116446,23.7575862183512,23.9884727631672
2026,88,5,0.6,10,5.5,3.5,29.2,3.65820428593549,22.920777969453,22.8029711569042
2026,88,5,0.6,10,6,3.7,26.3,3.48594304277733,22.2499999650772,21.8503414199387
2026,88,5,0.6,50,-2,38,84.4,37.1217521877899,82.2552048582864,79.7292865349257
2026,88,5,0.6,50,-1.5,38.2,82.3,37.3335429430228,83.8661479621709,82.1452163689152
2026,88,5,0.6,50,-1,38.8,79.5,37.6180152810369,86.4050809516549,85.7699842168204
2026,88,5,0.6,50,-0.5,38.8,91.6,37.945589021832,90.2261469492744,90.9795676538609
2026,88,5,0.6,50,0,36.9,97.4,38.143195016127,95.2360418223962,97.6309418912503
2026,88,5,0.6,50,0.5,40,110.7,37.6972998475219,99.7646098779239,103.925297305552
2026,88,5,0.6,50,1,35,100.1,35.7217596540749,100.093223781858,105.981546976738
2026,88,5,0.6,50,1.5,34,114.2,31.6308460891018,93.6170458391195,100.987099116787
2026,88,5,0.6,50,2,25.6,90.4,25.9438865328903,82.0149494928114,90.3721317416882
2026,88,5,0.6,50,2.5,21.3,92.6,20.0214194086122,69.0900798507518,77.7829486501822
2026,88,5,0.6,50,3,15.4,66,15.1020170175495,57.8784110954338,66.2555068257702
2026,88,5,0.6,50,3.5,10.5,59.4,11.6121453351211,49.4746186176382,57.0469187282271
2026,88,5,0.6,50,4,10,49.3,9.32021742646277,43.5057473536108,50.0207557350591
2026,88,5,0.6,50,4.5,7.8,47.5,7.82012331099645,39.1850975965799,44.583231736074
2026,88,5,0.6,50,5,7.4,37,6.79078204262971,35.8788596439603,40.2106658054539
2026,88,5,0.6,50,5.5,5.4,32.8,6.03602277153622,33.2047894277005,36.5692676576569
2026,88,5,0.6,50,6,5,26.2,5.4497220775409,30.964617839472,33.4769135600986
2026,88,5,0.6,200,-2,73.2,155.7,73.8416107910996,166.361323393921,163.903959862202
2026,88,5,0.6,200,-1.5,75.2,171.4,75.1098821578111,172.557921959179,172.017005673191
2026,88,5,0.6,200,-1,74.9,186.9,76.6640289113362,180.909900132719,182.444329056768
2026,88,5,0.6,200,-0.5,77.9,191.2,78.1993012132013,190.328923898827,193.786510721423
2026,88,5,0.6,200,0,78.8,200.3,78.9332892953648,197.08086953215,202.036860761736
2026,88,5,0.6,200,0.5,77.1,197.7,77.98246801729,197.314683362058,203.319991164152
2026,88,5,0.6,200,1,73.3,189.6,74.8882515917685,191.105946931302,197.890438783783
2026,88,5,0.6,200,1.5,67.7,174.5,68.8611741945398,178.14747292236,185.786002289044
2026,88,5,0.6,200,2,59.5,179.3,58.9740149182244,156.73471110864,165.56660286488
2026,88,5,0.6,200,2.5,45.5,138.8,46.0447200167183,128.659625271631,138.928553103577
2026,88,5,0.6,200,3,31.2,107.3,33.2275557000708,100.696311610494,112.159407872154
2026,88,5,0.6,200,3.5,22.8,92.1,23.3436629502494,78.8665337467072,90.784643607434
2026,88,5,0.6,200,4,18.5,76.3,16.8989314827826,64.2312360702326,75.7464128501775
2026,88,5,0.6,200,4.5,13.3,74.8,12.9985102866723,54.9265571408944,65.4302998591862
2026,88,5,0.6,200,5,9.9,52.8,10.6511873496581,48.9301172107967,58.1770069648473
2026,88,5,0.6,200,5.5,9.5,59.9,9.18691817321555,44.8701661134434,52.8762938104275
2026,88,5,0.6,200,6,7.7,42.2,8.2088951857381,41.8922240874948,48.7781056823522
2026,88,5,0.9,10,-2,9.6,52,9.39547139036933,39.3929687549635,36.6067124345577
2026,88,5,0.9,10,-1.5,10.1,50,9.40686768829083,40.1016977484525,38.0398347033727
2026,88,5,0.9,10,-1,9.4,50.7,9.42246281901579,41.3156059989394,40.2875655159729
2026,88,5,0.9,10,-0.5,10.8,42.3,9.44099002282935,43.3989812742306,43.8044214512071
2026,88,5,0.9,10,0,9.4,50.8,9.45274243581149,46.8803923306862,49.171392315755
2026,88,5,0.9,10,0.5,11.4,53.6,9.42154062868695,52.2534151033947,56.8105606985869
2026,88,5,0.9,10,1,8.7,52.3,9.25306163918228,59.2673318616284,66.1787143158634
2026,88,5,0.9,10,1.5,8.7,59.5,8.79654678587045,66.0497998464192,74.8961553456646
2026,88,5,0.9,10,2,8.5,63.7,7.97654399875802,69.9213902106497,79.7512601656058
2026,88,5,0.9,10,2.5,7.8,66.9,6.94468179830127,70.0003628487131,79.5916429121752
2026,88,5,0.9,10,3,5.9,85,5.9625127707839,67.6362433766499,75.9352287780978
2026,88,5,0.9,10,3.5,5.1,65.4,5.17906306879477,64.4679303692135,70.8855007191259
2026,88,5,0.9,10,4,4.6,60.8,4.60347037112911,61.3875635919233,65.7851605107257
2026,88,5,0.9,10,4.5,4,46.3,4.18823967899747,58.7001219700008,61.2164105970109
2026,88,5,0.9,10,5,3.9,59.6,3.88476706116446,56.4537511140881,57.3449929370653
2026,88,5,0.9,10,5.5,3.3,51.4,3.65820428593549,54.6129239348032,54.1581795560917
2026,88,5,0.9,10,6,4.1,56,3.48594304277733,53.1219509646736,51.579234776419
2026,88,5,0.9,50,-2,34.8,139.9,37.1217521877899,156.511947153192,146.761686249083
2026,88,5,0.9,50,-1.5,37.6,139.7,37.3335429430228,160.424874466963,153.781931234324
2026,88,5,0.9,50,-1,37.5,148.8,37.6180152810369,166.673005262172,164.22147751216
2026,88,5,0.9,50,-0.5,35.8,166.7,37.945589021832,176.24181132564,179.150079725428
2026,88,5,0.9,50,0,38.9,204.5,38.143195016127,189.169223560718,198.413742789483
2026,88,5,0.9,50,0.5,36.7,198,37.6972998475219,201.882129658953,217.942739214156
2026,88,5,0.9,50,1,34.8,226.9,35.7217596540749,206.001700533677,228.731132006902
2026,88,5,0.9,50,1.5,30.6,183.8,31.6308460891018,195.601117261302,224.050153665152
2026,88,5,0.9,50,2,26.2,192.9,25.9438865328903,174.267020319604,206.526459033886
2026,88,5,0.9,50,2.5,20.1,189.2,20.0214194086122,149.821303757095,183.376521285613
2026,88,5,0.9,50,3,15.5,142.6,15.1020170175495,128.257154209479,160.593460666453
2026,88,5,0.9,50,3.5,12.6,144.1,11.6121453351211,111.768632366459,140.998358854299
2026,88,5,0.9,50,4,8.4,97.5,9.32021742646277,99.7501943394817,124.898684266527
2026,88,5,0.9,50,4.5,7.1,81.9,7.82012331099645,90.788967338489,111.626227106025
2026,88,5,0.9,50,5,6.6,88.6,6.79078204262971,83.7366182352543,100.457760748048
2026,88,5,0.9,50,5.5,6.3,66.9,6.03602277153622,77.9047621682311,90.8919360783619
2026,88,5,0.9,50,6,5.6,68.5,5.4497220775409,72.9435254383944,82.6412019300851
2026,88,5,0.9,200,-2,73.9,308.2,73.8416107910996,318.581285516108,309.095651974869
2026,88,5,0.9,200,-1.5,73,306.4,75.1098821578111,332.886315878047,330.798332720839
2026,88,5,0.9,200,-1,76.2,317.7,76.6640289113362,352.422566161357,358.345593129381
2026,88,5,0.9,200,-0.5,75.3,335.7,78.1993012132013,374.81249434888,388.159075395118
2026,88,5,0.9,200,0,79,336.7,78.9332892953648,391.465608551787,410.596158847119
2026,88,5,0.9,200,0.5,75.6,377.6,77.98246801729,393.648467684505,416.829469753486
2026,88,5,0.9,200,1,72.4,365.1,74.8882515917685,382.315503087794,408.504222276258
2026,88,5,0.9,200,1.5,68.2,349.2,68.8611741945398,357.953006087358,387.438383171829
2026,88,5,0.9,200,2,58.4,318.5,58.9740149182244,317.57750938912,351.669367428938
2026,88,5,0.9,200,2.5,45.2,270.2,46.0447200167183,264.583499166666,304.222439444721
2026,88,5,0.9,200,3,32.6,227.5,33.2275557000708,211.700671440319,255.949204057716
2026,88,5,0.9,200,3.5,24.1,198,23.3436629502494,170.216680129394,216.221604180665
2026,88,5,0.9,200,4,17,165.1,16.8989314827826,142.105684755428,186.555252630616
2026,88,5,0.9,200,4.5,14,167.8,12.9985102866723,123.90953951791,164.454885353447
2026,88,5,0.9,200,5,11.2,140.8,10.6511873496581,111.909314720352,147.603100548537
2026,88,5,0.9,200,5.5,9.4,135.2,9.18691817321555,103.578764498048,134.483102597686
2026,88,5,0.9,200,6,8,78.4,8.2088951857381,97.3104144961216,123.890506767408
2027,104,8,0.6,10,-2,9.1,20.3,9.47278533655693,22.3978524914225,22.0761995955069
2027,104,8,0.6,10,-1.5,8.4,18.6,9.48595903342112,22.7736843884448,22.7956650114571
2027,104,8,0.6,10,-1,10.9,27.1,9.50310926999577,23.3998823634828,23.8865417346381
2027,104,8,0.6,10,-0.5,8.9,20.3,9.52245650091062,24.4619621350606,25.544544185112
2027,104,8,0.6,10,0,10.2,23.9,9.53427663505943,26.2595387958449,28.0355758412538
2027,104,8,0.6,10,0.5,9.6,31.6,9.5029504299119,29.1403117950043,31.5870636330862
2027,104,8,0.6,10,1,9,30.5,9.32376586714199,33.0279892635046,35.9066795476803
2027,104,8,0.6,10,1.5,7.7,28.7,8.7922139526618,36.5115842906457,39.3719586286752
2027,104,8,0.6,10,2,8,28.5,7.76822124556616,37.4002528025912,39.7156987465935
2027,104,8,0.6,10,2.5,7.1,38.5,6.44676080587544,35.377958188502,36.7000142255146
2027,104,8,0.6,10,3,4.4,33.7,5.18366816559291,31.9397828082161,32.0693045022408
2027,104,8,0.6,10,3.5,3.6,24.2,4.16383723421907,28.3395020207366,27.392089697599
2027,104,8,0.6,10,4,3.8,26.2,3.39466571780657,25.1077071552189,23.3873954285533
2027,104,8,0.6,10,4.5,2.5,17.7,2.82274354920519,22.3794186010192,20.2159345550227
2027,104,8,0.6,10,5,2,15.2,2.39498989758107,20.1396500143269,17.7986709163826
2027,104,8,0.6,10,5.5,2.2,13.4,2.07199068054339,18.3276175303564,15.9889682623152
2027,104,8,0.6,10,6,1.8,15.1,1.82614663565355,16.8745575764398,14.6434801091241
2027,104,8,0.6,50,-2,41.9,90.2,38.5505902533473,91.5784334341829,90.8355309253865
2027,104,8,0.6,50,-1.5,39.1,93.1,38.8035445301777,93.757281195852,94.510367028152
2027,104,8,0.6,50,-1,40.1,86.1,39.1279293726494,97.1278674445746,99.7989871113795
2027,104,8,0.6,50,-0.5,36.1,96.1,39.4854826931845,102.241378969424,107.195933828063
2027,104,8,0.6,50,0,38.8,107.4,39.6960108888979,109.331727815006,116.726267389659
2027,104,8,0.6,50,0.5,38.4,119.7,39.2125161743135,116.623018469151,126.346322592005
2027,104,8,0.6,50,1,38.8,142.2,37.0052806333581,118.664579567662,130.485709121475
2027,104,8,0.6,50,1.5,31.1,129.2,32.3876766843869,111.533216647401,124.917474830818
2027,104,8,0.6,50,2,25.1,94,26.0267341392523,97.7138787040924,111.392340979372
2027,104,8,0.6,50,2.5,18.3,87.7,19.5470724108011,81.9050540391795,94.1727127841044
2027,104,8,0.6,50,3,13.1,67.5,14.3074539549156,67.7972863563104,77.2348461712332
2027,104,8,0.6,50,3.5,12,69.1,10.621236501715,56.6132354093705,62.6106790929452
2027,104,8,0.6,50,4,8.2,57,8.13863488953819,47.9807960188009,50.7223395213594
2027,104,8,0.6,50,4.5,6.5,35.3,6.43569587807803,41.2280333322169,41.3511106049858
2027,104,8,0.6,50,5,5.2,29.4,5.22191357398206,35.8524825125705,34.1183377035068
2027,104,8,0.6,50,5.5,4.8,34.2,4.32627189941579,31.5227052960037,28.6195962930051
2027,104,8,0.6,50,6,4,23.3,3.64808252431059,28.0072784884688,24.4734683271849
2027,104,8,0.6,200,-2,83.1,197.8,82.2696623089006,199.187364940118,202.329458404711
2027,104,8,0.6,200,-1.5,82.6,197.6,83.9243114462187,207.830353468562,214.638309027652
2027,104,8,0.6,200,-1,88.7,230.7,85.8949457257235,219.447969528921,230.058208215155
2027,104,8,0.6,200,-0.5,86.4,220.9,87.8356246006965,233.247397778216,247.203261424706
2027,104,8,0.6,200,0,88.1,241.7,88.7997180645594,244.574363722755,261.115900636483
2027,104,8,0.6,200,0.5,86.9,263.8,87.4184762412301,246.115782912261,264.760816607096
2027,104,8,0.6,200,1,82.8,229.8,82.7968999769583,236.722727862258,257.051159642625
2027,104,8,0.6,200,1.5,73.4,226,73.9872897213906,216.692006669695,238.429954255173
2027,104,8,0.6,200,2,58.9,179.1,60.4864752740537,185.467195783686,208.531436890757
2027,104,8,0.6,200,2.5,41.6,156.3,44.6273268686506,148.357003010236,172.091380037841
2027,104,8,0.6,200,3,30.1,126.5,30.7988958429486,115.182946808045,137.785127884588
2027,104,8,0.6,200,3.5,21.3,98.9,21.2460881655614,91.0005862896291,110.262200378286
2027,104,8,0.6,200,4,15.4,67,15.348361400834,74.6386543245615,89.2633387495483
2027,104,8,0.6,200,4.5,12.2,82.9,11.7113371784988,63.1972643282512,73.0519893407374
2027,104,8,0.6,200,5,9.1,61.8,9.30577636639906,54.5152561314494,60.09577573294
2027,104,8,0.6,200,5.5,7,45.7,7.58719717093081,47.5437348253955,49.601670727973
2027,104,8,0.6,200,6,6.7,51.3,6.3028147218354,41.8559869665079,41.2435082258849
2027,104,8,0.9,10,-2,10.1,37.2,9.47278533655693,49.9733744538267,48.5171301601626
2027,104,8,0.9,10,-1.5,9.8,41.7,9.48595903342112,51.1229345677689,51.2224491601736
2027,104,8,0.9,10,-1,8.3,35.9,9.50310926999577,53.048530765417,55.2518217701065
2027,104,8,0.9,10,-0.5,9.3,63.3,9.52245650091062,56.3352716340274,61.2365299557447
2027,104,8,0.9,10,0,9.5,72.9,9.53427663505943,61.9427448106069,69.9835361280644
2027,104,8,0.9,10,0.5,8.8,73.5,9.5029504299119,71.036456946012,82.113827762391
2027,104,8,0.9,10,1,9.8,72.7,9.32376586714199,83.6007503204611,96.6336698209201
2027,104,8,0.9,10,1.5,9.4,87.2,8.7922139526618,95.6506275451593,108.600623831194
2027,104,8,0.9,10,2,7.3,64.1,7.76822124556616,100.619942665773,111.102842045998
2027,104,8,0.9,10,2.5,5.8,54,6.44676080587544,97.1024242407295,103.087871859113
2027,104,8,0.9,10,3,4.1,47.5,5.18366816559291,89.0237281460562,89.6101218338612
2027,104,8,0.9,10,3.5,3.4,46.3,4.16383723421907,79.9180793146558,75.6287854614515
2027,104,8,0.9,10,4,3.3,45.2,3.39466571780657,71.4322982659552,63.643796539119
2027,104,8,0.9,10,4.5,2.6,35,2.82274354920519,64.1034201819231,54.308509778745
2027,104,8,0.9,10,5,2.5,34.4,2.39498989758107,57.9977329861064,47.3992353625584
2027,104,8,0.9,10,5.5,1.8,28.2,2.07199068054339,53.0088605628861,42.4209109603407
2027,104,8,0.9,10,6,1.7,27,1.82614663565355,48.9802156302723,38.8792842481586
2027,104,8,0.9,50,-2,37.6,137.2,38.5505902533473,204.712890434012,201.349489846233
2027,104,8,0.9,50,-1.5,37.9,188.2,38.8035445301777,211.00061573203,214.41012007616
2027,104,8,0.9,50,-1,39.9,195.6,39.1279293726494,220.870247035877,232.963415858146
2027,104,8,0.9,50,-0.5,41,191.7,39.4854826931845,236.130555350557,258.561698773041
2027,104,8,0.9,50,0,39.4,232.8,39.6960108888979,257.898943633362,291.37682055162
2027,104,8,0.9,50,0.5,41.9,253.4,39.2125161743135,281.777673417961,325.798748074115
2027,104,8,0.9,50,1,37,234,37.0052806333581,292.884006377349,346.402730057437
2027,104,8,0.9,50,1.5,31.5,253.4,32.3876766843869,280.389559854473,340.985157941812
2027,104,8,0.9,50,2,26.4,227.4,26.0267341392523,250.65779811929,312.58536938451
2027,104,8,0.9,50,2.5,18.8,183.1,19.5470724108011,214.945282869033,270.485613053424
2027,104,8,0.9,50,3,14.2,170.7,14.3074539549156,181.917393468846,224.644795588063
2027,104,8,0.9,50,3.5,9.9,147.5,10.621236501715,154.736777885162,181.88947338917
2027,104,8,0.9,50,4,7.7,105.8,8.13863488953819,132.983711368145,145.395715525822
2027,104,8,0.9,50,4.5,6.6,83.6,6.43569587807803,115.457192383728,116.014409739534
2027,104,8,0.9,50,5,4.9,80.7,5.22191357398206,101.202543472912,93.3514141510451
2027,104,8,0.9,50,5.5,4.2,58.4,4.32627189941579,89.5460669885079,76.4025947139369
2027,104,8,0.9,50,6,3.7,56.8,3.64808252431059,79.9774180047874,63.9785230854242
2027,104,8,0.9,200,-2,83.2,347.1,82.2696623089006,448.630299206597,462.855744511387
2027,104,8,0.9,200,-1.5,80.4,358,83.9243114462187,472.182850993147,503.005040254726
2027,104,8,0.9,200,-1,85.5,438.6,85.8949457257235,504.382221467735,552.41878428885
2027,104,8,0.9,200,-0.5,84.8,428.5,87.8356246006965,543.482191671673,606.665663844392
2027,104,8,0.9,200,0,86.3,434.4,88.7997180645594,576.918258811625,651.808051644003
2027,104,8,0.9,200,0.5,85.6,478.2,87.4184762412301,584.695150666959,669.108268870022
2027,104,8,0.9,200,1,81.4,455.1,82.7968999769583,565.122185797332,657.156683714833
2027,104,8,0.9,200,1.5,70.9,436.3,73.9872897213906,521.151318888065,619.567227867263
2027,104,8,0.9,200,2,59.8,377.5,60.4864752740537,452.112510813486,556.533052106181
2027,104,8,0.9,200,2.5,45.2,360.5,44.6273268686506,369.663393787368,477.117893805906
2027,104,8,0.9,200,3,28.4,281,30.7988958429486,295.21560913651,397.544229941836
2027,104,8,0.9,200,3.5,19.9,223.6,21.2460881655614,239.821220793845,327.025831601174
2027,104,8,0.9,200,4,14.4,205.1,15.348361400834,201.13399512905,267.345471882289
2027,104,8,0.9,200,4.5,10.9,177.5,11.7113371784988,173.042056456723,217.65812317738
2027,104,8,0.9,200,5,8.8,132.8,9.30577636639906,150.969300604302,176.234423127821
2027,104,8,0.9,200,5.5,7.9,105,7.58719717093081,132.790671528354,142.107725572978
2027,104,8,0.9,200,6,5.7,87.5,6.3028147218354,117.708380638369,114.935457769187
2028,93,5,0.6,10,-2,10.4,22.7,9.42265493359389,21.3490310031676,19.6888652542984
2028,93,5,0.6,10,-1.5,8.8,18.9,9.43508143847925,21.654417984652,19.9289592236057
2028,93,5,0.6,10,-1,9.6,20.9,9.45145523857865,22.1534727441897,20.3148897960225
2028,93,5,0.6,10,-0.5,9.3,23.9,9.46998908776925,22.9640941354588,20.9304375442632
2028,93,5,0.6,10,0,10.3,25.9,9.48112857320445,24.2383166589639,21.8778522924766
2028,93,5,0.6,10,0.5,8.4,24.3,9.45430512222618,26.0886883460722,23.2171096421603
2028,93,5,0.6,10,1,8.6,23.2,9.31827662004304,28.3912149431238,24.816642855785
2028,93,5,0.6,10,1.5,8.5,22.3,8.96498046791106,30.5758732005049,26.2127542934696
2028,93,5,0.6,10,2,9.7,27.6,8.32965660268962,31.8365871683025,26.8036217869452
2028,93,5,0.6,10,2.5,8.3,23.3,7.49307295184306,31.8164885653874,26.3792883248253
2028,93,5,0.6,10,3,5.7,24.5,6.63755425917567,30.8511183482209,25.2668486963897
2028,93,5,0.6,10,3.5,6.6,23.8,5.90090677032896,29.4867203221288,23.9218110022415
2028,93,5,0.6,10,4,6.5,26.6,5.32094086783708,28.0789315804359,22.6182246074339
2028,93,5,0.6,10,4.5,4.1,20.9,4.87543887425986,26.767898812357,21.4479042867122
2028,93,5,0.6,10,5,3.7,12.1,4.52782117306108,25.5811207037859,20.4141145076964
2028,93,5,0.6,10,5.5,4.8,21.6,4.24726380665463,24.5066931020635,19.4935705669167
2028,93,5,0.6,10,6,4.1,16.4,4.01231758007732,23.5245435374228,18.661060439181
2028,93,5,0.6,50,-2,37.5,72.7,37.6191506475517,85.6057620048036,78.9003293576976
2028,93,5,0.6,50,-1.5,40.7,86.5,37.8522443894166,87.3966455599187,80.3587760851603
2028,93,5,0.6,50,-1,38.7,74.7,38.153923592652,90.1032469896035,82.5225971349854
2028,93,5,0.6,50,-0.5,39,86,38.485550550755,93.9881835106711,85.5575544449653
2028,93,5,0.6,50,0,40.6,96.2,38.6760561541856,98.8745684595412,89.2456037552519
2028,93,5,0.6,50,0.5,40.4,99.4,38.2760726270241,103.312420342112,92.3294374256952
2028,93,5,0.6,50,1,36.3,88.1,36.5494333990372,104.256885193898,92.2933986963912
2028,93,5,0.6,50,1.5,34.7,92.5,32.9704437630575,99.2393146593726,87.1216028264811
2028,93,5,0.6,50,2,26.6,79.1,27.8821789657403,89.1135298071496,77.5474600975379
2028,93,5,0.6,50,2.5,22.8,63.3,22.3717359621432,77.0231293186515,66.3110968078873
2028,93,5,0.6,50,3,18,57.8,17.5231658417282,65.8380621015633,55.9838026851952
2028,93,5,0.6,50,3.5,14.2,46.6,13.8453888343551,56.9280883664325,47.8015642334202
2028,93,5,0.6,50,4,10.8,41,11.2852511072206,50.3386370290632,41.7916794812403
2028,93,5,0.6,50,4.5,9.8,38.9,9.5555481285349,45.5474203214015,37.4627301045956
2028,93,5,0.6,50,5,8.8,32.4,8.37313160400668,41.9922228915768,34.2898863491247
2028,93,5,0.6,50,5.5,7.2,33.7,7.53362846809803,39.2474325593892,31.8763111819531
2028,93,5,0.6,50,6,6.7,29.6,6.90704513608619,37.0316446279248,29.9587831171105
2028,93,5,0.6,200,-2,77,160.1,76.7024199122052,177.676207219776,163.336927570452
2028,93,5,0.6,200,-1.5,78,172.4,78.1276118191976,184.59380714953,169.112759409358
2028,93,5,0.6,200,-1,80.9,163.5,79.8155255860583,193.52452365282,176.451751887936
2028,93,5,0.6,200,-0.5,82.1,197.7,81.4227775528627,203.192741205337,184.250559647005
2028,93,5,0.6,200,0,82.7,201.8,82.1727959695868,210.073118836538,189.615010365251
2028,93,5,0.6,200,0.5,80.4,198.9,81.1942734886122,210.521151164503,189.551042272256
2028,93,5,0.6,200,1,77.1,191.9,78.020314512651,204.194758012614,183.591200600885
2028,93,5,0.6,200,1.5,71.9,175.8,72.0935397464588,191.214211773172,171.566857336431
2028,93,5,0.6,200,2,61.9,143.4,62.7906470309236,170.616606946172,152.512454129
2028,93,5,0.6,200,2.5,51.5,125.1,50.7435182350306,143.853916029466,127.761789353507
2028,93,5,0.6,200,3,39.9,98.9,38.3689033665515,116.2443797698,102.23578752535
2028,93,5,0.6,200,3.5,27.4,83.1,28.1628832717705,93.2363206345634,80.9793084746044
2028,93,5,0.6,200,4,22.2,64.3,20.9765083694622,76.6406834656425,65.672323356459
2028,93,5,0.6,200,4.5,17.5,61.7,16.2917426062757,65.3174186124218,55.2599527407268
2028,93,5,0.6,200,5,12.9,48.1,13.2640084653421,57.5032456174122,48.1046229493224
2028,93,5,0.6,200,5.5,11.3,47.9,11.254949514872,51.9300645748672,43.0249190818537
2028,93,5,0.6,200,6,9.5,41.2,9.87967058641097,47.8552893384575,39.3288508938545
2028,93,5,0.9,10,-2,10.5,54,9.42265493359389,44.7487370010181,37.468731997104
2028,93,5,0.9,10,-1.5,9.2,42.2,9.43508143847925,45.6289162732553,38.0625944026704
2028,93,5,0.9,10,-1,10.1,31.8,9.45145523857865,47.0749973948435,39.0126138214653
2028,93,5,0.9,10,-0.5,9.9,31.6,9.46998908776925,49.4397049142939,40.5219024778617
2028,93,5,0.9,10,0,8.5,46.3,9.48112857320445,53.1921128957529,42.841223286512
2028,93,5,0.9,10,0.5,9.4,43.6,9.45430512222618,58.7255660214786,46.1333851817944
2028,93,5,0.9,10,1,9,42.9,9.31827662004304,65.8125696506799,50.1376873683514
2028,93,5,0.9,10,1.5,8.9,41.2,8.96498046791106,72.976727688389,53.8439829624341
2028,93,5,0.9,10,2,7.9,60,8.32965660268962,77.9574927089649,55.88739929464
2028,93,5,0.9,10,2.5,6.9,39.5,7.49307295184306,79.5393484601458,55.6966417993586
2028,93,5,0.9,10,3,6.6,54.9,6.63755425917567,78.3584481136505,53.8708262986442
2028,93,5,0.9,10,3.5,6.7,47.4,5.90090677032896,75.762395314487,51.3596706331106
2028,93,5,0.9,10,4,5.1,41.6,5.32094086783708,72.7304073237843,48.7846211181363
2028,93,5,0.9,10,4.5,4.6,33.7,4.87543887425986,69.7211918439344,46.3924448234222
2028,93,5,0.9,10,5,5,45.7,4.52782117306108,66.8879700291612,44.2300932548651
2028,93,5,0.9,10,5.5,4.2,39.7,4.24726380665463,64.2559586317853,42.2728782279396
2028,93,5,0.9,10,6,4.4,35,4.01231758007732,61.8077863348997,40.4808909235426
2028,93,5,0.9,50,-2,37.9,137.1,37.6191506475517,179.756121765591,150.352079875442
2028,93,5,0.9,50,-1.5,35.8,176.7,37.8522443894166,184.603409330093,153.741596268335
2028,93,5,0.9,50,-1,35.7,159.8,38.153923592652,192.028499655175,158.786536367998
2028,93,5,0.9,50,-0.5,40.6,173,38.485550550755,202.885076061457,165.915862700511
2028,93,5,0.9,50,0,40.1,186.9,38.6760561541856,216.984837768168,174.760794007788
2028,93,5,0.9,50,0.5,38.6,153.3,38.2760726270241,230.914586065318,182.753027110211
2028,93,5,0.9,50,1,37.6,186.6,36.5494333990372,237.099792093782,184.638619692514
2028,93,5,0.9,50,1.5,34.4,189.6,32.9704437630575,229.259707001295,176.122239950474
2028,93,5,0.9,50,2,28.7,154.5,27.8821789657403,209.250241846236,158.531784716913
2028,93,5,0.9,50,2.5,21.4,113.1,22.3717359621432,184.249878622464,137.276466278805
2028,93,5,0.9,50,3,15.6,98.2,17.5231658417282,160.632521139379,117.420535884358
2028,93,5,0.9,50,3.5,13.1,105,13.8453888343551,141.456908920418,101.436120994919
2028,93,5,0.9,50,4,11.2,83.5,11.2852511072206,126.961891524876,89.482565283642
2028,93,5,0.9,50,4.5,11,93,9.5555481285349,116.163944797256,80.7117104203381
2028,93,5,0.9,50,5,8.7,67.6,8.37313160400668,107.953320164954,74.1777476902945
2028,93,5,0.9,50,5.5,7.5,58.3,7.53362846809803,101.470331408173,69.1471729833337
2028,93,5,0.9,50,6,7,59.8,6.90704513608619,96.1365032454857,65.1212463497267
2028,93,5,0.9,200,-2,75.8,333.3,76.7024199122052,375.788099944212,312.908819564702
2028,93,5,0.9,200,-1.5,76,343.8,78.1276118191976,393.481876325479,325.595820315078
2028,93,5,0.9,200,-1,79.5,313.4,79.8155255860583,416.623066626022,341.75712991838
2028,93,5,0.9,200,-0.5,82.7,354.5,81.4227775528627,442.107004198109,359.043504891712
2028,93,5,0.9,200,0,82.6,386.2,82.1727959695868,461.015226871522,371.304225338674
2028,93,5,0.9,200,0.5,80,403.9,81.1942734886122,464.262178412184,372.306000077485
2028,93,5,0.9,200,1,76.4,316.7,78.020314512651,451.750668133018,361.401857384466
2028,93,5,0.9,200,1.5,73.7,356.1,72.0935397464588,424.930529909625,338.774771841145
2028,93,5,0.9,200,2,61.6,324.2,62.7906470309236,382.172552040818,302.783898714842
2028,93,5,0.9,200,2.5,50.8,233,50.7435182350306,326.537735575545,255.972032841111
2028,93,5,0.9,200,3,39.2,173.1,38.3689033665515,269.037084078989,207.607903464432
2028,93,5,0.9,200,3.5,25.9,139.8,28.1628832717705,220.911256732175,167.162942795259
2028,93,5,0.9,200,4,20.2,134.6,20.9765083694622,185.854523802814,137.757087426974
2028,93,5,0.9,200,4.5,15.9,96.8,16.2917426062757,161.506436818578,117.403369445633
2028,93,5,0.9,200,5,13.1,91.3,13.2640084653421,144.301208124108,103.087238916397
2028,93,5,0.9,200,5.5,10.4,78,11.254949514872,131.735172872668,92.6851540454048
2028,93,5,0.9,200,6,10.2,76.6,9.87967058641097,122.363950536168,84.9746027649866
2029,98,4,0.6,10,-2,8.9,16.9,9.4677138857957,18.9156179023775,17.9952101200714
2029,98,4,0.6,10,-1.5,8.6,16.5,9.47628372268033,19.0859015181147,18.1000284195732
2029,98,4,0.6,10,-1,9.2,17,9.48734464381882,19.3541439341344,18.2688112985695
2029,98,4,0.6,10,-0.5,10,17.7,9.49955133456144,19.7734049793913,18.5367081835643
2029,98,4,0.6,10,0,9.4,16.6,9.50671598094105,20.4103806341926,18.9460685384177
2029,98,4,0.6,10,0.5,9.4,18.3,9.48983680298854,21.3175653539691,19.5235740748158
2029,98,4,0.6,10,1,8.3,17.6,9.40299937210068,22.4554669795452,20.2204413899948
2029,98,4,0.6,10,1.5,6.7,14.8,9.16349698116764,23.5801634806777,20.8318598534234
2029,98,4,0.6,10,2,8.5,21.1,8.68081529063726,24.2464033567102,21.0149561299549
2029,98,4,0.6,10,2.5,7.8,18,7.9410973656609,24.0949616636444,20.5255534725254
2029,98,4,0.6,10,3,7.5,20.5,7.05792291568951,23.1740764653975,19.457485753954
2029,98,4,0.6,10,3.5,5.6,14.8,6.19729527552191,21.8500029114747,18.1404775655949
2029,98,4,0.6,10,4,4.9,14,5.46796077168588,20.4746403166297,16.8606554082983
2029,98,4,0.6,10,4.5,5.1,17.1,4.89511887765234,19.2271261871135,15.7441579604094
2029,98,4,0.6,10,5,4.2,14.6,4.4560731376186,18.1506796913216,14.8033558362691
2029,98,4,0.6,10,5.5,3.9,12,4.11621280862564,17.2286026687464,14.007237386647
2029,98,4,0.6,10,6,3,11.3,3.84573167920676,16.4300763209334,13.3200568634848
2029,98,4,0.6,50,-2,38.8,70.7,38.4443208783076,77.0104829595732,73.1784193937206
2029,98,4,0.6,50,-1.5,38.3,71.3,38.6084308771805,78.0362308512111,73.8990049769235
2029,98,4,0.6,50,-1,38.4,74.1,38.8161810930459,79.5283353204546,74.9483370651295
2029,98,4,0.6,50,-0.5,39.1,71.1,39.0385745152275,81.5843549806886,76.3787880964783
2029,98,4,0.6,50,0,41,79.4,39.1634419625564,84.0816911963493,78.0493765786711
2029,98,4,0.6,50,0.5,36.9,74.1,38.9040674602197,86.305081234957,79.3238857746774
2029,98,4,0.6,50,1,40.3,78.9,37.7505925408882,86.6839342621665,78.867995177364
2029,98,4,0.6,50,1.5,36.6,79.1,35.1767542075449,83.4957927330574,75.2355858926453
2029,98,4,0.6,50,2,29.8,63.5,31.0877200975134,76.394908189244,68.1436356914838
2029,98,4,0.6,50,2.5,26.9,60.4,26.0103591446756,66.7328270077055,58.8033865995621
2029,98,4,0.6,50,3,19.9,46.4,20.834189731593,56.530484318892,49.0857759411777
2029,98,4,0.6,50,3.5,15.8,38.6,16.3517166080323,47.4706306172673,40.5730948677761
2029,98,4,0.6,50,4,12.9,33.9,12.9189800079624,40.3232472240616,33.9764729460108
2029,98,4,0.6,50,4.5,9.9,28.5,10.4805351405024,35.0406422390548,29.2167556142116
2029,98,4,0.6,50,5,9.4,27.4,8.80110807559193,31.2173176497528,25.8699450356999
2029,98,4,0.6,50,5.5,7.4,21.2,7.64300918038936,28.4301853209313,23.5014651596955
2029,98,4,0.6,50,6,6.8,21,6.82823753560344,26.3551142263462,21.7824454660803
2029,98,4,0.6,200,-2,79.5,141.3,81.3192695184817,164.662158888013,155.752164328393
2029,98,4,0.6,200,-1.5,81.9,152.3,82.3799837914881,168.803378890926,159.005043118059
2029,98,4,0.6,200,-1,85.1,162,83.6049611690261,173.936131287676,163.030033051099
2029,98,4,0.6,200,-0.5,84.1,161.6,84.7425604285089,179.298601199179,167.179907916699
2029,98,4,0.6,200,0,85.6,164.7,85.2675843861041,183.064673076122,169.930973127119
2029,98,4,0.6,200,0.5,83.1,164.7,84.5683020787227,183.224068560634,169.585979882981
2029,98,4,0.6,200,1,80.7,156.1,82.2757381255636,179.216127461379,165.558332108083
2029,98,4,0.6,200,1.5,77.7,154.6,78.0097986209345,170.948018105419,157.57347258993
2029,98,4,0.6,200,2,71.6,139.6,71.1179031518901,157.417707770473,144.589872524314
2029,98,4,0.6,200,2.5,60.3,123.1,61.2556257134765,138.007846668916,125.992897147287
2029,98,4,0.6,200,3,51.3,107,49.2994603698255,114.455051077284,103.44033846759
2029,98,4,0.6,200,3.5,37.8,78.4,37.3765310267098,90.9388506439878,80.9411091329256
2029,98,4,0.6,200,4,28.8,61.1,27.5079080850281,71.4118725001796,62.298184222862
2029,98,4,0.6,200,4.5,19.6,49.8,20.4346933187014,57.2913238140003,48.8956400086535
2029,98,4,0.6,200,5,17.8,45.7,15.7724206869924,47.7808103212007,39.9956220154547
2029,98,4,0.6,200,5.5,12.7,32,12.7588230411292,41.3693995742638,34.1572669968009
2029,98,4,0.6,200,6,11,29.8,10.7448098641769,36.8106858202313,30.1666670555099
2029,98,4,0.9,10,-2,10.1,26.5,9.4677138857957,29.6921895311442,26.7630895952034
2029,98,4,0.9,10,-1.5,9.5,23.9,9.47628372268033,30.0469288862819,26.9094925398091
2029,98,4,0.9,10,-1,9.3,22.1,9.48734464381882,30.6085204722673,27.1545647208913
2029,98,4,0.9,10,-0.5,11.1,26.1,9.49955133456144,31.492080308084,27.5564242053522
2029,98,4,0.9,10,0,8.8,22.1,9.50671598094105,32.8474378847307,28.1874202834183
2029,98,4,0.9,10,0.5,9.7,25.3,9.48983680298854,34.8086384757478,29.0994519153295
2029,98,4,0.9,10,1,8.8,27.4,9.40299937210068,37.3435153611663,30.2307839859763
2029,98,4,0.9,10,1.5,9,30.2,9.16349698116764,40.0242593253578,31.2780751521141
2029,98,4,0.9,10,2,7.7,25.6,8.68081529063726,42.0009946865446,31.7172573618022
2029,98,4,0.9,10,2.5,6.9,27.8,7.9410973656609,42.5205590641966,31.1612968926432
2029,98,4,0.9,10,3,6.7,25.4,7.05792291568951,41.5566598197388,29.7290049214596
2029,98,4,0.9,10,3.5,6.2,25,6.19729527552191,39.7039655180947,27.8987953947361
2029,98,4,0.9,10,4,5.3,23.1,5.46796077168588,37.5917232952671,26.0906004592986
2029,98,4,0.9,10,4.5,4.6,21.1,4.89511887765234,35.5746571403645,24.4904809677544
2029,98,4,0.9,10,5,4.2,18.5,4.4560731376186,33.7711716220969,23.1186692444651
2029,98,4,0.9,10,5.5,4.4,19.6,4.11621280862564,32.1850002256967,21.9333476181994
2029,98,4,0.9,10,6,4.1,18.1,3.84573167920676,30.7841691646623,20.8868628090349
2029,98,4,0.9,50,-2,39.7,101.1,38.4443208783076,121.000240622856,108.805105639168
2029,98,4,0.9,50,-1.5,38.6,91,38.6084308771805,123.008799353082,109.842517758868
2029,98,4,0.9,50,-1,39.2,99.3,38.8161810930459,125.965878020195,111.390520386137
2029,98,4,0.9,50,-0.5,39.4,97.3,39.0385745152275,130.113388497871,113.547225194827
2029,98,4,0.9,50,0,38,98.4,39.1634419625564,135.316835992189,116.119635903392
2029,98,4,0.9,50,0.5,41,105.4,38.9040674602197,140.372144080122,118.155231567431
2029,98,4,0.9,50,1,37.6,104.7,37.7505925408882,142.498817771648,117.625422399814
2029,98,4,0.9,50,1.5,35.5,102.3,35.1767542075449,138.609983011603,112.322752729295
2029,98,4,0.9,50,2,31.2,94.2,31.0877200975134,128.073688679775,101.814890993316
2029,98,4,0.9,50,2.5,27.2,81.4,26.0103591446756,113.182133759328,87.9475324901537
2029,98,4,0.9,50,3,19.5,61.8,20.834189731593,97.2467823281046,73.554789223023
2029,98,4,0.9,50,3.5,15.2,52.4,16.3517166080323,82.9658267201673,61.0151523447702
2029,98,4,0.9,50,4,12.4,42.7,12.9189800079624,71.5814022677452,51.3834677341087
2029,98,4,0.9,50,4.5,10.6,39,10.4805351405024,63.0546602575704,44.5207601019101
2029,98,4,0.9,50,5,9.2,35,8.80110807559193,56.7859398221857,39.7684948566186
2029,98,4,0.9,50,5.5,8.5,33.8,7.64300918038936,52.1406815585279,36.4555535249799
2029,98,4,0.9,50,6,6.9,28.8,6.82823753560344,48.6280739192641,34.0760416241715
2029,98,4,0.9,200,-2,81.5,219.4,81.3192695184817,259.725637037538,231.370526405568
2029,98,4,0.9,200,-1.5,83.6,219.7,82.3799837914881,267.380577183342,236.198415063067
2029,98,4,0.9,200,-1,83.4,216.3,83.6049611690261,276.97065866914,242.26316025351
2029,98,4,0.9,200,-0.5,85.1,223.7,84.7425604285089,287.152146759053,248.585693498019
2029,98,4,0.9,200,0,85.5,228.9,85.2675843861041,294.615058167156,252.818454076193
2029,98,4,0.9,200,0.5,83.7,226.1,84.5683020787227,295.753888107621,252.352120499812
2029,98,4,0.9,200,1,81.5,225.7,82.2757381255636,289.789334763701,246.324852755307
2029,98,4,0.9,200,1.5,78.5,218.9,78.0097986209345,276.95622665271,234.393157146168
2029,98,4,0.9,200,2,72,192.1,71.1179031518901,255.853934936677,215.030712751786
2029,98,4,0.9,200,2.5,61.9,168,61.2556257134765,225.553804517509,187.317504748338
2029,98,4,0.9,200,3,50.7,143.7,49.2994603698255,188.773533678419,153.720381565097
2029,98,4,0.9,200,3.5,39.1,115.3,37.3765310267098,152.033689556981,120.216939869977
2029,98,4,0.9,200,4,30.1,95.4,27.5079080850281,121.490092651053,92.4867484133612
2029,98,4,0.9,200,4.5,19.5,62.5,20.4346933187014,99.3311368593568,72.6127655361552
2029,98,4,0.9,200,5,15.7,53.9,15.7724206869924,84.290569841314,59.5150355552919
2029,98,4,0.9,200,5.5,13.6,48.4,12.7588230411292,74.0035083468022,51.0516630052593
2029,98,4,0.9,200,6,11.4,42.5,10.7448098641769,66.5422303843975,45.3983468664052
2030,90,4,0.6,10,-2,10.4,23.4,9.43308300678654,18.1910376629376,18.6549627398202
2030,90,4,0.6,10,-1.5,9.4,17.4,9.43881801693012,18.3131860600983,18.7436501167079
2030,90,4,0.6,10,-1,10.5,20.7,9.44707944190257,18.5269878596363,18.9059477622634
2030,90,4,0.6,10,-0.5,11.1,22.6,9.45748718425622,18.8995421445438,19.1984978119552
2030,90,4,0.6,10,0,9.9,20.1,9.46446148670673,19.5273268654786,19.7025755296491
2030,90,4,0.6,10,0.5,9.5,20.4,9.44428273972802,20.4998351889084,20.4899094467432
2030,90,4,0.6,10,1,9.2,18.5,9.32747723766031,21.7665480282562,21.5006631342385
2030,90,4,0.6,10,1.5,10.3,25.4,8.97794968035056,22.9342117867952,22.3622837825092
2030,90,4,0.6,10,2,8.4,21.6,8.26433522774036,23.3421563644597,22.4746175068837
2030,90,4,0.6,10,2.5,7.4,22.4,7.23861533066838,22.6854098739101,21.5985692814746
2030,90,4,0.6,10,3,5.3,18.2,6.1626066351918,21.3799285690323,20.1737941920597
2030,90,4,0.6,10,3.5,5.6,15.9,5.28050887730254,20.050095790329,18.8047901153601
2030,90,4,0.6,10,4,4.4,13.5,4.66761520270829,19.019125699672,17.7808845858129
2030,90,4,0.6,10,4.5,5,17.4,4.28018277791657,18.3185890810428,17.1067025123393
2030,90,4,0.6,10,5,3.9,17,4.04571431518385,17.8691977133901,16.6875777878265
2030,90,4,0.6,10,5.5,3.8,17.2,3.90537641654903,17.5857545792709,16.4314844957276
2030,90,4,0.6,10,6,4,16,3.82070144692215,17.4062264192125,16.2742495395238
2030,90,4,0.6,50,-2,37.7,66.2,37.7920814440079,73.0107953488988,74.8175893151017
2030,90,4,0.6,50,-1.5,37.5,72.7,37.9011458843555,73.736774679018,75.39878920048
2030,90,4,0.6,50,-1,38,76.8,38.0553897161539,74.9172767112389,76.3657531306659
2030,90,4,0.6,50,-0.5,37,73.9,38.2431949401027,76.7356638561793,77.8739349139535
2030,90,4,0.6,50,0,36.6,77.3,38.3621921336311,79.1498878326954,79.8602212135768
2030,90,4,0.6,50,0.5,36.9,85.7,38.0719808536537,81.310037402824,81.4934819671378
2030,90,4,0.6,50,1,35.7,75.2,36.6920556742168,81.1181765034119,80.7602181992792
2030,90,4,0.6,50,1.5,31.9,75.7,33.524544382825,76.4483235946591,75.6206669648764
2030,90,4,0.6,50,2,27.5,61.2,28.5162321372718,67.3256024947352,66.099970048188
2030,90,4,0.6,50,2.5,22,52.9,22.4749402624408,55.8268196270698,54.2613959049586
2030,90,4,0.6,50,3,17.4,42.2,16.6828004297804,44.6465631519119,42.8399437859949
2030,90,4,0.6,50,3.5,11.4,32.3,12.1223617339412,35.7273498384056,33.8143891480542
2030,90,4,0.6,50,4,9.7,28.6,9.01559019342034,29.5340180391376,27.6355938703806
2030,90,4,0.6,50,4.5,6.8,22.2,7.07263055209213,25.5537817013163,23.7441196845132
2030,90,4,0.6,50,5,6.2,23.1,5.90170458207858,23.0697005123147,21.3771673568756
2030,90,4,0.6,50,5.5,5.2,18.2,5.19956825758033,21.5190094005173,19.9422748988793
2030,90,4,0.6,50,6,5,19.2,4.77302095852755,20.5366563941779,19.0603140341821
2030,90,4,0.6,200,-2,75.3,140.8,77.224387759809,150.340306478406,153.605469089788
2030,90,4,0.6,200,-1.5,79,150,77.9272524795142,153.293535104631,156.194226853875
2030,90,4,0.6,200,-1,79.2,155,78.8378959155413,157.413160161688,159.855273929781
2030,90,4,0.6,200,-0.5,80.3,163.1,79.781169406199,162.149162982817,164.080358885459
2030,90,4,0.6,200,0,81.1,157.9,80.2468779100294,165.56747756692,167.053368568468
2030,90,4,0.6,200,0.5,80.6,162.7,79.6211483514092,165.548564177567,166.752955139098
2030,90,4,0.6,200,1,76.6,157.1,77.5763390717165,161.878622896954,162.887667134055
2030,90,4,0.6,200,1.5,71.2,148.4,73.5375237979409,154.19700312425,154.952459553013
2030,90,4,0.6,200,2,64.2,133.4,66.3867297218145,140.539609967437,140.882699341328
2030,90,4,0.6,200,2.5,56.3,118.8,55.4591756120968,119.65210377595,119.377551226573
2030,90,4,0.6,200,3,40.3,85.8,42.1227663562854,94.1475438544558,93.1286189128836
2030,90,4,0.6,200,3.5,26.8,63.5,29.5264939252593,70.0302564211228,68.3292637491859
2030,90,4,0.6,200,4,19.8,49.2,20.0088792179923,51.7425411717643,49.574588849728
2030,90,4,0.6,200,4.5,12.3,35.2,13.8330473237647,39.7605388982445,37.3755909035276
2030,90,4,0.6,200,5,9.7,29.6,10.1222590023174,32.405274535117,30.0060726249781
2030,90,4,0.6,200,5.5,7.8,24.8,7.92763005559168,27.8903557993644,25.6056195961524
2030,90,4,0.6,200,6,6.4,22,6.59917251276078,25.0153270910405,22.9057578760167
2030,90,4,0.9,10,-2,11.4,36.7,9.43308300678654,27.156030964271,28.563015927735
2030,90,4,0.9,10,-1.5,7.9,22.6,9.43881801693012,27.3973447688547,28.7028496556165
2030,90,4,0.9,10,-1,10.2,23.7,9.44707944190257,27.8215459314266,28.9708497981953
2030,90,4,0.9,10,-0.5,8.6,27.2,9.45748718425622,28.564807927845,29.4714761588805
2030,90,4,0.9,10,0,9.8,29.7,9.46446148670673,29.8280790678832,30.3595705686489
2030,90,4,0.9,10,0.5,8,22.3,9.44428273972802,31.8167416517469,31.7866390108819
2030,90,4,0.9,10,1,8.4,27.5,9.32747723766031,34.4996793004283,33.6933076112563
2030,90,4,0.9,10,1.5,9.3,34.7,8.97794968035056,37.2204008809637,35.4858662711475
2030,90,4,0.9,10,2,7.9,29.8,8.26433522774036,38.7764182208458,36.1453594817227
2030,90,4,0.9,10,2.5,7.3,32,7.23861533066838,38.4973676933051,35.2012139662534
2030,90,4,0.9,10,3,5.9,25.3,6.1626066351918,36.9569890308946,33.2990429165759
2030,90,4,0.9,10,3.5,4.4,21.2,5.28050887730254,35.1688367449588,31.3920925099381
2030,90,4,0.9,10,4,4.8,25.4,4.66761520270829,33.7099068832592,29.95458794243
2030,90,4,0.9,10,4.5,4,23.7,4.28018277791657,32.6888642663031,29.0134729918162
2030,90,4,0.9,10,5,4.1,27.8,4.04571431518385,32.0194692016047,28.4358701451165
2030,90,4,0.9,10,5.5,4,27.3,3.90537641654903,31.5895378144774,28.0888849456243
2030,90,4,0.9,10,6,4.2,28.6,3.82070144692215,31.3129141280987,27.8798717510553
2030,90,4,0.9,50,-2,39.6,111,37.7920814440079,109.062082051687,114.541699492519
2030,90,4,0.9,50,-1.5,40.2,104.1,37.9011458843555,110.419560181633,115.460092710009
2030,90,4,0.9,50,-1,36.4,98.9,38.0553897161539,112.650581228104,117.043498627096
2030,90,4,0.9,50,-0.5,36.6,103.9,38.2431949401027,116.13809736182,119.590228627059
2030,90,4,0.9,50,0,37.8,114.4,38.3621921336311,120.901807438961,123.05609578367
2030,90,4,0.9,50,0.5,38.4,112.8,38.0719808536537,125.570244556755,126.126592459639
2030,90,4,0.9,50,1,35.9,109.6,36.6920556742168,126.594533857949,125.508923321769
2030,90,4,0.9,50,1.5,32.7,101.9,33.524544382825,120.386823873572,117.876719352298
2030,90,4,0.9,50,2,28.4,87,28.5162321372718,107.052429013443,103.335349448326
2030,90,4,0.9,50,2.5,22.7,76.1,22.4749402624408,89.9671396937849,85.2195462822352
2030,90,4,0.9,50,3,16.6,62.3,16.6828004297804,73.2713911313433,67.7923032156202
2030,90,4,0.9,50,3.5,11.9,46.5,12.1223617339412,59.89036147103,54.0887631933332
2030,90,4,0.9,50,4,9.2,41,9.01559019342034,50.5375029180586,44.7799907834132
2030,90,4,0.9,50,4.5,7.8,36.5,7.07263055209213,44.4718285237393,38.9835129023819
2030,90,4,0.9,50,5,6.1,33.2,5.90170458207858,40.6435490368428,35.5104600564641
2030,90,4,0.9,50,5.5,4.8,26.1,5.19956825758033,38.2242432447207,33.442346671923
2030,90,4,0.9,50,6,4.4,27.2,4.77302095852755,36.67294524628,32.1955164437734
2030,90,4,0.9,200,-2,77,206,77.224387759809,225.1846905005,235.087226333117
2030,90,4,0.9,200,-1.5,77.3,216.3,77.9272524795142,230.441481789423,239.238655898343
2030,90,4,0.9,200,-1,78.6,217,78.8378959155413,237.845949011816,245.252354748418
2030,90,4,0.9,200,-0.5,78.8,222.7,79.781169406199,246.464341543374,252.321243297381
2030,90,4,0.9,200,0,79.1,224.3,80.2468779100294,252.905062016794,257.411449795124
2030,90,4,0.9,200,0.5,79.6,224.8,79.6211483514092,253.507309972323,257.159968682634
2030,90,4,0.9,200,1,76.5,219.1,77.5763390717165,248.173818459487,251.234032575548
2030,90,4,0.9,200,1.5,73.9,209.3,73.5375237979409,236.763278041136,239.054414883674
2030,90,4,0.9,200,2,63,181.8,66.3867297218145,216.445469357755,217.485985626959
2030,90,4,0.9,200,2.5,54.3,160.8,55.4591756120968,185.362557138224,184.529898314841
2030,90,4,0.9,200,3,44.9,136.3,42.1227663562854,147.402190639693,144.312010472405
2030,90,4,0.9,200,3.5,26.9,88.2,29.5264939252593,111.491530623905,106.332785749711
2030,90,4,0.9,200,4,19.2,69.5,20.0088792179923,84.2263890577008,77.6514560122429
2030,90,4,0.9,200,4.5,13.5,52.6,13.8330473237647,66.3009581412621,59.067923898408
2030,90,4,0.9,200,5,9.9,43,10.1222590023174,55.2150620743513,47.9387987721756
2030,90,4,0.9,200,5.5,8,37.7,7.92763005559168,48.3250017407636,41.3958883050291
2030,90,4,0.9,200,6,6.8,34.4,6.59917251276078,43.8668408191507,37.4689711784962
2031,85,4,0.6,10,-2,10.8,21.3,9.36979892713797,20.5341310182945,18.9116693751362
2031,85,4,0.6,10,-1.5,7.3,13.8,9.38666279573171,20.8165710980073,19.2523829889855
2031,85,4,0.6,10,-1,9.6,19.9,9.40603993990596,21.2147264064539,19.7449625965869
2031,85,4,0.6,10,-0.5,9.7,22.8,9.42466973161105,21.7664593778102,20.4468756799604
2031,85,4,0.6,10,0,11.2,22.1,9.43416994076408,22.5068745035148,21.4186708810963
2031,85,4,0.6,10,0.5,8.7,21.4,9.41637036133828,23.4437511166867,22.6946892984053
2031,85,4,0.6,10,1,10.9,24.4,9.33712232265775,24.5091892138647,24.2222966612192
2031,85,4,0.6,10,1.5,8.5,22.4,9.14368128420278,25.503085329025,25.7869695810639
2031,85,4,0.6,10,2,8.2,19.9,8.77825502954383,26.1003294045016,27.008980055861
2031,85,4,0.6,10,2.5,6.8,17.4,8.21453355814037,26.0000737573764,27.5086121613267
2031,85,4,0.6,10,3,6.2,24,7.48984387533045,25.1286679542974,27.1458319143102
2031,85,4,0.6,10,3.5,5.8,23.9,6.69119337328656,23.6719550310815,26.0767662618208
2031,85,4,0.6,10,4,6,30.2,5.90691761116835,21.918402869554,24.5923378136992
2031,85,4,0.6,10,4.5,5.4,22.5,5.19354025633534,20.1091025016467,22.9513175361989
2031,85,4,0.6,10,5,4.9,19.4,4.57393933655584,18.3920179772948,21.3219661802133
2031,85,4,0.6,10,5.5,4.1,16.1,4.04958512689215,16.8384875710818,19.7932043887267
2031,85,4,0.6,10,6,4,16.6,3.61176191728198,15.4709566457688,18.4013473926375
2031,85,4,0.6,50,-2,36.9,68.3,36.6867603098325,80.8390915274706,74.5764640135915
2031,85,4,0.6,50,-1.5,36.6,75.1,36.9890104950009,82.5617442290608,76.5225792756918
2031,85,4,0.6,50,-1,37.9,72.2,37.3283096077434,84.7668633096196,79.0878637333355
2031,85,4,0.6,50,-0.5,38.6,76.1,37.6443022082284,87.4059778901125,82.2758995309502
2031,85,4,0.6,50,0,36.4,78.3,37.7989582948342,90.1760744238324,85.8160762895658
2031,85,4,0.6,50,0.5,36.6,79.5,37.538475613509,92.3187591613528,88.9217993104935
2031,85,4,0.6,50,1,35.6,79.1,36.5118977703436,92.6174103238426,90.2691291448526
2031,85,4,0.6,50,1.5,33.7,73.8,34.4309683115356,89.9946338850648,88.6575494410995
2031,85,4,0.6,50,2,33.1,81.3,31.2944257730758,84.3560797699896,83.9493747930513
2031,85,4,0.6,50,2.5,26.9,68.2,27.4310918001631,76.5916165850234,77.0534124989435
2031,85,4,0.6,50,3,23.2,61.5,23.348531031009,67.9470302276592,69.2120331949697
2031,85,4,0.6,50,3.5,18.8,56.1,19.5283471779093,59.5271771137139,61.4927580734378
2031,85,4,0.6,50,4,18,52.7,16.256819558298,51.9835006510626,54.516456998036
2031,85,4,0.6,50,4.5,12.4,40.3,13.5896590394358,45.4771672839757,48.4438626978864
2031,85,4,0.6,50,5,12.2,42.2,11.4420125540234,39.8913797353336,43.1805891944435
2031,85,4,0.6,50,5.5,9.9,34.6,9.69735594725265,35.0632840305966,38.5919064040071
2031,85,4,0.6,50,6,8.1,33,8.26493315443423,30.8902300497711,34.5981597455922
2031,85,4,0.6,200,-2,72.2,145.1,72.0447965518167,162.075805116939,150.507803265788
2031,85,4,0.6,200,-1.5,74.7,150.3,73.6082242799422,168.073097704808,157.008219574934
2031,85,4,0.6,200,-1,75.8,154.6,75.169291218127,174.437189726112,164.069781973711
2031,85,4,0.6,200,-0.5,76.8,158,76.413421420729,180.096231491167,170.522812501554
2031,85,4,0.6,200,0,76.1,165.1,76.9174284743897,183.500076919958,174.627878854998
2031,85,4,0.6,200,0.5,76.9,165.8,76.3339319735767,183.512964733502,175.14925567333
2031,85,4,0.6,200,1,76,160.3,74.5059994944896,180.097763232919,172.190083014517
2031,85,4,0.6,200,1.5,71,147,71.2334853712176,173.290771073248,166.009354002132
2031,85,4,0.6,200,2,67.6,144.5,66.1594667736635,162.534174097078,156.191971482528
2031,85,4,0.6,200,2.5,57.7,124,59.0692334546171,147.435583979871,142.399852301949
2031,85,4,0.6,200,3,49.6,118.6,50.3426967446977,128.826366539114,125.396693657167
2031,85,4,0.6,200,3.5,40.3,90.4,41.1047334297658,109.106631390716,107.375701336973
2031,85,4,0.6,200,4,31.8,81.7,32.7282796187103,91.188905014036,90.9956209380595
2031,85,4,0.6,200,4.5,24.5,60.7,26.0952356596932,76.9153222355586,77.9334948832354
2031,85,4,0.6,200,5,21.5,55.9,21.3160932891615,66.4526174490522,68.3307401615118
2031,85,4,0.6,200,5.5,18.7,52.4,17.9790523478477,58.8329249867573,61.288792112465
2031,85,4,0.6,200,6,14.8,47.3,15.5363637561372,52.8149706596629,55.6618913816263
2031,85,4,0.9,10,-2,7.5,19.6,9.36979892713797,38.3161516914119,32.1119095894827
2031,85,4,0.9,10,-1.5,9.9,32.3,9.38666279573171,39.0215890125046,33.0401830654035
2031,85,4,0.9,10,-1,8.2,24.4,9.40603993990596,40.0230442848559,34.4027138767251
2031,85,4,0.9,10,-0.5,8.7,25,9.42466973161105,41.423878813212,36.3778324122123
2031,85,4,0.9,10,0,9.5,38.7,9.43416994076408,43.3284606844316,39.1672043871557
2031,85,4,0.9,10,0.5,9.4,34.5,9.41637036133828,45.785900431546,42.9215116865015
2031,85,4,0.9,10,1,10.1,40.4,9.33712232265775,48.6745405228847,47.5774724588359
2031,85,4,0.9,10,1.5,9.6,40,9.14368128420278,51.5595711581541,52.645135575656
2031,85,4,0.9,10,2,8.3,39.7,8.77825502954383,53.6901110521441,57.1647624566207
2031,85,4,0.9,10,2.5,7.1,41.1,8.21453355814037,54.3280418725396,60.0966451043218
2031,85,4,0.9,10,3,6.7,40.3,7.48984387533045,53.2229535649989,60.9365248657321
2031,85,4,0.9,10,3.5,7.3,44.3,6.69119337328656,50.7181099088438,59.9140321347166
2031,85,4,0.9,10,4,6.7,41.7,5.90691761116835,47.4207400937807,57.6457829034166
2031,85,4,0.9,10,4.5,5.6,45.2,5.19354025633534,43.8659053297703,54.734445892479
2031,85,4,0.9,10,5,4.6,38.3,4.57393933655584,40.4008007729101,51.6048302016948
2031,85,4,0.9,10,5.5,3.8,31.1,4.04958512689215,37.2080471463654,48.5067909759124
2031,85,4,0.9,10,6,3.7,37.6,3.61176191728198,34.3597216974213,45.5654434002996
2031,85,4,0.9,50,-2,36,96.7,36.6867603098325,151.16283862384,127.214748723437
2031,85,4,0.9,50,-1.5,35.7,105.4,36.9890104950009,155.147841343768,132.054265219989
2031,85,4,0.9,50,-1,36.6,102.5,37.3283096077434,160.324750314588,138.608435222274
2031,85,4,0.9,50,-0.5,37.2,109.4,37.6443022082284,166.664023824195,147.046766136577
2031,85,4,0.9,50,0,37.7,123.3,37.7989582948342,173.599870330251,156.927375111015
2031,85,4,0.9,50,0.5,38.7,128.5,37.538475613509,179.570206589955,166.580339363116
2031,85,4,0.9,50,1,36.4,131,36.5118977703436,181.979619899501,172.99986680685
2031,85,4,0.9,50,1.5,32,128,34.4309683115356,178.493815191694,173.380846490051
2031,85,4,0.9,50,2,30,110.3,31.2944257730758,168.870175250034,167.314948257997
2031,85,4,0.9,50,2.5,25.8,105.6,27.4310918001631,154.892177772928,156.658070768749
2031,85,4,0.9,50,3,24.3,96.4,23.348531031009,138.981412600881,143.818744011426
2031,85,4,0.9,50,3.5,18,89.7,19.5283471779093,123.235423609032,130.751743145148
2031,85,4,0.9,50,4,13.6,80.9,16.256819558298,108.887270315586,118.573215420365
2031,85,4,0.9,50,4.5,13,71.6,13.5896590394358,96.2660838254107,107.610633428911
2031,85,4,0.9,50,5,11.2,74.3,11.4420125540234,85.2041876332545,97.7820207637496
2031,85,4,0.9,50,5.5,9.1,55.3,9.69735594725265,75.4649358166557,88.9582763731129
2031,85,4,0.9,50,6,7.4,55,8.26493315443423,66.9267339662919,81.1057400628709
2031,85,4,0.9,200,-2,71.5,199.9,72.0447965518167,305.472941860546,261.237267986371
2031,85,4,0.9,200,-1.5,73,213.4,73.6082242799422,318.532284910011,276.220540262262
2031,85,4,0.9,200,-1,74.7,225,75.169291218127,332.546408354977,292.901768411375
2031,85,4,0.9,200,-0.5,76.6,241.5,76.413421420729,345.237312665191,308.628860684073
2031,85,4,0.9,200,0,75,236.3,76.9174284743897,353.259883649102,319.332878346143
2031,85,4,0.9,200,0.5,73.4,235.9,76.3339319735767,354.222664221157,322.240104819388
2031,85,4,0.9,200,1,72.8,236.4,74.5059994944896,348.279335616904,318.040616109117
2031,85,4,0.9,200,1.5,67.9,222.7,71.2334853712176,335.842793834491,307.998884830649
2031,85,4,0.9,200,2,66.7,227.4,66.1594667736635,316.035254501885,291.782871928726
2031,85,4,0.9,200,2.5,58.7,212.6,59.0692334546171,288.181332047745,268.924853090644
2031,85,4,0.9,200,3,48.8,169.9,50.3426967446977,253.831447666352,240.716486841392
2031,85,4,0.9,200,3.5,39.4,152.2,41.1047334297658,217.416841574332,210.797819694699
2031,85,4,0.9,200,4,32.2,126.2,32.7282796187103,184.302227052037,183.563114847529
2031,85,4,0.9,200,4.5,24.1,106,26.0952356596932,157.859155034789,161.752615095547
2031,85,4,0.9,200,5,19.2,95.9,21.3160932891615,138.343940563635,145.525822523291
2031,85,4,0.9,200,5.5,16.8,82.3,17.9790523478477,123.903043101341,133.294201457726
2031,85,4,0.9,200,6,14.6,78.1,15.5363637561372,112.190574431661,123.077109394471
2032,94,6,0.6,10,-2,9.2,17.1,9.44900094686138,19.2372667112459,19.2558144620244
2032,94,6,0.6,10,-1.5,9.7,20.1,9.45726857561828,19.3997315415985,19.3788309565528
2032,94,6,0.6,10,-1,9.2,17.5,9.46779096312818,19.6594462226933,19.5796322600566
2032,94,6,0.6,10,-0.5,9.5,18.5,9.47942460129222,20.0823980532064,19.9132957810171
2032,94,6,0.6,10,0,9.5,25.3,9.48645616869627,20.773636074373,20.467855506617
2032,94,6,0.6,10,0.5,8.7,20.1,9.46755227769079,21.8568875492054,21.3447811464937
2032,94,6,0.6,10,1,9.2,22.4,9.35402505795299,23.3113426430355,22.5112562551357
2032,94,6,0.6,10,1.5,7.6,16.3,8.9794801249425,24.5692123062359,23.4411223904011
2032,94,6,0.6,10,2,7.9,22.7,8.12870037917334,24.4783593396457,23.0961146727125
2032,94,6,0.6,10,2.5,7.2,17.6,6.8092134532606,22.5474744339581,21.0688528644787
2032,94,6,0.6,10,3,4.4,15.7,5.35085948177736,19.5997892877831,18.1618999715104
2032,94,6,0.6,10,3.5,4.5,13,4.08961638571687,16.6429591489526,15.321166473483
2032,94,6,0.6,10,4,3,11.3,3.14721749880779,14.1625763688134,12.9785354724641
2032,94,6,0.6,10,4.5,2.6,8.1,2.48823428415735,12.2404500456542,11.1830392351852
2032,94,6,0.6,10,5,2.1,8.1,2.03541295812066,10.8013749487497,9.84660131921286
2032,94,6,0.6,10,5.5,1.6,8.8,1.72330333118972,9.74212473932709,8.86502390706822
2032,94,6,0.6,10,6,1.6,5.9,1.50661054752644,8.97104328639217,8.1504957325519
2032,94,6,0.6,50,-2,37.9,74.9,38.0951730703022,77.7584022409486,77.7710323503711
2032,94,6,0.6,50,-1.5,41.6,86.4,38.2515208660384,78.73626645146,78.5747799987995
2032,94,6,0.6,50,-1,38.5,81.6,38.4465734437633,80.1734910111303,79.7627409075553
2032,94,6,0.6,50,-0.5,35.8,72.7,38.655939724971,82.2340498198257,81.4687710700554
2032,94,6,0.6,50,0,38.5,84.5,38.776980369064,84.9146260653358,83.6647128351201
2032,94,6,0.6,50,0.5,39.3,81.8,38.4993634996608,87.4081785448299,85.5768601325315
2032,94,6,0.6,50,1,35.1,76.9,37.1824403878874,87.4178962458363,85.0600841161111
2032,94,6,0.6,50,1.5,33.1,76.7,34.1483897916776,82.7731232450414,80.0723759290768
2032,94,6,0.6,50,2,30.5,67.3,29.2174975469823,73.4737326369271,70.5859559443895
2032,94,6,0.6,50,2.5,22.5,60.4,22.9710447061629,60.9928185605708,58.0576135472522
2032,94,6,0.6,50,3,16.2,41.8,16.7506117349655,48.1181179876493,45.2857264620368
2032,94,6,0.6,50,3.5,11.5,31.1,11.7743646049396,37.3806176417396,34.7878478273152
2032,94,6,0.6,50,4,8.6,29.2,8.35634657593192,29.5362239953858,27.2620576501677
2032,94,6,0.6,50,4.5,6.3,23.7,6.15628540150494,24.0328427275569,22.0853446282391
2032,94,6,0.6,50,5,4.1,14.6,4.72442500986067,20.0599638581388,18.4023287048167
2032,94,6,0.6,50,5.5,3.8,14.2,3.74168472672568,17.0387183595637,15.6195186487044
2032,94,6,0.6,50,6,3.7,12.1,3.02962374628395,14.6589002865078,13.4281655704855
2032,94,6,0.6,200,-2,78.1,149.7,79.2169953152775,163.398522780036,162.911784099857
2032,94,6,0.6,200,-1.5,79.5,154,80.1845576459593,167.244919246835,166.308141411523
2032,94,6,0.6,200,-1,82.1,169.3,81.2845023777065,172.080675852526,170.588944125619
2032,94,6,0.6,200,-0.5,80.3,169,82.3147135320994,177.392964376694,175.276365595862
2032,94,6,0.6,200,0,82.1,175.8,82.803119555062,181.323967651458,178.65494304846
2032,94,6,0.6,200,0.5,81.7,173,82.1442888737947,181.455111097407,178.477037989054
2032,94,6,0.6,200,1,79.7,164.9,79.9630395806808,177.470730879818,174.358394492154
2032,94,6,0.6,200,1.5,75.6,153.2,75.6150789007977,168.850203800592,165.650005138725
2032,94,6,0.6,200,2,65.3,147.2,67.8626566982532,153.313556036882,150.01555572562
2032,94,6,0.6,200,2.5,56.1,122,55.8415069836369,129.167328386505,125.740356247902
2032,94,6,0.6,200,3,43.1,102.9,41.155929460632,99.6084669563583,96.0501435013058
2032,94,6,0.6,200,3.5,29.5,70.9,27.7742047969201,72.5039500390721,68.8994118201102
2032,94,6,0.6,200,4,18.3,46.5,18.2931770382129,52.9142679741002,49.4437006279592
2032,94,6,0.6,200,4.5,11.6,34.8,12.4557780395021,40.2851858155148,37.1415988316166
2032,94,6,0.6,200,5,9.5,30.6,8.9849640378467,32.226658427492,29.5095160161974
2032,94,6,0.6,200,5.5,7.6,26.8,6.88592387130957,26.9489246627194,24.643983119804
2032,94,6,0.6,200,6,5.5,17.5,5.55577404898471,23.3051567530398,21.3416221315885
2032,94,6,0.9,10,-2,10,32.7,9.44900094686138,31.3597767546691,31.4214580724263
2032,94,6,0.9,10,-1.5,10.6,38,9.45726857561828,31.713210768941,31.6437050028286
2032,94,6,0.9,10,-1,12.1,54.5,9.46779096312818,32.2815435601732,32.0161189030449
2032,94,6,0.9,10,-0.5,9.4,34.2,9.47942460129222,33.2139021679253,32.6515455183783
2032,94,6,0.9,10,0,8.2,24,9.48645616869627,34.7525119102082,33.7356258958837
2032,94,6,0.9,10,0.5,9.6,32.2,9.46755227769079,37.2007538556097,35.4977226833374
2032,94,6,0.9,10,1,7.9,30.4,9.35402505795299,40.5971138590204,37.9363932511757
2032,94,6,0.9,10,1.5,9.3,43.8,8.9794801249425,43.8766861214288,40.1251761195623
2032,94,6,0.9,10,2,8.2,35,8.12870037917334,44.7269825100577,40.1302702974595
2032,94,6,0.9,10,2.5,6.3,25,6.8092134532606,42.0388972658468,37.1216796495783
2032,94,6,0.9,10,3,5.4,20.9,5.35085948177736,37.2467145796811,32.464953768015
2032,94,6,0.9,10,3.5,4.6,24.4,4.08961638571687,32.1899444259125,27.7942678288493
2032,94,6,0.9,10,4,3.2,19.9,3.14721749880779,27.8048089918208,23.867231673805
2032,94,6,0.9,10,4.5,2.3,17.5,2.48823428415735,24.3183131074166,20.8018494143424
2032,94,6,0.9,10,5,2.2,15.2,2.03541295812066,21.6577886209573,18.4826491480764
2032,94,6,0.9,10,5.5,2.1,13.1,1.72330333118972,19.6732244250612,16.7563890747252
2032,94,6,0.9,10,6,1.4,12.1,1.50661054752644,18.2155471672127,15.4867820997927
2032,94,6,0.9,50,-2,39.6,145.4,38.0951730703022,126.880269745328,126.922271700277
2032,94,6,0.9,50,-1.5,35.6,127.2,38.2515208660384,128.875560456986,128.338530532494
2032,94,6,0.9,50,-1,38.6,129.2,38.4465734437633,131.851182388495,130.485215810655
2032,94,6,0.9,50,-0.5,39.6,140.8,38.655939724971,136.204394517704,133.659428160253
2032,94,6,0.9,50,0,39.7,139.3,38.776980369064,142.05488837493,137.898249866953
2032,94,6,0.9,50,0.5,39.1,129.9,38.4993634996608,147.980461303466,141.890335646013
2032,94,6,0.9,50,1,37.1,122.5,37.1824403878874,149.63318880458,141.792186360515
2032,94,6,0.9,50,1.5,33.4,124.4,34.1483897916776,142.993578414122,134.012130724416
2032,94,6,0.9,50,2,28.2,108.8,29.2174975469823,128.283917329095,118.680495657522
2032,94,6,0.9,50,2.5,21.5,91.5,22.9710447061629,108.081786771458,98.3206402436609
2032,94,6,0.9,50,3,16.7,61.4,16.7506117349655,86.9659505596739,77.5467145675913
2032,94,6,0.9,50,3.5,11.5,51.5,11.7743646049396,69.0932894351945,60.4709254242968
2032,94,6,0.9,50,4,8.8,44.8,8.35634657593192,55.7669458531862,48.2041109494802
2032,94,6,0.9,50,4.5,7,36.2,6.15628540150494,46.172489417107,39.6960033714003
2032,94,6,0.9,50,5,4.8,27.3,4.72442500986067,39.0526259072213,33.5400911616798
2032,94,6,0.9,50,5.5,3.7,26.4,3.74168472672568,33.5067452441962,28.787137493785
2032,94,6,0.9,50,6,3.3,20.3,3.02962374628395,29.0614538184686,24.9685942582576
2032,94,6,0.9,200,-2,78.5,270.8,79.2169953152775,267.655133371401,266.036463617017
2032,94,6,0.9,200,-1.5,77.7,246.2,80.1845576459593,275.066890298212,271.951596588581
2032,94,6,0.9,200,-1,78.8,253.2,81.2845023777065,284.52935178221,279.568535791355
2032,94,6,0.9,200,-0.5,79.4,260.2,82.3147135320994,295.144880652659,288.106043247261
2032,94,6,0.9,200,0,80.6,272.2,82.803119555062,303.339450197995,294.46349771156
2032,94,6,0.9,200,0.5,79.3,278.3,82.1442888737947,304.448955850461,294.545249687102
2032,94,6,0.9,200,1,78,263,79.9630395806808,298.231445345269,287.881241054278
2032,94,6,0.9,200,1.5,76.3,271.2,75.6150789007977,284.319457006819,273.677063063363
2032,94,6,0.9,200,2,65.2,228.5,67.8626566982532,259.142250351784,248.174612949666
2032,94,6,0.9,200,2.5,56.4,210.7,55.8415069836369,219.979432164156,208.582893578335
2032,94,6,0.9,200,3,42,167,41.155929460632,172.000399287597,160.167046427929
2032,94,6,0.9,200,3.5,27.4,124.1,27.7742047969201,127.900564617184,115.913522635217
2032,94,6,0.9,200,4,19.1,78.7,18.2931770382129,95.7915797152313,84.2500634509321
2032,94,6,0.9,200,4.5,12.6,53.7,12.4557780395021,74.751176358472,64.2970469080688
2032,94,6,0.9,200,5,9,37.2,8.9849640378467,61.0108864456775,51.9749161835691
2032,94,6,0.9,200,5.5,7.3,41,6.88592387130957,51.7964241533877,44.1312450479031
2032,94,6,0.9,200,6,5.2,28,5.55577404898471,45.2873010137085,38.7574848456999
2033,84,8,0.6,10,-2,9.4,14.9,9.37413022654997,20.9552749647616,19.4928278944698
2033,84,8,0.6,10,-1.5,9.1,25.6,9.38492700217845,21.2031696329949,19.7162948413694
2033,84,8,0.6,10,-1,9.9,23.2,9.39910020842359,21.6439753787873,20.139923382522
2033,84,8,0.6,10,-0.5,8.2,14.6,9.41608253440607,22.471901576243,20.9918677466574
2033,84,8,0.6,10,0,8.1,19.8,9.42769588264746,24.0524532525235,22.7285917067601
2033,84,8,0.6,10,0.5,9.2,25.9,9.38803297121905,26.8488584082027,25.9897377539606
2033,84,8,0.6,10,1,6.9,18.8,9.1244847509489,30.651483426701,30.6950829402425
2033,84,8,0.6,10,1.5,7.5,25.9,8.29799541241026,33.3215043324651,34.4104932656125
2033,84,8,0.6,10,2,8,33.4,6.82808879557236,32.697113304272,34.5026867456795
2033,84,8,0.6,10,2.5,4.6,26.6,5.25235949747853,29.934488441739,32.1631396105949
2033,84,8,0.6,10,3,3.4,23,4.07472703030652,27.1320408673463,29.6558993258365
2033,84,8,0.6,10,3.5,2.9,26.4,3.34614030263838,25.0168987391955,27.7638713692378
2033,84,8,0.6,10,4,3.3,26.3,2.91465665356866,23.4855006041564,26.4120695350726
2033,84,8,0.6,10,4.5,2.9,23,2.64393803347729,22.3040076654008,25.3876571868192
2033,84,8,0.6,10,5,2.7,19.4,2.45445823862036,21.3114223780443,24.5412071341692
2033,84,8,0.6,10,5.5,2.1,17.7,2.30620418008629,20.4216934097739,23.7911833832658
2033,84,8,0.6,10,6,2.3,22.5,2.18018726587111,19.5942772675276,23.0978011348277
2033,84,8,0.6,50,-2,36.1,79.2,36.7409169902913,82.4421330549092,76.6524131728802
2033,84,8,0.6,50,-1.5,37.3,82.4,36.937116261255,83.894216199383,77.9841552481449
2033,84,8,0.6,50,-1,37,85.2,37.1904606840611,86.2661175116755,80.2810583099651
2033,84,8,0.6,50,-0.5,34.8,68.8,37.4867130334585,90.2073839504039,84.3434861594438
2033,84,8,0.6,50,0,36.3,92.2,37.6797744052796,96.1307008339896,90.8396090328632
2033,84,8,0.6,50,0.5,36.5,102,37.152987454903,101.828847925647,97.5367277284867
2033,84,8,0.6,50,1,35,89.3,34.6175377619101,100.863746574056,97.3432315445737
2033,84,8,0.6,50,1.5,29.5,83.3,29.2432970485705,90.3475326682261,87.5743664361061
2033,84,8,0.6,50,2,22.1,67.6,21.8493424396254,73.9044944549408,72.3224682859941
2033,84,8,0.6,50,2.5,14.3,51.8,14.6920665394373,57.219915780288,56.9541701722728
2033,84,8,0.6,50,3,9.1,37.7,9.5558199264607,44.5993273495157,45.4059149249537
2033,84,8,0.6,50,3.5,6.7,36.6,6.52223928248067,36.6204716763782,38.1355294331957
2033,84,8,0.6,50,4,5,28.6,4.88368691538142,31.9525257754954,33.8773148994045
2033,84,8,0.6,50,4.5,3.9,27.8,4.01477152194845,29.2519995595059,31.3996263568719
2033,84,8,0.6,50,5,3.7,23.2,3.5422982643336,27.6359337322267,29.9098332636158
2033,84,8,0.6,50,5.5,3.3,25.6,3.26911868530383,26.588343258947,28.949554620599
2033,84,8,0.6,50,6,2.8,20.5,3.09393968811017,25.8160872491159,28.258180737719
2033,84,8,0.6,200,-2,69.9,143.7,71.8156959217379,163.609085772065,151.86948679494
2033,84,8,0.6,200,-1.5,72.4,157.2,72.8961719805096,168.971431177953,156.941618906569
2033,84,8,0.6,200,-1,74.6,170.2,74.1916665971027,176.674730755187,164.6260148173
2033,84,8,0.6,200,-0.5,73.8,160.2,75.5373001493997,186.59198423841,175.086809040698
2033,84,8,0.6,200,0,76.9,191,76.2331520107147,194.490185921794,183.785328688853
2033,84,8,0.6,200,0.5,74.9,174.1,75.3057604533789,194.68845918422,184.290188486114
2033,84,8,0.6,200,1,73.3,179.6,72.164037717215,188.096407538896,178.11281355437
2033,84,8,0.6,200,1.5,64.2,168.1,65.2126287242131,172.880374900525,163.913728358392
2033,84,8,0.6,200,2,54.1,147.7,52.598792766953,145.086008963882,138.014116746649
2033,84,8,0.6,200,2.5,34.3,83.4,36.4646640095109,109.251171973933,104.687610823975
2033,84,8,0.6,200,3,19.6,52.9,22.6876089041959,77.9712142596236,75.7520552893922
2033,84,8,0.6,200,3.5,14.1,51.8,13.9018017008212,57.0242435401333,56.5859730502878
2033,84,8,0.6,200,4,9.4,61.3,9.00487230048005,44.4464002011742,45.2246302848674
2033,84,8,0.6,200,4.5,6.3,27.2,6.37140587444778,37.0729240544989,38.6016135938223
2033,84,8,0.6,200,5,4.6,41.5,4.93983892992836,32.6949782890505,34.6401838712289
2033,84,8,0.6,200,5.5,4.3,27.4,4.13804791073764,30.0312211194455,32.1865424911805
2033,84,8,0.6,200,6,3.5,25.6,3.67542707306935,28.3817220076696,30.6342478966734
2033,84,8,0.9,10,-2,9.3,45.8,9.37413022654997,42.3979508603126,36.2361768126718
2033,84,8,0.9,10,-1.5,9.5,39.9,9.38492700217845,43.0848360930856,36.8201399620308
2033,84,8,0.9,10,-1,9.2,33.9,9.39910020842359,44.3155588530249,37.9784894676414
2033,84,8,0.9,10,-0.5,10.3,42.3,9.41608253440607,46.6449606816512,40.4090877902297
2033,84,8,0.9,10,0,9.4,59.4,9.42769588264746,51.1304269262858,45.5525596098794
2033,84,8,0.9,10,0.5,7.9,56.8,9.38803297121905,59.1778577582144,55.5580977965464
2033,84,8,0.9,10,1,8.2,66.4,9.1244847509489,70.5090679783462,70.6927671743627
2033,84,8,0.9,10,1.5,9.7,81.1,8.29799541241026,79.6529338820652,84.2412050631185
2033,84,8,0.9,10,2,7.5,59.9,6.82808879557236,80.5940285758596,88.2015077102361
2033,84,8,0.9,10,2.5,4.4,66.4,5.25235949747853,75.6338474712254,85.0238932461891
2033,84,8,0.9,10,3,4.1,53.9,4.07472703030652,69.8230285724188,80.4568804672023
2033,84,8,0.9,10,3.5,3.2,41.8,3.34614030263838,65.1406568019614,76.7145626240692
2033,84,8,0.9,10,4,2.6,41.7,2.91465665356866,61.5727492916751,73.9033538335221
2033,84,8,0.9,10,4.5,2.7,38.1,2.64393803347729,58.7049430418809,71.6973801557283
2033,84,8,0.9,10,5,2.5,37.5,2.45445823862036,56.2253950081922,69.8335482836372
2033,84,8,0.9,10,5.5,2.4,32.6,2.30620418008629,53.9628133095949,68.1595909531829
2033,84,8,0.9,10,6,2.3,36.1,2.18018726587111,51.836745206767,66.5982520533111
2033,84,8,0.9,50,-2,36.1,163.5,36.7409169902913,167.058670215767,142.664662092739
2033,84,8,0.9,50,-1.5,37,187.1,36.937116261255,170.836042567039,145.93499764782
2033,84,8,0.9,50,-1,36.8,154.7,37.1904606840611,177.130486060991,151.913448663983
2033,84,8,0.9,50,-0.5,37.5,219.2,37.4867130334585,187.820554757095,163.114010526988
2033,84,8,0.9,50,0,39.2,190.1,37.6797744052796,204.353531956216,182.060409144351
2033,84,8,0.9,50,0.5,37.1,181.3,37.152987454903,221.577244624661,203.493120161311
2033,84,8,0.9,50,1,35.2,259.8,34.6175377619101,223.51966850386,208.686572261502
2033,84,8,0.9,50,1.5,29.7,192.7,29.2432970485705,203.48300846576,191.798740319589
2033,84,8,0.9,50,2,21.2,157.5,21.8493424396254,170.285446302921,163.619845893491
2033,84,8,0.9,50,2.5,15.5,178.7,14.6920665394373,135.960913187703,134.841238893839
2033,84,8,0.9,50,3,9.6,100.4,9.5558199264607,109.482945411606,112.881366106922
2033,84,8,0.9,50,3.5,7,90,6.52223928248067,92.3478334217066,98.7312737227444
2033,84,8,0.9,50,4,5.4,80.4,4.88368691538142,82.0709166312124,90.180690934715
2033,84,8,0.9,50,4.5,3.9,74.4,4.01477152194845,75.9791334952336,85.0277967479743
2033,84,8,0.9,50,5,3.3,44,3.5422982643336,72.2456876176931,81.8263797357753
2033,84,8,0.9,50,5.5,3.2,49.3,3.26911868530383,69.7642629086155,79.7128286959017
2033,84,8,0.9,50,6,3.2,47.6,3.09393968811017,67.8865091991978,78.1758581853363
2033,84,8,0.9,200,-2,70.9,299.7,71.8156959217379,333.566024607326,284.10320453239
2033,84,8,0.9,200,-1.5,72.5,329.7,72.8961719805096,346.856320031348,296.170735193724
2033,84,8,0.9,200,-1,73.5,317.6,74.1916665971027,366.423773634701,315.658541386908
2033,84,8,0.9,200,-0.5,75.3,390.9,75.5373001493997,392.211519390787,343.736404368209
2033,84,8,0.9,200,0,75.2,383.9,76.2331520107147,413.4449877004,368.341877426143
2033,84,8,0.9,200,0.5,74.2,375.8,75.3057604533789,415.727447495572,371.91608787136
2033,84,8,0.9,200,1,72,348.9,72.164037717215,402.747056337658,360.682867099162
2033,84,8,0.9,200,1.5,64.8,327,65.2126287242131,372.228939990616,334.449487263711
2033,84,8,0.9,200,2,52.9,295,52.598792766953,316.327578447862,286.531353465058
2033,84,8,0.9,200,2.5,34.3,209.4,36.4646640095109,244.016563058326,224.788767926553
2033,84,8,0.9,200,3,22.3,161.9,22.6876089041959,180.329699432744,170.979647435558
2033,84,8,0.9,200,3.5,13.9,121.8,13.9018017008212,136.866138714299,135.01955993204
2033,84,8,0.9,200,4,9.8,94.6,9.00487230048005,110.066959584242,113.345900771384
2033,84,8,0.9,200,4.5,6.4,103.5,6.37140587444778,93.9172791435164,100.358154660757
2033,84,8,0.9,200,5,4.7,88.1,4.93983892992836,84.0840655655314,92.279861172139
2033,84,8,0.9,200,5.5,4.2,115.9,4.13804791073764,77.9728480978018,87.0539311417386
2033,84,8,0.9,200,6,3.7,84.2,3.67542707306935,74.1258247572518,83.6164626384117
2034,90,4,0.6,10,-2,9.7,19.6,9.4383385824958,21.1293300384572,22.0531079759236
2034,90,4,0.6,10,-1.5,9.8,25.1,9.44352058927228,21.2630331302559,22.1386871698681
2034,90,4,0.6,10,-1,9.4,21.5,9.45068993581984,21.482927986475,22.2667611136502
2034,90,4,0.6,10,-0.5,10.1,27.5,9.45916943124751,21.8404845665083,22.4551632178744
2034,90,4,0.6,10,0,9.4,17.4,9.46446148670673,22.4039747650144,22.7199120569455
2034,90,4,0.6,10,0.5,10,21.1,9.4507789628896,23.2346903412854,23.0539094206368
2034,90,4,0.6,10,1,10.2,29.2,9.37561272759456,24.3089506953154,23.3750230759036
2034,90,4,0.6,10,1.5,10.1,24.8,9.1520340969784,25.3815175746672,23.4525585588437
2034,90,4,0.6,10,2,9.2,22.9,8.66428082438517,25.9388167827571,22.9184423607072
2034,90,4,0.6,10,2.5,7.3,20.6,7.85996825573316,25.5091510830057,21.5188665792572
2034,90,4,0.6,10,3,7.9,22.9,6.84675135691062,24.1347709689722,19.428017895344
2034,90,4,0.6,10,3.5,5.9,17,5.83709157831013,22.3272302144674,17.1529606963919
2034,90,4,0.6,10,4,4.9,15.9,4.99363473113996,20.584518368796,15.1308199603311
2034,90,4,0.6,10,4.5,4.3,11.1,4.36212151622179,19.1278712531186,13.5275467261113
2034,90,4,0.6,10,5,4.1,11.6,3.91043718628206,17.9637234164918,12.3111861336491
2034,90,4,0.6,10,5.5,3.6,14.1,3.58472180606668,17.0179209126716,11.381606785706
2034,90,4,0.6,10,6,3.6,16.7,3.33859123435703,16.2130274166757,10.6433134545887
2034,90,4,0.6,50,-2,40,77.8,37.8879186226354,84.9742955258393,88.6392803991612
2034,90,4,0.6,50,-1.5,38,87.4,37.986666760585,85.7569035327818,89.1974051863164
2034,90,4,0.6,50,-1,36.5,88.3,38.1202134175227,86.9514697930007,89.9824091265568
2034,90,4,0.6,50,-0.5,38.6,87.9,38.2723341199886,88.6653369345763,91.0021778158488
2034,90,4,0.6,50,0,37,91.6,38.3621921336311,90.8097714486624,92.0903564150933
2034,90,4,0.6,50,0.5,35.7,76.9,38.1625891378011,92.7355900486338,92.6576772609868
2034,90,4,0.6,50,1,36.7,95.8,37.2380507553279,92.939782950649,91.5011907594115
2034,90,4,0.6,50,1.5,35,82.3,35.0776135264748,89.669636124485,87.2116390947601
2034,90,4,0.6,50,2,31.7,79.2,31.4355090508492,82.3090254417367,79.1654582831885
2034,90,4,0.6,50,2.5,25.1,61.6,26.5431523667856,71.7174964634815,67.988360052151
2034,90,4,0.6,50,3,22.1,66.7,21.1037934629067,59.7091453591213,55.3881728810938
2034,90,4,0.6,50,3.5,15.4,42.6,16.0392216077645,48.4270638894291,43.5376584566933
2034,90,4,0.6,50,4,11.6,37.5,12.0102667816255,39.3693751027109,33.9860486158583
2034,90,4,0.6,50,4.5,9.2,31,9.16924300098615,32.8911113153455,27.1053800988026
2034,90,4,0.6,50,5,7.8,23.3,7.31354643367282,28.5619884907624,22.4548095008032
2034,90,4,0.6,50,5.5,6.3,25.6,6.14446689176664,25.7406581873094,19.3763328325788
2034,90,4,0.6,50,6,5,16.6,5.4112421059068,23.8891587512341,17.3196182369043
2034,90,4,0.6,200,-2,77,166.3,77.7535554186832,175.746601945814,182.841528306078
2034,90,4,0.6,200,-1.5,76.9,168.8,78.3901015264597,178.841465542731,185.198171618081
2034,90,4,0.6,200,-1,77.2,166.3,79.1630937308839,182.820324104044,188.059888968758
2034,90,4,0.6,200,-0.5,79.3,182.4,79.9031118373118,187.036841601175,190.907849041686
2034,90,4,0.6,200,0,79.8,189.2,80.2468779100294,189.957878764962,192.636634585189
2034,90,4,0.6,200,0.5,80,172.1,79.8003948897827,190.063872438032,192.11541242982
2034,90,4,0.6,200,1,77.7,196.5,78.3581147894552,187.153345156358,188.952434837425
2034,90,4,0.6,200,1.5,76.2,173.8,75.6219447286625,181.133514083083,182.657832640304
2034,90,4,0.6,200,2,72.2,165.4,70.9013979191886,170.672810453506,171.720283775445
2034,90,4,0.6,200,2.5,65.7,144.1,63.3703119416071,153.969685881478,154.248933062095
2034,90,4,0.6,200,3,52.6,116.7,52.8646702434867,130.665460898902,129.870628717204
2034,90,4,0.6,200,3.5,42.6,101,40.7222915732959,103.728121693403,101.690345448797
2034,90,4,0.6,200,4,29.7,77.1,29.3090395663393,78.4028923415743,75.1933679194108
2034,90,4,0.6,200,4.5,22.3,53.8,20.3889157219737,58.594671330131,54.4597993399213
2034,90,4,0.6,200,5,14.1,39.9,14.3194425773667,45.0812598643851,40.2943070365789
2034,90,4,0.6,200,5.5,10.5,32.6,10.5357195850076,36.59050184052,31.3548941281317
2034,90,4,0.6,200,6,7.1,22.7,8.26848064819254,31.4031336532615,25.8355113709251
2034,90,4,0.9,10,-2,8.5,23.7,9.4383385824958,44.4092836768285,48.5094542803012
2034,90,4,0.9,10,-1.5,7.7,23,9.44352058927228,44.7989073132742,48.6854809219453
2034,90,4,0.9,10,-1,9.8,43.5,9.45068993581984,45.4423966970837,48.9214249523875
2034,90,4,0.9,10,-0.5,9,30.1,9.45916943124751,46.495060991159,49.2233003598382
2034,90,4,0.9,10,0,10.3,38,9.46446148670673,48.1700759854965,49.5723575776178
2034,90,4,0.9,10,0.5,10.5,40.1,9.4507789628896,50.6822185559132,49.8798259175426
2034,90,4,0.9,10,1,10,40.5,9.37561272759456,54.0453008469871,49.9000810754631
2034,90,4,0.9,10,1.5,9.1,40.6,9.1520340969784,57.6988470636605,49.1371995819354
2034,90,4,0.9,10,2,9.4,52.2,8.66428082438517,60.3371308821324,46.9312571169138
2034,90,4,0.9,10,2.5,8.9,50.7,7.85996825573316,60.653489313151,42.9426883097912
2034,90,4,0.9,10,3,7.7,33.8,6.84675135691062,58.5599347015853,37.6691017344941
2034,90,4,0.9,10,3.5,6.5,44.9,5.83709157831013,55.1635952384367,32.1976995269164
2034,90,4,0.9,10,4,4.8,25.6,4.99363473113996,51.630221347289,27.4240858815283
2034,90,4,0.9,10,4.5,3.9,23.4,4.36212151622179,48.5305075141752,23.6735748421103
2034,90,4,0.9,10,5,3.9,27.5,3.91043718628206,45.9476504545383,20.8589724701857
2034,90,4,0.9,10,5.5,3.6,21.4,3.58472180606668,43.7670853094443,18.7504134903452
2034,90,4,0.9,10,6,4.2,24.9,3.33859123435703,41.8495423840799,17.128474115517
2034,90,4,0.9,50,-2,37.1,145.7,37.8879186226354,178.736118501642,195.003083353584
2034,90,4,0.9,50,-1.5,38.2,160.3,37.986666760585,180.880478085023,196.151078484629
2034,90,4,0.9,50,-1,36.3,126.9,38.1202134175227,184.187823853023,197.640589774712
2034,90,4,0.9,50,-0.5,36.4,116.2,38.2723341199886,189.01155424566,199.383577540203
2034,90,4,0.9,50,0,38.7,139.7,38.3621921336311,195.247211121594,200.931062858745
2034,90,4,0.9,50,0.5,35.1,159.4,38.1625891378011,201.405323996917,201.059509587862
2034,90,4,0.9,50,1,35.9,148,37.2380507553279,203.857128837754,197.4719650731
2034,90,4,0.9,50,1.5,35.9,126.4,35.0776135264748,198.377247441621,187.467474913017
2034,90,4,0.9,50,2,32.2,152.8,31.4355090508492,183.612076381602,169.659414025461
2034,90,4,0.9,50,2.5,25.7,104.5,26.5431523667856,161.671940462212,145.120240242989
2034,90,4,0.9,50,3,19,102.7,21.1037934629067,136.5829336706,117.404380455297
2034,90,4,0.9,50,3.5,15.9,80.3,16.0392216077645,112.920094237131,91.2185622880727
2034,90,4,0.9,50,4,11.9,65.3,12.0102667816255,93.8488241469812,69.955033101457
2034,90,4,0.9,50,4.5,9.9,48.2,9.16924300098615,80.1278231591681,54.44796646252
2034,90,4,0.9,50,5,7.1,46,7.31354643367282,70.8734338322466,43.7668373774177
2034,90,4,0.9,50,5.5,5.9,34.1,6.14446689176664,64.7620214794938,36.5140858317018
2034,90,4,0.9,50,6,5.1,33.8,5.4112421059068,60.6837321163156,31.5249529306451
2034,90,4,0.9,200,-2,79.1,321.6,77.7535554186832,370.87749299365,402.368187148938
2034,90,4,0.9,200,-1.5,77.5,303.2,78.3901015264597,378.86753741344,407.081655036283
2034,90,4,0.9,200,-1,79.4,286,79.1630937308839,389.230150546833,412.485858398237
2034,90,4,0.9,200,-0.5,80.4,333.8,79.9031118373118,400.3693268231,417.550718875974
2034,90,4,0.9,200,0,81.5,328.2,80.2468779100294,408.422413885276,420.312020058484
2034,90,4,0.9,200,0.5,81.8,330.1,79.8003948897827,409.628539386782,418.734260172069
2034,90,4,0.9,200,1,78.2,301.5,78.3581147894552,403.794331385628,411.77955632351
2034,90,4,0.9,200,1.5,78.3,296.6,75.6219447286625,391.235835356289,398.00149394713
2034,90,4,0.9,200,2,69.5,306.9,70.9013979191886,369.344913412691,373.994103600451
2034,90,4,0.9,200,2.5,63.5,229.2,63.3703119416071,334.377757594692,335.617190833605
2034,90,4,0.9,200,3,53.3,241.3,52.8646702434867,285.58806145928,282.060214112082
2034,90,4,0.9,200,3.5,43,179.3,40.7222915732959,229.189919323516,220.145288665302
2034,90,4,0.9,200,4,25.6,110.9,29.3090395663393,176.162147477607,161.916735075819
2034,90,4,0.9,200,4.5,20.9,96.4,20.3889157219737,134.672754410358,116.320204629966
2034,90,4,0.9,200,5,13.5,71,14.3194425773667,106.336430819854,85.0896327867566
2034,90,4,0.9,200,5.5,10.4,54,10.5357195850076,88.4726818293608,65.2345377224289
2034,90,4,0.9,200,6,9.4,43.4,8.26848064819254,77.4705396065171,52.7587552182862
2035,77,4,0.6,10,-2,10.2,21.8,9.32711432777133,20.2440606403672,19.4522401089027
2035,77,4,0.6,10,-1.5,9.6,19.3,9.33987550990572,20.449064445484,19.6881604250453
2035,77,4,0.6,10,-1,8.8,16.6,9.35490573509833,20.7444962777061,20.0289782887942
2035,77,4,0.6,10,-0.5,9,17.4,9.3698838748075,21.1660930355496,20.5187933407563
2035,77,4,0.6,10,0,10.3,20.5,9.37787029459105,21.7525442295978,21.2093245260031
2035,77,4,0.6,10,0.5,8.9,23.8,9.36142581338611,22.5224688196148,22.1361345228271
2035,77,4,0.6,10,1,9.7,19.4,9.28215485109903,23.4163150751251,23.2522011973697
2035,77,4,0.6,10,1.5,9,21.6,9.07046603558148,24.2095986090069,24.3210596783231
2035,77,4,0.6,10,2,8.4,23.3,8.63775806937257,24.499756549022,24.8877173318014
2035,77,4,0.6,10,2.5,7.8,23.3,7.93544574165857,23.9220156750336,24.5203844695524
2035,77,4,0.6,10,3,8,28,7.01933168199003,22.462701461257,23.1781182812423
2035,77,4,0.6,10,3.5,6.8,21.7,6.02899745276671,20.462043845858,21.2207692442192
2035,77,4,0.6,10,4,4.6,17.5,5.09925964583039,18.3266582813755,19.0855432196825
2035,77,4,0.6,10,4.5,4.7,21.3,4.30404222622799,16.3282847847415,17.0670702706273
2035,77,4,0.6,10,5,2.8,11.7,3.65994922468039,14.5879700832876,15.3023931293234
2035,77,4,0.6,10,5.5,3.2,17.8,3.15257584575963,13.1310192106958,13.827820663935
2035,77,4,0.6,10,6,2.6,13.2,2.75735103847935,11.93613291857,12.6283905501966
2035,77,4,0.6,50,-2,37.6,76.8,35.9232931364022,78.2961294229486,75.3095100366871
2035,77,4,0.6,50,-1.5,38.7,77.1,36.1475049303829,79.5466077749222,76.6760724618772
2035,77,4,0.6,50,-1,35.7,88.1,36.4045582490096,81.177769487142,78.4736430267752
2035,77,4,0.6,50,-0.5,37.7,90.2,36.6512566856729,83.1745941890358,80.7107840107133
2035,77,4,0.6,50,0,37.1,84.9,36.7763644239599,85.3050286052054,83.1747319435852
2035,77,4,0.6,50,0.5,35.4,86.4,36.5515876296352,86.8915894286634,85.1701052996481
2035,77,4,0.6,50,1,36.8,91.7,35.6277332820693,86.7597440682197,85.4478341350708
2035,77,4,0.6,50,1.5,33.8,87.5,33.6783247936001,83.8438054958007,82.8941878671277
2035,77,4,0.6,50,2,31.5,87.8,30.6106141922798,77.9798052107632,77.4005756737883
2035,77,4,0.6,50,2.5,25.9,76.3,26.6257518972994,69.8050276648768,69.6425525623555
2035,77,4,0.6,50,3,23,58.7,22.1891648498868,60.420852365833,60.6777463118324
2035,77,4,0.6,50,3.5,18.2,53.3,17.9013555409949,51.1398220659123,51.7528361165739
2035,77,4,0.6,50,4,14.5,44.1,14.2313005026002,42.9655028614306,43.8229202889635
2035,77,4,0.6,50,4.5,11.5,36.2,11.3421950306835,36.2520815876256,37.2272638299834
2035,77,4,0.6,50,5,9.7,32.9,9.14907107099418,30.8516242115796,31.8344222991366
2035,77,4,0.6,50,5.5,7.4,27.7,7.48111690886161,26.4650511911697,27.3786843216515
2035,77,4,0.6,50,6,6,23.2,6.19079885484114,22.8580211302576,23.6611894488084
2035,77,4,0.6,200,-2,68.2,151.7,67.8381640787876,150.252750961519,145.059196872483
2035,77,4,0.6,200,-1.5,68.3,154.3,68.9317639047658,154.45751650431,149.474862019051
2035,77,4,0.6,200,-1,70.8,159.1,70.0308588483781,158.96115626042,154.249970556527
2035,77,4,0.6,200,-0.5,70.8,173.8,70.9111999909346,162.972459715481,158.57492339314
2035,77,4,0.6,200,0,70.8,160.1,71.2660604533013,165.305989887038,161.177853431778
2035,77,4,0.6,200,0.5,69.4,174.8,70.8696342163454,165.208486680783,161.251137249652
2035,77,4,0.6,200,1,70.7,157.5,69.6439828698662,162.836157584172,159.035483650576
2035,77,4,0.6,200,1.5,66.3,157.4,67.3879304010485,158.10557471685,154.53252993875
2035,77,4,0.6,200,2,63.8,168.6,63.6337305395483,150.135735459171,146.919111377017
2035,77,4,0.6,200,2.5,59.1,139.5,57.8209407678653,137.767185602181,135.094867244732
2035,77,4,0.6,200,3,50.3,130,49.7784326426513,120.645947503149,118.724499250838
2035,77,4,0.6,200,3.5,42.9,100.7,40.2909984094759,100.444332958865,99.4074825850316
2035,77,4,0.6,200,4,31.4,74.1,30.9753424913782,80.5996009871548,80.428936206664
2035,77,4,0.6,200,4.5,22.7,57.6,23.2939254888902,64.2089802210465,64.7452027362143
2035,77,4,0.6,200,5,18.5,59.6,17.7762880549374,52.3601114335199,53.3837874170742
2035,77,4,0.6,200,5.5,14.6,51,14.1159319227825,44.3311618710392,45.632774426483
2035,77,4,0.6,200,6,12.8,38.3,11.6854385528523,38.7088042622604,40.1164758652158
2035,77,4,0.9,10,-2,10,37.8,9.32711432777133,37.3322700619283,34.344209439273
2035,77,4,0.9,10,-1.5,8.8,32.3,9.33987550990572,37.83818971908,34.9667974644643
2035,77,4,0.9,10,-1,9.7,29.7,9.35490573509833,38.5725319613985,35.872411110131
2035,77,4,0.9,10,-0.5,8.2,32,9.3698838748075,39.6306056151089,37.1879173389013
2035,77,4,0.9,10,0,8.7,29,9.37787029459105,41.1225231293699,39.0725972417959
2035,77,4,0.9,10,0.5,8.8,31.9,9.36142581338611,43.1233449856103,41.6654511150417
2035,77,4,0.9,10,1,9.8,37.2,9.28215485109903,45.5404038990653,44.9210940980862
2035,77,4,0.9,10,1.5,9.3,43.2,9.07046603558148,47.9067626755723,48.327378735586
2035,77,4,0.9,10,2,8.8,50.5,8.63775806937257,49.3284168816275,50.7924485555897
2035,77,4,0.9,10,2.5,8,46.1,7.93544574165857,48.9456667155035,51.2037064627428
2035,77,4,0.9,10,3,6.7,52.6,7.01933168199003,46.6360856115698,49.3358246858135
2035,77,4,0.9,10,3.5,4.8,35.6,6.02899745276671,43.0539768181475,45.9171476960967
2035,77,4,0.9,10,4,5.4,36.2,5.09925964583039,39.0314003873132,41.8951733146042
2035,77,4,0.9,10,4.5,3.9,26.8,4.30404222622799,35.1497362320616,37.9376606811559
2035,77,4,0.9,10,5,3,30.5,3.65994922468039,31.6935144038278,34.3895033141286
2035,77,4,0.9,10,5.5,3.4,34.8,3.15257584575963,28.750197416645,31.3796884458585
2035,77,4,0.9,10,6,2.3,21.7,2.75735103847935,26.3036073487455,28.915951544936
2035,77,4,0.9,50,-2,34.7,136.8,35.9232931364022,144.621993773366,133.351510844058
2035,77,4,0.9,50,-1.5,37.4,137.1,36.1475049303829,147.478879023677,136.646457794353
2035,77,4,0.9,50,-1,36.4,133.8,36.4045582490096,151.260921698877,141.056470723152
2035,77,4,0.9,50,-0.5,36.3,139.6,36.6512566856729,155.997205153987,146.699625862975
2035,77,4,0.9,50,0,34.5,152.9,36.7763644239599,161.266561503918,153.227548474806
2035,77,4,0.9,50,0.5,35.4,161.5,36.5515876296352,165.688394724943,159.192100761812
2035,77,4,0.9,50,1,35.2,147.5,35.6277332820693,166.79627474632,161.84557410654
2035,77,4,0.9,50,1.5,32.7,154.7,33.6783247936001,162.36743430429,158.783901256001
2035,77,4,0.9,50,2,30.2,162.3,30.6106141922798,152.126423969878,149.940609252858
2035,77,4,0.9,50,2.5,25.1,141.8,26.6257518972994,137.393205334705,136.780079712529
2035,77,4,0.9,50,3,21.5,123.9,22.1891648498868,120.264609411554,121.234039545955
2035,77,4,0.9,50,3.5,19.9,104,17.9013555409949,103.167729922709,105.481035871632
2035,77,4,0.9,50,4,14.3,87.4,14.2313005026002,87.9429217668141,91.1785227023575
2035,77,4,0.9,50,4.5,10.9,90.2,11.3421950306835,75.2433293197158,78.9233345008298
2035,77,4,0.9,50,5,9,50.7,9.14907107099418,64.8224584018135,68.5312031852031
2035,77,4,0.9,50,5.5,8,66.7,7.48111690886161,56.1804528586616,59.6281926838675
2035,77,4,0.9,50,6,6.2,49.2,6.19079885484114,48.9470918797774,51.9779751805514
2035,77,4,0.9,200,-2,67.7,265.9,67.8381640787876,279.255649731723,259.656947944621
2035,77,4,0.9,200,-1.5,69.8,291,68.9317639047658,288.330298279503,269.527459666362
2035,77,4,0.9,200,-1,71.4,280.8,70.0308588483781,298.163045010693,280.384636989646
2035,77,4,0.9,200,-0.5,69.2,287.3,70.9111999909346,307.075218924864,290.480416694642
2035,77,4,0.9,200,0,71.6,281.2,71.2660604533013,312.50594508865,296.927766073645
2035,77,4,0.9,200,0.5,70.7,303.3,70.8696342163454,312.87634372997,297.942656694376
2035,77,4,0.9,200,1,68.9,290,69.6439828698662,308.709129051602,294.366681907012
2035,77,4,0.9,200,1.5,67.5,301.3,67.3879304010485,300.105183390431,286.62173104211
2035,77,4,0.9,200,2,64.3,274.1,63.6337305395483,285.536637243025,273.39819503821
2035,77,4,0.9,200,2.5,56.7,261.9,57.8209407678653,262.906408153816,252.821990109838
2035,77,4,0.9,200,3,51.2,224.9,49.7784326426513,231.57430607944,224.323415715964
2035,77,4,0.9,200,3.5,43.8,206.9,40.2909984094759,194.601870126488,190.689150450089
2035,77,4,0.9,200,4,29.7,163.9,30.9753424913782,158.276058971299,157.632028297687
2035,77,4,0.9,200,4.5,24.1,157.1,23.2939254888902,128.252990673954,130.276511558908
2035,77,4,0.9,200,5,17.8,118.1,17.7762880549374,106.493895696032,110.356899716854
2035,77,4,0.9,200,5.5,14.1,83.9,14.1159319227825,91.6268215080847,96.5386633564916
2035,77,4,0.9,200,6,12.1,87.1,11.6854385528523,81.0082641382331,86.3203366588095
2036,72,3,0.6,10,-2,9.6,18,9.29391702691414,19.3454529926279,18.2410793230481
2036,72,3,0.6,10,-1.5,8.3,20.9,9.3038532652757,19.5006229090941,18.3343888331817
2036,72,3,0.6,10,-1,7.8,17.6,9.31626954714285,19.7315924469861,18.4745649340907
2036,72,3,0.6,10,-0.5,10.3,23.8,9.32935128077563,20.0680979960244,18.6794875139625
2036,72,3,0.6,10,0,10,20.2,9.33661973999588,20.5383575363225,18.9638089582392
2036,72,3,0.6,10,0.5,8.6,17.5,9.32119230007583,21.147714783841,19.3219326562936
2036,72,3,0.6,10,1,8.3,14.5,9.24748021708634,21.8379042580884,19.6965973487292
2036,72,3,0.6,10,1.5,9.7,23.1,9.05677675818173,22.4436423448655,19.9475796280413
2036,72,3,0.6,10,2,8.8,19.6,8.68257898352927,22.7072528688291,19.8698354178741
2036,72,3,0.6,10,2.5,7,18.7,8.09470097509388,22.4088439391068,19.3047226943861
2036,72,3,0.6,10,3,6.5,15.2,7.34085513093648,21.5334779863554,18.2741024302093
2036,72,3,0.6,10,3.5,6,13,6.53264748003271,20.2887280829745,16.9825784578548
2036,72,3,0.6,10,4,7,21.5,5.78227800220421,18.9509639935328,15.6778312143625
2036,72,3,0.6,10,4.5,5.1,14.9,5.1536272064603,17.7173324284215,14.5244050328757
2036,72,3,0.6,10,5,4.9,14.1,4.65912758558607,16.6706212484361,13.5800062667014
2036,72,3,0.6,10,5.5,5,14.2,4.2817235564387,15.8167253350536,12.8344828800527
2036,72,3,0.6,10,6,3.3,11.5,3.99558950180539,15.1290470699354,12.2520255742797
2036,72,3,0.6,50,-2,36.2,65.7,35.3397031072088,73.7998900439155,69.4853308069467
2036,72,3,0.6,50,-1.5,37.9,70.3,35.5134189620491,74.7480915662403,70.1524011101728
2036,72,3,0.6,50,-1,34.9,61.7,35.7239814101929,76.0277227335255,71.046930696502
2036,72,3,0.6,50,-0.5,37.3,68.1,35.9359110100102,77.6185659466406,72.1364749334663
2036,72,3,0.6,50,0,35.5,68.4,36.0466712208521,79.2941602148244,73.2151684066549
2036,72,3,0.6,50,0.5,36.9,82.4,35.8442070596734,80.4619117117479,73.7720213272234
2036,72,3,0.6,50,1,32,63.4,35.0104885338171,80.1675181819223,72.9943713522912
2036,72,3,0.6,50,1.5,35.2,75.3,33.2386164796293,77.5098391587228,70.1112531118473
2036,72,3,0.6,50,2,30.5,61.3,30.4136670703442,72.2281524404806,64.8888327210309
2036,72,3,0.6,50,2.5,27.4,57.2,26.6972701395649,64.8232644979356,57.7575693166582
2036,72,3,0.6,50,3,24.1,48.6,22.4938871342676,56.2760134638846,49.6039536646085
2036,72,3,0.6,50,3.5,17.9,39.9,18.3404904212372,47.754555546525,41.5144467503877
2036,72,3,0.6,50,4,15.5,36.3,14.7091271269306,40.2482881384629,34.4198838377412
2036,72,3,0.6,50,4.5,11.2,26.1,11.8389721304333,34.2533553603403,28.7887844693501
2036,72,3,0.6,50,5,9,21.5,9.72571757655113,29.7627343026086,24.6135370144846
2036,72,3,0.6,50,5.5,8.8,21.1,8.22619749543801,26.4861951377,21.6166178585143
2036,72,3,0.6,50,6,7.3,18.8,7.16632070563151,24.0738087162671,19.4616779909329
2036,72,3,0.6,200,-2,64,114.2,64.7839061889441,137.06071657681,128.319261616863
2036,72,3,0.6,200,-1.5,66.3,129.3,65.6354869132506,140.289022742114,130.836734941849
2036,72,3,0.6,200,-1,67.6,134.5,66.5231149889279,143.796881169816,133.571300550527
2036,72,3,0.6,200,-0.5,67.4,143,67.2395179707934,146.854028048982,135.929172099405
2036,72,3,0.6,200,0,66.6,132.2,67.5232902704077,148.535285384036,137.148005657164
2036,72,3,0.6,200,0.5,65.9,125.6,67.218830062552,148.39819525929,136.84077893656
2036,72,3,0.6,200,1,66.4,126.8,66.2965749673348,146.635012324338,135.112245392224
2036,72,3,0.6,200,1.5,63.8,127.9,64.616001682168,143.211289608227,131.849185356875
2036,72,3,0.6,200,2,61,126.3,61.7960662315564,137.427153169584,126.356873845721
2036,72,3,0.6,200,2.5,58.1,112.2,57.32313632688,128.243837170253,117.641753575945
2036,72,3,0.6,200,3,49.1,93.8,50.86743136478,114.987767181291,105.062627127999
2036,72,3,0.6,200,3.5,42.3,77.3,42.7417148363442,98.3020275273077,89.229249974499
2036,72,3,0.6,200,4,34.8,78.9,34.0309173096041,80.4145608795433,72.2557008369205
2036,72,3,0.6,200,4.5,25.2,54.4,26.0552907979729,64.0361358938081,56.7144444264867
2036,72,3,0.6,200,5,20.9,44.2,19.6714850342229,50.9248689267196,44.2743382190012
2036,72,3,0.6,200,5.5,16.2,37.1,15.0601347427477,41.4493080525447,35.2864549690346
2036,72,3,0.6,200,6,12.3,29.9,11.9578261800711,35.0637256011671,29.2356865372736
2036,72,3,0.9,10,-2,9.6,21.4,9.29391702691414,32.7655035472626,28.9662935833671
2036,72,3,0.9,10,-1.5,11,34.5,9.3038532652757,33.1145784857124,29.1025595074559
2036,72,3,0.9,10,-1,10.5,33.2,9.31626954714285,33.637343800363,29.3129818715786
2036,72,3,0.9,10,-0.5,9.6,26.3,9.32935128077563,34.4056603649636,29.6286334177105
2036,72,3,0.9,10,0,8.8,31.7,9.33661973999588,35.4940705775174,30.0773888770496
2036,72,3,0.9,10,0.5,9.5,23.7,9.32119230007583,36.9375930829416,30.6566305410515
2036,72,3,0.9,10,1,8.1,20.6,9.24748021708634,38.6476861372839,31.2812713359502
2036,72,3,0.9,10,1.5,9.7,33.4,9.05677675818173,40.3167727355041,31.7299451014528
2036,72,3,0.9,10,2,10.4,35.1,8.68257898352927,41.4319366579523,31.6707978800777
2036,72,3,0.9,10,2.5,7.4,24.4,8.09470097509388,41.5200049475909,30.841365382986
2036,72,3,0.9,10,3,7,22.8,7.34085513093648,40.4823945372461,29.2696570100113
2036,72,3,0.9,10,3.5,7.2,25.7,6.53264748003271,38.6548064370503,27.2811591436816
2036,72,3,0.9,10,4,5.8,22,5.78227800220421,36.5327974908765,25.2727330667507
2036,72,3,0.9,10,4.5,5.5,20.5,5.1536272064603,34.4914413613616,23.5072954066976
2036,72,3,0.9,10,5,4.2,19.6,4.65912758558607,32.7074590752086,22.0752830675729
2036,72,3,0.9,10,5.5,3.8,16.3,4.2817235564387,31.2173872383532,20.9580288690953
2036,72,3,0.9,10,6,4.4,19.6,3.99558950180539,29.9935975149454,20.0962149226973
2036,72,3,0.9,50,-2,34.8,86.6,35.3397031072088,125.14902263339,110.306296032396
2036,72,3,0.9,50,-1.5,34,85.2,35.5134189620491,127.131258839263,111.321398958853
2036,72,3,0.9,50,-1,34.6,86.1,35.7239814101929,129.838229699327,112.703563004176
2036,72,3,0.9,50,-0.5,35.3,100.7,35.9359110100102,133.270094072198,114.410884210596
2036,72,3,0.9,50,0,34,107.7,36.0466712208521,137.034936414585,116.122298885999
2036,72,3,0.9,50,0.5,36.6,109,35.8442070596734,140.032096219373,117.017876570398
2036,72,3,0.9,50,1,33.4,93.9,35.0104885338171,140.45776863139,115.78107481091
2036,72,3,0.9,50,1.5,32.1,109.3,33.2386164796293,136.617427142838,111.165188826868
2036,72,3,0.9,50,2,30.7,91.8,30.4136670703442,128.055690589613,102.807337270073
2036,72,3,0.9,50,2.5,28.1,90.5,26.6972701395649,115.726208434099,91.419164293168
2036,72,3,0.9,50,3,22.8,62.3,22.4938871342676,101.379353364666,78.4264735855233
2036,72,3,0.9,50,3.5,18,59.1,18.3404904212372,87.0259905137929,65.5590865417913
2036,72,3,0.9,50,4,15,47.3,14.7091271269306,74.3462442186891,54.2956650507353
2036,72,3,0.9,50,4.5,11.8,40.8,11.8389721304333,64.1793444949719,45.3804064640043
2036,72,3,0.9,50,5,9.9,39,9.72571757655113,56.5146434978774,38.8006376482563
2036,72,3,0.9,50,5.5,8,30.1,8.22619749543801,50.8655628604584,34.1134915021469
2036,72,3,0.9,50,6,7.4,28.6,7.16632070563151,46.6474078784821,30.7809910223603
2036,72,3,0.9,200,-2,64.2,178.5,64.7839061889441,233.559247014494,203.48733956363
2036,72,3,0.9,200,-1.5,65,176.9,65.6354869132506,239.96077722053,207.443498892046
2036,72,3,0.9,200,-1,65,181,66.5231149889279,246.966969028216,211.789448189455
2036,72,3,0.9,200,-0.5,66,176.8,67.2395179707934,253.1493001125,215.566167952575
2036,72,3,0.9,200,0,68.2,197.5,67.5232902704077,256.69637376547,217.522434915171
2036,72,3,0.9,200,0.5,65.9,184.7,67.218830062552,256.78274351634,217.023509427656
2036,72,3,0.9,200,1,65.2,190.3,66.2965749673348,253.89681733493,214.256782312371
2036,72,3,0.9,200,1.5,65.6,184.7,64.616001682168,248.145773345001,209.058441881385
2036,72,3,0.9,200,2,60.5,172.5,61.7960662315564,238.404059950042,200.320649715962
2036,72,3,0.9,200,2.5,57.2,163.1,57.32313632688,222.93179271602,186.459045548052
2036,72,3,0.9,200,3,50.9,144.4,50.86743136478,200.596389701563,166.45242917245
2036,72,3,0.9,200,3.5,42.1,122.6,42.7417148363442,172.481954623763,141.270248089729
2036,72,3,0.9,200,4,36.6,107.1,34.0309173096041,142.342493460197,114.274799325698
2036,72,3,0.9,200,4.5,26.7,85.2,26.0552907979729,114.745287513271,89.5575780074835
2036,72,3,0.9,200,5,19.7,57.1,19.6714850342229,92.6520231916379,69.773206695071
2036,72,3,0.9,200,5.5,15.2,52.3,15.0601347427477,76.6821362611384,55.4810034508969
2036,72,3,0.9,200,6,12.4,38,11.9578261800711,65.9129748501494,45.8636521513017
2037,102,4,0.6,10,-2,9,16.8,9.50457015935325,18.6384411021564,17.851912523878
2037,102,4,0.6,10,-1.5,10,17.5,9.50936290660155,18.7291152234305,17.9598115419126
2037,102,4,0.6,10,-1,9.3,17.6,9.51533441588769,18.8675928058724,18.1211740210579
2037,102,4,0.6,10,-0.5,10.5,19.3,9.5217344338491,19.0795089991518,18.3632908074564
2037,102,4,0.6,10,0,8.7,16.3,9.5254383416063,19.3999137404917,18.7234017746278
2037,102,4,0.6,10,0.5,9.7,19,9.51650576446773,19.8644540091416,19.2400532801168
2037,102,4,0.6,10,1,8.6,17.6,9.4674873508272,20.4718526907018,19.9151679189441
2037,102,4,0.6,10,1.5,11.4,26.6,9.31459653927403,21.0956422438,20.6233050974212
2037,102,4,0.6,10,2,9.7,21.9,8.94695488099164,21.3911999690784,21.0138782683184
2037,102,4,0.6,10,2.5,9.5,22.6,8.25400561923974,20.9036767358386,20.6180889246243
2037,102,4,0.6,10,3,7.1,17.6,7.24075981385231,19.4657362497322,19.2545880959501
2037,102,4,0.6,10,3.5,5.2,13.6,6.07348524213653,17.4042313765291,17.2412493073112
2037,102,4,0.6,10,4,4.6,14,4.96709310408825,15.2365567775716,15.091048334962
2037,102,4,0.6,10,4.5,4.2,10.7,4.05547555177052,13.3190402655197,13.1640764350359
2037,102,4,0.6,10,5,4.3,14.6,3.36643879132386,11.7742387682176,11.5946913418681
2037,102,4,0.6,10,5.5,3.4,11.2,2.86659578855955,10.5805023737298,10.3744208955632
2037,102,4,0.6,10,6,3,11.2,2.50681687121535,9.66575092927242,9.4404488122534
2037,102,4,0.6,50,-2,37.1,68.3,39.1341244288618,76.8500413810045,73.6415218486595
2037,102,4,0.6,50,-1.5,37,69.9,39.2271465512634,77.4014745714835,74.2616274368042
2037,102,4,0.6,50,-1,39.4,71.4,39.3407319403196,78.177769396433,75.1248491045768
2037,102,4,0.6,50,-0.5,39.3,73,39.458859059873,79.2254032471113,76.2814905248255
2037,102,4,0.6,50,0,40.3,78.7,39.5243591199236,80.4969944769419,77.6899108626439
2037,102,4,0.6,50,0.5,37.8,67.6,39.384991208403,81.6555863595244,79.0209004635726
2037,102,4,0.6,50,1,38.2,74.2,38.7314700521422,81.8355249952349,79.4168593617793
2037,102,4,0.6,50,1.5,35.2,77.7,37.1400420634951,79.8250284117213,77.6798149358287
2037,102,4,0.6,50,2,35.3,70.2,34.2893712349468,74.8858416729774,73.0980611749045
2037,102,4,0.6,50,2.5,28,60.5,30.1349144424709,67.1039452800405,65.762266752505
2037,102,4,0.6,50,3,27.8,59.5,25.0008249914194,57.2356637975767,56.3835675821761
2037,102,4,0.6,50,3.5,20,48.8,19.6112519980745,46.7313677021806,46.3372430193428
2037,102,4,0.6,50,4,14.4,34.8,14.7903173676964,37.2043422189881,37.1605797408925
2037,102,4,0.6,50,4.5,10.4,28.7,11.0203254620727,29.5973020961533,29.7543833678297
2037,102,4,0.6,50,5,7.4,21.3,8.32234018819607,23.9697524144563,24.1846548502961
2037,102,4,0.6,50,5.5,6.3,19.6,6.46458573662039,19.9096761848843,20.0778459148976
2037,102,4,0.6,50,6,6.2,16.2,5.18633611013802,16.9586467482352,17.0213467354245
2037,102,4,0.6,200,-2,82.8,149.7,85.4128538217598,168.692831685572,161.942739840566
2037,102,4,0.6,200,-1.5,85,161,86.0331938479534,170.958670419284,164.336281670427
2037,102,4,0.6,200,-1,87.2,167.3,86.7247251601144,173.68014914328,167.187868092425
2037,102,4,0.6,200,-0.5,86.4,169,87.353574747692,176.49204010268,170.131023461422
2037,102,4,0.6,200,0,87.8,168.1,87.6437053217943,178.498905999234,172.274308951154
2037,102,4,0.6,200,0.5,86.2,169.2,87.2467499950312,178.594077246878,172.519076087707
2037,102,4,0.6,200,1,85.8,164.3,85.9245782230378,176.34169907248,170.452087060277
2037,102,4,0.6,200,1.5,85.4,178.6,83.4267505161524,171.582848909979,165.949369952007
2037,102,4,0.6,200,2,80.1,159.5,79.2166564016964,163.42921022217,158.179960913652
2037,102,4,0.6,200,2.5,71.6,137.5,72.5220936794899,150.423697610187,145.767134569346
2037,102,4,0.6,200,3,62.3,131.7,62.7862082837335,131.498618775915,127.698753628628
2037,102,4,0.6,200,3.5,50.3,101.6,50.5246863607266,107.660550870273,104.937965426317
2037,102,4,0.6,200,4,38,79,37.7101323439547,82.7434518568538,81.1449235182481
2037,102,4,0.6,200,4.5,26.6,61.7,26.6773470473499,61.2793539742983,60.6431796272357
2037,102,4,0.6,200,5,20,45.9,18.6235381562255,45.5761653142293,45.6262510191044
2037,102,4,0.6,200,5.5,12.6,32.9,13.3762485454769,35.2612665084141,35.7191561829269
2037,102,4,0.6,200,6,10.5,27.1,10.1230203676439,28.7105597649528,29.3482735470202
2037,102,4,0.9,10,-2,9.7,24.8,9.50457015935325,28.8848057806445,26.3631458729488
2037,102,4,0.9,10,-1.5,9.9,22.5,9.50936290660155,29.0718215168669,26.605385707538
2037,102,4,0.9,10,-1,10,24.7,9.51533441588769,29.3589442417867,26.9658788453105
2037,102,4,0.9,10,-0.5,10,23.7,9.5217344338491,29.8014082162665,27.5051678137709
2037,102,4,0.9,10,0,10.1,24.9,9.5254383416063,30.4770875454774,28.308147791083
2037,102,4,0.9,10,0.5,9.4,22.5,9.51650576446773,31.4727690436992,29.4709011800237
2037,102,4,0.9,10,1,9.9,35.5,9.4674873508272,32.8165355785755,31.0317693171403
2037,102,4,0.9,10,1.5,9.7,28.2,9.31459653927403,34.3116041660146,32.7972616769651
2037,102,4,0.9,10,2,9.1,29.3,8.94695488099164,35.3511381069702,34.1414210904665
2037,102,4,0.9,10,2.5,6.8,27,8.25400561923974,35.0940615283604,34.1784491100018
2037,102,4,0.9,10,3,6.6,28.8,7.24075981385231,33.1796990955336,32.5027448834673
2037,102,4,0.9,10,3.5,5.8,19.8,6.07348524213653,30.1150478200035,29.59251709325
2037,102,4,0.9,10,4,5,23.3,4.96709310408825,26.75682792109,26.2903187361817
2037,102,4,0.9,10,4.5,3.6,18.5,4.05547555177052,23.7108952494832,23.214071498553
2037,102,4,0.9,10,5,3.5,17.3,3.36643879132386,21.2060979707956,20.630457671054
2037,102,4,0.9,10,5.5,2.8,13.3,2.86659578855955,19.2339528617426,18.5732427291892
2037,102,4,0.9,10,6,2.2,10,2.50681687121535,17.6966339500028,16.9743012448782
2037,102,4,0.9,50,-2,38.8,100,39.1341244288618,119.159708519417,108.872993845321
2037,102,4,0.9,50,-1.5,38.1,105.8,39.2271465512634,120.2253866566,110.158839992594
2037,102,4,0.9,50,-1,36.4,103.1,39.3407319403196,121.745108074564,111.95725431569
2037,102,4,0.9,50,-0.5,40.5,110,39.458859059873,123.835461380975,114.397092720815
2037,102,4,0.9,50,0,42.1,116.6,39.5243591199236,126.460044134165,117.460358168248
2037,102,4,0.9,50,0.5,40.1,109.4,39.384991208403,129.074685644739,120.627717566687
2037,102,4,0.9,50,1,38.9,122.9,38.7314700521422,130.189598403345,122.435204823197
2037,102,4,0.9,50,1.5,35.6,106.3,37.1400420634951,127.708991208987,120.831302381141
2037,102,4,0.9,50,2,35.1,105.7,34.2893712349468,120.426910007787,114.695173704424
2037,102,4,0.9,50,2.5,31.5,93.4,30.1349144424709,108.575756535539,104.27425110352
2037,102,4,0.9,50,3,23.1,72.8,25.0008249914194,93.396664519884,90.6647906589521
2037,102,4,0.9,50,3.5,19.5,68,19.6112519980745,77.1546786255752,75.8910901956157
2037,102,4,0.9,50,4,15.5,56.3,14.7903173676964,62.3483664752083,62.2080612281738
2037,102,4,0.9,50,4.5,10.4,44.1,11.0203254620727,50.4369305963261,50.940542996404
2037,102,4,0.9,50,5,7.5,34.5,8.32234018819607,41.5229993290323,42.211990004628
2037,102,4,0.9,50,5.5,6,27,6.46458573662039,34.9923613608465,35.5315240531808
2037,102,4,0.9,50,6,5.8,29.7,5.18633611013802,30.1648096841622,30.3658297720201
2037,102,4,0.9,200,-2,85.9,222.2,85.4128538217598,262.11620376435,240.474986332591
2037,102,4,0.9,200,-1.5,86.1,227.5,86.0331938479534,266.227960832225,244.996167528902
2037,102,4,0.9,200,-1,85.4,227.7,86.7247251601144,271.226631952532,250.411972081854
2037,102,4,0.9,200,-0.5,86.7,238.8,87.353574747692,276.487455915692,256.093637967517
2037,102,4,0.9,200,0,88.2,237.6,87.6437053217943,280.42015328944,260.463705105367
2037,102,4,0.9,200,0.5,88.1,247.4,87.2467499950312,281.067391495434,261.590557105235
2037,102,4,0.9,200,1,87.6,243.3,85.9245782230378,277.77150897496,258.889043806865
2037,102,4,0.9,200,1.5,82,233.2,83.4267505161524,270.476246729174,252.414960182844
2037,102,4,0.9,200,2,80.1,223.2,79.2166564016964,257.89874480994,241.069322596494
2037,102,4,0.9,200,2.5,73.1,207.4,72.5220936794899,237.813616726791,222.884383826635
2037,102,4,0.9,200,3,62.5,176.3,62.7862082837335,208.580112509478,196.397506738768
2037,102,4,0.9,200,3.5,51.3,145,50.5246863607266,171.755490206675,163.026710669728
2037,102,4,0.9,200,4,38.5,114.8,37.7101323439547,133.261771778552,128.136789757429
2037,102,4,0.9,200,4.5,25,84.2,26.6773470473499,100.095840850592,98.0562260297247
2037,102,4,0.9,200,5,18.1,71.1,18.6235381562255,75.8115878019786,75.9721657102958
2037,102,4,0.9,200,5.5,15.4,54.2,13.3762485454769,59.8118515175229,61.2798745064569
2037,102,4,0.9,200,6,10.3,49.3,10.1230203676439,49.5620375593328,51.6065879052894
2038,81,3,0.6,10,-2,8.7,16.7,9.37161433274147,20.0870913925979,18.2056928704407
2038,81,3,0.6,10,-1.5,8.2,13.7,9.37943883174122,20.239679748289,18.4563414715855
2038,81,3,0.6,10,-1,8.6,16.9,9.38964037503294,20.4753486651312,18.8363711005837
2038,81,3,0.6,10,-0.5,9.8,18.9,9.40086718694325,20.8318903348382,19.403644884826
2038,81,3,0.6,10,0,8,18.8,9.40735361665213,21.3498851011623,20.2236404125972
2038,81,3,0.6,10,0.5,10.3,25.1,9.39279319826635,22.0495463172063,21.3417221568057
2038,81,3,0.6,10,1,9.4,26,9.3209352300476,22.8821847730542,22.7227580729458
2038,81,3,0.6,10,1.5,10.7,28.8,9.1299657413097,23.6732687145295,24.1754646318059
2038,81,3,0.6,10,2,8.4,21.2,8.74942654899022,24.1316610217179,25.3480036059502
2038,81,3,0.6,10,2.5,7.2,25.7,8.15080705651748,24.0021932496896,25.8925106317527
2038,81,3,0.6,10,3,8.5,32.5,7.39336398209499,23.2666851448413,25.7053117496698
2038,81,3,0.6,10,3.5,7.6,26.3,6.60243759255102,22.1595988781864,24.9778532770177
2038,81,3,0.6,10,4,6.1,25.1,5.89446436512129,20.9807521848161,24.0145110376178
2038,81,3,0.6,10,4.5,4.9,21.3,5.32684756755741,19.9294306558535,23.0485621293297
2038,81,3,0.6,10,5,4.5,24.7,4.90190817644805,19.0769263193051,22.1932993699384
2038,81,3,0.6,10,5.5,4.1,20.9,4.59450341709674,18.4160790514829,21.4781155539766
2038,81,3,0.6,10,6,4.6,24.2,4.37412195961039,17.9110547887131,20.893628579181
2038,81,3,0.6,50,-2,35.6,69.8,36.685916785197,78.8402023066951,71.6484593629192
2038,81,3,0.6,50,-1.5,37.3,74.6,36.8292531239373,79.756250754561,72.9702996008817
2038,81,3,0.6,50,-1,36.7,77.4,37.0111933899487,81.05366563488,74.8347843915807
2038,81,3,0.6,50,-0.5,38.7,75.4,37.2032198142357,82.7554548975601,77.3040376476646
2038,81,3,0.6,50,0,36.9,79.4,37.3079919137522,84.670075471997,80.2035772998105
2038,81,3,0.6,50,0.5,37.5,91,37.1039662467392,86.1734757658626,82.8744351204824
2038,81,3,0.6,50,1,39.3,92.9,36.2312615160263,86.1397758577445,84.0940346485842
2038,81,3,0.6,50,1.5,34.5,80.9,34.3145535423097,83.3877429360791,82.5774425497262
2038,81,3,0.6,50,2,31.1,76.9,31.1994726460813,77.4914350890074,77.8689466241455
2038,81,3,0.6,50,2.5,26.8,73.8,27.093081150779,69.0843637938771,70.6249222707882
2038,81,3,0.6,50,3,23.7,64.8,22.5115052566137,59.4736318945564,62.1282388715006
2038,81,3,0.6,50,3.5,18.3,54.4,18.094617488676,50.1177178416968,53.7458745921786
2038,81,3,0.6,50,4,13.4,38.3,14.3483697726667,42.1215258270194,46.4907784581336
2038,81,3,0.6,50,4.5,10.7,43.5,11.479552547517,35.9337985161317,40.7752985482148
2038,81,3,0.6,50,5,8.3,35.8,9.43091741008434,31.4403876074011,36.5073586355122
2038,81,3,0.6,50,5.5,8.1,30.8,8.0205998862939,28.2649566217984,33.3641597994448
2038,81,3,0.6,50,6,7.4,24.6,7.05624742232581,26.011079874037,31.0085684392253
2038,81,3,0.6,200,-2,71.3,142,71.3031889589033,154.915345243428,142.280326337811
2038,81,3,0.6,200,-1.5,71.1,151.4,72.1173223045471,158.31562787297,146.587065538334
2038,81,3,0.6,200,-1,72.2,150.6,73.0243661258864,162.27133623372,151.567073425079
2038,81,3,0.6,200,-0.5,75.3,157.9,73.8101057165463,165.998747168059,156.303702834976
2038,81,3,0.6,200,0,75,163.6,74.1427029215751,168.266045156764,159.389709816986
2038,81,3,0.6,200,0.5,73.2,155.7,73.7532580070819,168.207924870091,159.891408346111
2038,81,3,0.6,200,1,73.6,171.5,72.5391644752162,165.854548668996,157.979068006969
2038,81,3,0.6,200,1.5,69.2,145.1,70.317761384315,161.192411651961,153.862479026853
2038,81,3,0.6,200,2,64.3,145,66.6318006037118,153.396273638611,146.904518550161
2038,81,3,0.6,200,2.5,59.7,131.8,60.9197956608887,141.302618378968,136.092043099065
2038,81,3,0.6,200,3,53.6,125.8,52.9710855995987,124.470290606577,121.038023312753
2038,81,3,0.6,200,3.5,42,107.6,43.4323897414545,104.270028875107,102.970358384412
2038,81,3,0.6,200,4,34,82.7,33.7391055551745,83.7415365385728,84.6077411426094
2038,81,3,0.6,200,4.5,23.9,69.3,25.3165287806531,65.9022237636881,68.6474797038541
2038,81,3,0.6,200,5,18.5,55.8,18.8772922121159,52.2588610054307,56.433444623843
2038,81,3,0.6,200,5.5,13.9,45.5,14.3930798887146,42.7468427026664,47.9004049033099
2038,81,3,0.6,200,6,11.1,41,11.454289096698,36.4914578257671,42.2543002490012
2038,81,3,0.9,10,-2,8.9,23.8,9.37161433274147,36.2673768541247,29.3428144221653
2038,81,3,0.9,10,-1.5,9.8,30.7,9.37943883174122,36.6385574864538,30.0749097058779
2038,81,3,0.9,10,-1,8.3,24.9,9.38964037503294,37.2146803509767,31.1823579394137
2038,81,3,0.9,10,-0.5,11,34.5,9.40086718694325,38.0926447200228,32.8359302757957
2038,81,3,0.9,10,0,7.4,21.7,9.40735361665213,39.3830130219488,35.2378244466495
2038,81,3,0.9,10,0.5,9.9,36.3,9.39279319826635,41.1611432471953,38.555968143771
2038,81,3,0.9,10,1,9.8,39,9.3209352300476,43.3595641370473,42.7727877974147
2038,81,3,0.9,10,1.5,9.5,45.2,9.1299657413097,45.6335409773233,47.4818931160654
2038,81,3,0.9,10,2,7.2,41.2,8.74942654899022,47.3587132019038,51.8355106820624
2038,81,3,0.9,10,2.5,8,37.4,8.15080705651748,47.9376608106516,54.8950494628475
2038,81,3,0.9,10,3,8.4,56.2,7.39336398209499,47.2352743360696,56.2107369903137
2038,81,3,0.9,10,3.5,6.3,43.9,6.60243759255102,45.6507891599157,56.0234870779915
2038,81,3,0.9,10,4,5.7,46.7,5.89446436512129,43.7609272637115,54.9267979350922
2038,81,3,0.9,10,4.5,5.8,49.5,5.32684756755741,41.9792154227351,53.4593034355666
2038,81,3,0.9,10,5,4.5,43.1,4.90190817644805,40.4810914061762,51.9510269335217
2038,81,3,0.9,10,5.5,4.2,39.9,4.59450341709674,39.2865487508924,50.5564964417965
2038,81,3,0.9,10,6,4.5,43.3,4.37412195961039,38.351716107373,49.3291981117385
2038,81,3,0.9,50,-2,38.3,132.2,36.685916785197,142.492839455235,116.02334220503
2038,81,3,0.9,50,-1.5,39.4,122.1,36.8292531239373,144.575677065673,119.599712712305
2038,81,3,0.9,50,-1,34.8,113.8,37.0111933899487,147.557449775677,124.668608884705
2038,81,3,0.9,50,-0.5,37,129.2,37.2032198142357,151.538968962461,131.474809963188
2038,81,3,0.9,50,0,35.8,124.2,37.3079919137522,156.186446394576,139.74732141319
2038,81,3,0.9,50,0.5,36.5,136.3,37.1039662467392,160.268046361412,148.125795453129
2038,81,3,0.9,50,1,36.8,149.4,36.2312615160263,161.501237087966,153.971804830191
2038,81,3,0.9,50,1.5,36.1,151.6,34.3145535423097,157.487870113188,154.505527165716
2038,81,3,0.9,50,2,30.3,131,31.1994726460813,147.391931606039,148.781377894564
2038,81,3,0.9,50,2.5,27.9,143.5,27.093081150779,132.490867887506,138.160954914695
2038,81,3,0.9,50,3,22.1,105.8,22.5115052566137,115.286150266466,125.056537309764
2038,81,3,0.9,50,3.5,19.2,126,18.094617488676,98.4723456553405,111.825921538264
2038,81,3,0.9,50,4,14.7,90,14.3483697726667,84.058771422035,100.139980304065
2038,81,3,0.9,50,4.5,11.8,81.6,11.479552547517,72.8595161774484,90.6788504873597
2038,81,3,0.9,50,5,10.4,80.2,9.43091741008434,64.6745132240466,83.3237025435186
2038,81,3,0.9,50,5.5,7.5,76,8.0205998862939,58.8337748961228,77.6015959297933
2038,81,3,0.9,50,6,7.2,61,7.05624742232581,54.6327266967504,73.0261830352672
2038,81,3,0.9,200,-2,70.6,221.4,71.3031889589033,281.169038772919,234.665346859408
2038,81,3,0.9,200,-1.5,73.7,230.8,72.1173223045471,288.474386331055,245.306944044454
2038,81,3,0.9,200,-1,73.6,250.6,73.0243661258864,297.033553991707,257.636087036358
2038,81,3,0.9,200,-0.5,74.8,268.6,73.8101057165463,305.202865348103,269.519867315304
2038,81,3,0.9,200,0,74,270.4,74.1427029215751,310.391546191502,277.721839320028
2038,81,3,0.9,200,0.5,74.2,275.6,73.7532580070819,310.833723467749,280.224452115343
2038,81,3,0.9,200,1,71.7,253.3,72.5391644752162,306.760039462668,277.774018221743
2038,81,3,0.9,200,1.5,70.6,256.6,70.317761384315,298.412413555135,271.434303661426
2038,81,3,0.9,200,2,67.8,243.1,66.6318006037118,284.409940485323,260.516776504615
2038,81,3,0.9,200,2.5,59.7,217.5,60.9197956608887,262.680043809174,243.502313303287
2038,81,3,0.9,200,3,51.4,201.8,52.9710855995987,232.433523678034,219.800926767091
2038,81,3,0.9,200,3.5,45.1,189.5,43.4323897414545,196.134381949559,191.350892780303
2038,81,3,0.9,200,4,32.7,137.9,33.7391055551745,159.244811153629,162.432911807937
2038,81,3,0.9,200,4.5,25.7,127.1,25.3165287806531,127.186301627111,137.29032580142
2038,81,3,0.9,200,5,19.3,102,18.8772922121159,102.664765400757,118.029487203549
2038,81,3,0.9,200,5.5,14.3,92.8,14.3930798887146,85.5607999045223,104.528691494244
2038,81,3,0.9,200,6,11,87.1,11.454289096698,74.2973842368656,95.5077560295861
2039,87,5,0.6,10,-2,9.1,16.8,9.39461345894259,18.3485272583284,17.9792450433969
2039,87,5,0.6,10,-1.5,10.9,21.2,9.40664477520692,18.542418951658,18.1438724208854
2039,87,5,0.6,10,-1,9,15.7,9.42157678995731,18.8423342712258,18.4031405433535
2039,87,5,0.6,10,-0.5,10.3,21.9,9.4375128037721,19.3074060672127,18.8143356605212
2039,87,5,0.6,10,0,9.3,19.9,9.44668852131382,20.0156119141109,19.4567263566242
2039,87,5,0.6,10,0.5,8.4,17.9,9.42501210068499,21.0289434646066,20.4000716867934
2039,87,5,0.6,10,1,10,21.4,9.31093560801975,22.2764749586806,21.5883529791741
2039,87,5,0.6,10,1.5,7.4,16.3,8.98772934928456,23.3711223832034,22.6484063927154
2039,87,5,0.6,10,2,8.2,24,8.33153630686029,23.6546977569256,22.9253050428453
2039,87,5,0.6,10,2.5,7.3,21.8,7.35109241452738,22.7547531427881,22.0480863941179
2039,87,5,0.6,10,3,6.2,22.2,6.2378762250926,20.9880423874603,20.3410710816994
2039,87,5,0.6,10,3.5,4.6,20.4,5.21246616099291,18.9662694068373,18.4150872393139
2039,87,5,0.6,10,4,4.8,18.4,4.38479615890722,17.1025546991631,16.6695721146634
2039,87,5,0.6,10,4.5,3.5,15.3,3.75913347580034,15.5391970136715,15.2310354748942
2039,87,5,0.6,10,5,2.8,15.9,3.29499914628993,14.2710282254719,14.0833033629655
2039,87,5,0.6,10,5.5,3.4,15.4,2.94775423966278,13.245928133541,13.1684331537101
2039,87,5,0.6,10,6,2.6,11.5,2.68239888098293,12.4091870023288,12.4293817234344
2039,87,5,0.6,50,-2,37.6,68.8,37.1120748364545,72.7445742793525,71.2349825435245
2039,87,5,0.6,50,-1.5,37.1,77.7,37.3326216430809,73.9347489395262,72.2915677300618
2039,87,5,0.6,50,-1,37.2,72.4,37.6006873374394,75.6157422878858,73.7985893159872
2039,87,5,0.6,50,-0.5,40.5,80.5,37.8780578130924,77.883405574986,75.8570158475051
2039,87,5,0.6,50,0,38.8,78.1,38.0306067706711,80.579121907371,78.3291528501053
2039,87,5,0.6,50,0.5,38.6,88.9,37.7189775845274,82.8077055579356,80.3486886041595
2039,87,5,0.6,50,1,35,78.7,36.358008875013,82.6740489219712,80.0393017631789
2039,87,5,0.6,50,1.5,32.7,72.2,33.4304214443478,78.5180423845805,75.7762231649081
2039,87,5,0.6,50,2,26.2,68.1,28.9659944952604,70.5407857349794,67.8194119253065
2039,87,5,0.6,50,2.5,25.4,61.4,23.6079782192972,60.3348866234779,57.7608576048511
2039,87,5,0.6,50,3,19.4,49.8,18.3352537040531,49.9327188339614,47.5850280524469
2039,87,5,0.6,50,3.5,15.7,42.2,13.9363380400185,40.9261959578026,38.8401016760128
2039,87,5,0.6,50,4,10.2,31.9,10.662811400897,33.892885098381,32.0748993887992
2039,87,5,0.6,50,4.5,8.6,27.2,8.36615982718441,28.6607046279341,27.0992809431666
2039,87,5,0.6,50,5,6.7,22.6,6.78166540617923,24.815096862369,23.4890636215411
2039,87,5,0.6,50,5.5,5.3,19.8,5.67847986236893,21.9630347038473,20.8493330899881
2039,87,5,0.6,50,6,5.8,18,4.89102688132046,19.7989812052266,18.8775548735461
2039,87,5,0.6,200,-2,73.6,135.8,73.9103635290925,146.966885548978,143.561685977642
2039,87,5,0.6,200,-1.5,76.1,148.5,75.149802811539,151.446435324868,147.691594119945
2039,87,5,0.6,200,-1,76.6,145.3,76.5119844592599,156.804550514821,152.687966934417
2039,87,5,0.6,200,-0.5,79.5,162.1,77.7264058708318,162.236679100992,157.813452191803
2039,87,5,0.6,200,0,77.7,151.6,78.2674489475329,165.832807984171,161.20234443714
2039,87,5,0.6,200,0.5,77.2,152.4,77.5955946585323,165.769716273265,161.031853492425
2039,87,5,0.6,200,1,75.9,151.7,75.441886699831,161.980599342218,157.247477986154
2039,87,5,0.6,200,1.5,68.9,144.3,71.3386079879264,154.205643053204,149.583927280885
2039,87,5,0.6,200,2,64.1,136.5,64.4544175423093,141.027698735076,136.622937333863
2039,87,5,0.6,200,2.5,53.6,111.8,54.4098788444078,121.754028174869,117.675636741358
2039,87,5,0.6,200,3,41.3,89.1,42.4480671305944,98.7617858067417,95.0803571225194
2039,87,5,0.6,200,3.5,30.1,70.2,31.1731748619479,76.9986102095748,73.7104174070625
2039,87,5,0.6,200,4,24.6,56.5,22.5086540101218,60.0610461936803,57.1195432667436
2039,87,5,0.6,200,4.5,17.3,48.8,16.6302196904558,48.192874801417,45.5653156573488
2039,87,5,0.6,200,5,12.5,35.5,12.7555205305926,39.890405122917,37.5700030096623
2039,87,5,0.6,200,5.5,9.1,27.2,10.1131005007804,33.7907211368941,31.7713166624551
2039,87,5,0.6,200,6,8.9,32.8,8.24035485427504,29.1695144311573,27.426140970864
2039,87,5,0.9,10,-2,7.5,17.2,9.39461345894259,27.6592758078302,26.5301521383276
2039,87,5,0.9,10,-1.5,8,21.8,9.40664477520692,28.0422754465691,26.8236727002197
2039,87,5,0.9,10,-1,10.1,26,9.42157678995731,28.6385313331123,27.2956450158559
2039,87,5,0.9,10,-0.5,8.4,21.9,9.4375128037721,29.5706380398749,28.0630174602326
2039,87,5,0.9,10,0,11,37.6,9.44668852131382,31.0057320285163,29.2968739086675
2039,87,5,0.9,10,0.5,9.1,30.8,9.42501210068499,33.0953190782028,31.172469884009
2039,87,5,0.9,10,1,9,31.7,9.31093560801975,35.7587218740972,33.6547082412988
2039,87,5,0.9,10,1.5,9.3,31.6,8.98772934928456,38.3277278216722,36.1179389442428
2039,87,5,0.9,10,2,9.1,39.7,8.33153630686029,39.5885236169384,37.3583198742976
2039,87,5,0.9,10,2.5,7.2,32.9,7.35109241452738,38.7722863685947,36.611569929754
2039,87,5,0.9,10,3,6.4,40.6,6.2378762250926,36.3260377354386,34.3478471124235
2039,87,5,0.9,10,3.5,4.9,31.8,5.21246616099291,33.2681944075184,31.5828903056843
2039,87,5,0.9,10,4,4.2,28.6,4.38479615890722,30.3271461498565,29.0032511317013
2039,87,5,0.9,10,4.5,4,28.7,3.75913347580034,27.78872408705,26.8464840511243
2039,87,5,0.9,10,5,3.6,27.9,3.29499914628993,25.6844781556347,25.1104873782845
2039,87,5,0.9,10,5.5,3,28.5,2.94775423966278,23.954508737871,23.7175587509593
2039,87,5,0.9,10,6,2.5,23.5,2.68239888098293,22.5236107527947,22.585358480352
2039,87,5,0.9,50,-2,34.8,87.8,37.1120748364545,109.797113530495,105.181359802617
2039,87,5,0.9,50,-1.5,35.5,94.2,37.3326216430809,111.995558019175,106.971338812647
2039,87,5,0.9,50,-1,36.3,100.8,37.6006873374394,115.145787547354,109.58962927946
2039,87,5,0.9,50,-0.5,36.9,103.3,37.8780578130924,119.483061545755,113.287137365219
2039,87,5,0.9,50,0,38.4,108.1,38.0306067706711,124.82329651844,117.943752323011
2039,87,5,0.9,50,0.5,36.6,115.3,37.7189775845274,129.69332652584,122.174593876525
2039,87,5,0.9,50,1,35,109.4,36.358008875013,130.835893267119,122.77984491207
2039,87,5,0.9,50,1.5,32.8,103.4,33.4304214443478,125.402512201406,117.019078466305
2039,87,5,0.9,50,2,29.7,100,28.9659944952604,113.77243123704,105.451511740182
2039,87,5,0.9,50,2.5,23.7,89.8,23.6079782192972,98.5254496346351,90.655054112182
2039,87,5,0.9,50,3,16.6,71.6,18.3352537040531,82.7894180626728,75.6110782377426
2039,87,5,0.9,50,3.5,13.4,60.6,13.9363380400185,68.9916638738,62.6131860182662
2039,87,5,0.9,50,4,10.4,44.7,10.662811400897,58.0487324551543,52.4900279941578
2039,87,5,0.9,50,4.5,8,47,8.36615982718441,49.7640352831098,44.9897992941927
2039,87,5,0.9,50,5,5.9,36.4,6.78166540617923,43.5672034310938,39.5127013234206
2039,87,5,0.9,50,5.5,5.3,32.9,5.67847986236893,38.8965677673417,35.4912945044387
2039,87,5,0.9,50,6,4.4,29.9,4.89102688132046,35.3010529480739,32.4836839041939
2039,87,5,0.9,200,-2,72.8,189.5,73.9103635290925,222.934883641048,212.523086701168
2039,87,5,0.9,200,-1.5,73.2,186.7,75.149802811539,230.783670015922,219.302802786806
2039,87,5,0.9,200,-1,76.4,197.4,76.5119844592599,240.296966198886,227.710029243413
2039,87,5,0.9,200,-0.5,75.8,212,77.7264058708318,250.114887616881,236.590352730537
2039,87,5,0.9,200,0,77.6,220.6,78.2674489475329,256.887854738463,242.72966953398
2039,87,5,0.9,200,0.5,78.8,218.1,77.5955946585323,257.457786241538,242.97121528741
2039,87,5,0.9,200,1,75.6,217.8,75.441886699831,251.968085402909,237.496011910955
2039,87,5,0.9,200,1.5,70.2,200.2,71.3386079879264,240.375126457039,226.243688599392
2039,87,5,0.9,200,2,64.2,189.3,64.4544175423093,220.652607213093,207.18453278242
2039,87,5,0.9,200,2.5,52.6,160.7,54.4098788444078,191.782001946409,179.31184195799
2039,87,5,0.9,200,3,42.7,134.4,42.4480671305944,157.319740040895,146.063340201244
2039,87,5,0.9,200,3.5,30.3,103.9,31.1731748619479,124.650298091859,114.596263066387
2039,87,5,0.9,200,4,23.3,87.7,22.5086540101218,99.10999047516,90.1160003927195
2039,87,5,0.9,200,4.5,16.6,67.9,16.6302196904558,81.0133767491759,72.9793065919227
2039,87,5,0.9,200,5,14.1,63.8,12.7555205305926,68.1066793711919,61.0117778489893
2039,87,5,0.9,200,5.5,9.7,46.2,10.1131005007804,58.4119512417084,52.2373852913507
2039,87,5,0.9,200,6,8.5,43.5,8.24035485427504,50.9327507698986,45.6021820091877
2040,113,6,0.6,10,-2,10.3,19.6,9.54849709419001,19.4408864833669,18.104955668348
2040,113,6,0.6,10,-1.5,9.5,17.9,9.55350376287117,19.550727808871,18.236400236392
2040,113,6,0.6,10,-1,9.1,16.6,9.55965369145131,19.7239616264164,18.4450673312265
2040,113,6,0.6,10,-0.5,9.1,19.1,9.5662861609358,20.0079587569085,18.783498683337
2040,113,6,0.6,10,0,9.3,16.7,9.57029083426439,20.4880598857733,19.3393686322505
2040,113,6,0.6,10,0.5,11.1,24.6,9.5587539596391,21.2910225821218,20.2333301382253
2040,113,6,0.6,10,1,8.7,17.6,9.48173319489476,22.4794034249715,21.516353058059
2040,113,6,0.6,10,1.5,9.4,24.5,9.18620312252188,23.646401424448,22.8062051336558
2040,113,6,0.6,10,2,8.7,25,8.3964813372123,23.5768671500598,22.9848348856976
2040,113,6,0.6,10,2.5,6.8,20.2,6.99054013037404,21.4192981589904,21.2072527037609
2040,113,6,0.6,10,3,4.4,12.8,5.29281300716138,17.9871230461391,18.0948650645468
2040,113,6,0.6,10,3.5,3.9,17.6,3.78948362551329,14.6240485852865,14.8446809855818
2040,113,6,0.6,10,4,2.7,15.3,2.71802687676074,12.0387995822498,12.172294274282
2040,113,6,0.6,10,4.5,1.9,12.7,2.04367337679518,10.2867087461235,10.2165065386361
2040,113,6,0.6,10,5,1.1,6.1,1.64028793622121,9.15998491920791,8.85118238752807
2040,113,6,0.6,10,5.5,1.3,10.3,1.40041383053464,8.44378244549574,7.91114557015183
2040,113,6,0.6,10,6,1.1,7.9,1.25554426954178,7.98550237718084,7.26464022948888
2040,113,6,0.6,50,-2,41.2,76.8,39.9857303063668,81.5339265276295,75.9610173341868
2040,113,6,0.6,50,-1.5,37.3,76.4,40.0848361075027,82.1913068785391,76.7102719947704
2040,113,6,0.6,50,-1,39.7,82.4,40.2045019795249,83.1491518918034,77.8151342448527
2040,113,6,0.6,50,-0.5,40.3,83.5,40.3305436907399,84.5505940757532,79.4288346418098
2040,113,6,0.6,50,0,42.2,89,40.4039913819837,86.4967856665956,81.6472244242426
2040,113,6,0.6,50,0.5,38.4,84.1,40.2207764998836,88.5792044683685,84.0716777489981
2040,113,6,0.6,50,1,40,91.1,39.2598586391879,88.9864399827866,85.0110729877448
2040,113,6,0.6,50,1.5,39.3,86.8,36.7770880162863,85.2990012268135,82.1465648083647
2040,113,6,0.6,50,2,33.4,80.9,32.253563454943,76.7475230668068,74.5726496298485
2040,113,6,0.6,50,2.5,27.1,74.4,25.7590686138883,63.7645526972823,62.6697607921503
2040,113,6,0.6,50,3,16.9,44,18.5053932369431,48.7950406725449,48.8007625527054
2040,113,6,0.6,50,3.5,12.8,41.5,12.2616662489286,35.4528073505232,36.3655319079972
2040,113,6,0.6,50,4,7.6,25.9,7.89850848013556,25.6665465576853,27.1388727593911
2040,113,6,0.6,50,4.5,5,19.1,5.20076874399598,19.2258777786002,20.8892418251921
2040,113,6,0.6,50,5,3.1,11.7,3.60889428471318,15.1432239164408,16.6919425649531
2040,113,6,0.6,50,5.5,2.9,20.5,2.66676032935624,12.5383175758125,13.7697639977966
2040,113,6,0.6,50,6,1.8,7.4,2.09295196122224,10.8324456939518,11.6516156359611
2040,113,6,0.6,200,-2,89,183.8,91.1442178727356,186.977225466958,174.491223097407
2040,113,6,0.6,200,-1.5,92.6,179.7,91.8453008384124,189.73617649143,177.497232684299
2040,113,6,0.6,200,-1,93.5,181.9,92.630587203504,193.227627436301,181.3203796463
2040,113,6,0.6,200,-0.5,94.1,194.5,93.377220775632,197.281493097866,185.719385470395
2040,113,6,0.6,200,0,93,192.3,93.7506688574696,200.701248389049,189.448656885464
2040,113,6,0.6,200,0.5,91.8,190.9,93.1748526143345,201.125997165321,190.237773762862
2040,113,6,0.6,200,1,91.1,201.5,91.1579384097538,197.574518801174,187.119188442012
2040,113,6,0.6,200,1.5,88.3,192.2,87.0071397569056,189.393408570088,179.552302739054
2040,113,6,0.6,200,2,80.7,172.7,79.3263645149505,173.978965267213,165.232994513913
2040,113,6,0.6,200,2.5,66.3,145.7,66.5936114872704,148.326077438177,141.398967952727
2040,113,6,0.6,200,3,49,106.4,49.553501791912,113.928823440864,109.441221112233
2040,113,6,0.6,200,3.5,31.5,77.4,32.7345636856983,79.8115105732235,77.7456671827756
2040,113,6,0.6,200,4,20.9,58.2,20.3316247833082,54.2263642122768,53.9819078164908
2040,113,6,0.6,200,4.5,11.1,33.5,12.6790974963443,37.7534459528915,38.6887819918292
2040,113,6,0.6,200,5,8.5,27.7,8.20766953205934,27.4427759585573,29.114241678957
2040,113,6,0.6,200,5.5,5.8,24.7,5.58525353466469,20.9280221290197,23.0252519060283
2040,113,6,0.6,200,6,3.9,20.9,4.02561565383527,16.7851540824799,19.0396972096679
2040,113,6,0.9,10,-2,9.9,43.1,9.54849709419001,32.10889457396,27.5546776967452
2040,113,6,0.9,10,-1.5,9.5,25.3,9.55350376287117,32.3529851923863,27.8724142335612
2040,113,6,0.9,10,-1,10.4,42.1,9.55965369145131,32.7401835006072,28.3804053460436
2040,113,6,0.9,10,-0.5,11.1,33.9,9.5662861609358,33.3793686075788,29.2051578851051
2040,113,6,0.9,10,0,10,34.8,9.57029083426439,34.4691499171726,30.5532367316319
2040,113,6,0.9,10,0.5,9.6,48.9,9.5587539596391,36.315145469281,32.7094491826598
2040,113,6,0.9,10,1,10.5,57,9.48173319489476,39.1239758488614,35.84091643793
2040,113,6,0.9,10,1.5,7.7,55.4,9.18620312252188,42.1638598335153,39.2996126100205
2040,113,6,0.9,10,2,7.6,31.6,8.3964813372123,43.0165841617937,40.998333441096
2040,113,6,0.9,10,2.5,7.1,43.8,6.99054013037404,39.8964947444485,39.1736272275934
2040,113,6,0.9,10,3,4.7,34.8,5.29281300716138,34.2432181058633,34.6105129635772
2040,113,6,0.9,10,3.5,3.5,21.4,3.78948362551329,28.4985890192316,29.2507296164758
2040,113,6,0.9,10,4,3.5,36,2.71802687676074,23.9748060816401,24.4298923575436
2040,113,6,0.9,10,4.5,2.2,20.2,2.04367337679518,20.842585050785,20.6032642157818
2040,113,6,0.9,10,5,1.5,21.7,1.64028793622121,18.7895676693074,17.7368531980993
2040,113,6,0.9,10,5.5,1.1,7.4,1.40041383053464,17.4633880320871,15.6476174698339
2040,113,6,0.9,10,6,1.1,13.7,1.25554426954178,16.6037603533782,14.1463257899591
2040,113,6,0.9,50,-2,37.5,126.2,39.9857303063668,134.739766408575,115.741599124287
2040,113,6,0.9,50,-1.5,40.5,131.9,40.0848361075027,136.112062664538,117.42709687766
2040,113,6,0.9,50,-1,39.6,129.3,40.2045019795249,138.143264146588,119.959483281587
2040,113,6,0.9,50,-0.5,39,121.1,40.3305436907399,141.177960226207,123.717772173901
2040,113,6,0.9,50,0,41.4,147,40.4039913819837,145.52235248813,128.990093924502
2040,113,6,0.9,50,0.5,41.7,141.8,40.2207764998836,150.506099240967,135.139843721542
2040,113,6,0.9,50,1,41.1,150.3,39.2598586391879,152.66536627611,139.113254700866
2040,113,6,0.9,50,1.5,35.4,142.2,36.7770880162863,147.435252130415,136.688528587666
2040,113,6,0.9,50,2,32.8,144.8,32.253563454943,133.725652229645,126.311461913014
2040,113,6,0.9,50,2.5,26.6,141.9,25.7590686138883,112.433661940201,108.701492792416
2040,113,6,0.9,50,3,17.7,109.7,18.5053932369431,87.583394393763,87.6029004062777
2040,113,6,0.9,50,3.5,12,58.2,12.2616662489286,65.1509471575262,68.2624448018395
2040,113,6,0.9,50,4,8,63.8,7.89850848013556,48.4199624681659,53.4391541517407
2040,113,6,0.9,50,4.5,4.8,48.2,5.20076874399598,37.1861690421249,42.8566128471316
2040,113,6,0.9,50,5,3,30.6,3.60889428471318,29.9138698489755,35.1934850265115
2040,113,6,0.9,50,5.5,2.7,19.9,2.66676032935624,25.1796484156277,29.3776757500794
2040,113,6,0.9,50,6,2.2,24.1,2.09295196122224,22.0240772561944,24.8166452045227
2040,113,6,0.9,200,-2,89.4,291.6,91.1442178727356,309.699175421508,267.134124835749
2040,113,6,0.9,200,-1.5,91.8,291.2,91.8453008384124,315.093393639032,273.370571005488
2040,113,6,0.9,200,-1,92.6,271.6,92.630587203504,322.050308127889,281.45824434977
2040,113,6,0.9,200,-0.5,91.6,318.2,93.377220775632,330.33935309935,290.923879557433
2040,113,6,0.9,200,0,95.4,310.3,93.7506688574696,337.660152198679,299.299825779148
2040,113,6,0.9,200,0.5,92.3,312.9,93.1748526143345,339.366205749999,302.248018022843
2040,113,6,0.9,200,1,92.2,322.4,91.1579384097538,333.849593339454,298.207147306139
2040,113,6,0.9,200,1.5,86.6,313,87.0071397569056,320.50734178324,286.958800375039
2040,113,6,0.9,200,2,79.2,276.7,79.3263645149505,295.189308385855,265.374106008221
2040,113,6,0.9,200,2.5,65.6,236.4,66.5936114872704,252.991138546974,229.376473345538
2040,113,6,0.9,200,3,49.3,205.6,49.553501791912,196.366651492366,181.06831864944
2040,113,6,0.9,200,3.5,33.2,158.1,32.7345636856983,140.097364737443,133.054860194026
2040,113,6,0.9,200,4,21,102.8,20.3316247833082,97.6313310430911,96.7979739328908
2040,113,6,0.9,200,4.5,13.7,81.6,12.6790974963443,69.8631857354175,73.0517664062937
2040,113,6,0.9,200,5,8.4,70.4,8.20766953205934,52.0748920478098,57.7729546330515
2040,113,6,0.9,200,5.5,5.9,59.3,5.58525353466469,40.5756834814969,47.7251848916544
2040,113,6,0.9,200,6,3.9,33.6,4.02561565383527,33.1247793931404,40.8105653970385
2041,77,4,0.6,10,-2,9.1,20.4,9.32782237800684,19.2013544503709,18.9643524994769
2041,77,4,0.6,10,-1.5,11.3,20.3,9.33916357109958,19.389458673237,19.0790230055082
2041,77,4,0.6,10,-1,10,16.4,9.35354871737256,19.6777173188124,19.2572001947015
2041,77,4,0.6,10,-0.5,8.6,17.9,9.36903847323072,20.1128741169848,19.529076394545
2041,77,4,0.6,10,0,8.2,20.1,9.37787029459105,20.7459430321297,19.9258677785679
2041,77,4,0.6,10,0.5,8.2,20.6,9.3582038981188,21.5997171561163,20.4535397471504
2041,77,4,0.6,10,1,8.8,18.7,9.26130639408051,22.5956671476989,21.0343606499699
2041,77,4,0.6,10,1.5,8.9,21.1,9.00580766881106,23.4698549273423,21.4421383585938
2041,77,4,0.6,10,2,7.9,17.6,8.5092721677348,23.815194369478,21.3472568285883
2041,77,4,0.6,10,2.5,7.8,23,7.76437994210769,23.3556807372422,20.55563132466
2041,77,4,0.6,10,3,9.2,24.8,6.87916963328128,22.1950486900282,19.2098338743018
2041,77,4,0.6,10,3.5,5.4,14.7,6.00936091986193,20.6982287502166,17.6616952036677
2041,77,4,0.6,10,4,4.5,14.5,5.26139244523082,19.1946209817101,16.2021824213738
2041,77,4,0.6,10,4.5,4.7,13.4,4.66514368771147,17.8466938121152,14.9553025299403
2041,77,4,0.6,10,5,4.1,12.3,4.20270347145779,16.6876667577686,13.9260805787363
2041,77,4,0.6,10,5.5,4.1,10.7,3.84143601199468,15.6929800659548,13.0725833529455
2041,77,4,0.6,10,6,3.6,12.9,3.55125954425334,14.8245291116826,12.3473230629588
2041,77,4,0.6,50,-2,35.5,74.7,35.9272266143093,74.228252804789,73.1857336389562
2041,77,4,0.6,50,-1.5,37,71.3,36.1292571481777,75.3725587344046,74.0065612276156
2041,77,4,0.6,50,-1,37,73.5,36.3789030732466,76.9703015295868,75.1468423046006
2041,77,4,0.6,50,-0.5,35.9,76.8,36.6371593875539,79.047313732568,76.6046723853275
2041,77,4,0.6,50,0,36.6,73.1,36.7763644239599,81.3575297270184,78.141513144079
2041,77,4,0.6,50,0.5,34.4,77.3,36.5095102172574,83.0868518130376,79.0277985747773
2041,77,4,0.6,50,1,35.7,79.1,35.3915180626886,82.8190925586223,78.0132296998677
2041,77,4,0.6,50,1.5,33.7,66.2,33.0307385232522,79.3280223991186,74.0180810197089
2041,77,4,0.6,50,2,31.4,68.3,29.3903238840986,72.5776250334253,67.0199081930746
2041,77,4,0.6,50,2.5,24,52.7,24.8666784689654,63.6420395505025,58.0174976788054
2041,77,4,0.6,50,3,19.6,45.1,20.1508530248754,54.0953874209358,48.5181969353334
2041,77,4,0.6,50,3.5,16,39.2,15.9337342032595,45.4063381825233,39.9557537808058
2041,77,4,0.6,50,4,14.1,31,12.5993362026564,38.3818516349201,33.119897228651
2041,77,4,0.6,50,4.5,10.9,25.2,10.1680119390303,33.0888951554619,28.0633642102493
2041,77,4,0.6,50,5,8.7,22.5,8.45884543024955,29.1953156178893,24.4359678590128
2041,77,4,0.6,50,5.5,6.9,20.7,7.25874385358246,26.308656494804,21.8244393530874
2041,77,4,0.6,50,6,6.8,20.7,6.40017129575549,24.1246060562276,19.9055003728813
2041,77,4,0.6,200,-2,67.5,148.7,67.6959121982401,141.947329355929,139.010271850634
2041,77,4,0.6,200,-1.5,69.4,138.4,68.7475006354426,146.021116427742,142.27128082251
2041,77,4,0.6,200,-1,70.8,146.2,69.8891681800303,150.70075313978,146.019257749575
2041,77,4,0.6,200,-0.5,71.7,162.1,70.8610037747581,155.071541532048,149.490381709467
2041,77,4,0.6,200,0,71.2,153.4,71.2660604533013,157.656438385723,151.424369615237
2041,77,4,0.6,200,0.5,70.6,172.3,70.8072225978754,157.516458055872,150.978251490676
2041,77,4,0.6,200,1,69.4,141.9,69.382890137263,154.838865930489,148.216836256282
2041,77,4,0.6,200,1.5,66.4,138.3,66.7196448773931,149.491318255908,142.868104484809
2041,77,4,0.6,200,2,61,131.1,62.2160223372765,140.381453673257,133.792650260677
2041,77,4,0.6,200,2.5,53.4,110.8,55.2995249978715,126.373946065941,119.84773415508
2041,77,4,0.6,200,3,46.2,91.2,46.1454447072453,107.829081651368,101.389040022303
2041,77,4,0.6,200,3.5,35.9,79.4,36.1130022767142,87.4991141313826,81.1568029861575
2041,77,4,0.6,200,4,25.6,62.3,27.0460864113553,69.1117043787927,62.8658555844804
2041,77,4,0.6,200,4.5,19.2,44,20.0888251683456,54.9664045395524,48.8156047858585
2041,77,4,0.6,200,5,14.4,40.2,15.3323896469642,45.2166894792434,39.1768075241359
2041,77,4,0.6,200,5.5,12.1,42.1,12.2638079401883,38.7868169116613,32.8997750876522
2041,77,4,0.6,200,6,9.2,26.7,10.2744681161189,34.420622839856,28.7475523811352
2041,77,4,0.9,10,-2,8.2,32.4,9.32782237800684,32.2832664570658,31.4567009481595
2041,77,4,0.9,10,-1.5,8.7,24.9,9.33916357109958,32.7055724209688,31.6229002543009
2041,77,4,0.9,10,-1,8.9,46,9.35354871737256,33.3566990850588,31.8901079899925
2041,77,4,0.9,10,-0.5,10.1,43.4,9.36903847323072,34.3478926975576,32.3118459066909
2041,77,4,0.9,10,0,8.6,25.1,9.37787029459105,35.8080430129909,32.9479571919888
2041,77,4,0.9,10,0.5,11,35.1,9.3582038981188,37.8190800037996,33.8216837386421
2041,77,4,0.9,10,1,8.1,30.5,9.26130639408051,40.2629955936777,34.81779948881
2041,77,4,0.9,10,1.5,8.6,24.9,9.00580766881106,42.6339587262655,35.5621157678295
2041,77,4,0.9,10,2,9.7,49.7,8.5092721677348,44.0947383013773,35.4875853149159
2041,77,4,0.9,10,2.5,8.6,39.1,7.76437994210769,44.0133363337389,34.2479134798618
2041,77,4,0.9,10,3,7.1,25.3,6.87916963328128,42.4877849324465,32.0765811678876
2041,77,4,0.9,10,3.5,6.2,24.3,6.00936091986193,40.1602080121791,29.5700255822599
2041,77,4,0.9,10,4,5.8,25.2,5.26139244523082,37.6554178219384,27.2190206017258
2041,77,4,0.9,10,4.5,4.1,17,4.66514368771147,35.3115561911971,25.2275703945272
2041,77,4,0.9,10,5,4.2,19.2,4.20270347145779,33.2295881209944,23.5983092355252
2041,77,4,0.9,10,5.5,3.7,17.4,3.84143601199468,31.3956541770088,22.2567861868736
2041,77,4,0.9,10,6,3.1,13.7,3.55125954425334,29.7610198657505,21.1215421289415
2041,77,4,0.9,50,-2,34.6,116.4,35.9272266143093,124.975103143424,121.339224275758
2041,77,4,0.9,50,-1.5,36.4,145.1,36.1292571481777,127.367874538376,122.6038360142
2041,77,4,0.9,50,-1,34,141.7,36.3789030732466,130.751774962061,124.392297765417
2041,77,4,0.9,50,-0.5,37.7,142.6,36.6371593875539,135.238543301237,126.719613053441
2041,77,4,0.9,50,0,37.9,130.2,36.7763644239599,140.425234918651,129.209089340519
2041,77,4,0.9,50,0.5,37.7,162.3,36.5095102172574,144.799385868327,130.643074526144
2041,77,4,0.9,50,1,31.6,121.4,35.3915180626886,145.658140601357,128.897263888756
2041,77,4,0.9,50,1.5,31.7,104.2,33.0307385232522,140.669494668023,122.150599013458
2041,77,4,0.9,50,2,28.9,112.8,29.3903238840986,129.798533346822,110.415498603129
2041,77,4,0.9,50,2.5,25.5,73.9,24.8666784689654,115.017358735042,95.4012657155232
2041,77,4,0.9,50,3,20.9,66.2,20.1508530248754,99.0701146839794,79.6191638601147
2041,77,4,0.9,50,3.5,15.9,51.2,15.9337342032595,84.4559922515133,65.4465914729634
2041,77,4,0.9,50,4,12.8,55.4,12.5993362026564,72.5423319700359,54.1907951778146
2041,77,4,0.9,50,4.5,11.8,52.2,10.1680119390303,63.4578629326936,45.9308741143116
2041,77,4,0.9,50,5,8.5,31.2,8.45884543024955,56.6700507315214,40.0713995915689
2041,77,4,0.9,50,5.5,7.9,30.3,7.25874385358246,51.5487913402884,35.9096828443125
2041,77,4,0.9,50,6,6.1,24.4,6.40017129575549,47.6085522474695,32.8940436827523
2041,77,4,0.9,200,-2,69,234.7,67.6959121982401,240.32656168233,230.083310846658
2041,77,4,0.9,200,-1.5,69.6,253.6,68.7475006354426,248.40460339321,235.326716212695
2041,77,4,0.9,200,-1,70.1,260.4,69.8891681800303,257.771863641765,241.444729603201
2041,77,4,0.9,200,-0.5,71.2,251.7,70.8610037747581,266.646086173553,247.181291931829
2041,77,4,0.9,200,0,71.6,276.7,71.2660604533013,272.119156899632,250.38425946362
2041,77,4,0.9,200,0.5,71.3,287.2,70.8072225978754,272.401646063136,249.599065677151
2041,77,4,0.9,200,1,69.4,275.6,69.382890137263,268.063550630942,244.968629652414
2041,77,4,0.9,200,1.5,67.4,268.3,66.7196448773931,259.159443081814,236.060392459433
2041,77,4,0.9,200,2,62,248,62.2160223372765,243.946549447319,220.967508029054
2041,77,4,0.9,200,2.5,56.1,230.9,55.2995249978715,220.543825246435,197.783077290639
2041,77,4,0.9,200,3,47.3,165.9,46.1454447072453,189.556664530705,167.096443142543
2041,77,4,0.9,200,3.5,37.1,133.3,36.1130022767142,155.583016500071,133.463638918494
2041,77,4,0.9,200,4,28.1,113.5,27.0460864113553,124.846441322378,103.063484820338
2041,77,4,0.9,200,4.5,19.1,60.6,20.0888251683456,101.177367444887,79.7259029762821
2041,77,4,0.9,200,5,14.6,62.2,15.3323896469642,84.8118189549264,63.7471902329875
2041,77,4,0.9,200,5.5,12.2,42,12.2638079401883,73.9284123381615,53.396827248421
2041,77,4,0.9,200,6,10.4,36.2,10.2744681161189,66.4130110835837,46.6276702748454
2042,102,6,0.6,10,-2,10,18.7,9.48202568224383,19.2481302310781,21.0650730640545
2042,102,6,0.6,10,-1.5,10.1,25.2,9.49145952326803,19.4491850905675,21.3074738988612
2042,102,6,0.6,10,-1,9.5,21.6,9.50364881946779,19.7737239266449,21.6726954165938
2042,102,6,0.6,10,-0.5,10.3,24,9.51724915043693,20.3021143313508,22.2212183001579
2042,102,6,0.6,10,0,8.6,19.7,9.5254383416063,21.1541477970238,23.0276926991818
2042,102,6,0.6,10,0.5,9.3,23.6,9.50442740170475,22.4579713066195,24.1394727600226
2042,102,6,0.6,10,1,8.3,20,9.38619477567988,24.185209086381,25.4361749118765
2042,102,6,0.6,10,1.5,7.5,19.9,9.02738157550174,25.8109814830731,26.3932832126351
2042,102,6,0.6,10,2,7.5,23.8,8.26857457073985,26.3133117383618,26.1593701932248
2042,102,6,0.6,10,2.5,7.5,27.3,7.13878166535944,25.158378099922,24.3709896523344
2042,102,6,0.6,10,3,5.5,17.8,5.90124634378816,22.9025810787572,21.6027905251943
2042,102,6,0.6,10,3.5,4.5,18.6,4.80698701084389,20.3798558469093,18.6676958466272
2042,102,6,0.6,10,4,4.1,22.5,3.94469933976456,18.0533214736372,16.0290393685288
2042,102,6,0.6,10,4.5,2.8,10.7,3.29281410994888,16.0603713104823,13.8193443633125
2042,102,6,0.6,10,5,3,11.5,2.80059693221193,14.3992308880724,12.0198289601102
2042,102,6,0.6,10,5.5,2.6,10.8,2.42407656020509,13.0293335917526,10.5691207088854
2042,102,6,0.6,10,6,2.8,14,2.13204434409653,11.9054228010245,9.40360821696571
2042,102,6,0.6,50,-2,37.5,77.1,38.7158618508025,78.8224518537763,86.3247467283698
2042,102,6,0.6,50,-1.5,36.6,84.3,38.8977232623635,80.0237956470983,87.7239486930417
2042,102,6,0.6,50,-1,38.3,76.5,39.1286192503628,81.8167283937135,89.697569150378
2042,102,6,0.6,50,-0.5,39.8,86.6,39.3793942027957,84.405226731677,92.3578971995508
2042,102,6,0.6,50,0,38,89.5,39.5243591199236,87.7759221592437,95.5499120675869
2042,102,6,0.6,50,0.5,39.5,94.1,39.2002179607468,91.0090114893577,98.2807031197344
2042,102,6,0.6,50,1,35.2,82.2,37.6988218350747,91.5767667065931,98.2084819010251
2042,102,6,0.6,50,1.5,32.2,93.7,34.3374581624574,86.997735288642,92.9902150126221
2042,102,6,0.6,50,2,26.5,74.7,29.158334022358,77.5401734048878,82.6309308825118
2042,102,6,0.6,50,2.5,23.6,67.6,23.0596849374883,65.4654971182036,69.3071903896835
2042,102,6,0.6,50,3,15.9,47.8,17.3441093997636,53.6011995530106,56.0400008011864
2042,102,6,0.6,50,3.5,14.3,49.5,12.8866758992342,43.8515340951396,44.9522442438793
2042,102,6,0.6,50,4,10.1,40.5,9.78334610322531,36.5570212517468,36.5221488137367
2042,102,6,0.6,50,4.5,8,32.4,7.69861919215785,31.1744818363394,30.2584437874831
2042,102,6,0.6,50,5,6.3,25.4,6.26180553976682,27.0539400031701,25.50054359649
2042,102,6,0.6,50,5.5,4.7,21.6,5.21673685783045,23.7493988759965,21.7585963229759
2042,102,6,0.6,50,6,4.7,21,4.41864829963521,21.0226172156736,18.7431633423965
2042,102,6,0.6,200,-2,81.7,184.5,83.0523460632587,171.12665243062,187.897536415754
2042,102,6,0.6,200,-1.5,84.8,182.2,84.2518201833908,176.014011308059,193.305021408044
2042,102,6,0.6,200,-1,85.4,192.5,85.653718568761,182.29476159262,199.905234942056
2042,102,6,0.6,200,-0.5,85.9,198,86.9964827203541,189.299726045069,206.858561995589
2042,102,6,0.6,200,0,85.2,197,87.6437053217943,194.639640651266,211.878156236912
2042,102,6,0.6,200,0.5,86.5,217.7,86.7374997066909,195.036479161501,212.025676317845
2042,102,6,0.6,200,1,82,198.4,83.7112261964214,189.659409830098,206.251772430239
2042,102,6,0.6,200,1.5,77.8,176.4,77.8917933026315,178.219302156938,193.865093480784
2042,102,6,0.6,200,2,66.5,156.2,68.3083806922253,159.125697582546,173.092254931819
2042,102,6,0.6,200,2.5,57.9,146,55.018079193229,132.55383148025,144.125807309895
2042,102,6,0.6,200,3,38.8,107.1,40.4975824189712,103.40559859683,112.269069614909
2042,102,6,0.6,200,3.5,26.6,86.8,28.2057735849107,78.4690616111333,84.8312984843396
2042,102,6,0.6,200,4,18,64.5,19.6690857836007,60.6778910959116,64.9282421486615
2042,102,6,0.6,200,4.5,14.5,52.2,14.3074538588149,48.9087525691263,51.3676443927123
2042,102,6,0.6,200,5,10.2,40.2,11.0043024020209,41.1174470008979,42.0769459065954
2042,102,6,0.6,200,5.5,8.5,30,8.92090432391553,35.7891796915749,35.5715176921525
2042,102,6,0.6,200,6,7.5,30.2,7.52850893124804,31.892676687098,30.8177406363698
2042,102,6,0.9,10,-2,9.6,29.1,9.48202568224383,30.7259021623778,36.5363733503903
2042,102,6,0.9,10,-1.5,9.6,37.9,9.49145952326803,31.1521627153131,37.0948557839274
2042,102,6,0.9,10,-1,8.7,30.6,9.50364881946779,31.8437953873858,37.9165891643538
2042,102,6,0.9,10,-0.5,10.1,39.2,9.51724915043693,32.9772011315551,39.1143773349956
2042,102,6,0.9,10,0,9.7,41,9.5254383416063,34.8209761948994,40.8124573113437
2042,102,6,0.9,10,0.5,9.8,38.8,9.50442740170475,37.6818327653251,43.0591707697327
2042,102,6,0.9,10,1,10.5,39.3,9.38619477567988,41.5779894131637,45.5785010166699
2042,102,6,0.9,10,1.5,8.9,54.9,9.02738157550174,45.5361780506525,47.3983430901585
2042,102,6,0.9,10,2,8.4,39.7,8.26857457073985,47.5206802172228,47.0283846444497
2042,102,6,0.9,10,2.5,5.8,37.7,7.13878166535944,46.3361995266501,43.8181798039344
2042,102,6,0.9,10,3,5.7,35.4,5.90124634378816,42.8836740150343,38.7270239406033
2042,102,6,0.9,10,3.5,4.4,37,4.80698701084389,38.6821211895156,33.2067390419057
2042,102,6,0.9,10,4,4.5,38.1,3.94469933976456,34.6347072562425,28.1611778558295
2042,102,6,0.9,10,4.5,3.3,25.4,3.29281410994888,31.0656488942695,23.8989828485584
2042,102,6,0.9,10,5,2.7,15.1,2.80059693221193,28.0307125698741,20.421531864679
2042,102,6,0.9,10,5.5,2.6,27.8,2.42407656020509,25.4933330167273,17.6257238587329
2042,102,6,0.9,10,6,2,13.6,2.13204434409653,23.3917435101642,15.3910946759843
2042,102,6,0.9,50,-2,35.8,122.6,38.7158618508025,125.958368809654,149.950245395772
2042,102,6,0.9,50,-1.5,36.5,126.5,38.8977232623635,128.357875719838,152.982490542446
2042,102,6,0.9,50,-1,37.4,124.7,39.1286192503628,131.986617367951,157.189060352303
2042,102,6,0.9,50,-0.5,37.5,145,39.3793942027957,137.32256283014,162.754712803534
2042,102,6,0.9,50,0,39.2,154.5,39.5243591199236,144.484350082038,169.34509063948
2042,102,6,0.9,50,0.5,39.8,179.8,39.2002179607468,151.898131934845,175.152553559769
2042,102,6,0.9,50,1,35.4,147.7,37.6988218350747,154.897690650238,176.10550707957
2042,102,6,0.9,50,1.5,36.8,175,34.3374581624574,148.887575569486,168.0511563652
2042,102,6,0.9,50,2,25.6,122.8,29.158334022358,134.401710701837,150.681639333625
2042,102,6,0.9,50,2.5,22.2,109.9,23.0596849374883,115.303612032699,127.589110322455
2042,102,6,0.9,50,3,15.8,99.2,17.3441093997636,96.2129297050504,104.012065775062
2042,102,6,0.9,50,3.5,13.8,83.3,12.8866758992342,80.2434832577211,83.7634864683501
2042,102,6,0.9,50,4,9.4,79.6,9.78334610322531,68.0232149199394,67.9116950126334
2042,102,6,0.9,50,4.5,8.8,79.1,7.69861919215785,58.764868153942,55.8354349360108
2042,102,6,0.9,50,5,6.5,47.2,6.26180553976682,51.4902314787046,46.5225655176403
2042,102,6,0.9,50,5.5,5.5,48.4,5.21673685783045,45.5302089073369,39.1637450509042
2042,102,6,0.9,50,6,5.5,40,4.41864829963521,40.5366995623987,33.2471465755364
2042,102,6,0.9,200,-2,82.2,293.9,83.0523460632587,274.637401925172,328.269655193972
2042,102,6,0.9,200,-1.5,81.6,294.1,84.2518201833908,283.859006861685,339.154591386497
2042,102,6,0.9,200,-1,85.9,313.9,85.653718568761,295.873706553144,352.190914858779
2042,102,6,0.9,200,-0.5,85.5,325.5,86.9964827203541,309.533263259605,365.68533834631
2042,102,6,0.9,200,0,85,328.4,87.6437053217943,320.388339853381,375.516050156967
2042,102,6,0.9,200,0.5,84.2,342.8,86.7374997066909,322.316601994428,376.647007328476
2042,102,6,0.9,200,1,81.6,333.6,83.7112261964214,314.176721947951,367.238074831161
2042,102,6,0.9,200,1.5,78,313,77.8917933026315,296.130825559851,346.165101845774
2042,102,6,0.9,200,2,67.6,283.6,68.3083806922253,265.860214448239,310.524403987288
2042,102,6,0.9,200,2.5,52.9,246.4,55.018079193229,223.678975269377,260.685440704718
2042,102,6,0.9,200,3,41.6,197.4,40.4975824189712,177.339259528829,205.684093522295
2042,102,6,0.9,200,3.5,28.1,152,28.2057735849107,137.54180178071,157.887843148737
2042,102,6,0.9,200,4,18.6,126.1,19.6690857836007,108.874151149871,122.466511835477
2042,102,6,0.9,200,4.5,13,86.6,14.3074538588149,89.5744871143427,97.4378716061825
2042,102,6,0.9,200,5,10.1,65.4,11.0043024020209,76.5084060175525,79.5768243768421
2042,102,6,0.9,200,5.5,9.3,67.8,8.92090432391553,67.3665537935304,66.6704841355228
2042,102,6,0.9,200,6,7.7,54.7,7.52850893124804,60.527057918553,57.0894786847141
2043,83,4,0.6,10,-2,8.8,18,9.36437745468303,19.3051086061558,17.3671941856063
2043,83,4,0.6,10,-1.5,10.7,20.3,9.37925112888354,19.5244911085799,17.6525388987956
2043,83,4,0.6,10,-1,10,19.6,9.39629149553683,19.8321937064008,18.0465865685432
2043,83,4,0.6,10,-0.5,8.9,16.9,9.41267631630867,20.2577400492772,18.5810336957938
2043,83,4,0.6,10,0,11,22.6,9.42107202268699,20.8301739827501,19.2838471101679
2043,83,4,0.6,10,0.5,8.7,19,9.4049874057481,21.5591048734733,20.1587648482689
2043,83,4,0.6,10,1,9.4,20,9.33127034556955,22.3914726978014,21.1437488724179
2043,83,4,0.6,10,1.5,8.3,21.4,9.14337635387668,23.1496095111932,22.0566143664024
2043,83,4,0.6,10,2,10,25.3,8.77015467766297,23.5176479841264,22.5882949245364
2043,83,4,0.6,10,2.5,8.2,22,8.16677034568539,23.1822808333433,22.432479205131
2043,83,4,0.6,10,3,7.3,24.4,7.36352188446272,22.0654068021281,21.4945393188602
2043,83,4,0.6,10,3.5,4.7,14,6.46065204678334,20.3769745191191,19.9470939430216
2043,83,4,0.6,10,4,5.4,18.8,5.56887407803721,18.436057860685,18.0818063024026
2043,83,4,0.6,10,4.5,4.1,9.9,4.76225653113,16.5004707443936,16.1557061033729
2043,83,4,0.6,10,5,3.7,10.3,4.07221018067064,14.7219995752333,14.3381697105284
2043,83,4,0.6,10,5.5,3.4,10.4,3.50187944876662,13.1687433195126,12.7189287070118
2043,83,4,0.6,10,6,3,11.8,3.04042994148952,11.8559038012999,11.3304518419139
2043,83,4,0.6,50,-2,33.2,68.9,36.5846621105827,75.7650540766088,68.3364698701353
2043,83,4,0.6,50,-1.5,36.1,69,36.8501713704083,77.1244794380831,69.9287285552993
2043,83,4,0.6,50,-1,39.3,81.7,37.1469133262085,78.850877201979,71.9439744017247
2043,83,4,0.6,50,-0.5,37.9,80.5,37.4228351019271,80.9036076829455,74.3402782911027
2043,83,4,0.6,50,0,36.4,75.9,37.5582643938028,83.0420550791954,76.8774324778791
2043,83,4,0.6,50,0.5,35,69.9,37.3266494395004,84.6466085946125,78.9605444205238
2043,83,4,0.6,50,1,36.5,78.8,36.3983356120258,84.6807822253639,79.6186394068391
2043,83,4,0.6,50,1.5,33.4,75.7,34.475169267468,82.1803034681623,77.9408429767391
2043,83,4,0.6,50,2,30.6,69.6,31.4969631077297,76.9820903956914,73.7233758887019
2043,83,4,0.6,50,2.5,27.6,67.6,27.6977436839357,69.7203889706173,67.4994900746381
2043,83,4,0.6,50,3,24.6,61,23.5238026968575,61.4029079633421,60.1711795865318
2043,83,4,0.6,50,3.5,18.9,49.5,19.4870795897246,53.1002756194261,52.7012935636661
2043,83,4,0.6,50,4,16.6,48.6,15.9632377591055,45.5818661225338,45.7781887798897
2043,83,4,0.6,50,4.5,13.9,37.9,13.0804603720191,39.1204359484735,39.6521423113446
2043,83,4,0.6,50,5,11,35.8,10.7754817132078,33.6281930180295,34.2689827970244
2043,83,4,0.6,50,5.5,9.4,31.3,8.9207770856718,28.9195747013031,29.5069392209362
2043,83,4,0.6,50,6,7.6,25.2,7.40957500369009,24.867982408509,25.3069149174858
2043,83,4,0.6,200,-2,70,137.5,71.3706044024572,150.38844202243,136.935411003245
2043,83,4,0.6,200,-1.5,70.3,136.8,72.7217286598009,155.110522147699,141.971298716813
2043,83,4,0.6,200,-1,74.2,149.8,74.0581216743512,160.069536554031,147.204979092983
2043,83,4,0.6,200,-0.5,73.5,154.1,75.1159255573931,164.441044155631,151.801426997446
2043,83,4,0.6,200,0,74.8,149,75.5426356046571,167.026240641318,154.627056431722
2043,83,4,0.6,200,0.5,73.6,155,75.0523266075491,166.951038621897,154.897653250305
2043,83,4,0.6,200,1,73.7,150,73.5198567819792,164.207159789776,152.636790970018
2043,83,4,0.6,200,1.5,70.7,145.5,70.7533858113379,158.754587128218,147.870003030493
2043,83,4,0.6,200,2,65.6,135.2,66.3611307500499,149.946959446227,140.079965703894
2043,83,4,0.6,200,2.5,59.3,127.5,59.9626174999255,137.066725481975,128.657999368682
2043,83,4,0.6,200,3,51.5,111.9,51.6300509108757,120.276700231566,113.758952965496
2043,83,4,0.6,200,3.5,45.3,102.9,42.2524472151949,101.371763919861,96.9776744645684
2043,83,4,0.6,200,4,33.1,78.4,33.2825079859644,83.2728439275339,80.9023654694474
2043,83,4,0.6,200,4.5,25,64.6,25.923607453872,68.3828550595241,67.6521681376188
2043,83,4,0.6,200,5,20.7,61,20.5682350513614,57.4433840316428,57.8555337122289
2043,83,4,0.6,200,5.5,17.9,48.3,16.9033181644119,49.7430646251117,50.8328161706457
2043,83,4,0.6,200,6,15.1,47.1,14.338056027033,44.0048922670314,45.3988186167716
2043,83,4,0.9,10,-2,9.6,28.5,9.36437745468303,31.0602936795932,24.9198128883771
2043,83,4,0.9,10,-1.5,8.9,24.1,9.37925112888354,31.5215134360673,25.5900406814572
2043,83,4,0.9,10,-1,9.3,22.5,9.39629149553683,32.1729320311494,26.5150525012761
2043,83,4,0.9,10,-0.5,9.9,28,9.41267631630867,33.0823230071801,27.7695067925424
2043,83,4,0.9,10,0,8.6,27.7,9.42107202268699,34.3217474916455,29.4220520472305
2043,83,4,0.9,10,0.5,9.5,34.5,9.4049874057481,35.9316794920157,31.4945583607838
2043,83,4,0.9,10,1,10.5,30.3,9.33127034556955,37.8355173467993,33.8819763125478
2043,83,4,0.9,10,1.5,8.7,28.7,9.14337635387668,39.7123613286568,36.249094003582
2043,83,4,0.9,10,2,8.5,34.9,8.77015467766297,40.9569600976096,38.0122095192779
2043,83,4,0.9,10,2.5,8.3,32.8,8.16677034568539,40.9385305563238,38.5627071213782
2043,83,4,0.9,10,3,7.2,35,7.36352188446272,39.4507857548555,37.6419335278604
2043,83,4,0.9,10,3.5,6.3,27.9,6.46065204678334,36.8334045051276,35.4712837674659
2043,83,4,0.9,10,4,6,28.9,5.56887407803721,33.6518527991237,32.5293703686174
2043,83,4,0.9,10,4.5,4.7,22.8,4.76225653113,30.3812284478272,29.2888062886085
2043,83,4,0.9,10,5,4.2,23.8,4.07221018067064,27.3156653145656,26.0994609835988
2043,83,4,0.9,10,5.5,3.6,19.2,3.50187944876662,24.600072881575,23.1747891031065
2043,83,4,0.9,10,6,3.6,18.2,3.04042994148952,22.2804415091494,20.6154930320119
2043,83,4,0.9,50,-2,39.7,118,36.5846621105827,122.096933673033,98.5587019832929
2043,83,4,0.9,50,-1.5,37.4,102.8,36.8501713704083,124.749944590112,101.949469189561
2043,83,4,0.9,50,-1,35.3,110.6,37.1469133262085,128.166949247947,106.281718650544
2043,83,4,0.9,50,-0.5,37.3,106.8,37.4228351019271,132.32080436975,111.524221388749
2043,83,4,0.9,50,0,40.2,129.8,37.5582643938028,136.82787517645,117.294635593173
2043,83,4,0.9,50,0.5,38.5,122.9,37.3266494395004,140.603747869366,122.586869792411
2043,83,4,0.9,50,1,34.8,118.8,36.3983356120258,141.776089108708,125.736169899721
2043,83,4,0.9,50,1.5,34.1,122.3,34.475169267468,138.592922714912,125.159756917362
2043,83,4,0.9,50,2,30.2,119.1,31.4969631077297,130.769491061852,120.443919601089
2043,83,4,0.9,50,2.5,27.9,105.7,27.6977436839357,119.413310456294,112.376164302994
2043,83,4,0.9,50,3,23,90.3,23.5238026968575,106.19598062961,102.293122816283
2043,83,4,0.9,50,3.5,16.9,69.8,19.4870795897246,92.8487945380105,91.5845789341348
2043,83,4,0.9,50,4,16.1,66.4,15.9632377591055,80.6067000837546,81.2287685784161
2043,83,4,0.9,50,4.5,13.7,65.8,13.0804603720191,69.9134156141257,71.5981818107935
2043,83,4,0.9,50,5,9.8,56.4,10.7754817132078,60.6521459571669,62.6825541565188
2043,83,4,0.9,50,5.5,8.2,39.4,8.9207770856718,52.5686970481175,54.4298218284503
2043,83,4,0.9,50,6,7.7,44.9,7.40957500369009,45.5130242071412,46.9038269234178
2043,83,4,0.9,200,-2,70.1,206.2,71.3706044024572,243.829185079645,201.201875183515
2043,83,4,0.9,200,-1.5,72.3,225.3,72.7217286598009,252.537512242282,210.904533905719
2043,83,4,0.9,200,-1,73.4,218.7,74.0581216743512,261.780375015755,221.017704002311
2043,83,4,0.9,200,-0.5,74.2,230.1,75.1159255573931,270.07042743027,230.020502859214
2043,83,4,0.9,200,0,73.6,237.2,75.5426356046571,275.208092861702,235.920004771524
2043,83,4,0.9,200,0.5,75.1,233.8,75.0523266075491,275.623766138439,237.431377166793
2043,83,4,0.9,200,1,72.3,231,73.5198567819792,271.44736319369,234.785461753858
2043,83,4,0.9,200,1.5,70.4,230.9,70.7533858113379,262.818402193924,228.329480049722
2043,83,4,0.9,200,2,65.3,203.1,66.3611307500499,248.789476245873,217.524893610346
2043,83,4,0.9,200,2.5,58.6,198.9,59.9626174999255,228.244431169853,201.600519225261
2043,83,4,0.9,200,3,52.7,178.8,51.6300509108757,201.453230925338,180.801079589392
2043,83,4,0.9,200,3.5,40.2,139.9,42.2524472151949,171.281964556919,157.358841012868
2043,83,4,0.9,200,4,34.2,125.8,33.2825079859644,142.387776413099,134.876672061161
2043,83,4,0.9,200,4.5,25.7,100.4,25.923607453872,118.592070667312,116.27681414165
2043,83,4,0.9,200,5,20,85.5,20.5682350513614,101.049251071872,102.355189646821
2043,83,4,0.9,200,5.5,17.6,82.2,16.9033181644119,88.5769583828257,92.0299480306619
2043,83,4,0.9,200,6,14.4,74.4,14.338056027033,79.0867333540302,83.5035320961143
2044,105,4,0.6,10,-2,8.4,21.4,9.51993100437815,20.3416976843002,21.2208848253707
2044,105,4,0.6,10,-1.5,10.8,28.8,9.52445634959318,20.4378988648792,21.2954571381725
2044,105,4,0.6,10,-1,9.5,22.4,9.5298795846647,20.580267253269,21.4271952673551
2044,105,4,0.6,10,-0.5,10.1,20.1,9.53545713644384,20.7923503641327,21.6614083917899
2044,105,4,0.6,10,0,9.9,22.2,9.53857349794513,21.1073114023884,22.0730072634219
2044,105,4,0.6,10,0.5,9.2,27.6,9.53132518633568,21.5620524156403,22.7669226861048
2044,105,4,0.6,10,1,9.5,23.9,9.49163536315794,22.1648658971142,23.8325996852882
2044,105,4,0.6,10,1.5,7.5,16.3,9.36504487449066,22.8065356216726,25.1883612929682
2044,105,4,0.6,10,2,8.3,25.4,9.04635427882156,23.1385389496881,26.3435872890574
2044,105,4,0.6,10,2.5,8.4,21.4,8.40799891129684,22.631759242039,26.4653830461296
2044,105,4,0.6,10,3,6.6,16.9,7.41056407219076,21.0042685670363,25.1014387256948
2044,105,4,0.6,10,3.5,5.7,18.6,6.18292683825655,18.5397065958656,22.6800350926771
2044,105,4,0.6,10,4,3.6,21.4,4.94567108279435,15.8158402565741,19.9920655025993
2044,105,4,0.6,10,4.5,4.3,18.4,3.87450590908774,13.304517285842,17.5915493680141
2044,105,4,0.6,10,5,2.9,12.1,3.03944082046528,11.2333554014183,15.6912978534593
2044,105,4,0.6,10,5.5,2.8,13.2,2.42863185969306,9.63642312271568,14.2854243058296
2044,105,4,0.6,10,6,2.6,14.1,1.99650577854719,8.45205962792283,13.2810805570998
2044,105,4,0.6,50,-2,39.5,87.8,39.4292744092103,84.3695730549244,87.9524565180692
2044,105,4,0.6,50,-1.5,40.1,88.3,39.5173808975091,84.9478830235658,88.454564996636
2044,105,4,0.6,50,-1,40.6,92.1,39.6208379095477,85.7364338836735,89.2335473516133
2044,105,4,0.6,50,-0.5,40.1,87.2,39.7242254912596,86.7749210410483,90.413755823223
2044,105,4,0.6,50,0,42.8,94.6,39.7797584503776,88.026134023583,92.0534813094966
2044,105,4,0.6,50,0.5,40.7,97.6,39.6649122364332,89.2019607937063,93.8549915725544
2044,105,4,0.6,50,1,41.4,91.4,39.127078738567,89.5214933907073,94.7357711880066
2044,105,4,0.6,50,1.5,37.5,91.1,37.8024551570942,87.8331168098186,93.0759082023919
2044,105,4,0.6,50,2,36.2,91.8,35.3746024727269,83.3613664038924,88.087661153461
2044,105,4,0.6,50,2.5,32.2,80.6,31.6922015641785,75.9548512398538,80.0010837969736
2044,105,4,0.6,50,3,25.3,65.6,26.8703437550494,65.9429132186688,69.3280659974195
2044,105,4,0.6,50,3.5,22.5,52.8,21.4567380052999,54.5017026126284,57.310861804474
2044,105,4,0.6,50,4,15.7,41.4,16.2916670597549,43.4118441720311,45.8160104097026
2044,105,4,0.6,50,4.5,11.7,31.6,12.0388886090895,34.0709229333173,36.3160538284877
2044,105,4,0.6,50,5,7.9,18.8,8.88347613383328,26.8774445206138,29.223064411351
2044,105,4,0.6,50,5.5,6.3,22.5,6.6528220892241,21.5096296453665,24.1611436381485
2044,105,4,0.6,50,6,5.9,22.2,5.08200545531353,17.4811107543483,20.5546224547272
2044,105,4,0.6,200,-2,87,202,87.3399821655546,187.947907752174,195.405943746073
2044,105,4,0.6,200,-1.5,88.9,219.7,87.9289680400682,190.284939337674,197.733539226933
2044,105,4,0.6,200,-1,88.8,199,88.5606057161419,193.002712198511,200.743945753514
2044,105,4,0.6,200,-0.5,88.8,191.5,89.1171616458006,195.764167339424,204.138154253898
2044,105,4,0.6,200,0,88.9,212.2,89.3699015156498,197.761053232749,206.80896212743
2044,105,4,0.6,200,0.5,89.6,207.7,89.0238385389735,197.946817562708,207.2028896104
2044,105,4,0.6,200,1,87.3,198.2,87.8641843526196,195.866272068827,204.887622637156
2044,105,4,0.6,200,1.5,86.1,189.9,85.6694562285635,191.35610672811,200.044638767398
2044,105,4,0.6,200,2,82.1,180,81.9772297817925,183.586359671822,191.854243387295
2044,105,4,0.6,200,2.5,74.1,188.2,76.0599610197663,171.072590621095,178.717630013927
2044,105,4,0.6,200,3,68.5,148,67.1865658753278,152.290297491281,159.015418614104
2044,105,4,0.6,200,3.5,53.4,125.2,55.3758511300634,127.286241146179,132.790540436906
2044,105,4,0.6,200,4,40,99.7,42.159426006854,99.3034867530657,103.443920717572
2044,105,4,0.6,200,4.5,31.1,71.8,30.0387258664442,73.6328613190386,76.5290015638573
2044,105,4,0.6,200,5,20.6,61.5,20.7905607789591,54.0178102515465,55.9879997727814
2044,105,4,0.6,200,5.5,14.7,42.5,14.6391796118719,40.8876059458791,42.3111702134385
2044,105,4,0.6,200,6,10.3,31.5,10.8228429153208,32.5574608794037,33.7949500778262
2044,105,4,0.9,10,-2,8.3,23.2,9.51993100437815,36.8113081459983,40.0710269332295
2044,105,4,0.9,10,-1.5,10.5,29.7,9.52445634959318,37.0470304733414,40.2265569746001
2044,105,4,0.9,10,-1,9.6,47.5,9.5298795846647,37.3978152318564,40.5379284455088
2044,105,4,0.9,10,-0.5,11,43,9.53545713644384,37.9241784613821,41.1463420345419
2044,105,4,0.9,10,0,9.9,40.6,9.53857349794513,38.7137348686388,42.2941977688682
2044,105,4,0.9,10,0.5,10.2,42,9.53132518633568,39.8715758879224,44.3388139460527
2044,105,4,0.9,10,1,9.9,52.5,9.49163536315794,41.4522129966234,47.6355872834574
2044,105,4,0.9,10,1.5,9.1,50.2,9.36504487449066,43.2630953663337,52.0940728976672
2044,105,4,0.9,10,2,10.5,34.6,9.04635427882156,44.5853875972471,56.4685872003535
2044,105,4,0.9,10,2.5,8.7,44.6,8.40799891129684,44.2788524456382,58.4925902877933
2044,105,4,0.9,10,3,8.1,43.5,7.41056407219076,41.6924819044129,56.8833575630349
2044,105,4,0.9,10,3.5,5,28.9,6.18292683825655,37.3454483188321,52.696340018557
2044,105,4,0.9,10,4,4.5,36.8,4.94567108279435,32.3591143115457,47.8430986173228
2044,105,4,0.9,10,4.5,3.6,31.3,3.87450590908774,27.6560200134581,43.5508373588331
2044,105,4,0.9,10,5,2.4,24,3.03944082046528,23.7036465559211,40.2321398475981
2044,105,4,0.9,10,5.5,2.1,22.2,2.42863185969306,20.6059365027684,37.8428088255404
2044,105,4,0.9,10,6,2,23.9,1.99650577854719,18.2767454078327,36.1810680616004
2044,105,4,0.9,50,-2,38.9,170.4,39.4292744092103,152.764063032288,166.048143282883
2044,105,4,0.9,50,-1.5,40.6,145.2,39.5173808975091,154.088412035682,167.089963781017
2044,105,4,0.9,50,-1,38.8,148.9,39.6208379095477,155.919604928383,168.885679999319
2044,105,4,0.9,50,-0.5,40,162.7,39.7242254912596,158.38121699776,171.872745193499
2044,105,4,0.9,50,0,38.9,187.5,39.7797584503776,161.452131402895,176.384128241033
2044,105,4,0.9,50,0.5,37,140.2,39.6649122364332,164.592229064246,181.844041720318
2044,105,4,0.9,50,1,37.7,170.2,39.127078738567,166.216584249201,185.549304785812
2044,105,4,0.9,50,1.5,34.8,166.6,37.8024551570942,163.974613196925,183.413052183982
2044,105,4,0.9,50,2,34.8,139.3,35.3746024727269,156.392261694776,173.915711560526
2044,105,4,0.9,50,2.5,33.4,156.3,31.6922015641785,143.318029519561,158.320046346023
2044,105,4,0.9,50,3,24.5,119.2,26.8703437550494,125.407325808286,137.958289755626
2044,105,4,0.9,50,3.5,20.8,100.3,21.4567380052999,104.792723561457,115.20810450394
2044,105,4,0.9,50,4,16.7,84.9,16.2916670597549,84.6859508777459,93.5997594248334
2044,105,4,0.9,50,4.5,11.8,50,12.0388886090895,67.6014021730907,75.9255632269799
2044,105,4,0.9,50,5,9.4,63.4,8.88347613383328,54.2624047360491,62.9591438810603
2044,105,4,0.9,50,5.5,6.2,34.6,6.6528220892241,44.1201553008542,53.9510429163773
2044,105,4,0.9,50,6,5.2,45.8,5.08200545531353,36.3512675770375,47.7467752732718
2044,105,4,0.9,200,-2,87.2,348.1,87.3399821655546,341.062772707206,368.71456481094
2044,105,4,0.9,200,-1.5,88,339.9,87.9289680400682,346.060149205022,373.676955529121
2044,105,4,0.9,200,-1,86.1,339.6,88.5606057161419,351.952804215855,380.654593945011
2044,105,4,0.9,200,-0.5,87.3,358.4,89.1171616458006,358.069888080866,389.11770622332
2044,105,4,0.9,200,0,88.1,347.6,89.3699015156498,362.721183965147,396.267669384887
2044,105,4,0.9,200,0.5,87.5,363.9,89.0238385389735,363.71633449167,398.034616163863
2044,105,4,0.9,200,1,86.8,337.1,87.8641843526196,360.234287601473,393.682304024887
2044,105,4,0.9,200,1.5,85,334.9,85.6694562285635,352.200266116484,384.414307699759
2044,105,4,0.9,200,2,80.5,325.4,81.9772297817925,338.224954102593,368.879378648831
2044,105,4,0.9,200,2.5,74.1,305.1,76.0599610197663,315.671993358059,344.017128737988
2044,105,4,0.9,200,3,68.2,265.4,67.1865658753278,281.80938157504,306.743781370489
2044,105,4,0.9,200,3.5,53.9,207.7,55.3758511300634,236.726422841424,257.134441760672
2044,105,4,0.9,200,4,40.5,149.2,42.159426006854,186.270841393584,201.622124130677
2044,105,4,0.9,200,4.5,28,140.8,30.0387258664442,139.978630041887,150.716506343167
2044,105,4,0.9,200,5,21,118.1,20.7905607789591,104.586249926234,111.891024412533
2044,105,4,0.9,200,5.5,15.4,63.2,14.6391796118719,80.8349980621538,86.1130770637915
2044,105,4,0.9,200,6,10.5,46.6,10.8228429153208,65.6353031568953,70.2234808049228
2045,95,5,0.6,10,-2,10.2,19.3,9.46294723193951,20.7791450957599,19.8849595203231
2045,95,5,0.6,10,-1.5,11.3,25.7,9.46926072282144,20.9242132059411,19.9267082938036
2045,95,5,0.6,10,-1,8.7,23.2,9.47732805947168,21.154831278965,19.9949336757553
2045,95,5,0.6,10,-0.5,8.4,16.5,9.48627667742067,21.525655399649,20.1069982464488
2045,95,5,0.6,10,0,9.9,29.5,9.49167550603538,22.1189978910442,20.2867599932207
2045,95,5,0.6,10,0.5,9.1,22.4,9.47750021617107,23.0273676770012,20.5491588098898
2045,95,5,0.6,10,1,7.8,16.9,9.39476399689733,24.2477916295408,20.834682835049
2045,95,5,0.6,10,1.5,10.2,23.6,9.12602607991271,25.4245998614858,20.8669860813915
2045,95,5,0.6,10,2,7.6,17.9,8.49475173540042,25.7138198952179,20.1124024285502
2045,95,5,0.6,10,2.5,8.1,18.6,7.42518842116907,24.4408324643863,18.2345903243999
2045,95,5,0.6,10,3,6.7,19.9,6.10302442622696,21.9370387067652,15.6119012220545
2045,95,5,0.6,10,3.5,4.7,11.5,4.83789988299731,19.0977944605653,12.9783349978141
2045,95,5,0.6,10,4,3.5,19.3,3.8221474139683,16.550870161315,10.7993993606016
2045,95,5,0.6,10,4.5,2.6,8.3,3.08122665096109,14.4921843124593,9.16151918848607
2045,95,5,0.6,10,5,2.4,7.3,2.55756621155167,12.8832251069662,7.96371959703913
2045,95,5,0.6,10,5.5,3,9.6,2.18414404071303,11.6257270595748,7.07813975519297
2045,95,5,0.6,10,6,1.9,6.3,1.91095846289853,10.6332076888519,6.40777725386395
2045,95,5,0.6,50,-2,37.9,72.5,38.3499520244084,84.3878781877798,80.618545732207
2045,95,5,0.6,50,-1.5,37.4,91.5,38.4702208808298,85.2476160508627,81.0041247309758
2045,95,5,0.6,50,-1,38.3,80.1,38.6208145011068,86.5085740032368,81.5512431412583
2045,95,5,0.6,50,-0.5,37.9,75.6,38.7828011588303,88.2996239783486,82.282632074144
2045,95,5,0.6,50,0,39.3,101,38.8761361793831,90.5952983345192,83.0907929409747
2045,95,5,0.6,50,0.5,38.9,108.9,38.6652874504302,92.7534787030929,83.4434009899546
2045,95,5,0.6,50,1,40.9,85.9,37.6625018466113,93.0012826979624,82.0620822483037
2045,95,5,0.6,50,1.5,34.3,82.4,35.284363820584,89.3269776954598,77.4655785343538
2045,95,5,0.6,50,2,31.6,72.5,31.2439757832896,81.242738311489,69.1382551814712
2045,95,5,0.6,50,2.5,25.6,55.9,25.7679407535074,69.5893954790802,57.7036364848537
2045,95,5,0.6,50,3,19.8,47.5,19.7378651881186,56.4084465566325,45.0588778779704
2045,95,5,0.6,50,3.5,16.3,38.1,14.3313256348515,44.3069587883768,33.6898881075331
2045,95,5,0.6,50,4,9.2,21.9,10.252023280138,34.8653768895305,25.0800273607086
2045,95,5,0.6,50,4.5,6.8,15.8,7.50001853635147,28.1741799934764,19.2361593551728
2045,95,5,0.6,50,5,5.6,14.4,5.73187075716696,23.5867952935143,15.4433550997418
2045,95,5,0.6,50,5.5,4.5,12.4,4.59477776587995,20.3999097273645,12.9631685692784
2045,95,5,0.6,50,6,3.7,10.7,3.83550706545096,18.0815604305095,11.2632426303671
2045,95,5,0.6,200,-2,81.3,200.9,80.6060188953523,178.901970956122,169.735550751099
2045,95,5,0.6,200,-1.5,81.1,175.2,81.3666439590375,182.275617393686,171.75172484159
2045,95,5,0.6,200,-1,81.1,166.3,82.2344558670762,186.499966528737,174.210449694189
2045,95,5,0.6,200,-0.5,83.6,199.3,83.0458546809448,191.070162386077,176.743587211576
2045,95,5,0.6,200,0,81.8,181.5,83.427706685521,194.416388029524,178.311812412656
2045,95,5,0.6,200,0.5,83.6,200.2,82.9126683692313,194.609896789492,177.602088296897
2045,95,5,0.6,200,1,80.4,174.2,81.2146880414016,191.304115982709,174.11839622733
2045,95,5,0.6,200,1.5,78.6,156.7,77.900450214091,184.214925231433,167.181065638451
2045,95,5,0.6,200,2,71.8,155.8,72.0428969455378,171.533683061406,154.900262027866
2045,95,5,0.6,200,2.5,62.8,141,62.5999261498864,151.046780810378,135.098216806402
2045,95,5,0.6,200,3,49,113.1,49.7181906451653,123.081030208791,108.083414270124
2045,95,5,0.6,200,3.5,37.5,80.7,35.8647715412103,92.974111864242,79.0280686451143
2045,95,5,0.6,200,4,25.5,65,24.2793633482378,67.7000899472921,54.7210672428695
2045,95,5,0.6,200,4.5,15.5,36.7,16.3383214209082,50.1448258157507,38.0398349992367
2045,95,5,0.6,200,5,10.8,23.4,11.4434433425424,38.933922242655,27.723195111033
2045,95,5,0.6,200,5.5,8.4,20.2,8.46550567415917,31.6594318481767,21.4068155481174
2045,95,5,0.6,200,6,6.9,17.8,6.58360914136802,26.6851564397611,17.3818403038122
2045,95,5,0.9,10,-2,9.7,80.3,9.46294723193951,39.4604355499601,36.0072789821295
2045,95,5,0.9,10,-1.5,9,62.1,9.46926072282144,39.8345660516077,35.9824119424243
2045,95,5,0.9,10,-1,9.6,64,9.47732805947168,40.4325809302569,35.9533004133706
2045,95,5,0.9,10,-0.5,8.4,46.6,9.48627667742067,41.4008054725496,35.9222500130966
2045,95,5,0.9,10,0,10,44.7,9.49167550603538,42.9647519130171,35.8890346296031
2045,95,5,0.9,10,0.5,8.8,75,9.47750021617107,45.3961007707356,35.8257795074545
2045,95,5,0.9,10,1,9,38.1,9.39476399689733,48.7678403834427,35.5871322908714
2045,95,5,0.9,10,1.5,8.2,32.1,9.12602607991271,52.3310214764915,34.7304759178357
2045,95,5,0.9,10,2,7.9,25,8.49475173540042,54.1398351978189,32.5083394037426
2045,95,5,0.9,10,2.5,7.3,47.2,7.42518842116907,52.5310260490103,28.5638246134777
2045,95,5,0.9,10,3,6.4,25.1,6.10302442622696,48.0765445187313,23.6501942758392
2045,95,5,0.9,10,3.5,4.3,14.7,4.83789988299731,42.6386723822498,19.0066073883023
2045,95,5,0.9,10,4,3.7,13.5,3.8221474139683,37.5640204805064,15.3530502795296
2045,95,5,0.9,10,4.5,2.9,11.9,3.08122665096109,33.3299085198602,12.7440013106524
2045,95,5,0.9,10,5,2.7,11.3,2.55756621155167,29.9292891010356,10.9311938188729
2045,95,5,0.9,10,5.5,2.2,10.7,2.18414404071303,27.2123186732403,9.65049325435154
2045,95,5,0.9,10,6,1.6,7.8,1.91095846289853,25.032290593271,8.71456722654934
2045,95,5,0.9,50,-2,39,169.8,38.3499520244084,160.389365694168,145.832996767125
2045,95,5,0.9,50,-1.5,37.5,182,38.4702208808298,162.469852386634,146.082381682197
2045,95,5,0.9,50,-1,38.6,208.7,38.6208145011068,165.563849920633,146.419681086788
2045,95,5,0.9,50,-0.5,38.1,149.6,38.7828011588303,170.04423118587,146.807874345245
2045,95,5,0.9,50,0,39.7,233.3,38.8761361793831,175.975626771246,146.994805787437
2045,95,5,0.9,50,0.5,36.1,227.3,38.6652874504302,182.044707355416,146.091145941241
2045,95,5,0.9,50,1,38,158.2,37.6625018466113,184.35704113434,142.112150457029
2045,95,5,0.9,50,1.5,37.1,183.6,35.284363820584,178.542965154335,132.736737071504
2045,95,5,0.9,50,2,32.2,188.5,31.2439757832896,163.782953353694,117.037986124494
2045,95,5,0.9,50,2.5,26.3,129.8,25.7679407535074,141.9318318438,96.0315312104373
2045,95,5,0.9,50,3,20.7,135,19.7378651881186,116.945898262016,73.1162518201993
2045,95,5,0.9,50,3.5,13.3,41.4,14.3313256348515,93.7920876477717,52.7911943658944
2045,95,5,0.9,50,4,10.1,52.8,10.252023280138,75.4982125258781,37.7092513502695
2045,95,5,0.9,50,4.5,7.1,50.5,7.50001853635147,62.3040193375189,27.7872640705959
2045,95,5,0.9,50,5,6,34.5,5.73187075716696,53.0625110167035,21.6142582576213
2045,95,5,0.9,50,5.5,4.1,16.1,4.59477776587995,46.4917353027591,17.7726055396143
2045,95,5,0.9,50,6,4,24.8,3.83550706545096,41.5995886535374,15.2686797908919
2045,95,5,0.9,200,-2,78.1,318.1,80.6060188953523,341.17336749915,305.774581157727
2045,95,5,0.9,200,-1.5,79.6,333.3,81.3666439590375,348.860707620397,308.219648668333
2045,95,5,0.9,200,-1,80,372.1,82.2344558670762,358.626179985419,311.166651517902
2045,95,5,0.9,200,-0.5,83.3,363.3,83.0458546809448,369.401567743123,314.075348536129
2045,95,5,0.9,200,0,81.4,348.8,83.427706685521,377.641515255782,315.449032407522
2045,95,5,0.9,200,0.5,81.7,340.3,82.9126683692313,379.004725526039,313.324147339657
2045,95,5,0.9,200,1,80.2,327.7,81.2146880414016,373.044715083015,306.677081029875
2045,95,5,0.9,200,1.5,77.3,364.3,77.900450214091,359.723661574282,293.942479519005
2045,95,5,0.9,200,2,70.9,310.2,72.0428969455378,335.777565619305,271.542793033756
2045,95,5,0.9,200,2.5,59,296.2,62.5999261498864,297.058842596233,235.468843774234
2045,95,5,0.9,200,3,50.6,292.5,49.7181906451653,244.191718703796,186.274081243459
2045,95,5,0.9,200,3.5,32.5,203.6,35.8647715412103,187.25278983198,133.39610497788
2045,95,5,0.9,200,4,25.2,105.4,24.2793633482378,139.380986224542,89.2587311502457
2045,95,5,0.9,200,4.5,16.6,81.2,16.3383214209082,105.954129916063,59.2072021084241
2045,95,5,0.9,200,5,10.8,34.6,11.4434433425424,84.3164462350984,41.0229766375742
2045,95,5,0.9,200,5.5,8.8,66.4,8.46550567415917,69.9490125752333,30.3555654356919
2045,95,5,0.9,200,6,6.7,23.5,6.58360914136802,59.869698472269,23.9422488466542
2046,95,4,0.6,10,-2,11.2,27.1,9.45757875798863,19.8005146452554,19.9616683330994
2046,95,4,0.6,10,-1.5,9,17.8,9.46467016612781,19.9600856281976,20.0805545648373
2046,95,4,0.6,10,-1,8.8,19.1,9.47409284879954,20.2213242559335,20.2917053821878
2046,95,4,0.6,10,-0.5,9.7,17.8,9.48495680748713,20.6488772815291,20.6630993928134
2046,95,4,0.6,10,0,9.3,21,9.49167550603538,21.3321947593208,21.2940555866869
2046,95,4,0.6,10,0.5,8.4,20.1,9.47421346502634,22.3544615091124,22.2866534440762
2046,95,4,0.6,10,1,9.4,23.9,9.37795195399479,23.6835753740751,23.6327142882282
2046,95,4,0.6,10,1.5,11.3,30.9,9.09545289849552,24.993463376653,25.0186481427372
2046,95,4,0.6,10,2,8.5,38.6,8.50567694673256,25.6626613119617,25.8086616639957
2046,95,4,0.6,10,2.5,6.7,26.8,7.6031033342285,25.2462836494504,25.533170369302
2046,95,4,0.6,10,3,6.8,32.2,6.5652464283255,23.9440717137202,24.3846640418606
2046,95,4,0.6,10,3.5,4.5,25.3,5.61829948363556,22.3416771759977,22.9501512446546
2046,95,4,0.6,10,4,4.7,23.9,4.88125358145815,20.8825884076734,21.6649416763858
2046,95,4,0.6,10,4.5,4.4,22.5,4.35669870151035,19.7217453420874,20.6700309059947
2046,95,4,0.6,10,5,3.9,20.7,3.99632788515666,18.8449638017419,19.9410508684833
2046,95,4,0.6,10,5.5,3.7,16.3,3.74844298566614,18.1876366356256,19.4095560854314
2046,95,4,0.6,10,6,3.3,17,3.57403530431413,17.6876564561172,19.0140441241528
2046,95,4,0.6,50,-2,41.3,89.5,38.2507767110982,80.2676737986764,80.8421124573282
2046,95,4,0.6,50,-1.5,38.2,74.4,38.3861067211473,81.2139232113897,81.6173468461881
2046,95,4,0.6,50,-1,38.9,84.5,38.5625833480091,82.6477463493234,82.8562029388042
2046,95,4,0.6,50,-0.5,38.7,86.7,38.7598561173168,84.7228938703442,84.7347004425675
2046,95,4,0.6,50,0,40.7,96.2,38.8761361793831,87.3726991552911,87.2164882030583
2046,95,4,0.6,50,0.5,36.9,87,38.6148875677206,89.8098868985947,89.5184667318352
2046,95,4,0.6,50,1,37.9,88,37.4037624457205,90.1135422086381,89.6573476594293
2046,95,4,0.6,50,1.5,34.9,93.4,34.6281758866408,86.1700998311224,85.4544556710437
2046,95,4,0.6,50,2,29.6,76.6,30.166862467215,77.6858074646695,76.6770826755672
2046,95,4,0.6,50,2.5,26.5,76.8,24.6138461565241,66.373342198313,65.1584958068127
2046,95,4,0.6,50,3,18.9,67.9,19.0140913400555,54.6788512725541,53.4089561307429
2046,95,4,0.6,50,3.5,13.4,38,14.3011838091039,44.6257099821026,43.463938156283
2046,95,4,0.6,50,4,9.8,40.8,10.8419288111053,37.0330037714396,36.1147627794553
2046,95,4,0.6,50,4.5,8.1,30.7,8.50362933722201,31.6940291530132,31.0990522893576
2046,95,4,0.6,50,5,6.2,26.3,6.97577498014523,28.0292600230688,27.7789132439179
2046,95,4,0.6,50,5.5,6.6,27.3,5.97796988059723,25.5010650694509,25.5748266985437
2046,95,4,0.6,50,6,5.2,30.1,5.31412639607195,23.7228814478347,24.0790612683053
2046,95,4,0.6,200,-2,80,167.6,80.0414204962227,169.577413652607,170.155404789996
2046,95,4,0.6,200,-1.5,81.6,170.9,80.9097119100208,173.356335804412,173.579214084291
2046,95,4,0.6,200,-1,81.6,192.8,81.946761256622,178.257864594976,178.196655960681
2046,95,4,0.6,200,-0.5,82.6,181,82.9499208808618,183.622408709513,183.394359564849
2046,95,4,0.6,200,0,82.8,180.6,83.427706685521,187.500730108966,187.165503340447
2046,95,4,0.6,200,0.5,83.5,201.9,82.7830551255701,187.675573453482,187.181575116088
2046,95,4,0.6,200,1,78.1,176.6,80.6670433481785,183.711463651418,183.02749029589
2046,95,4,0.6,200,1.5,75.5,163.4,76.6162475640001,175.429871262496,174.564254392824
2046,95,4,0.6,200,2,71.7,162.7,69.7502057691387,161.261855996836,160.173553036204
2046,95,4,0.6,200,2.5,59.2,132.8,59.4893127471659,140.04974827898,138.658727487834
2046,95,4,0.6,200,3,49,114.8,46.7863808149078,113.768521509033,112.019023675891
2046,95,4,0.6,200,3.5,33.1,84.2,34.2296952830854,87.7542459838392,85.6783830717487
2046,95,4,0.6,200,4,23.2,59.5,24.167055479844,66.8232351170909,64.551644930607
2046,95,4,0.6,200,4.5,18.4,57.6,17.2514090124331,52.2742377342806,49.9969506784956
2046,95,4,0.6,200,5,12.6,41.3,12.8681957138541,42.8044553899151,40.7187728030293
2046,95,4,0.6,200,5.5,10.9,44.7,10.1241006057347,36.5838398697132,34.8475992659561
2046,95,4,0.6,200,6,8.1,39.6,8.34508349262548,32.2799203926664,30.9831731069949
2046,95,4,0.9,10,-2,9.8,32.8,9.45757875798863,34.5986692707291,35.1828376411273
2046,95,4,0.9,10,-1.5,10.4,31.9,9.46467016612781,34.9764003921229,35.4130900102254
2046,95,4,0.9,10,-1,9,29.5,9.47409284879954,35.5979246614634,35.8530502399146
2046,95,4,0.9,10,-0.5,9.9,30.6,9.48495680748713,36.6216555334709,36.6732094735869
2046,95,4,0.9,10,0,9.7,26.1,9.49167550603538,38.2730166561022,38.1347654089609
2046,95,4,0.9,10,0.5,9.9,38.2,9.47421346502634,40.7828752833382,40.5370768322941
2046,95,4,0.9,10,1,9.6,56.8,9.37795195399479,44.1513448441313,43.9669777469002
2046,95,4,0.9,10,1.5,10.4,65.7,9.09545289849552,47.7395404922238,47.8308331207642
2046,95,4,0.9,10,2,8.1,83.3,8.50567694673256,50.2100152074896,50.7392540283093
2046,95,4,0.9,10,2.5,8,66.4,7.6031033342285,50.4892623583479,51.529202243477
2046,95,4,0.9,10,3,6.5,66.5,6.5652464283255,48.8088244865737,50.4059340891102
2046,95,4,0.9,10,3.5,5.9,92.3,5.61829948363556,46.2686483618523,48.4743149517539
2046,95,4,0.9,10,4,5.2,62.6,4.88125358145815,43.7764968252845,46.6124606817366
2046,95,4,0.9,10,4.5,4.4,76,4.35669870151035,41.7052844931708,45.1427387640045
2046,95,4,0.9,10,5,3.9,60.2,3.99632788515666,40.0896483541717,44.0628704638193
2046,95,4,0.9,10,5.5,4.3,78.2,3.74844298566614,38.8465117005202,43.2758654640037
2046,95,4,0.9,10,6,3.6,69.1,3.57403530431413,37.8807186974543,42.6887608398276
2046,95,4,0.9,50,-2,37.4,118.4,38.2507767110982,140.383345669955,142.465636802152
2046,95,4,0.9,50,-1.5,39.2,121.8,38.3861067211473,142.489817947841,143.952194207877
2046,95,4,0.9,50,-1,39.2,142.7,38.5625833480091,145.722589497661,146.478226851078
2046,95,4,0.9,50,-0.5,37.6,135.2,38.7598561173168,150.484506157155,150.527303974245
2046,95,4,0.9,50,0,38.9,155.1,38.8761361793831,156.75915243545,156.192901059977
2046,95,4,0.9,50,0.5,37.7,143.7,38.6148875677206,163.057127760058,162.000754516636
2046,95,4,0.9,50,1,35.4,178.6,37.4037624457205,165.528055042135,163.874388719253
2046,95,4,0.9,50,1.5,34.7,183.8,34.6281758866408,159.913703053476,157.319554024861
2046,95,4,0.9,50,2,31,173.1,30.166862467215,145.673533906774,142.016992600683
2046,95,4,0.9,50,2.5,25,140.6,24.6138461565241,126.120737545608,121.717023015078
2046,95,4,0.9,50,3,19.1,123.3,19.0140913400555,105.706203459012,101.102941904819
2046,95,4,0.9,50,3.5,13.4,106.4,14.3011838091039,88.0125231793797,83.8011994216471
2046,95,4,0.9,50,4,11.4,106,10.8419288111053,74.5058820039684,71.1773367432502
2046,95,4,0.9,50,4.5,8.4,90.6,8.50362933722201,64.8736916822105,62.7169513089908
2046,95,4,0.9,50,5,6.7,94.1,6.97577498014523,58.1515319259463,57.2440462086316
2046,95,4,0.9,50,5.5,6.5,82.5,5.97796988059723,53.4337318210809,53.7011114339312
2046,95,4,0.9,50,6,5.4,96.8,5.31412639607195,50.0612061447737,51.3523276082461
2046,95,4,0.9,200,-2,81.5,274.8,80.0414204962227,297.681028111311,299.776196675871
2046,95,4,0.9,200,-1.5,81.4,286.3,80.9097119100208,305.624334939592,306.432249690384
2046,95,4,0.9,200,-1,83.7,318.1,81.946761256622,316.054967360113,315.833091282508
2046,95,4,0.9,200,-0.5,83.3,329.2,82.9499208808618,327.659561956645,326.832903262129
2046,95,4,0.9,200,0,81.6,317.9,83.427706685521,336.403199364014,335.188030926358
2046,95,4,0.9,200,0.5,83.5,328.7,82.7830551255701,337.750534972168,335.959833142157
2046,95,4,0.9,200,1,79.2,332.8,80.6670433481785,331.142259081264,328.662914017306
2046,95,4,0.9,200,1.5,77.6,330.3,76.6162475640001,316.807454816303,313.669667509596
2046,95,4,0.9,200,2,68.6,298.9,69.7502057691387,292.192141639321,288.247136250255
2046,95,4,0.9,200,2.5,62.5,276.8,59.4893127471659,255.311584443212,250.269252743419
2046,95,4,0.9,200,3,47.6,211.9,46.7863808149078,209.603213509511,203.261433114194
2046,95,4,0.9,200,3.5,36.1,187.2,34.2296952830854,164.334492266123,156.809666301854
2046,95,4,0.9,200,4,24.6,163,24.167055479844,127.853560440974,119.619239804542
2046,95,4,0.9,200,4.5,17.1,119.3,17.2514090124331,102.383146896662,94.1281755950125
2046,95,4,0.9,200,5,11.5,117.4,12.8681957138541,85.6357563303053,78.0753348826206
2046,95,4,0.9,200,5.5,10.1,104.3,10.1241006057347,74.4411095314267,68.1473854616554
2046,95,4,0.9,200,6,7.9,79.1,8.34508349262548,66.524686215719,61.8240879307924
2047,96,4,0.6,10,-2,9.4,18.5,9.45991451871152,19.1141560269977,19.2683904498021
2047,96,4,0.6,10,-1.5,10,18.9,9.4680397933162,19.2761845582842,19.4647783365725
2047,96,4,0.6,10,-1,9.2,23.3,9.47854462720329,19.5289372559343,19.7761895298086
2047,96,4,0.6,10,-0.5,9.6,18.2,9.49008514265729,19.9182120113028,20.2674454109915
2047,96,4,0.6,10,0,9.4,19.8,9.4967898507561,20.4988352589102,21.0244656458736
2047,96,4,0.6,10,0.5,10,22.5,9.48139382104489,21.3103109825977,22.1289708306693
2047,96,4,0.6,10,1,10.1,24.7,9.40369420463892,22.3149140981284,23.5785689155316
2047,96,4,0.6,10,1.5,9.4,23.8,9.19241495947103,23.3109061434506,25.1549213959503
2047,96,4,0.6,10,2,7.6,26.2,8.76645345593341,23.9286644389882,26.3807779485188
2047,96,4,0.6,10,2.5,8.9,27.9,8.10159188051988,23.8427835684995,26.7800719907364
2047,96,4,0.6,10,3,8,29.1,7.28198484561101,23.0468203005696,26.2701630060435
2047,96,4,0.6,10,3.5,6.9,30.1,6.45340618932626,21.8313506629982,25.1742853860462
2047,96,4,0.6,10,4,5.8,19.3,5.72743415720983,20.5177305929841,23.8867101554948
2047,96,4,0.6,10,4.5,5.5,22,5.1421115201257,19.2896609847427,22.6475893458103
2047,96,4,0.6,10,5,4.7,22.7,4.68424718748173,18.2008162193519,21.5412143545134
2047,96,4,0.6,10,5.5,3.9,17.8,4.32280594066712,17.2396737963096,20.569649272591
2047,96,4,0.6,10,6,3.6,22.6,4.02802527394009,16.3760627001077,19.7075344605659
2047,96,4,0.6,50,-2,37.8,86.2,38.2970746676872,77.5768028591732,78.2451708361924
2047,96,4,0.6,50,-1.5,36.4,74.1,38.4522533234032,78.5526659263894,79.3798807181552
2047,96,4,0.6,50,-1,40,85.8,38.6487341514019,79.9579689121611,81.0473910864489
2047,96,4,0.6,50,-0.5,37.9,86.5,38.8576595226169,81.8618981708472,83.3773979347158
2047,96,4,0.6,50,0,37.6,75,38.9735692268511,84.1245081325398,86.2816257055292
2047,96,4,0.6,50,0.5,38.6,87.1,38.7384484654704,86.0953222031929,89.0649175264844
2047,96,4,0.6,50,1,38.3,87.9,37.7045569454473,86.4190580873061,90.1383329560682
2047,96,4,0.6,50,1.5,35.4,88.6,35.3982329891095,83.5861330447033,87.7181488187822
2047,96,4,0.6,50,2,29.6,72.7,31.6812749423846,77.1494448129856,81.3715537188067
2047,96,4,0.6,50,2.5,26.3,69.1,26.9415131260534,68.1117332149386,72.295961920445
2047,96,4,0.6,50,3,21.6,65.1,21.9345750557971,58.2208658394516,62.3271534983519
2047,96,4,0.6,50,3.5,16.7,54.4,17.424418147388,49.1245515757939,53.1223329163335
2047,96,4,0.6,50,4,12.8,39.6,13.8466472222112,41.7505699204726,45.6121466940888
2047,96,4,0.6,50,4.5,11.4,39.4,11.2430877926284,36.2229716503544,39.9279468357764
2047,96,4,0.6,50,5,8.8,41.1,9.42971215546217,32.2141275265591,35.7525790446023
2047,96,4,0.6,50,5.5,8.4,37.3,8.17750766794532,29.3048384923427,32.6783495406802
2047,96,4,0.6,50,6,6.7,29.4,7.30029158511395,27.1538441012478,30.3741104852245
2047,96,4,0.6,200,-2,79.3,160.3,80.3942172834195,164.554879570235,166.334415371079
2047,96,4,0.6,200,-1.5,80.5,180,81.3897258748133,168.467931382906,170.726338889361
2047,96,4,0.6,200,-1,81.7,168,82.5311160782356,173.236436108925,176.197781059702
2047,96,4,0.6,200,-0.5,82.5,176.5,83.5740636777463,178.09392203689,181.943320449197
2047,96,4,0.6,200,0,82.4,187.4,84.0466107413641,181.414736424837,186.066566487542
2047,96,4,0.6,200,0.5,82.9,188.2,83.4296569055105,181.528107230358,186.57496449946
2047,96,4,0.6,200,1,82.6,182.9,81.4195303923833,177.977850185056,183.099120886377
2047,96,4,0.6,200,1.5,75.5,160.8,77.7063975611213,170.692736980372,175.802373514522
2047,96,4,0.6,200,2,69.3,157.1,71.7157147543357,158.78604139501,163.847486358009
2047,96,4,0.6,200,2.5,63.2,154.8,63.0029243810287,141.431005458938,146.409925981972
2047,96,4,0.6,200,3,52,126.7,52.0199519134929,119.540724290545,124.410626725906
2047,96,4,0.6,200,3.5,41.2,98.9,40.41274680466,96.39531361123,101.145822509847
2047,96,4,0.6,200,4,30,84.6,30.1557235922823,75.9203409005589,80.5569942720928
2047,96,4,0.6,200,4.5,21.3,72.3,22.3669938187522,60.3238269500509,64.8554447558003
2047,96,4,0.6,200,5,18.2,60.5,17.0515956632823,49.5859919723041,54.0100734013389
2047,96,4,0.6,200,5.5,13.2,48.2,13.6166843704931,42.4965803262023,46.79381576536
2047,96,4,0.6,200,6,10.7,42.7,11.3973147535507,37.7187243776693,41.8587969110071
2047,96,4,0.9,10,-2,8.9,25.8,9.45991451871152,30.8516847738344,31.3619840375007
2047,96,4,0.9,10,-1.5,9.5,36.5,9.4680397933162,31.2008273210676,31.8248077817372
2047,96,4,0.9,10,-1,10.4,33.6,9.47854462720329,31.7481025104471,32.5661601852757
2047,96,4,0.9,10,-0.5,9.4,29.1,9.49008514265729,32.596622717243,33.7520946506059
2047,96,4,0.9,10,0,10.3,46.9,9.4967898507561,33.8750102946573,35.6141084450639
2047,96,4,0.9,10,0.5,8.3,34.6,9.48139382104489,35.6917882958086,38.4004023008293
2047,96,4,0.9,10,1,10.7,46,9.40369420463892,38.0122440775464,42.1931662810634
2047,96,4,0.9,10,1.5,9.1,48.4,9.19241495947103,40.47602429299,46.5771242188722
2047,96,4,0.9,10,2,8.4,40.3,8.76645345593341,42.3627265169317,50.4757773883779
2047,96,4,0.9,10,2.5,9,64.7,8.10159188051988,42.9807645055359,52.6990627413624
2047,96,4,0.9,10,3,6.7,38.7,7.28198484561101,42.2135470892982,52.8782831400455
2047,96,4,0.9,10,3.5,6.3,50.6,6.45340618932626,40.5276993271638,51.5881169475556
2047,96,4,0.9,10,4,6,50.1,5.72743415720983,38.4996227426817,49.6462121926718
2047,96,4,0.9,10,4.5,4.5,45.4,5.1421115201257,36.4901078966734,47.6001333951376
2047,96,4,0.9,10,5,5.1,45.7,4.68424718748173,34.6341235313771,45.6861486093829
2047,96,4,0.9,10,5.5,4.1,42.5,4.32280594066712,32.9438705107347,43.9614112300917
2047,96,4,0.9,10,6,4.9,47.3,4.02802527394009,31.3886811572138,42.4111724751454
2047,96,4,0.9,50,-2,36.3,103.3,38.2970746676872,125.332697345527,127.544056394498
2047,96,4,0.9,50,-1.5,41.1,137,38.4522533234032,127.306340182785,130.043259033044
2047,96,4,0.9,50,-1,38.3,132.8,38.6487341514019,130.181316867365,133.785773792433
2047,96,4,0.9,50,-0.5,35.5,119.9,38.8576595226169,134.146014632631,139.160189805249
2047,96,4,0.9,50,0,38.5,137.1,38.9735692268511,139.018560958681,146.155589704427
2047,96,4,0.9,50,0.5,37.5,136.7,38.7384484654704,143.671328187686,153.496516879739
2047,96,4,0.9,50,1,37.7,163.4,37.7045569454473,145.645653677401,157.95122847966
2047,96,4,0.9,50,1.5,37,175.9,35.3982329891095,142.172492383939,155.843659744841
2047,96,4,0.9,50,2,33.3,150.2,31.6812749423846,132.429183823468,146.398432883342
2047,96,4,0.9,50,2.5,27,140.2,26.9415131260534,118.16606854435,132.00998735708
2047,96,4,0.9,50,3,20.9,139.2,21.9345750557971,102.337369536159,115.923412979894
2047,96,4,0.9,50,3.5,16.1,106.7,17.424418147388,87.6652517514747,100.892291716246
2047,96,4,0.9,50,4,14.1,83.2,13.8466472222112,75.6758756567376,88.4522698516134
2047,96,4,0.9,50,4.5,10.8,72.2,11.2430877926284,66.5932606700608,78.8515236093356
2047,96,4,0.9,50,5,9.7,85.5,9.42971215546217,59.9151882643272,71.6224918049065
2047,96,4,0.9,50,5.5,7.7,56.5,8.17750766794532,54.9912326728124,66.1528149748434
2047,96,4,0.9,50,6,7,60.2,7.30029158511395,51.2915915550422,61.9461493033957
2047,96,4,0.9,200,-2,81.6,272.3,80.3942172834195,266.876557777315,272.764321302004
2047,96,4,0.9,200,-1.5,81.4,262,81.3897258748133,274.336728998642,281.808885127267
2047,96,4,0.9,200,-1,82.4,286.1,82.5311160782356,283.515042712815,293.312934262358
2047,96,4,0.9,200,-0.5,82.8,282.3,83.5740636777463,293.010205588027,305.746306515706
2047,96,4,0.9,200,0,84.4,294.3,84.0466107413641,299.793914452903,315.184936849446
2047,96,4,0.9,200,0.5,83.1,292,83.4296569055105,300.795206537928,317.493214034729
2047,96,4,0.9,200,1,79,289.4,81.4195303923833,295.372474438032,312.31668585597
2047,96,4,0.9,200,1.5,76.5,272,77.7063975611213,283.744583783646,300.650302452472
2047,96,4,0.9,200,2,71.6,280.8,71.7157147543357,264.645259963781,281.391532233899
2047,96,4,0.9,200,2.5,62.6,256,63.0029243810287,236.783069670412,253.256301978488
2047,96,4,0.9,200,3,53.1,229,52.0199519134929,201.63179339256,217.744328984205
2047,96,4,0.9,200,3.5,38.8,186.9,40.41274680466,164.458349599074,180.175860313786
2047,96,4,0.9,200,4,31.8,165.2,30.1557235922823,131.560497694112,146.901306563812
2047,96,4,0.9,200,4.5,22.6,119.2,22.3669938187522,106.471359061726,121.464647767612
2047,96,4,0.9,200,5,16,119.5,17.0515956632823,89.1409804828317,103.778474853984
2047,96,4,0.9,200,5.5,12.4,86.5,13.6166843704931,77.6084644338085,91.8262767777163
2047,96,4,0.9,200,6,11.5,79.9,11.3973147535507,69.7200267953877,83.4178507109193
2048,88,5,0.6,10,-2,8.7,29.2,9.42302346954295,20.8319133768244,23.634868698521
2048,88,5,0.6,10,-1.5,9.3,22.5,9.42935134205294,20.9750271587636,23.9086471613115
2048,88,5,0.6,10,-1,9.2,23.6,9.4376027999572,21.2064772790505,24.3216817096619
2048,88,5,0.6,10,-0.5,9.2,16.9,9.4469683833363,21.584698373717,24.9540524008924
2048,88,5,0.6,10,0,9.8,21.5,9.45274243581149,22.1975125456388,25.9248707829104
2048,88,5,0.6,10,0.5,7.9,25.3,9.4371365126984,23.1398971259738,27.3652823058447
2048,88,5,0.6,10,1,8.8,23.1,9.34507902569929,24.390424117595,29.2575497257357
2048,88,5,0.6,10,1.5,9.1,35.9,9.04673713802473,25.530516366739,31.0573640765085
2048,88,5,0.6,10,2,9.5,23.9,8.35875237406964,25.656280945879,31.5573037388962
2048,88,5,0.6,10,2.5,7,25.5,7.22817439195045,24.1653689038014,29.9166046316886
2048,88,5,0.6,10,3,6.2,25.2,5.87843329617467,21.533940953968,26.7012578485468
2048,88,5,0.6,10,3.5,4.2,25.2,4.62957711315301,18.6987338215273,23.1107817803902
2048,88,5,0.6,10,4,3.5,14.7,3.65555520846101,16.2372753646549,19.9397114471607
2048,88,5,0.6,10,4.5,2.4,12.2,2.96007177606667,14.2850489492885,17.4354813757832
2048,88,5,0.6,10,5,2.7,15.5,2.47423361318609,12.7694542546416,15.548010783847
2048,88,5,0.6,10,5.5,2.1,15.7,2.12858942436087,11.5820909277504,14.1418453995935
2048,88,5,0.6,10,6,1.4,10.6,1.87456176899512,10.6380330793296,13.0898963218193
2048,88,5,0.6,50,-2,38.3,92.7,37.6107100425156,83.3276536413628,94.7503423850927
2048,88,5,0.6,50,-1.5,39.3,98.3,37.7291319504348,84.1745722353077,96.1847939223156
2048,88,5,0.6,50,-1,40.1,110.2,37.8802420945655,85.4361404683192,98.2212943215044
2048,88,5,0.6,50,-0.5,36,86.4,38.0460710118736,87.248736791316,101.040704805313
2048,88,5,0.6,50,0,37.3,98.8,38.143195016127,89.5702020498922,104.610636411099
2048,88,5,0.6,50,0.5,36.5,94.5,37.9210933277963,91.6713654936094,108.043015029954
2048,88,5,0.6,50,1,38.5,115,36.8711534796702,91.6608963698372,108.982777186035
2048,88,5,0.6,50,1.5,36.2,99.7,34.415469954223,87.5952550526905,105.06364213502
2048,88,5,0.6,50,2,30.1,79.1,30.2874197267027,79.1314922882774,95.9494497443983
2048,88,5,0.6,50,2.5,23.4,64.8,24.7397727255233,67.1737797822916,82.6236376961734
2048,88,5,0.6,50,3,19.9,66.5,18.7111408547345,53.8962625484,67.4211552549804
2048,88,5,0.6,50,3.5,13.9,61.1,13.4117305441252,41.989563993783,53.3132304681782
2048,88,5,0.6,50,4,8.9,41.4,9.50964536686481,32.9571139976264,42.0545641342548
2048,88,5,0.6,50,4.5,6,26.8,6.9454240545027,26.7422621762586,33.7802731814022
2048,88,5,0.6,50,5,4.7,23.9,5.33896572759732,22.5920363323269,27.8866159709315
2048,88,5,0.6,50,5.5,4.6,18.1,4.32634206094564,19.7567136215103,23.7054879073016
2048,88,5,0.6,50,6,3.6,18.6,3.65663031357155,17.6977070608585,20.7001499685604
2048,88,5,0.6,200,-2,76,183.8,76.2658829637589,170.477920066464,195.480994326368
2048,88,5,0.6,200,-1.5,76.9,205.6,76.9785099548906,173.719044686147,200.197705238459
2048,88,5,0.6,200,-1,77.2,207.8,77.8009132892684,177.817655296502,205.940797474549
2048,88,5,0.6,200,-0.5,78.1,198.1,78.5732500091358,182.235048810334,212.034442925295
2048,88,5,0.6,200,0,79,195.2,78.9332892953648,185.356016129723,216.480596964106
2048,88,5,0.6,200,0.5,78.5,208.6,78.4680159971389,185.434687520914,217.122693410867
2048,88,5,0.6,200,1,77.1,185.7,76.9595765979963,182.408564663085,214.001097350292
2048,88,5,0.6,200,1.5,72,181.1,73.9823528992007,175.964293077545,206.904797439219
2048,88,5,0.6,200,2,66.1,181,68.5750668103186,164.15931991548,193.724997473157
2048,88,5,0.6,200,2.5,61.9,165.1,59.6085428306117,144.557363433112,171.7790200001
2048,88,5,0.6,200,3,47.2,129.5,47.1492081655339,117.308186030889,141.24391583829
2048,88,5,0.6,200,3.5,34.1,94.3,33.6917323822395,87.8525459461847,108.180140522032
2048,88,5,0.6,200,4,20.8,66,22.5144030355162,63.3115441996719,80.4511361383589
2048,88,5,0.6,200,4.5,14.5,61.4,14.9552120329733,46.5258659849683,61.0355549662351
2048,88,5,0.6,200,5,9.4,43.2,10.3827888298334,36.0506944287963,48.1614186700198
2048,88,5,0.6,200,5.5,8.6,31.3,7.67051855496822,29.4581679253749,39.1947332812509
2048,88,5,0.6,200,6,6.2,32,6.00575459448932,25.0917874899011,32.5702643208042
2048,88,5,0.9,10,-2,9.5,39,9.42302346954295,39.8396644665904,50.6562556690923
2048,88,5,0.9,10,-1.5,8.7,38.6,9.42935134205294,40.2106700539682,51.5314956359601
2048,88,5,0.9,10,-1,9.2,58.8,9.4376027999572,40.8139797199791,52.8355387428146
2048,88,5,0.9,10,-0.5,9.1,29,9.4469683833363,41.8067315712415,54.8090526736695
2048,88,5,0.9,10,0,10.7,54.7,9.45274243581149,43.4309033411166,57.8147609808599
2048,88,5,0.9,10,0.5,9.8,60.2,9.4371365126984,45.9693454856744,62.2750867188626
2048,88,5,0.9,10,1,7.7,63.2,9.34507902569929,49.4566818245669,68.2388963061806
2048,88,5,0.9,10,1.5,9.5,55.1,9.04673713802473,52.9932734924862,74.3213524141562
2048,88,5,0.9,10,2,8.3,74.1,8.35875237406964,54.4747830291736,77.2468018104353
2048,88,5,0.9,10,2.5,8.7,64.6,7.22817439195045,52.3835373721245,74.5775285842728
2048,88,5,0.9,10,3,5.6,48,5.87843329617467,47.6167584026089,67.5574096251942
2048,88,5,0.9,10,3.5,4.4,43,4.62957711315301,42.1386154339367,59.1646874399528
2048,88,5,0.9,10,4,3.9,29.4,3.65555520846101,37.1990172127724,51.4867003762758
2048,88,5,0.9,10,4.5,3,29.8,2.96007177606667,33.1529974486863,45.3105011394236
2048,88,5,0.9,10,5,2.7,29.1,2.47423361318609,29.9217795866719,40.644215965453
2048,88,5,0.9,10,5.5,2.3,23.3,2.12858942436087,27.3320722987227,37.210152582908
2048,88,5,0.9,10,6,2,20.4,1.87456176899512,25.2383914580037,34.7001200032872
2048,88,5,0.9,50,-2,37.5,171.6,37.6107100425156,159.494247549606,203.574348869081
2048,88,5,0.9,50,-1.5,39,185.3,37.7291319504348,161.554876135517,207.902264277669
2048,88,5,0.9,50,-1,36.1,170.4,37.8802420945655,164.666520153342,214.004367824523
2048,88,5,0.9,50,-0.5,35.4,172.2,38.0460710118736,169.222708990988,222.44584770127
2048,88,5,0.9,50,0,39.7,196.3,38.143195016127,175.250032159007,233.29099654183
2048,88,5,0.9,50,0.5,38.2,206.4,37.9210933277963,181.221865379045,244.39998276626
2048,88,5,0.9,50,1,35.9,215.9,36.8711534796702,182.943203727708,249.788259086585
2048,88,5,0.9,50,1.5,32.2,188,34.415469954223,176.195296456701,243.605718797024
2048,88,5,0.9,50,2,28.4,138,30.2874197267027,160.508031198373,225.408448716916
2048,88,5,0.9,50,2.5,24.1,156.3,24.7397727255233,137.87084587999,197.491773797614
2048,88,5,0.9,50,3,18.4,110.9,18.7111408547345,112.516342210093,164.708838584323
2048,88,5,0.9,50,3.5,15.2,106.3,13.4117305441252,89.6015884160017,133.299563270938
2048,88,5,0.9,50,4,11,81.7,9.50964536686481,72.0217075768993,107.128724214429
2048,88,5,0.9,50,4.5,7.3,55.2,6.9454240545027,59.7247323763234,86.8843832391377
2048,88,5,0.9,50,5,4.3,36.3,5.33896572759732,51.336469336239,71.7682268803485
2048,88,5,0.9,50,5.5,4.6,33.7,4.32634206094564,45.4644436661863,60.7027447799202
2048,88,5,0.9,50,6,3.9,40.8,3.65663031357155,41.0908061277888,52.6772189721446
2048,88,5,0.9,200,-2,74.7,326.7,76.2658829637589,327.439637241518,423.92638142247
2048,88,5,0.9,200,-1.5,74.7,344.3,76.9785099548906,334.893358699732,437.074383337261
2048,88,5,0.9,200,-1,76.3,314.1,77.8009132892684,344.450285844503,452.977357223453
2048,88,5,0.9,200,-0.5,75.7,340,78.5732500091358,354.940516664226,469.936236263734
2048,88,5,0.9,200,0,76.9,324.5,78.9332892953648,362.66132088778,482.770929709862
2048,88,5,0.9,200,0.5,76.6,342.1,78.4680159971389,363.646229901304,485.93009332251
2048,88,5,0.9,200,1,73.3,333.1,76.9595765979963,358.091574499976,480.007007287662
2048,88,5,0.9,200,1.5,71.9,332,73.9823528992007,345.871036881272,465.270295474118
2048,88,5,0.9,200,2,66.6,315.8,68.5750668103186,323.407213960332,437.501022481258
2048,88,5,0.9,200,2.5,58.3,270.3,59.6085428306117,286.086123067386,391.134365777789
2048,88,5,0.9,200,3,46,259.9,47.1492081655339,234.196366985808,326.564234021051
2048,88,5,0.9,200,3.5,33.6,211.1,33.6917323822395,178.087027250599,256.531117655879
2048,88,5,0.9,200,4,23.6,163.4,22.5144030355162,131.281514172597,197.423117623577
2048,88,5,0.9,200,4.5,13.4,106.2,14.9552120329733,99.1240711510705,155.116891646979
2048,88,5,0.9,200,5,10.8,90.6,10.3827888298334,78.8146411918654,125.549868210844
2048,88,5,0.9,200,5.5,7.8,62.1,7.67051855496822,65.7574239817841,103.330783198657
2048,88,5,0.9,200,6,6.3,68.4,6.00575459448932,56.8900225079758,85.7494288892005
2049,96,6,0.6,10,-2,7.7,12.9,9.44495852806844,20.631674913224,21.1325338488636
2049,96,6,0.6,10,-1.5,10.3,23.5,9.45683029963177,20.8893057711982,21.3021760301854
2049,96,6,0.6,10,-1,9,19.8,9.47170025644587,21.2913923640966,21.5767408692961
2049,96,6,0.6,10,-0.5,9.8,17.8,9.48762336803127,21.9219203526318,22.030629269308
2049,96,6,0.6,10,0,9.9,24.6,9.4967898507561,22.9006321178699,22.7834677920435
2049,96,6,0.6,10,0.5,9.9,25.4,9.47494584148674,24.3476482636412,23.977330675552
2049,96,6,0.6,10,1,8.7,26.6,9.35697575966268,26.2118858784729,25.6054003290783
2049,96,6,0.6,10,1.5,10.3,31.3,9.00809190733541,27.9218258822951,27.1217408452095
2049,96,6,0.6,10,2,7.1,21.7,8.27337208589972,28.3866367893517,27.413533005194
2049,96,6,0.6,10,2.5,6.5,29,7.16228387781534,27.0192177362017,25.9198228783572
2049,96,6,0.6,10,3,5.9,22.7,5.90562528673227,24.375946354102,23.3006274832552
2049,96,6,0.6,10,3.5,5.5,24.8,4.74694794827765,21.3424029719604,20.4812060741251
2049,96,6,0.6,10,4,3.5,16.9,3.79680105013034,18.471857863801,17.957616731297
2049,96,6,0.6,10,4.5,2.9,15.8,3.06045342161771,15.9935262354496,15.875286715423
2049,96,6,0.6,10,5,2.4,11.7,2.50395577511636,13.9648927486587,14.2277391599095
2049,96,6,0.6,10,5.5,2.5,21.2,2.0891056297623,12.3651602591749,12.9594948990119
2049,96,6,0.6,10,6,1.9,12.5,1.78322763067174,11.1394290599455,12.003868083533
2049,96,6,0.6,50,-2,38.9,96.4,38.0298301906999,83.3990974110425,85.280175673617
2049,96,6,0.6,50,-1.5,41.3,84.8,38.2537861882064,84.9334379581131,86.4317189022926
2049,96,6,0.6,50,-1,37.9,82.6,38.5289420917066,87.1381584361113,88.109459133299
2049,96,6,0.6,50,-0.5,38.9,82.8,38.8153269357805,90.1858260161599,90.4832266288587
2049,96,6,0.6,50,0,41.2,88.9,38.9735692268511,93.981164710451,93.500337816809
2049,96,6,0.6,50,0.5,36.4,83,38.6441793297207,97.4751668878825,96.1572868831915
2049,96,6,0.6,50,1,39.8,97.5,37.1807579025656,98.0866555416747,95.8263144390654
2049,96,6,0.6,50,1.5,33.1,85.6,34.0082627373347,93.5359103317838,90.2681121077866
2049,96,6,0.6,50,2,30.7,85.7,29.1803129361492,84.1940547262035,80.1098453068751
2049,96,6,0.6,50,2.5,24.4,71.3,23.4475568105895,72.0608449757319,67.47146444194
2049,96,6,0.6,50,3,17.6,58.5,17.9401943088203,59.7292727764746,54.9615449253861
2049,96,6,0.6,50,3.5,15.3,48.4,13.487641144011,49.122610895233,44.4957642275346
2049,96,6,0.6,50,4,9.2,27.6,10.2534904692126,40.7555625825374,36.5364030706681
2049,96,6,0.6,50,4.5,8.2,31,7.97975757733646,34.2324736559146,30.6106443981378
2049,96,6,0.6,50,5,6.5,25.4,6.33976167025054,28.9774738094566,26.068098361445
2049,96,6,0.6,50,5.5,4.5,15.8,5.09847510623817,24.5919665806035,22.4407254352638
2049,96,6,0.6,50,6,3.8,13.8,4.12495312827109,20.8925479081799,19.4805597925651
2049,96,6,0.6,200,-2,79.4,188,79.081761826505,176.183376284253,178.955209511395
2049,96,6,0.6,200,-1.5,80.4,167.7,80.4591210004609,182.130494074018,183.927372756981
2049,96,6,0.6,200,-1,83.8,199.7,82.0006493127384,189.413033632898,190.127460743151
2049,96,6,0.6,200,-0.5,84,202.5,83.4028064996335,197.111845159704,196.839435423922
2049,96,6,0.6,200,0,82.1,196.5,84.0466107413641,202.67064382693,201.633739289685
2049,96,6,0.6,200,0.5,84.2,213.5,83.19788623811,203.044477515749,201.385445620342
2049,96,6,0.6,200,1,79.5,190.7,80.4177506070162,197.780936815399,195.638958653908
2049,96,6,0.6,200,1.5,73.9,177.5,75.129474013782,186.666547644541,184.056029600722
2049,96,6,0.6,200,2,65.2,149.5,66.4648118318378,168.179065582352,164.924868204334
2049,96,6,0.6,200,2.5,52.4,138.6,54.3592110738168,142.248654292808,138.137426038735
2049,96,6,0.6,200,3,39.9,99.9,40.8463566423124,113.17833716679,108.161525276272
2049,96,6,0.6,200,3.5,30.9,76.9,29.0722515363974,87.5511230654301,81.8660699614082
2049,96,6,0.6,200,4,20.3,57.7,20.6478488630913,68.6365565432013,62.7083280262416
2049,96,6,0.6,200,4.5,15.2,49.2,15.181686799878,55.5906873006317,49.8197096468496
2049,96,6,0.6,200,5,10.5,37.6,11.6833696405951,46.5251702498273,41.1507415900705
2049,96,6,0.6,200,5.5,9.8,33.2,9.39342298448002,40.0557657406151,35.1746941818386
2049,96,6,0.6,200,6,7.6,33.3,7.81552575648451,35.1701232224121,30.8391344145121
2049,96,6,0.9,10,-2,9.4,36.7,9.44495852806844,37.6165156062478,39.4459849947971
2049,96,6,0.9,10,-1.5,9.3,25,9.45683029963177,38.2472835661055,39.7553598856289
2049,96,6,0.9,10,-1,10.8,36.9,9.47170025644587,39.2372828807665,40.2795650847648
2049,96,6,0.9,10,-0.5,9.1,33,9.48762336803127,40.8009681573509,41.1980453005742
2049,96,6,0.9,10,0,10.1,35.2,9.4967898507561,43.2517447896318,42.8237828780495
2049,96,6,0.9,10,0.5,8.4,36.3,9.47494584148674,46.9289377696707,45.5762920579884
2049,96,6,0.9,10,1,10.6,50.9,9.35697575966268,51.8027700491941,49.5874821342478
2049,96,6,0.9,10,1.5,8.9,55.2,9.00809190733541,56.6386313696681,53.7161895813124
2049,96,6,0.9,10,2,9.7,59.2,8.27337208589972,58.9246950580025,55.370273925983
2049,96,6,0.9,10,2.5,7.1,53.9,7.16228387781534,57.1680877553027,53.1523677686224
2049,96,6,0.9,10,3,7,54.6,5.90562528673227,52.4195160735032,48.4917375770849
2049,96,6,0.9,10,3.5,4.7,47.5,4.74694794827765,46.5393553305207,43.3936924502298
2049,96,6,0.9,10,4,3.2,43.6,3.79680105013034,40.7530611731136,38.8747111162301
2049,96,6,0.9,10,4.5,3.3,43.6,3.06045342161771,35.6298675755859,35.1979783408872
2049,96,6,0.9,10,5,3,33.8,2.50395577511636,31.3660837672058,32.3261733833755
2049,96,6,0.9,10,5.5,2.2,36.7,2.0891056297623,27.9673392028539,30.1382439282493
2049,96,6,0.9,10,6,1.5,32.8,1.78322763067174,25.3449908438245,28.5024961200383
2049,96,6,0.9,50,-2,41,145.1,38.0298301906999,152.283455391128,159.15440218666
2049,96,6,0.9,50,-1.5,37.8,133.9,38.2537861882064,155.807358563607,161.280075386205
2049,96,6,0.9,50,-1,37.7,165,38.5289420917066,160.941745422371,164.489580483579
2049,96,6,0.9,50,-0.5,39,150.7,38.8153269357805,168.181880726117,169.268185228947
2049,96,6,0.9,50,0,39.5,148.4,38.9735692268511,177.499438887405,175.743139816916
2049,96,6,0.9,50,0.5,40.7,163.9,38.6441793297207,186.798514069062,181.984741258391
2049,96,6,0.9,50,1,35.6,165.7,37.1807579025656,190.560347825373,182.30408131867
2049,96,6,0.9,50,1.5,33,156.8,34.0082627373347,183.91699951036,171.980830674467
2049,96,6,0.9,50,2,29,146.7,29.1803129361492,167.721660867281,152.803416273031
2049,96,6,0.9,50,2.5,21.6,115.1,23.4475568105895,145.870614225328,129.107149302303
2049,96,6,0.9,50,3,17.8,101.6,17.9401943088203,123.177814425679,105.762906682517
2049,96,6,0.9,50,3.5,13.2,83.2,13.487641144011,103.227342211062,86.3270260906011
2049,96,6,0.9,50,4,11.2,82.8,10.2534904692126,87.0669928373897,71.6558209022899
2049,96,6,0.9,50,4.5,8.5,57,7.97975757733646,74.0920879521638,60.8627627147204
2049,96,6,0.9,50,5,7,52.7,6.33976167025054,63.3484117237457,52.7214408479286
2049,96,6,0.9,50,5.5,5.6,51.8,5.09847510623817,54.1890204294225,46.3312594058286
2049,96,6,0.9,50,6,3.7,49.9,4.12495312827109,46.3508608157856,41.193342699004
2049,96,6,0.9,200,-2,80.2,296.5,79.081761826505,323.613184622719,333.737759983932
2049,96,6,0.9,200,-1.5,80.7,323.7,80.4591210004609,336.498587019225,343.061981043971
2049,96,6,0.9,200,-1,82.4,339.6,82.0006493127384,352.497729206,355.107291371223
2049,96,6,0.9,200,-0.5,82.9,342.9,83.4028064996335,369.756778713306,368.761757486182
2049,96,6,0.9,200,0,83.7,348,84.0466107413641,382.778035035659,378.990571191545
2049,96,6,0.9,200,0.5,80.1,329.7,83.19788623811,385.008084205,378.948198174613
2049,96,6,0.9,200,1,77.9,331.3,80.4177506070162,375.973978664589,368.150052208362
2049,96,6,0.9,200,1.5,73,316.9,75.129474013782,356.013777140621,346.478431937434
2049,96,6,0.9,200,2,67.4,291.9,66.4648118318378,322.612264447994,310.725774932181
2049,96,6,0.9,200,2.5,55.1,232.5,54.3592110738168,275.691582519183,260.674647200736
2049,96,6,0.9,200,3,39.8,196,40.8463566423124,223.000301353653,204.675573314022
2049,96,6,0.9,200,3.5,28,142.5,29.0722515363974,176.33985093078,155.574262286932
2049,96,6,0.9,200,4,20.6,112.6,20.6478488630913,141.498022495118,119.844195781904
2049,96,6,0.9,200,4.5,15.3,92.9,15.181686799878,116.943850502335,95.8644083513917
2049,96,6,0.9,200,5,10.9,78.1,11.6833696405951,99.425629368572,79.7946474406698
2049,96,6,0.9,200,5.5,8.8,67.8,9.39342298448002,86.6105356174064,68.7816213968814
2049,96,6,0.9,200,6,7.5,58.3,7.81552575648451,76.7027288757656,60.8830821001999
2050,101,8,0.6,10,-2,9.3,16,9.4890116152881,18.4548630738572,18.1575728422814
2050,101,8,0.6,10,-1.5,8.2,13.6,9.4949707557792,18.5918692721656,18.2854124065341
2050,101,8,0.6,10,-1,9.6,23.2,9.50329638871329,18.8373540274886,18.5218368760971
2050,101,8,0.6,10,-0.5,8.8,22,9.51369171276666,19.294106179678,18.9743933816253
2050,101,8,0.6,10,0,9.7,18.2,9.52089222784574,20.1578018081906,19.8495577125447
2050,101,8,0.6,10,0.5,8.3,21.1,9.49605600015947,21.7126331197425,21.4507296187912
2050,101,8,0.6,10,1,9.3,28.6,9.32103783341539,23.9731738129385,23.8140926081489
2050,101,8,0.6,10,1.5,8.6,24.3,8.69194095169277,25.7030371420569,25.7035539999723
2050,101,8,0.6,10,2,6.4,18.7,7.34952522509727,24.9524066901236,25.1350111659114
2050,101,8,0.6,10,2.5,5.5,22.2,5.62931924110342,22.0649948220634,22.4126424069917
2050,101,8,0.6,10,3,4.6,18,4.13625213434936,18.820306126474,19.2843505353505
2050,101,8,0.6,10,3.5,3.5,20.6,3.09812021720999,16.1243281903702,16.6382440456037
2050,101,8,0.6,10,4,2.5,19.5,2.42800919524364,14.0748527004818,14.5788326988821
2050,101,8,0.6,10,4.5,1.4,9.8,1.99052090829108,12.5434200932671,12.9995545641572
2050,101,8,0.6,10,5,1.3,12.9,1.69479595981635,11.4036809293251,11.7959996944872
2050,101,8,0.6,10,5.5,1.3,7.2,1.48948468291482,10.5613432427211,10.8889011429331
2050,101,8,0.6,10,6,1.5,14.9,1.34503570036482,9.94492398484393,10.2146812437658
2050,101,8,0.6,50,-2,38.3,74.9,38.838727504179,75.6749995333997,74.4402627091069
2050,101,8,0.6,50,-1.5,40.3,83.1,38.954706582001,76.4845269158266,75.208404718198
2050,101,8,0.6,50,-1,40,82.7,39.1141596466312,77.8318502494771,76.5189428110254
2050,101,8,0.6,50,-0.5,41.2,85.9,39.3080483666245,80.0729633505884,78.749354223675
2050,101,8,0.6,50,0,41.8,100.5,39.4363861421685,83.4954158561017,82.2186412754186
2050,101,8,0.6,50,0.5,38.7,87,39.0701848630046,87.105054322604,85.9462740545976
2050,101,8,0.6,50,1,35.8,86,37.1610977549219,86.921853929094,85.9107295954812
2050,101,8,0.6,50,1.5,36.1,84.3,32.6521627126288,79.7358121797762,78.8776630911449
2050,101,8,0.6,50,2,26.1,65.9,25.610333120579,66.5794478582047,65.9417843704586
2050,101,8,0.6,50,2.5,17.3,60.3,17.8028585381697,51.301780630036,50.9796784185291
2050,101,8,0.6,50,3,10.9,34.2,11.5781302982639,38.6199425152358,38.6578822758144
2050,101,8,0.6,50,3.5,6.9,31.2,7.69033031049698,30.1564254860374,30.5383046367391
2050,101,8,0.6,50,4,5.4,30,5.50097295376754,24.8282017205777,25.4891741666802
2050,101,8,0.6,50,4.5,4,22,4.23121011335137,21.2286298414825,22.0661127633074
2050,101,8,0.6,50,5,3.1,18.9,3.41172998382129,18.5127257943578,19.4124350831237
2050,101,8,0.6,50,5.5,2.7,14.6,2.82260144077925,16.307600758777,17.1742196772049
2050,101,8,0.6,50,6,2.9,14,2.37204192503582,14.4821031798561,15.2557270026545
2050,101,8,0.6,200,-2,81.6,166.4,83.5650864578875,164.081462289806,161.274350441634
2050,101,8,0.6,200,-1.5,85.6,178.7,84.3593281576828,167.456151605195,164.551458840907
2050,101,8,0.6,200,-1,86.6,187.9,85.3738614000888,172.362643226083,169.412966884013
2050,101,8,0.6,200,-0.5,86,182.1,86.4664274844946,178.750617739487,175.842962899729
2050,101,8,0.6,200,0,87.9,186.9,87.0577681429595,184.320250045122,181.501707164058
2050,101,8,0.6,200,0.5,87.6,191.2,86.1470356584793,184.658851113132,181.886827763752
2050,101,8,0.6,200,1,83.1,186.2,82.9739510862412,178.966130974016,176.249214119061
2050,101,8,0.6,200,1.5,75,155.5,76.1488675187715,165.908375751971,163.367708893785
2050,101,8,0.6,200,2,64.3,136.3,63.5197687769089,141.591086426067,139.410846654592
2050,101,8,0.6,200,2.5,43.8,108.1,45.6285172103921,107.047993088081,105.401074446655
2050,101,8,0.6,200,3,28.1,73,28.3866664638404,73.5366307136324,72.4570273850082
2050,101,8,0.6,200,3.5,16.2,50,16.7762728679288,50.5375491091644,49.945913130256
2050,101,8,0.6,200,4,9.8,42.5,10.4968135555168,37.5582189074961,37.3713797817908
2050,101,8,0.6,200,4.5,7.4,39.4,7.33273311679504,30.4862270894914,30.6598706812473
2050,101,8,0.6,200,5,5.7,28.1,5.66060581493916,26.2703657768404,26.7862705097413
2050,101,8,0.6,200,5.5,4.8,29.3,4.66413853031951,23.3779836132468,24.1976187658597
2050,101,8,0.6,200,6,4.6,30.2,3.98234306569604,21.1204675389209,22.1576870385191
2050,101,8,0.9,10,-2,7.1,21,9.4890116152881,27.6848416601432,26.7908322821606
2050,101,8,0.9,10,-1.5,9.4,38.3,9.4949707557792,27.9567554623795,27.0351802381636
2050,101,8,0.9,10,-1,9.7,36.2,9.50329638871329,28.4463858664797,27.497564605979
2050,101,8,0.9,10,-0.5,9.7,39.5,9.51369171276666,29.3626441776296,28.401205793983
2050,101,8,0.9,10,0,9.4,39,9.52089222784574,31.1080666106494,30.1811168391936
2050,101,8,0.9,10,0.5,9.6,40,9.49605600015947,34.2891012591623,33.5015066424943
2050,101,8,0.9,10,1,9.8,50.8,9.32103783341539,39.0569505138222,38.5785624813974
2050,101,8,0.9,10,1.5,8.1,64.3,8.69194095169277,43.2152672176789,43.2168215096613
2050,101,8,0.9,10,2,8,76.2,7.34952522509727,43.0738555820566,43.6229826520936
2050,101,8,0.9,10,2.5,6.3,49.6,5.62931924110342,38.9848528371565,40.0302965421562
2050,101,8,0.9,10,3,4.3,70.4,4.13625213434936,33.9369411202026,35.3324126469223
2050,101,8,0.9,10,3.5,3.1,41.4,3.09812021720999,29.5342782891826,31.0797229263558
2050,101,8,0.9,10,4,2.7,65.5,2.42800919524364,26.0648033089573,27.5803688978342
2050,101,8,0.9,10,4.5,1.9,43.2,1.99052090829108,23.4071996183529,24.7788844276228
2050,101,8,0.9,10,5,2.2,32.1,1.69479595981635,21.3985822255799,22.5783608323452
2050,101,8,0.9,10,5.5,1.9,18.2,1.48948468291482,19.9004518183823,20.8854819455736
2050,101,8,0.9,10,6,1.4,24.4,1.34503570036482,18.798158401786,19.6093707917013
2050,101,8,0.9,50,-2,38.1,107.6,38.838727504179,113.596439967633,109.883346892199
2050,101,8,0.9,50,-1.5,38.3,136.7,38.954706582001,115.119947057357,111.282400138696
2050,101,8,0.9,50,-1,39.2,135.6,39.1141596466312,117.69013440978,113.741967138432
2050,101,8,0.9,50,-0.5,38.1,117.4,39.3080483666245,122.03878155675,118.058432232886
2050,101,8,0.9,50,0,39.1,160.1,39.4363861421685,128.852390893143,125.012882132125
2050,101,8,0.9,50,0.5,38.8,163.6,39.0701848630046,136.554994303865,133.070317322964
2050,101,8,0.9,50,1,38.3,166.1,37.1610977549219,138.148523927741,135.107876975552
2050,101,8,0.9,50,1.5,30.9,127.8,32.6521627126288,128.206509955013,125.625889230016
2050,101,8,0.9,50,2,26.8,122.2,25.610333120579,108.755481386618,106.837903620875
2050,101,8,0.9,50,2.5,17.2,124.8,17.8028585381697,85.7875553498568,84.8189315365889
2050,101,8,0.9,50,3,11.5,80.7,11.5781302982639,66.4583858410471,66.5724780585269
2050,101,8,0.9,50,3.5,6.8,72,7.69033031049698,53.2843546454608,54.432739307055
2050,101,8,0.9,50,4,5.4,82.5,5.50097295376754,44.724795867184,46.7124681908648
2050,101,8,0.9,50,4.5,4.9,91.2,4.23121011335137,38.7267805567524,41.2452541105023
2050,101,8,0.9,50,5,2.8,54.8,3.41172998382129,34.0585853936301,36.7641856999414
2050,101,8,0.9,50,5.5,2.7,36.6,2.82260144077925,30.1898578446048,32.7959489903011
2050,101,8,0.9,50,6,2.4,28.6,2.37204192503582,26.9489175785905,29.2753544377721
2050,101,8,0.9,200,-2,82.2,260.3,83.5650864578875,246.969788982267,238.52825928918
2050,101,8,0.9,200,-1.5,84.4,274.5,84.3593281576828,253.000943926719,244.265969495616
2050,101,8,0.9,200,-1,84.1,263.3,85.3738614000888,261.914048043709,253.043799270831
2050,101,8,0.9,200,-0.5,83.6,261,86.4664274844946,273.753429668992,265.009547702532
2050,101,8,0.9,200,0,86.7,283.4,87.0577681429595,284.448010286788,275.972105261043
2050,101,8,0.9,200,0.5,86.9,293.5,86.1470356584793,286.07274931837,277.736737545641
2050,101,8,0.9,200,1,82.7,301.9,82.9739510862412,277.786167075359,269.615871217826
2050,101,8,0.9,200,1.5,76.9,259.7,76.1488675187715,258.312130457964,250.671852519775
2050,101,8,0.9,200,2,62.7,232.1,63.5197687769089,221.962325391458,215.405921598377
2050,101,8,0.9,200,2.5,44.7,194.8,45.6285172103921,170.276839757201,165.324236025809
2050,101,8,0.9,200,3,28.1,121.4,28.3866664638404,120.016678383714,116.770101813823
2050,101,8,0.9,200,3.5,16.2,103.6,16.7762728679288,85.2934067309706,83.5142426101295
2050,101,8,0.9,200,4,9.6,86.6,10.4968135555168,65.4168325670888,64.8549710835507
2050,101,8,0.9,200,4.5,7.1,81.1,7.33273311679504,54.3218052889761,54.8439852430016
2050,101,8,0.9,200,5,5.4,72.6,5.66060581493916,47.487273506784,49.0386990847937
2050,101,8,0.9,200,5.5,4.7,75.4,4.66413853031951,42.6431242617021,45.1079261123251
2050,101,8,0.9,200,6,3.7,72.6,3.98234306569604,38.7634680534771,41.8825882302561
