"dist","a","n","reps","gamma","mu_ratio_med","log_mu_ratio_mean","Y2_mean","Y2_q25","Y2_q75","pmax_mean","gamma1","gamma2","Y2_limit","theta_theory"
"power a=2.8",2.8,100,2000,0,1,0,0.01,0.01,0.01,0.01,0.8,1.8,0,0
"power a=2.8",2.8,100,2000,0.05,1.03108946507179,0.0377031235916802,0.0100093669571941,0.0100072286486507,0.0100110318293198,0.0113489196619105,0.8,1.8,0,0
"power a=2.8",2.8,100,2000,0.1,1.06469536332421,0.0774267056296975,0.0100402553975086,0.010030562457004,0.0100474921542556,0.0128858552243879,0.8,1.8,0,0
"power a=2.8",2.8,100,2000,0.15,1.10102261205857,0.119139181079302,0.0100976704570797,0.0100723644928212,0.0101149424282699,0.014637378338151,0.8,1.8,0,0
"power a=2.8",2.8,100,2000,0.2,1.13991002479158,0.162786673556736,0.0101880159056997,0.0101355339965423,0.010221313968592,0.0166335992678305,0.8,1.8,0,0
"power a=2.8",2.8,100,2000,0.25,1.18182883409746,0.208292935825799,0.0103195926492531,0.0102241331348181,0.0103735410763956,0.018908444848211,0.8,1.8,0,0
"power a=2.8",2.8,100,2000,0.3,1.22688466886168,0.255559608397493,0.0105032865559914,0.0103408153275045,0.0105809605994217,0.0214998243751135,0.8,1.8,0,0
"power a=2.8",2.8,100,2000,0.35,1.27510884383316,0.304466779142437,0.010753486147006,0.0104881413487381,0.0108637322788401,0.024449588334168,0.8,1.8,0,0
"power a=2.8",2.8,100,2000,0.4,1.32816885397854,0.354873860430336,0.0110892274452391,0.0106725618796651,0.0112323555695213,0.027803153872074,0.8,1.8,0,0
"power a=2.8",2.8,100,2000,0.45,1.3840683526084,0.40662083850824,0.0115354582464808,0.0108969141452717,0.011710257053181,0.0316086607312234,0.8,1.8,0,0
"power a=2.8",2.8,100,2000,0.5,1.44522369154519,0.45952997952443,0.0121241510008787,0.0111723173833574,0.0123160892399328,0.0359155638674236,0.8,1.8,0,0
"power a=2.8",2.8,100,2000,0.55,1.51016247978758,0.513408075693115,0.0128948621656198,0.011500692382216,0.0130703235201192,0.0407726866047828,0.8,1.8,0,0
"power a=2.8",2.8,100,2000,0.6,1.57791788549423,0.568049264466902,0.0138944067707587,0.011886894603634,0.0139767101117336,0.0462259203636401,0.8,1.8,0,0
"power a=2.8",2.8,100,2000,0.65,1.65134227937244,0.623238361407453,0.0151756485839658,0.0123473589096356,0.0151494718393432,0.0523158632751433,0.8,1.8,0,0
"power a=2.8",2.8,100,2000,0.7,1.72859261954833,0.67875455946851,0.0167957221348163,0.0128801255922105,0.0165790621658506,0.0590756541152829,0.8,1.8,0,0
"power a=2.8",2.8,100,2000,0.75,1.81144784689722,0.734375312148411,0.0188139410958318,0.0134770934268849,0.0183536085153436,0.0665291336971046,0.8,1.8,0,0
"power a=2.8",2.8,100,2000,0.8,1.89856636789436,0.789880234291351,0.0212893518244599,0.0141836030095995,0.0204844741130135,0.0746894029294449,0.8,1.8,0,1.2335811384724e-16
"power a=2.8",2.8,100,2000,0.85,1.98906552790969,0.845054876806584,0.0242778754814566,0.0149844626969441,0.0230607914275158,0.083557883903834,0.8,1.8,0,0.0277777777777779
"power a=2.8",2.8,100,2000,0.9,2.08197731256879,0.899694232738414,0.0278293181838828,0.0159186517734404,0.0261184816239798,0.0931240114068092,0.8,1.8,0,0.0555555555555556
"power a=2.8",2.8,100,2000,0.95,2.18487401509091,0.953605830010148,0.0319847753064638,0.0169443507246975,0.0298045868277737,0.103365603041492,0.8,1.8,0,0.0833333333333335
"power a=2.8",2.8,100,2000,1,2.29577476341346,1.00661228844392,0.0367748501945154,0.0180891315443441,0.0341410569198459,0.114249825714743,0.8,1.8,0,0.111111111111111
"power a=2.8",2.8,100,2000,1.05,2.41166119767099,1.05855326785291,0.0422188003812726,0.0194115592599526,0.0390980923605537,0.125734584754733,0.8,1.8,0,0.138888888888889
"power a=2.8",2.8,100,2000,1.1,2.52859152838428,1.10928679185626,0.048324465356517,0.020892765538758,0.0450893780355678,0.137770144887595,0.8,1.8,0,0.166666666666667
"power a=2.8",2.8,100,2000,1.15,2.65224656291574,1.15868997985593,0.0550887315845608,0.0224386552570078,0.0513228525327073,0.150300828977105,0.8,1.8,0,0.194444444444445
"power a=2.8",2.8,100,2000,1.2,2.77639379030829,1.20665924914355,0.0624983272617317,0.0242036678187213,0.0590843738846967,0.163266692766733,0.8,1.8,0,0.222222222222222
"power a=2.8",2.8,100,2000,1.25,2.90938747281885,1.25311006206534,0.0705308255493866,0.0260911534460505,0.0677630225783896,0.1766051149725,0.8,1.8,0,0.25
"power a=2.8",2.8,100,2000,1.3,3.04576234557082,1.29797629569226,0.0791557978724421,0.0281802316805073,0.0775327124764729,0.190252264690365,0.8,1.8,0,0.277777777777778
"power a=2.8",2.8,100,2000,1.35,3.175831670928,1.34120930915799,0.08833607571563,0.030529021004003,0.0887698247746962,0.204144418504147,0.8,1.8,0,0.305555555555556
"power a=2.8",2.8,100,2000,1.4,3.30061251353875,1.38277677976162,0.0980290688634163,0.0330609942267086,0.100873097699952,0.218219106898708,0.8,1.8,0,0.333333333333334
"power a=2.8",2.8,100,2000,1.45,3.42619540658586,1.42266137387161,0.10818807810799,0.0358597201970598,0.112839480986785,0.232416078302067,0.8,1.8,0,0.361111111111111
"power a=2.8",2.8,100,2000,1.5,3.5647050536981,1.46085931250028,0.118763545275022,0.0388808626449434,0.125950776638172,0.246678079098804,0.8,1.8,0,0.388888888888889
"power a=2.8",2.8,100,2000,1.55,3.69121804728753,1.49737888413135,0.129704200845429,0.0421104627352353,0.141127990055536,0.260951456974981,0.8,1.8,0,0.416666666666667
"power a=2.8",2.8,100,2000,1.6,3.84149327799149,1.53223894935106,0.140958090005373,0.0455269719851278,0.156822340687319,0.275186601192776,0.8,1.8,0,0.444444444444445
"power a=2.8",2.8,100,2000,1.65,3.99242156397123,1.56546747364516,0.152473473684248,0.0491189674494199,0.175106630104763,0.28933823653545,0.8,1.8,0,0.472222222222222
"power a=2.8",2.8,100,2000,1.7,4.14507038426885,1.59710011692568,0.164199609184922,0.052842929804568,0.191745346622276,0.303365588483976,0.8,1.8,0,0.5
"power a=2.8",2.8,100,2000,1.75,4.28680131118307,1.6271789012941,0.176087416742967,0.0568869983916521,0.212360607326708,0.317232436776463,0.8,1.8,0,0.527777777777778
"power a=2.8",2.8,100,2000,1.8,4.43297391318427,1.65575097237877,0.18809003688386,0.0612852417746922,0.23121127837398,0.330907073708822,0.8,1.8,1.11022302462516e-16,0.555555555555556
"power a=2.8",2.8,100,2000,1.85,4.58159981508772,1.68286746430525,0.200163281587618,0.0659629445831959,0.249910355221036,0.344362182780179,0.8,1.8,0.0270270270270272,0.555555555555556
"power a=2.8",2.8,100,2000,1.9,4.71693520576585,1.70858247390585,0.212265981605317,0.070488634063359,0.269180339170651,0.357574652636483,0.8,1.8,0.0526315789473686,0.555555555555556
"power a=2.8",2.8,100,2000,1.95,4.85204423342896,1.73295214606498,0.224360233166024,0.0751779604405775,0.288320317035185,0.370525340606231,0.8,1.8,0.0769230769230771,0.555555555555556
"power a=2.8",2.8,100,2000,2,4.97583277826346,1.75603386906174,0.236411549348517,0.0804109085433864,0.307360747584589,0.383198799308225,0.8,1.8,0.1,0.555555555555556
"power a=2.8",2.8,100,2000,2.05,5.10163708248758,1.77788557634947,0.248388923862045,0.0854604525853348,0.328551659541632,0.395582978752737,0.8,1.8,0.121951219512195,0.555555555555556
"power a=2.8",2.8,100,2000,2.1,5.23338665928161,1.79856514935382,0.26026481723452,0.0908792636083847,0.349045851182224,0.407668915044099,0.8,1.8,0.142857142857143,0.555555555555556
"power a=2.8",2.8,100,2000,2.15,5.36781356175004,1.81812991452433,0.272015077018613,0.0962396489566045,0.369939030668639,0.419450415279155,0.8,1.8,0.162790697674419,0.555555555555556
"power a=2.8",2.8,100,2000,2.2,5.48464319702454,1.83663622698476,0.283618804418565,0.102042404035936,0.391097068665456,0.430923746613283,0.8,1.8,0.181818181818182,0.555555555555556
"power a=2.8",2.8,100,2000,2.25,5.60341706922588,1.85413913263166,0.295058179731509,0.107911602776718,0.411358659909979,0.442087335832338,0.8,1.8,0.2,0.555555555555556
"power a=2.8",2.8,100,2000,2.3,5.71839538681314,1.87069210036693,0.306318258325253,0.114790912714103,0.430061595726031,0.452941484211953,0.8,1.8,0.217391304347826,0.555555555555556
"power a=2.8",2.8,100,2000,2.35,5.82712092166928,1.88634681625139,0.317386747728767,0.121758423442708,0.44961934664977,0.463488101029716,0.8,1.8,0.234042553191489,0.555555555555556
"power a=2.8",2.8,100,2000,2.4,5.92376998774095,1.90115303167166,0.328253774982878,0.127542298336047,0.467608096145307,0.473730457861261,0.8,1.8,0.25,0.555555555555556
"power a=2.8",2.8,100,2000,2.45,6.02090315307486,1.91515845806616,0.338911651851571,0.134433739189375,0.484015520289916,0.483672964755975,0.8,1.8,0.26530612244898,0.555555555555556
"power a=2.8",2.8,100,2000,2.5,6.12892604753254,1.92840870130672,0.349354643955971,0.14041114506382,0.503882026936811,0.493320968552557,0.8,1.8,0.28,0.555555555555556
"power a=2.8",2.8,100,2000,2.55,6.22121774565924,1.94094722944101,0.359578748452248,0.147243397312719,0.520166864031303,0.502680572946975,0.8,1.8,0.294117647058824,0.555555555555556
"power a=2.8",2.8,100,2000,2.6,6.2957890252075,1.9528153681334,0.369581483586193,0.152996153735115,0.537923265352374,0.511758479445965,0.8,1.8,0.307692307692308,0.555555555555556
"power a=2.8",2.8,100,2000,2.65,6.37770850337831,1.9640523187721,0.379361692348897,0.159710709104185,0.55212332219898,0.520561848004801,0.8,1.8,0.320754716981132,0.555555555555556
"power a=2.8",2.8,100,2000,2.7,6.46956445795098,1.97469519482103,0.38891936153764,0.165719553384404,0.569779269546672,0.529098175934119,0.8,1.8,0.333333333333333,0.555555555555556
"power a=2.8",2.8,100,2000,2.75,6.55771189348417,1.98477907257074,0.398255456787388,0.172428019105527,0.584145536511519,0.53737519354364,0.8,1.8,0.345454545454546,0.555555555555556
"power a=2.8",2.8,100,2000,2.8,6.63783616427416,1.99433705297722,0.407371773566364,0.178782326434812,0.599373449013512,0.545400774949207,0.8,1.8,0.357142857142857,0.555555555555556
"power a=2.8",2.8,100,2000,2.85,6.70721807019654,2.00340033176436,0.416270803703749,0.185564665344443,0.614657962490696,0.553182862484727,0.8,1.8,0.368421052631579,0.555555555555556
"power a=2.8",2.8,100,2000,2.9,6.77050551764492,2.01199827540447,0.424955616716814,0.192072573895302,0.630822148948823,0.560729403216592,0.8,1.8,0.379310344827586,0.555555555555556
"power a=2.8",2.8,100,2000,2.95,6.81729703916868,2.02015850098117,0.433429755006482,0.19889330686345,0.644830838339093,0.568048296141686,0.8,1.8,0.389830508474576,0.555555555555556
"power a=2.8",2.8,100,2000,3,6.87979106853334,2.02790695828219,0.441697141873923,0.205331715879929,0.659826438377906,0.575147348750906,0.8,1.8,0.4,0.555555555555556
"power a=2.8",2.8,100,2000,3.05,6.92856760148922,2.03526801276905,0.44976200125761,0.212176659436006,0.675408212792531,0.582034241750049,0.8,1.8,0.409836065573771,0.555555555555556
"power a=2.8",2.8,100,2000,3.1,6.98554392428991,2.04226452832931,0.457628788084447,0.219302005935394,0.687014686608022,0.5887165008429,0.8,1.8,0.419354838709677,0.555555555555556
"power a=2.8",2.8,100,2000,3.15,7.04157636551,2.04891794893944,0.465302128156738,0.224720142551674,0.700054226799851,0.595201474593055,0.8,1.8,0.428571428571429,0.555555555555556
"power a=2.8",2.8,100,2000,3.2,7.09685872101833,2.05524837855483,0.472786766548067,0.231153077019419,0.712080677435831,0.6014963174883,0.8,1.8,0.4375,0.555555555555556
"power a=2.8",2.8,100,2000,3.25,7.15991679713121,2.06127465870368,0.480087523547118,0.23684363142199,0.723978093786391,0.607607977432386,0.8,1.8,0.446153846153846,0.555555555555556
"power a=2.8",2.8,100,2000,3.3,7.21484800785042,2.06701444339524,0.487209257262589,0.242409673289135,0.73513029507318,0.61354318698248,0.8,1.8,0.454545454545455,0.555555555555556
"power a=2.8",2.8,100,2000,3.35,7.25457487144463,2.07248427106427,0.494156832079775,0.249255241176443,0.745953346368345,0.619308457735996,0.8,1.8,0.462686567164179,0.555555555555556
"power a=2.8",2.8,100,2000,3.4,7.29170990835987,2.07769963336583,0.500935092236651,0.255735736639266,0.756064256361348,0.624910077347774,0.8,1.8,0.470588235294118,0.555555555555556
"power a=2.8",2.8,100,2000,3.45,7.34004295079456,2.08267504070968,0.507548839862083,0.262602713984442,0.765953523469071,0.630354108727768,0.8,1.8,0.478260869565218,0.555555555555556
"power a=2.8",2.8,100,2000,3.5,7.38665024107221,2.08742408448478,0.514002816889489,0.268782456641165,0.775084082645097,0.635646391031068,0.8,1.8,0.485714285714286,0.555555555555556
"power a=2.8",2.8,100,2000,3.55,7.4274641492153,2.09195949597323,0.520301690325034,0.274143637571591,0.784219224201671,0.640792542106574,0.8,1.8,0.492957746478873,0.555555555555556
"power a=2.8",2.8,100,2000,3.6,7.46451512479648,2.09629320199163,0.526450040409814,0.280683551240143,0.792825281308101,0.645797962118611,0.8,1.8,0.5,0.555555555555556
"power a=2.8",2.8,100,2000,3.65,7.48767363974304,2.10043637732818,0.532452351270361,0.286471464652087,0.800591044412898,0.65066783809784,0.8,1.8,0.506849315068493,0.555555555555556
"power a=2.8",2.8,100,2000,3.7,7.50935824921909,2.10439949406644,0.538313003701231,0.291892130183004,0.809285110646895,0.65540714921446,0.8,1.8,0.513513513513514,0.555555555555556
"power a=2.8",2.8,100,2000,3.75,7.54083255169019,2.10819236790401,0.54403626976776,0.298016048609132,0.817105270322897,0.660020672598636,0.8,1.8,0.52,0.555555555555556
"power a=2.8",2.8,100,2000,3.8,7.57554678753011,2.11182420158614,0.549626308956555,0.304156298009703,0.82472415657323,0.664512989560696,0.8,1.8,0.526315789473684,0.555555555555556
"power a=2.8",2.8,100,2000,3.85,7.60214432618123,2.11530362558256,0.555087165636336,0.30947390032365,0.831791480023423,0.668888492087591,0.8,1.8,0.532467532467533,0.555555555555556
"power a=2.8",2.8,100,2000,3.9,7.63414080142533,2.11863873614044,0.560422767622724,0.315298882384229,0.838754725768286,0.673151389512648,0.8,1.8,0.538461538461539,0.555555555555556
"power a=2.8",2.8,100,2000,3.95,7.662312467391,2.1218371308487,0.565636925667948,0.321858828252023,0.84528839071473,0.677305715273389,0.8,1.8,0.544303797468354,0.555555555555556
"power a=2.8",2.8,100,2000,4,7.68598128092952,2.12490594184888,0.570733333720466,0.328409081618446,0.851620481824563,0.68135533368735,0.8,1.8,0.55,0.555555555555556
"power a=2.8",2.8,100,2000,4.05,7.71326661310389,2.12785186682616,0.57571556982067,0.33340324919901,0.857998725866282,0.685303946688764,0.8,1.8,0.555555555555556,0.555555555555556
"power a=2.8",2.8,100,2000,4.1,7.74184002139219,2.13068119791133,0.580587097517312,0.336967500971019,0.863909682905261,0.689155100480077,0.8,1.8,0.560975609756098,0.555555555555556
"power a=2.8",2.8,100,2000,4.15,7.76480325416792,2.1333998486208,0.58535126770557,0.34150225181604,0.869763594198192,0.692912192061597,0.8,1.8,0.566265060240964,0.555555555555556
"power a=2.8",2.8,100,2000,4.2,7.7865766438872,2.13601337895697,0.590011320801759,0.345918786397527,0.87587539190784,0.696578475610554,0.8,1.8,0.571428571428572,0.555555555555556
"power a=2.8",2.8,100,2000,4.25,7.80786848897973,2.13852701878648,0.594570389182118,0.351060769816353,0.88120485914656,0.700157068687545,0.8,1.8,0.576470588235294,0.555555555555556
"power a=2.8",2.8,100,2000,4.3,7.83071574628455,2.14094568960846,0.599031499823824,0.356637989656139,0.886615361254737,0.70365095825397,0.8,1.8,0.581395348837209,0.555555555555556
"power a=2.8",2.8,100,2000,4.35,7.85030079133083,2.14327402481934,0.60339757709576,0.361936911992809,0.891500733347288,0.707063006488784,0.8,1.8,0.586206896551724,0.555555555555556
"power a=2.8",2.8,100,2000,4.4,7.86548791890398,2.14551638857514,0.607671445654706,0.367868310155326,0.895769044309037,0.710395956396793,0.8,1.8,0.590909090909091,0.555555555555556
"power a=2.8",2.8,100,2000,4.45,7.87557032905738,2.14767689334662,0.611855833409641,0.372573732989738,0.900396575506443,0.713652437204007,0.8,1.8,0.595505617977528,0.555555555555556
"power a=2.8",2.8,100,2000,4.5,7.89036966922029,2.14975941625702,0.61595337452297,0.377986451027498,0.904852748484372,0.716834969538178,0.8,1.8,0.6,0.555555555555556
"power a=2.8",2.8,100,2000,4.55,7.90465012651798,2.15176761428692,0.61996661242272,0.382673827707463,0.908926327300334,0.719945970394878,0.8,1.8,0.604395604395604,0.555555555555556
"power a=2.8",2.8,100,2000,4.6,7.91843696995122,2.15370493842518,0.623898002804316,0.386297951374228,0.912677993938632,0.72298775789118,0.8,1.8,0.608695652173913,0.555555555555556
"power a=2.8",2.8,100,2000,4.65,7.93263628059228,2.15557464684018,0.627749916604416,0.390885666666596,0.916444852266992,0.725962555810442,0.8,1.8,0.612903225806452,0.555555555555556
"power a=2.8",2.8,100,2000,4.7,7.94716211377544,2.15737981714056,0.631524642932634,0.39404669104183,0.920231130050774,0.728872497942769,0.8,1.8,0.617021276595745,0.555555555555556
"power a=2.8",2.8,100,2000,4.75,7.96116595854188,2.15912335779006,0.635224391949837,0.397921957605778,0.923716630008173,0.731719632226579,0.8,1.8,0.621052631578947,0.555555555555556
"power a=2.8",2.8,100,2000,4.8,7.97610683373121,2.16080801873685,0.638851297684129,0.401778415770868,0.926985743634383,0.734505924697344,0.8,1.8,0.625,0.555555555555556
"power a=2.8",2.8,100,2000,4.85,7.99124688160885,2.16243640131323,0.642407420777684,0.405343852854268,0.930139439767661,0.737233263250021,0.8,1.8,0.628865979381443,0.555555555555556
"power a=2.8",2.8,100,2000,4.9,8.00578104877295,2.1640109674582,0.645894751159355,0.408810244766603,0.93325487941534,0.739903461222003,0.8,1.8,0.63265306122449,0.555555555555556
"power a=2.8",2.8,100,2000,4.95,8.01717681246929,2.16553404831119,0.649315210639439,0.412275743234003,0.936316930023152,0.742518260803599,0.8,1.8,0.636363636363636,0.555555555555556
"power a=2.8",2.8,100,2000,5,8.02714124607142,2.16700785222217,0.652670655424201,0.414767996208519,0.939161069563593,0.745079336283163,0.8,1.8,0.64,0.555555555555556
"power a=2.8",2.8,100,2000,5.05,8.03667694760923,2.16843447222,0.655962878548799,0.419019900991988,0.941775712568165,0.74758829713397,0.8,1.8,0.643564356435644,0.555555555555556
"power a=2.8",2.8,100,2000,5.1,8.04580529156459,2.1698158929778,0.659193612228076,0.422593068874132,0.944425760085282,0.750046690949896,0.8,1.8,0.647058823529412,0.555555555555556
"power a=2.8",2.8,100,2000,5.15,8.05458546238968,2.17115399731142,0.662364530125383,0.426240230284792,0.946984839344009,0.752456006236846,0.8,1.8,0.650485436893204,0.555555555555556
"power a=2.8",2.8,100,2000,5.2,8.06419417834707,2.17245057224444,0.665477249540168,0.430283312167009,0.949314481011496,0.754817675066719,0.8,1.8,0.653846153846154,0.555555555555556
"power a=2.8",2.8,100,2000,5.25,8.07352882022984,2.17370731467058,0.668533333515504,0.434110313632536,0.951612400410485,0.757133075600511,0.8,1.8,0.657142857142857,0.555555555555556
"power a=2.8",2.8,100,2000,5.3,8.08343770591584,2.17492583664229,0.671534292867087,0.438431488593779,0.953839982479392,0.759403534486973,0.8,1.8,0.660377358490566,0.555555555555556
"power a=2.8",2.8,100,2000,5.35,8.09596155201898,2.17610767031207,0.674481588135516,0.44247142420686,0.955906165873989,0.761630329142983,0.8,1.8,0.663551401869159,0.555555555555556
"power a=2.8",2.8,100,2000,5.4,8.10672081429982,2.17725427255117,0.67737663146387,0.445590405281428,0.95787494381698,0.763814689921586,0.8,1.8,0.666666666666667,0.555555555555556
"power a=2.8",2.8,100,2000,5.45,8.11901640710196,2.17836702926836,0.680220788402756,0.449180920104799,0.959741961147249,0.765957802173405,0.8,1.8,0.669724770642202,0.555555555555556
"power a=2.8",2.8,100,2000,5.5,8.12761920382838,2.17944725945017,0.683015379645096,0.452841446272401,0.961420372757653,0.768060808206869,0.8,1.8,0.672727272727273,0.555555555555556
"power a=2.8",2.8,100,2000,5.55,8.13583814236625,2.18049621894177,0.685761682692998,0.457240928498963,0.962925398982701,0.770124809152481,0.8,1.8,0.675675675675676,0.555555555555556
"power a=2.8",2.8,100,2000,5.6,8.14377471283873,2.18151510398701,0.688460933459092,0.459477213058299,0.964373348860856,0.772150866736086,0.8,1.8,0.678571428571429,0.555555555555556
"power a=2.8",2.8,100,2000,5.65,8.15196445550492,2.18250505454412,0.691114327804692,0.462877073379395,0.965907047523344,0.774140004965877,0.8,1.8,0.68141592920354,0.555555555555556
"power a=2.8",2.8,100,2000,5.7,8.16279168476366,2.18346715739277,0.693723023017183,0.465492633982309,0.967110635010135,0.776093211737623,0.8,1.8,0.68421052631579,0.555555555555556
"power a=2.8",2.8,100,2000,5.75,8.1733072685578,2.18440244904678,0.696288139228946,0.467878478670157,0.968329292313574,0.778011440362406,0.8,1.8,0.68695652173913,0.555555555555556
"power a=2.8",2.8,100,2000,5.8,8.18352145043991,2.18531191848602,0.69881076078013,0.470110477035927,0.96964591174321,0.779895611020897,0.8,1.8,0.689655172413793,0.555555555555556
"power a=2.8",2.8,100,2000,5.85,8.19344411592687,2.18619650971961,0.701291937527504,0.473674054177378,0.970923668361191,0.781746612148028,0.8,1.8,0.692307692307692,0.555555555555556
"power a=2.8",2.8,100,2000,5.9,8.20308480522329,2.1870571241921,0.703732686101576,0.476998072030527,0.972056393056822,0.783565301751687,0.8,1.8,0.694915254237288,0.555555555555556
"power a=2.8",2.8,100,2000,5.95,8.21245272549052,2.18789462304316,0.706133991114088,0.479954412332258,0.973099743355409,0.785352508668875,0.8,1.8,0.697478991596639,0.555555555555556
"power a=2.8",2.8,100,2000,6,8.22155676267897,2.18870982923069,0.708496806317923,0.482284057449331,0.974102922951893,0.787109033762596,0.8,1.8,0.7,0.555555555555556
"power a=2.8",2.8,100,2000,6.05,8.23040549294086,2.18950352952641,0.710822055721405,0.484317877356459,0.975130625126039,0.788835651062544,0.8,1.8,0.702479338842975,0.555555555555556
"power a=2.8",2.8,100,2000,6.1,8.238839266424,2.1902764763925,0.713110634658872,0.486578316990097,0.976080139263856,0.79053310885251,0.8,1.8,0.704918032786885,0.555555555555556
"power a=2.8",2.8,100,2000,6.15,8.24363788988772,2.19102938974719,0.715363410819357,0.48849149722936,0.977097859542744,0.792202130707263,0.8,1.8,0.707317073170732,0.555555555555556
"power a=2.8",2.8,100,2000,6.2,8.24996188942139,2.19176295862643,0.717581225235099,0.490329089461174,0.978093426604469,0.793843416481494,0.8,1.8,0.709677419354839,0.555555555555556
"power a=2.8",2.8,100,2000,6.25,8.25805318549435,2.1924778427487,0.719764893231591,0.492886400107869,0.979045765571254,0.795457643253304,0.8,1.8,0.712,0.555555555555556
"power a=2.8",2.8,100,2000,6.3,8.26589815391332,2.193174673989,0.721915205340731,0.494485473188098,0.979956736980611,0.797045466224541,0.8,1.8,0.714285714285714,0.555555555555556
"power a=2.8",2.8,100,2000,6.35,8.27350462246913,2.19385405776808,0.72403292817863,0.49675355137895,0.980828123329926,0.798607519580186,0.8,1.8,0.716535433070866,0.555555555555556
"power a=2.8",2.8,100,2000,6.4,8.28088016205783,2.19451657436228,0.726118805289538,0.499072299448411,0.981656247299577,0.800144417308869,0.8,1.8,0.71875,0.555555555555556
"power a=2.8",2.8,100,2000,6.45,8.28803209523409,2.195162780139,0.728173557957286,0.500381814663776,0.982435549943129,0.801656753986476,0.8,1.8,0.72093023255814,0.555555555555556
"power a=2.8",2.8,100,2000,6.5,8.29496750447902,2.19579320872263,0.73019788598558,0.502729067201517,0.98318157651432,0.803145105524688,0.8,1.8,0.723076923076923,0.555555555555556
"power a=2.8",2.8,100,2000,6.55,8.30114603892279,2.19640837209521,0.732192468448438,0.505772209274821,0.983895748170739,0.80461002988622,0.8,1.8,0.725190839694656,0.555555555555556
"power a=2.8",2.8,100,2000,6.6,8.30709646202847,2.19700876163599,0.734157964411968,0.507562171447166,0.984612649123138,0.806052067768407,0.8,1.8,0.727272727272727,0.555555555555556
"power a=2.8",2.8,100,2000,6.65,8.31291477707768,2.19759484910366,0.736095013628689,0.51011522945898,0.98530565383378,0.807471743256699,0.8,1.8,0.729323308270677,0.555555555555556
"power a=2.8",2.8,100,2000,6.7,8.31860454116925,2.19816708756477,0.738004237205472,0.511888993669827,0.985948898938397,0.808869564449566,0.8,1.8,0.73134328358209,0.555555555555556
"power a=2.8",2.8,100,2000,6.75,8.32416919340831,2.19872591227171,0.739886238246203,0.513825626743312,0.986558482022212,0.810246024056186,0.8,1.8,0.733333333333333,0.555555555555556
"power a=2.8",2.8,100,2000,6.8,8.32961205992578,2.19927174149323,0.741741602470154,0.515289694014084,0.98724030919827,0.811601599968263,0.8,1.8,0.735294117647059,0.555555555555556
"power a=2.8",2.8,100,2000,6.85,8.33475364696645,2.19980497730053,0.743570898807068,0.516735902180426,0.987761573373856,0.812936755807225,0.8,1.8,0.737226277372263,0.555555555555556
"power a=2.8",2.8,100,2000,6.9,8.33999956103129,2.20032600631143,0.745374679969862,0.519336001738504,0.988295935185281,0.81425194144798,0.8,1.8,0.739130434782609,0.555555555555556
"power a=2.8",2.8,100,2000,6.95,8.34565593241429,2.20083520039519,0.747153483005857,0.521224133126339,0.988755482649144,0.815547593520371,0.8,1.8,0.741007194244604,0.555555555555556
"power a=2.8",2.8,100,2000,7,8.35104311955639,2.20133291734042,0.748907829827379,0.523871396044204,0.989191631180813,0.816824135889378,0.8,1.8,0.742857142857143,0.555555555555556
"power a=2.8",2.8,100,2000,7.05,8.3542196949986,2.20181950148809,0.750638227722555,0.525894461267337,0.989607550603001,0.818081980115087,0.8,1.8,0.74468085106383,0.555555555555556
"power a=2.8",2.8,100,2000,7.1,8.357342233289,2.2022952843318,0.75234516984707,0.528654557774339,0.990025060461941,0.819321525893388,0.8,1.8,0.746478873239437,0.555555555555556
"power a=2.8",2.8,100,2000,7.15,8.36041241426807,2.20276058508718,0.754029135697658,0.530809444605116,0.990427344310309,0.820543161478283,0.8,1.8,0.748251748251748,0.555555555555556
"power a=2.8",2.8,100,2000,7.2,8.36370170855469,2.20321571123226,0.755690591568017,0.533404948244528,0.99081169996191,0.8217472640867,0.8,1.8,0.75,0.555555555555556
"power a=2.8",2.8,100,2000,7.25,8.36752737496385,2.20366095902037,0.757329990987853,0.535754449033019,0.991188962946563,0.822934200286593,0.8,1.8,0.751724137931035,0.555555555555556
"power a=2.8",2.8,100,2000,7.3,8.37086181015965,2.20409661396723,0.758947775145705,0.537836787795475,0.99153077213663,0.824104326369125,0.8,1.8,0.753424657534247,0.555555555555556
"power a=2.8",2.8,100,2000,7.35,8.37477969025785,2.20452295131371,0.760544373296184,0.539706937675524,0.991859300280117,0.825257988705662,0.8,1.8,0.755102040816327,0.555555555555556
"power a=2.8",2.8,100,2000,7.4,8.37858248705631,2.20494023646555,0.76212020315223,0.541082271586964,0.992191907811185,0.826395524090266,0.8,1.8,0.756756756756757,0.555555555555556
"power a=2.8",2.8,100,2000,7.45,8.3821326762494,2.2053487254114,0.763675671262969,0.542248695017643,0.992522886932481,0.827517260068361,0.8,1.8,0.758389261744966,0.555555555555556
"power a=2.8",2.8,100,2000,7.5,8.3856181786064,2.20574866512035,0.765211173377726,0.543995953743542,0.992839590322623,0.82862351525219,0.8,1.8,0.76,0.555555555555556
"power a=2.8",2.8,100,2000,7.55,8.38904055064346,2.2061402939201,0.76672709479673,0.54562987287864,0.993138040165783,0.829714599623671,0.8,1.8,0.76158940397351,0.555555555555556
"power a=2.8",2.8,100,2000,7.6,8.39240129540481,2.20652384185686,0.768223810709025,0.547130199355445,0.993425843989948,0.830790814825203,0.8,1.8,0.763157894736842,0.555555555555556
"power a=2.8",2.8,100,2000,7.65,8.39570186494284,2.2068995310379,0.769701686518078,0.549143275946808,0.993699207251016,0.831852454438979,0.8,1.8,0.764705882352941,0.555555555555556
"power a=2.8",2.8,100,2000,7.7,8.39894366266076,2.2072675759578,0.77116107815556,0.551480326131992,0.993957346058557,0.832899804255301,0.8,1.8,0.766233766233766,0.555555555555556
"power a=2.8",2.8,100,2000,7.75,8.40212804552621,2.20762818380919,0.772602332383749,0.553975146661184,0.99421388728388,0.833933142530405,0.8,1.8,0.767741935483871,0.555555555555556
"power a=2.8",2.8,100,2000,7.8,8.40525632616379,2.20798155477883,0.774025787087004,0.555740765580225,0.994459411440567,0.834952740234234,0.8,1.8,0.769230769230769,0.555555555555556
"power a=2.8",2.8,100,2000,7.85,8.40832977483369,2.20832788232985,0.775431771552706,0.557758438813813,0.994694399219813,0.835958861288623,0.8,1.8,0.770700636942675,0.555555555555556
"power a=2.8",2.8,100,2000,7.9,8.41108817295514,2.20866735347087,0.776820606742105,0.56020752177819,0.994919309882087,0.836951762796306,0.8,1.8,0.772151898734177,0.555555555555556
"power a=2.8",2.8,100,2000,7.95,8.41359747443216,2.20900014901261,0.778192605551416,0.563292670227848,0.995141005813674,0.837931695261136,0.8,1.8,0.773584905660377,0.555555555555556
"power a=2.8",2.8,100,2000,8,8.41603795575673,2.2093264438128,0.779548073063581,0.565977521398174,0.995341575361061,0.838898902799921,0.8,1.8,0.775,0.555555555555556
"power a=2.8",2.8,1000,1000,0,1,0,0.001,0.001,0.001,0.001,0.8,1.8,0,0
"power a=2.8",2.8,1000,1000,0.05,1.03959513674154,0.0426969303608721,0.00100094020744099,0.00100087655091727,0.00100099845081528,0.00121131168301717,0.8,1.8,0,0
"power a=2.8",2.8,1000,1000,0.1,1.08356350278381,0.0887478379785575,0.00100404193653335,0.0010037505256707,0.00100430890527819,0.00146773206199069,0.8,1.8,0,0
"power a=2.8",2.8,1000,1000,0.15,1.13262603189544,0.138322148922544,0.00100981021788495,0.00100904908712349,0.00101050939164413,0.00177893982141908,0.8,1.8,0,0
"power a=2.8",2.8,1000,1000,0.2,1.18647517414593,0.191559831982983,0.00101889208641402,0.00101726255541349,0.00102029861436853,0.00215667841144884,0.8,1.8,0,0
"power a=2.8",2.8,1000,1000,0.25,1.24672716593355,0.248564964806624,0.00103212901112865,0.00102905549773444,0.0010346330162628,0.00261518221520589,0.8,1.8,0,0
"power a=2.8",2.8,1000,1000,0.3,1.31479703672717,0.309400361891284,0.0010506331495682,0.00104522800136369,0.00105483151877377,0.00317168077764999,0.8,1.8,0,0
"power a=2.8",2.8,1000,1000,0.35,1.39001487774883,0.374083339617374,0.00107589979989736,0.00106662020019217,0.00108250612710393,0.00384698885470083,0.8,1.8,0,0
"power a=2.8",2.8,1000,1000,0.4,1.47471320677418,0.442582636163265,0.00110997519757601,0.00109441325861334,0.00111912826682754,0.00466618603117127,0.8,1.8,0,0
"power a=2.8",2.8,1000,1000,0.45,1.56913685365002,0.514816479501495,0.00115570901572872,0.0011299784603941,0.00116803535439268,0.00565938141874254,0.8,1.8,0,0
"power a=2.8",2.8,1000,1000,0.5,1.67466031181876,0.590651779268606,0.00121713563980131,0.00117489830979381,0.00123404275193652,0.00686254389199213,0.8,1.8,0,0
"power a=2.8",2.8,1000,1000,0.55,1.79482607898465,0.669904395107313,0.00130004777282493,0.00123059182828026,0.00132386625616409,0.00831835294737021,0.8,1.8,0,0
"power a=2.8",2.8,1000,1000,0.6,1.92236058930531,0.752340407221091,0.00141284767438108,0.00130076308697745,0.00143938607593047,0.0100769856208666,0.8,1.8,0,0
"power a=2.8",2.8,1000,1000,0.65,2.067165284324,0.837678298055109,0.0015677760307439,0.0013871730743414,0.0015967307207901,0.0121966983303321,0.8,1.8,0,0
"power a=2.8",2.8,1000,1000,0.7,2.23377447548917,0.925591964027451,0.00178260394863813,0.00149371725749872,0.00180685991002234,0.0147439919056256,0.8,1.8,0,0
"power a=2.8",2.8,1000,1000,0.75,2.40970237797585,1.01571452284081,0.00208279051519298,0.00162764983391684,0.00207678749362968,0.0177930793262076,0.8,1.8,0,0
"power a=2.8",2.8,1000,1000,0.8,2.61115995787673,1.10764295877027,0.00250390980721859,0.00179148125004525,0.00244738519043985,0.0214243463437452,0.8,1.8,0,1.2335811384724e-16
"power a=2.8",2.8,1000,1000,0.85,2.83452950022674,1.20094372694931,0.00309382705242582,0.00199072687215423,0.00291730909771289,0.0257215648573523,0.8,1.8,0,0.0277777777777779
"power a=2.8",2.8,1000,1000,0.9,3.08110496969929,1.29515946867367,0.00391376480023469,0.00222766131215778,0.00356299342634203,0.0307678436354438,0.8,1.8,0,0.0555555555555556
"power a=2.8",2.8,1000,1000,0.95,3.35489761501771,1.38981691999199,0.00503732966321386,0.00252363111478418,0.00440668369599374,0.0366406706297133,0.8,1.8,0,0.0833333333333335
"power a=2.8",2.8,1000,1000,1,3.63253279739896,1.48443590565988,0.00654707506478855,0.00288699165550606,0.00549619169637033,0.0434067765554753,0.8,1.8,0,0.111111111111111
"power a=2.8",2.8,1000,1000,1.05,3.96861479243513,1.57853905132209,0.00852919323366961,0.00332273741637702,0.006898847484387,0.0511176964819897,0.8,1.8,0,0.138888888888889
"power a=2.8",2.8,1000,1000,1.1,4.32804446908393,1.67166163431877,0.0110678112416619,0.00385569925414212,0.00882068202902037,0.0598066787850735,0.8,1.8,0,0.166666666666667
"power a=2.8",2.8,1000,1000,1.15,4.68693709848635,1.76336093458718,0.0142403780863524,0.00448886222886266,0.0111928900665216,0.0694871091600145,0.8,1.8,0,0.194444444444445
"power a=2.8",2.8,1000,1000,1.2,5.11492610373116,1.85322455649169,0.0181147805429972,0.00521932414904931,0.0141730138434035,0.080152193091679,0.8,1.8,0,0.222222222222222
"power a=2.8",2.8,1000,1000,1.25,5.55611477655945,1.94087738883569,0.0227478585634719,0.00608716625432726,0.0180783534907596,0.0917754915950012,0.8,1.8,0,0.25
"power a=2.8",2.8,1000,1000,1.3,6.01932912409418,2.02598705335909,0.0281845373114588,0.00712813432275151,0.0226734333299806,0.10431200399162,0.8,1.8,0,0.277777777777778
"power a=2.8",2.8,1000,1000,1.35,6.52354972419088,2.10826781057328,0.0344568973082187,0.00827837256538725,0.0287988702757633,0.117699675786058,0.8,1.8,0,0.305555555555556
"power a=2.8",2.8,1000,1000,1.4,7.09535482348965,2.18748294953176,0.0415829012981147,0.00968572621628046,0.0359227327344477,0.131861347264387,0.8,1.8,0,0.333333333333334
"power a=2.8",2.8,1000,1000,1.45,7.66171433240942,2.26344571350106,0.0495649356576649,0.0113554499820595,0.0438371181680678,0.146707196660816,0.8,1.8,0,0.361111111111111
"power a=2.8",2.8,1000,1000,1.5,8.27963279332924,2.33601883436695,0.0583886250054956,0.0132984401733746,0.0533633744616683,0.162137676880944,0.8,1.8,0,0.388888888888889
"power a=2.8",2.8,1000,1000,1.55,8.8996036700235,2.40511278105611,0.0680224364747665,0.0154765342017336,0.0640499806869832,0.178046839164018,0.8,1.8,0,0.416666666666667
"power a=2.8",2.8,1000,1000,1.6,9.53144002693599,2.47068287287937,0.0784184163796338,0.0179925611614736,0.0767276246502197,0.194325836587267,0.8,1.8,0,0.444444444444445
"power a=2.8",2.8,1000,1000,1.65,10.1934019323971,2.53272545797053,0.0895141105128935,0.0207703960977048,0.0908138117600791,0.210866348043653,0.8,1.8,0,0.472222222222222
"power a=2.8",2.8,1000,1000,1.7,10.8657113686501,2.59127339641196,0.101235447198102,0.0241325522075447,0.106203363545829,0.227563673284746,0.8,1.8,0,0.5
"power a=2.8",2.8,1000,1000,1.75,11.4859411188259,2.64639110681958,0.11350019775307,0.0274983347262155,0.122881520842931,0.244319309067665,0.8,1.8,0,0.527777777777778
"power a=2.8",2.8,1000,1000,1.8,12.1562245794436,2.6981694304231,0.126221591098787,0.0311611155679477,0.140429325927492,0.26104289978349,0.8,1.8,1.11022302462516e-16,0.555555555555556
"power a=2.8",2.8,1000,1000,1.85,12.8809711297566,2.74672054075272,0.13931171817051,0.0353692760057609,0.157934048583507,0.277653538626235,0.8,1.8,0.0270270270270272,0.555555555555556
"power a=2.8",2.8,1000,1000,1.9,13.5860325539368,2.7921730865537,0.152684470845686,0.0400625392569928,0.17621959549814,0.29408046139375,0.8,1.8,0.0526315789473686,0.555555555555556
"power a=2.8",2.8,1000,1000,1.95,14.307767048452,2.83466770817177,0.166257878183458,0.0446539793332904,0.196343721032409,0.310263218058981,0.8,1.8,0.0769230769230771,0.555555555555556
"power a=2.8",2.8,1000,1000,2,14.9845670091568,2.87435302009205,0.179955803747298,0.0501193402687914,0.217391246493743,0.326151428155216,0.8,1.8,0.1,0.555555555555556
"power a=2.8",2.8,1000,1000,2.05,15.6393897312028,2.91138210933498,0.193709040473405,0.0554331410854423,0.237806076324964,0.341704229446892,0.8,1.8,0.121951219512195,0.555555555555556
"power a=2.8",2.8,1000,1000,2.1,16.3117068420108,2.94590956371716,0.20745588334942,0.0612504874004699,0.262662615171595,0.356889521068915,0.8,1.8,0.142857142857143,0.555555555555556
"power a=2.8",2.8,1000,1000,2.15,16.9366128157833,2.97808901655102,0.221142280057899,0.0671300355430912,0.285212809399524,0.371683087533206,0.8,1.8,0.162790697674419,0.555555555555556
"power a=2.8",2.8,1000,1000,2.2,17.568745110094,3.00807117495581,0.234721662473751,0.0736116240941071,0.30860167334016,0.386067672712955,0.8,1.8,0.181818181818182,0.555555555555556
"power a=2.8",2.8,1000,1000,2.25,18.158067807273,3.03600228663545,0.248154553840875,0.0802012185342537,0.333379332184853,0.400032055801371,0.8,1.8,0.2,0.555555555555556
"power a=2.8",2.8,1000,1000,2.3,18.6997525037992,3.06202299346724,0.26140803265194,0.0864980604918528,0.357117312542107,0.413570165870594,0.8,1.8,0.217391304347826,0.555555555555556
"power a=2.8",2.8,1000,1000,2.35,19.2182502798364,3.08626751819386,0.274455118339521,0.0933374912357955,0.379161745091464,0.426680258773431,0.8,1.8,0.234042553191489,0.555555555555556
"power a=2.8",2.8,1000,1000,2.4,19.7309926960124,3.10886313167237,0.287274128222805,0.100395767984795,0.400509332086325,0.43936416992645,0.8,1.8,0.25,0.555555555555556
"power a=2.8",2.8,1000,1000,2.45,20.1851988279789,3.12992985143874,0.299848041122836,0.10635298084383,0.417620576259181,0.451626648839611,0.8,1.8,0.26530612244898,0.555555555555556
"power a=2.8",2.8,1000,1000,2.5,20.5989192450225,3.14958032693543,0.312163891319875,0.113290511494452,0.436100143577565,0.463474775786772,0.8,1.8,0.28,0.555555555555556
"power a=2.8",2.8,1000,1000,2.55,21.0510422326848,3.16791987196721,0.32421220724339,0.121260172732042,0.455941536904046,0.474917457344015,0.8,1.8,0.294117647058824,0.555555555555556
"power a=2.8",2.8,1000,1000,2.6,21.4556201450369,3.18504661032492,0.335986502313868,0.128906728462818,0.47492230799102,0.485964995259219,0.8,1.8,0.307692307692308,0.555555555555556
"power a=2.8",2.8,1000,1000,2.65,21.8058373235686,3.20105170572544,0.347482820385071,0.135941333487999,0.491182243983258,0.496628721896312,0.8,1.8,0.320754716981132,0.555555555555556
"power a=2.8",2.8,1000,1000,2.7,22.141638069325,3.21601965205869,0.358699334891337,0.142087822203646,0.513784349160185,0.506920695018652,0.8,1.8,0.333333333333333,0.555555555555556
"power a=2.8",2.8,1000,1000,2.75,22.4921191768976,3.23002860429564,0.369635998715317,0.148812715387615,0.533732922083391,0.516853444697272,0.8,1.8,0.345454545454546,0.555555555555556
"power a=2.8",2.8,1000,1000,2.8,22.8018612664078,3.24315073424865,0.380294240625853,0.156918554965593,0.554671340629808,0.526439765468386,0.8,1.8,0.357142857142857,0.555555555555556
"power a=2.8",2.8,1000,1000,2.85,23.0942032498193,3.2554525986828,0.390676703618469,0.164563559606625,0.57272288063064,0.535692547387038,0.8,1.8,0.368421052631579,0.555555555555556
"power a=2.8",2.8,1000,1000,2.9,23.3888087098462,3.26699551007954,0.40078702040612,0.172184053777609,0.588944801761708,0.54462464023633,0.8,1.8,0.379310344827586,0.555555555555556
"power a=2.8",2.8,1000,1000,2.95,23.7128283851427,3.27783590269308,0.410629621493362,0.180511178180335,0.603795327404798,0.553248745791351,0.8,1.8,0.389830508474576,0.555555555555556
"power a=2.8",2.8,1000,1000,3,23.9926709606147,3.28802568846487,0.420209571606281,0.187481422523931,0.619161623154949,0.561577333663347,0.8,1.8,0.4,0.555555555555556
"power a=2.8",2.8,1000,1000,3.05,24.2573297845732,3.29761259892546,0.429532430663052,0.196417232224651,0.631500347442498,0.569622576838865,0.8,1.8,0.409836065573771,0.555555555555556
"power a=2.8",2.8,1000,1000,3.1,24.4697730690373,3.30664051046552,0.438604135902999,0.203303913804738,0.646270813035086,0.57739630356774,0.8,1.8,0.419354838709677,0.555555555555556
"power a=2.8",2.8,1000,1000,3.15,24.7140372941594,3.3151497513489,0.447430902212958,0.208948072367096,0.660846700248933,0.584909962737523,0.8,1.8,0.428571428571429,0.555555555555556
"power a=2.8",2.8,1000,1000,3.2,24.9053994248278,3.32317738961128,0.45601913808015,0.214729900543669,0.672767219928304,0.592174600299817,0.8,1.8,0.4375,0.555555555555556
"power a=2.8",2.8,1000,1000,3.25,25.1073389780359,3.33075750157874,0.464375374951957,0.221904728868228,0.68837091658537,0.599200844688314,0.8,1.8,0.446153846153846,0.555555555555556
"power a=2.8",2.8,1000,1000,3.3,25.3109797459834,3.33792142118319,0.472506208092378,0.230395420683616,0.6993889987222,0.605998899493118,0.8,1.8,0.454545454545455,0.555555555555556
"power a=2.8",2.8,1000,1000,3.35,25.5034949323789,3.34469797057516,0.480418247293687,0.237123883783751,0.712620727801291,0.612578541935798,0.8,1.8,0.462686567164179,0.555555555555556
"power a=2.8",2.8,1000,1000,3.4,25.7155661134605,3.35111367276326,0.48811807603325,0.243702612064393,0.725595213545253,0.618949125929602,0.8,1.8,0.470588235294118,0.555555555555556
"power a=2.8",2.8,1000,1000,3.45,25.8906765994634,3.35719294716272,0.495612217863578,0.249436243747003,0.738341611548328,0.625119588713975,0.8,1.8,0.478260869565218,0.555555555555556
"power a=2.8",2.8,1000,1000,3.5,26.009497241748,3.36295828903023,0.502907108993056,0.255701899478731,0.750490045038747,0.631098460226572,0.8,1.8,0.485714285714286,0.555555555555556
"power a=2.8",2.8,1000,1000,3.55,26.1327956057846,3.36843043381236,0.510009076159366,0.262808040872128,0.762325750756572,0.636893874523392,0.8,1.8,0.492957746478873,0.555555555555556
"power a=2.8",2.8,1000,1000,3.6,26.3231092283916,3.37362850744994,0.516924319021301,0.268907754144133,0.773182772460059,0.642513582682038,0.8,1.8,0.5,0.555555555555556
"power a=2.8",2.8,1000,1000,3.65,26.4902495233792,3.37857016367163,0.523658896400686,0.276182635807481,0.78388113724972,0.647964966727868,0.8,1.8,0.506849315068493,0.555555555555556
"power a=2.8",2.8,1000,1000,3.7,26.6634450379261,3.38327170928154,0.530218715797206,0.28098124605579,0.793870283481373,0.653255054210558,0.8,1.8,0.513513513513514,0.555555555555556
"power a=2.8",2.8,1000,1000,3.75,26.7707470440201,3.38774821840544,0.536609525677473,0.28822384857583,0.802567228598026,0.658390533132009,0.8,1.8,0.52,0.555555555555556
"power a=2.8",2.8,1000,1000,3.8,26.8665679690592,3.39201363661061,0.542836910107529,0.29494649605007,0.810475775496449,0.663377766987672,0.8,1.8,0.526315789473684,0.555555555555556
"power a=2.8",2.8,1000,1000,3.85,26.9578302453362,3.39608087576056,0.548906285356771,0.300541781801451,0.817700157860051,0.668222809734079,0.8,1.8,0.532467532467533,0.555555555555556
"power a=2.8",2.8,1000,1000,3.9,27.050476712398,3.39996190040868,0.554822898152315,0.3075377457236,0.825713334526262,0.672931420537291,0.8,1.8,0.538461538461539,0.555555555555556
"power a=2.8",2.8,1000,1000,3.95,27.1425825414558,3.40366780647778,0.560591825307155,0.311795820292496,0.833407063474089,0.677509078191504,0.8,1.8,0.544303797468354,0.555555555555556
"power a=2.8",2.8,1000,1000,4,27.2307767538707,3.40720889291553,0.566217974484078,0.317218582682558,0.840399586335417,0.6819609951253,0.8,1.8,0.55,0.555555555555556
"power a=2.8",2.8,1000,1000,4.05,27.3213507867268,3.41059472696095,0.571706085890822,0.324271948160671,0.847013008341725,0.686292130936046,0.8,1.8,0.555555555555556,0.555555555555556
"power a=2.8",2.8,1000,1000,4.1,27.4259937077135,3.41383420360447,0.577060734731227,0.33065345966409,0.853356727804113,0.690507205411631,0.8,1.8,0.560975609756098,0.555555555555556
"power a=2.8",2.8,1000,1000,4.15,27.5287628368079,3.41693559977428,0.582286334262464,0.33689896617861,0.859462905419491,0.694610711013676,0.8,1.8,0.566265060240964,0.555555555555556
"power a=2.8",2.8,1000,1000,4.2,27.6438568811846,3.41990662373504,0.587387139330546,0.343505201690227,0.865275308217798,0.698606924808356,0.8,1.8,0.571428571428572,0.555555555555556
"power a=2.8",2.8,1000,1000,4.25,27.7587554175087,3.42275446014164,0.592367250275454,0.349549792483162,0.870904149235091,0.702499919840429,0.8,1.8,0.576470588235294,0.555555555555556
"power a=2.8",2.8,1000,1000,4.3,27.8695302434905,3.42548581115031,0.597230617113796,0.35455621724125,0.876275332426215,0.706293575953432,0.8,1.8,0.581395348837209,0.555555555555556
"power a=2.8",2.8,1000,1000,4.35,27.9655466721699,3.42810693395241,0.601981043921312,0.358898344383163,0.881431104136734,0.709991590064713,0.8,1.8,0.586206896551724,0.555555555555556
"power a=2.8",2.8,1000,1000,4.4,28.0480775545151,3.4306236750623,0.606622193349913,0.361738014572682,0.886705820347515,0.713597485908269,0.8,1.8,0.590909090909091,0.555555555555556
"power a=2.8",2.8,1000,1000,4.45,28.1269322163086,3.43304150165925,0.611157591224654,0.366687842126402,0.89119053275461,0.717114623261516,0.8,1.8,0.595505617977528,0.555555555555556
"power a=2.8",2.8,1000,1000,4.5,28.20230057934,3.43536553025537,0.615590631175236,0.372661649016129,0.895638194672257,0.72054620667438,0.8,1.8,0.6,0.555555555555556
"power a=2.8",2.8,1000,1000,4.55,28.2530446405165,3.43760055293549,0.619924579264546,0.37807880637054,0.899736231727769,0.723895293720621,0.8,1.8,0.604395604395604,0.555555555555556
"power a=2.8",2.8,1000,1000,4.6,28.3016201286421,3.43975106139147,0.624162578583501,0.382361998885186,0.903457393667463,0.727164802792229,0.8,1.8,0.608695652173913,0.555555555555556
"power a=2.8",2.8,1000,1000,4.65,28.3672636704681,3.44182126895224,0.628307653787236,0.387289638835543,0.907449340944697,0.730357520458191,0.8,1.8,0.612903225806452,0.555555555555556
"power a=2.8",2.8,1000,1000,4.7,28.4444566948541,3.44381513079162,0.632362715552646,0.390301100082257,0.911103615688723,0.733476108409052,0.8,1.8,0.617021276595745,0.555555555555556
"power a=2.8",2.8,1000,1000,4.75,28.4826213262413,3.44573636247856,0.636330564941424,0.394771642104291,0.914481001656194,0.736523110008483,0.8,1.8,0.621052631578947,0.555555555555556
"power a=2.8",2.8,1000,1000,4.8,28.5173022946612,3.44758845701865,0.640213897656334,0.398044935499648,0.918288454404172,0.739500956472704,0.8,1.8,0.625,0.555555555555556
"power a=2.8",2.8,1000,1000,4.85,28.5673178506051,3.44937470052164,0.64401530818144,0.40252994895807,0.922008910652306,0.742411972698033,0.8,1.8,0.628865979381443,0.555555555555556
"power a=2.8",2.8,1000,1000,4.9,28.6169920976616,3.45109818661683,0.647737293799511,0.407231899466749,0.925556979401323,0.745258382756179,0.8,1.8,0.63265306122449,0.555555555555556
"power a=2.8",2.8,1000,1000,4.95,28.6854911304715,3.45276182972676,0.651382258481982,0.412976081728464,0.928945887665223,0.748042315076117,0.8,1.8,0.636363636363636,0.555555555555556
"power a=2.8",2.8,1000,1000,5,28.7521845173457,3.45436837729897,0.654952516648565,0.417257966995241,0.931954766703885,0.750765807330619,0.8,1.8,0.64,0.555555555555556
"power a=2.8",2.8,1000,1000,5.05,28.8171290026791,3.45592042108642,0.65845029679509,0.420492017317541,0.934866017328062,0.753430811044636,0.8,1.8,0.643564356435644,0.555555555555556
"power a=2.8",2.8,1000,1000,5.1,28.8713056804425,3.45742040755863,0.66187774498936,0.423812586690499,0.937652222520964,0.756039195941911,0.8,1.8,0.647058823529412,0.555555555555556
"power a=2.8",2.8,1000,1000,5.15,28.9133248472254,3.45887064751779,0.66523692823578,0.427483412358145,0.940238308391906,0.758592754045338,0.8,1.8,0.650485436893204,0.555555555555556
"power a=2.8",2.8,1000,1000,5.2,28.9538063472774,3.46027332498757,0.668529837710305,0.431092964809266,0.942736492183549,0.76109320354575,0.8,1.8,0.653846153846154,0.555555555555556
"power a=2.8",2.8,1000,1000,5.25,28.9928238711368,3.46163050543559,0.671758391867934,0.434218456867702,0.94516005752706,0.763542192453008,0.8,1.8,0.657142857142857,0.555555555555556
"power a=2.8",2.8,1000,1000,5.3,29.0172706822415,3.46294414338551,0.674924439425421,0.439763054221983,0.947477535845933,0.765941302042461,0.8,1.8,0.660377358490566,0.555555555555556
"power a=2.8",2.8,1000,1000,5.35,29.0446270596513,3.46421608946912,0.678029762222323,0.443173128953759,0.949688794558662,0.768292050109094,0.8,1.8,0.663551401869159,0.555555555555556
"power a=2.8",2.8,1000,1000,5.4,29.0799781845445,3.4654480969646,0.681076077963744,0.44695514743685,0.951922693817545,0.770595894040943,0.8,1.8,0.666666666666667,0.555555555555556
"power a=2.8",2.8,1000,1000,5.45,29.1253451444832,3.46664182786263,0.684065042848411,0.451141291957414,0.9544751696964,0.772854233722665,0.8,1.8,0.669724770642202,0.555555555555556
"power a=2.8",2.8,1000,1000,5.5,29.1713912071556,3.46779885849881,0.686998254085805,0.455193685085019,0.956717376202685,0.775068414279479,0.8,1.8,0.672727272727273,0.555555555555556
"power a=2.8",2.8,1000,1000,5.55,29.2135330327671,3.46892068478679,0.689877252306208,0.45780213163512,0.958674690257589,0.777239728671075,0.8,1.8,0.675675675675676,0.555555555555556
"power a=2.8",2.8,1000,1000,5.6,29.2443897020627,3.47000872708411,0.69270352386754,0.461108830719263,0.960537645996628,0.779369420144485,0.8,1.8,0.678571428571429,0.555555555555556
"power a=2.8",2.8,1000,1000,5.65,29.2745004216809,3.47106433471957,0.695478503062908,0.4645983725327,0.962278329833759,0.781458684554353,0.8,1.8,0.68141592920354,0.555555555555556
"power a=2.8",2.8,1000,1000,5.7,29.3038952235903,3.47208879020854,0.698203574232711,0.467866155557934,0.963860463509035,0.783508672558522,0.8,1.8,0.68421052631579,0.555555555555556
"power a=2.8",2.8,1000,1000,5.75,29.3326024626353,3.47308331318047,0.70088007378516,0.470988333828175,0.965188180100548,0.78552049169633,0.8,1.8,0.68695652173913,0.555555555555556
"power a=2.8",2.8,1000,1000,5.8,29.3606489257828,3.47404906404054,0.703509292128954,0.473748466880866,0.966463131396674,0.787495208356585,0.8,1.8,0.689655172413793,0.555555555555556
"power a=2.8",2.8,1000,1000,5.85,29.388059933629,3.47498714738593,0.70609247552179,0.475850063987433,0.967657219952426,0.789433849641706,0.8,1.8,0.692307692307692,0.555555555555556
"power a=2.8",2.8,1000,1000,5.9,29.4148594347457,3.4758986151949,0.708630827838311,0.47794353087118,0.968939826740628,0.791337405134135,0.8,1.8,0.694915254237288,0.555555555555556
"power a=2.8",2.8,1000,1000,5.95,29.4410700933991,3.47678446980604,0.71112551226094,0.481776853329546,0.970249940088752,0.793206828570739,0.8,1.8,0.697478991596639,0.555555555555556
"power a=2.8",2.8,1000,1000,6,29.4667133711356,3.47764566670288,0.713577652896993,0.484524628378233,0.971494754960396,0.795043039430548,0.8,1.8,0.7,0.555555555555556
"power a=2.8",2.8,1000,1000,6.05,29.4911212737817,3.47848311711858,0.715988336325312,0.485236924127819,0.972574179111372,0.796846924440841,0.8,1.8,0.702479338842975,0.555555555555556
"power a=2.8",2.8,1000,1000,6.1,29.5055405746863,3.47929769047338,0.71835861307556,0.487219089405202,0.973621513315288,0.798619339006298,0.8,1.8,0.704918032786885,0.555555555555556
"power a=2.8",2.8,1000,1000,6.15,29.5194761277067,3.48009021665735,0.720689499043185,0.488987092144171,0.974708137190584,0.800361108565608,0.8,1.8,0.707317073170732,0.555555555555556
"power a=2.8",2.8,1000,1000,6.2,29.5329526503597,3.48086148816913,0.722981976842965,0.491849730599805,0.975798838829539,0.802073029879683,0.8,1.8,0.709677419354839,0.555555555555556
"power a=2.8",2.8,1000,1000,6.25,29.5459933938916,3.48161226212122,0.725236997103896,0.494705240477061,0.976829984470159,0.803755872255334,0.8,1.8,0.712,0.555555555555556
"power a=2.8",2.8,1000,1000,6.3,29.5586202350375,3.48234326212101,0.727455479708103,0.497536248821636,0.977759409866444,0.805410378708068,0.8,1.8,0.714285714285714,0.555555555555556
"power a=2.8",2.8,1000,1000,6.35,29.5708537618872,3.48305518003634,0.729638314976312,0.500274002783056,0.978718088654301,0.807037267067392,0.8,1.8,0.716535433070866,0.555555555555556
"power a=2.8",2.8,1000,1000,6.4,29.5827133542387,3.4837486776536,0.731786364802317,0.502287630910311,0.979700327637989,0.808637231027851,0.8,1.8,0.71875,0.555555555555556
"power a=2.8",2.8,1000,1000,6.45,29.594217258796,3.4844243882357,0.733900463738788,0.503124630622812,0.980610293231381,0.810210941148784,0.8,1.8,0.72093023255814,0.555555555555556
"power a=2.8",2.8,1000,1000,6.5,29.605426907892,3.48508291798682,0.735981420036622,0.504095276329289,0.981348663554695,0.811759045805632,0.8,1.8,0.723076923076923,0.555555555555556
"power a=2.8",2.8,1000,1000,6.55,29.6221087863918,3.48572484743019,0.738030016639973,0.507343494093592,0.982086370516165,0.813282172095451,0.8,1.8,0.725190839694656,0.555555555555556
"power a=2.8",2.8,1000,1000,6.6,29.6383053259481,3.48635073270472,0.740047012138985,0.509376766648599,0.982807593626875,0.814780926699113,0.8,1.8,0.727272727272727,0.555555555555556
"power a=2.8",2.8,1000,1000,6.65,29.6540335496578,3.48696110678595,0.742033141682154,0.512423476407762,0.983499495761403,0.816255896702544,0.8,1.8,0.729323308270677,0.555555555555556
"power a=2.8",2.8,1000,1000,6.7,29.6693097189156,3.48755648063629,0.743989117850157,0.514932366990391,0.984163276973113,0.817707650379192,0.8,1.8,0.73134328358209,0.555555555555556
"power a=2.8",2.8,1000,1000,6.75,29.684149375569,3.48813734428915,0.745915631492915,0.517062553528324,0.984754754065049,0.819136737935815,0.8,1.8,0.733333333333333,0.555555555555556
"power a=2.8",2.8,1000,1000,6.8,29.6985673814316,3.48870416787128,0.747813352531545,0.520286523111164,0.985337201904892,0.820543692223513,0.8,1.8,0.735294117647059,0.555555555555556
"power a=2.8",2.8,1000,1000,6.85,29.7125779553289,3.48925740256737,0.749682930726802,0.524319400527663,0.985921272968666,0.821929029415855,0.8,1.8,0.737226277372263,0.555555555555556
"power a=2.8",2.8,1000,1000,6.9,29.7261947078378,3.48979748153041,0.751524996415529,0.526122612693543,0.9864927384596,0.823293249655827,0.8,1.8,0.739130434782609,0.555555555555556
"power a=2.8",2.8,1000,1000,6.95,29.7394306738733,3.49032482074155,0.753340161216553,0.529665966304593,0.987022439008194,0.824636837673214,0.8,1.8,0.741007194244604,0.555555555555556
"power a=2.8",2.8,1000,1000,7,29.7522983432616,3.49083981982235,0.755129018707412,0.53373323027976,0.987505035864396,0.825960263373974,0.8,1.8,0.742857142857143,0.555555555555556
"power a=2.8",2.8,1000,1000,7.05,29.7648096894342,3.49134286280262,0.75689214507321,0.537302017597181,0.987962583233249,0.827263982403015,0.8,1.8,0.74468085106383,0.555555555555556
"power a=2.8",2.8,1000,1000,7.1,29.7769761963644,3.4918343188464,0.758630099728867,0.541075639745892,0.988428380708086,0.828548436681769,0.8,1.8,0.746478873239437,0.555555555555556
"power a=2.8",2.8,1000,1000,7.15,29.7888088838629,3.49231454293891,0.760343425915931,0.545247898738553,0.988930986178822,0.829814054921826,0.8,1.8,0.748251748251748,0.555555555555556
"power a=2.8",2.8,1000,1000,7.2,29.8003183313394,3.4927838765366,0.762032651275109,0.548376611712432,0.989355334616234,0.831061253115849,0.8,1.8,0.75,0.555555555555556
"power a=2.8",2.8,1000,1000,7.25,29.8115147001304,3.49324264818272,0.763698288395569,0.551517263826907,0.989761541082108,0.832290435006915,0.8,1.8,0.751724137931035,0.555555555555556
"power a=2.8",2.8,1000,1000,7.3,29.8224077544875,3.49369117409037,0.765340835342071,0.554294462949618,0.990152008567326,0.833501992537351,0.8,1.8,0.753424657534247,0.555555555555556
"power a=2.8",2.8,1000,1000,7.35,29.8330068813131,3.49412975869511,0.766960776160876,0.555946101830978,0.990527357571991,0.834696306278098,0.8,1.8,0.755102040816327,0.555555555555556
"power a=2.8",2.8,1000,1000,7.4,29.8438551236294,3.49455869517874,0.76855858136539,0.558500429181258,0.990944400783073,0.835873745839563,0.8,1.8,0.756756756756757,0.555555555555556
"power a=2.8",2.8,1000,1000,7.45,29.8512637613542,3.49497826596614,0.770134708402421,0.560845960971113,0.991353913681263,0.837034670264863,0.8,1.8,0.758389261744966,0.555555555555556
"power a=2.8",2.8,1000,1000,7.5,29.8569696136909,3.49538874319667,0.771689602099903,0.562251505307287,0.991744467992087,0.838179428406324,0.8,1.8,0.76,0.555555555555556
"power a=2.8",2.8,1000,1000,7.55,29.8632609636363,3.49579038917157,0.773223695096883,0.564821452921002,0.99210632213206,0.839308359286059,0.8,1.8,0.76158940397351,0.555555555555556
"power a=2.8",2.8,1000,1000,7.6,29.8718723467632,3.49618345677874,0.774737408256566,0.566775528806971,0.992414772180703,0.840421792441379,0.8,1.8,0.763157894736842,0.555555555555556
"power a=2.8",2.8,1000,1000,7.65,29.8821234293944,3.49656818989639,0.776231151063119,0.568587196183683,0.992710885417022,0.84152004825578,0.8,1.8,0.764705882352941,0.555555555555556
"power a=2.8",2.8,1000,1000,7.7,29.8963274484024,3.49694482377638,0.777705322002971,0.570829032098207,0.992995169856782,0.842603438276182,0.8,1.8,0.766233766233766,0.555555555555556
"power a=2.8",2.8,1000,1000,7.75,29.9102729102131,3.49731358540884,0.779160308931249,0.573483250945766,0.993265661578133,0.843672265517087,0.8,1.8,0.767741935483871,0.555555555555556
"power a=2.8",2.8,1000,1000,7.8,29.9239646702541,3.49767469386875,0.780596489424004,0.57692598809864,0.993517417015332,0.844726824752266,0.8,1.8,0.769230769230769,0.555555555555556
"power a=2.8",2.8,1000,1000,7.85,29.937407470699,3.49802836064572,0.782014231116828,0.580135391712904,0.99375968845553,0.845767402794555,0.8,1.8,0.770700636942675,0.555555555555556
"power a=2.8",2.8,1000,1000,7.9,29.9506059450829,3.49837478995775,0.783413892030448,0.583102918220781,0.993990260521431,0.846794278764334,0.8,1.8,0.772151898734177,0.555555555555556
"power a=2.8",2.8,1000,1000,7.95,29.9635646226231,3.49871417905002,0.784795820883844,0.584439543345408,0.994211881068082,0.847807724347195,0.8,1.8,0.773584905660377,0.555555555555556
"power a=2.8",2.8,1000,1000,8,29.9762879322639,3.49904671847929,0.786160357395431,0.58814295150307,0.994425213290133,0.848808004041315,0.8,1.8,0.775,0.555555555555556
"power a=2.8",2.8,10000,1000,0,1,0,1e-04,1e-04,1e-04,1e-04,0.8,1.8,0,0
"power a=2.8",2.8,10000,1000,0.05,1.04340937177418,0.0452203249797718,0.000100094312986482,0.000100092446860815,0.000100096099287768,0.000129183786618436,0.8,1.8,0,0
"power a=2.8",2.8,10000,1000,0.1,1.09252483075254,0.094601906690533,0.00010040555565343,0.000100396591108818,0.000100413745322813,0.000166969135092147,0.8,1.8,0,0
"power a=2.8",2.8,10000,1000,0.15,1.14815946676631,0.148513097830712,0.000100984665560346,0.000100961004667473,0.00010100640449063,0.000215921253391543,0.8,1.8,0,0
"power a=2.8",2.8,10000,1000,0.2,1.21147468899717,0.207322794440983,0.000101897170345011,0.000101846197614689,0.00010194275456068,0.000279382552528743,0.8,1.8,0,0
"power a=2.8",2.8,10000,1000,0.25,1.28404906846917,0.27138746308929,0.000103228979086374,0.000103129644644108,0.000103311250568521,0.000361713653424223,0.8,1.8,0,0
"power a=2.8",2.8,10000,1000,0.3,1.36765980966215,0.341035152804716,0.000105095382576389,0.000104904029110933,0.000105235112061274,0.000468611630139231,0.8,1.8,0,0
"power a=2.8",2.8,10000,1000,0.35,1.46274445261859,0.416548178708372,0.000107655738970498,0.000107305191036656,0.000107885770997611,0.00060753103981379,0.8,1.8,0,0
"power a=2.8",2.8,10000,1000,0.4,1.57147728213524,0.498146153291399,0.000111138836413125,0.000110485140792387,0.000111497014524623,0.000788241381501689,0.8,1.8,0,0
"power a=2.8",2.8,10000,1000,0.45,1.69776192444641,0.585970837298429,0.000115889434610311,0.000114678045922836,0.00011638102216323,0.00102356397077676,0.8,1.8,0,0
"power a=2.8",2.8,10000,1000,0.5,1.84606471741761,0.680073927216591,0.000122458658076982,0.000120145753647915,0.000123009768092541,0.0013303395722387,0.8,1.8,0,0
"power a=2.8",2.8,10000,1000,0.55,2.01412952296152,0.780408459114202,0.00013178726949364,0.000127311232318191,0.000132016973634518,0.00173067877595013,0.8,1.8,0,0
"power a=2.8",2.8,10000,1000,0.6,2.21235132568013,0.886824076056055,0.000145584476406605,0.000136589519421561,0.000144417128674455,0.00225352356584805,0.8,1.8,0,0
"power a=2.8",2.8,10000,1000,0.65,2.43873907910778,0.999066028606424,0.000167099536566877,0.000148645008887793,0.000161540822897973,0.0029364670601964,0.8,1.8,0,0
"power a=2.8",2.8,10000,1000,0.7,2.70212427148914,1.1167775054005,0.000202598935965374,0.000164276834964185,0.000185396120726396,0.00382758701504266,0.8,1.8,0,0
"power a=2.8",2.8,10000,1000,0.75,3.01160467629901,1.23950481280646,0.000263835823090413,0.000184771138898044,0.000219168721681509,0.00498671744570581,0.8,1.8,0,0
"power a=2.8",2.8,10000,1000,0.8,3.3736592891233,1.36670511252793,0.000371171625534571,0.00021138881587038,0.000267108213293015,0.00648525379802256,0.8,1.8,0,1.2335811384724e-16
"power a=2.8",2.8,10000,1000,0.85,3.78048909542059,1.49775676754473,0.000555317146005878,0.000246282069265772,0.000335857587678622,0.00840381010329051,0.8,1.8,0,0.0277777777777779
"power a=2.8",2.8,10000,1000,0.9,4.24200519387969,1.63197235515758,0.00085419280582358,0.00029299462445423,0.000435455159423414,0.0108285614959723,0.8,1.8,0,0.0555555555555556
"power a=2.8",2.8,10000,1000,0.95,4.77851443049312,1.76861350830326,0.00130467447589773,0.000353718058064587,0.000578302230792302,0.0138492537533558,0.8,1.8,0,0.0833333333333335
"power a=2.8",2.8,10000,1000,1,5.41156183134164,1.90690539835317,0.00193772943745731,0.000434392536250091,0.000784788939831794,0.0175613086166595,0.8,1.8,0,0.111111111111111
"power a=2.8",2.8,10000,1000,1.05,6.13266688428032,2.04604877725083,0.00278655869563442,0.000540927643668206,0.0010899223629432,0.0220695618872238,0.8,1.8,0,0.138888888888889
"power a=2.8",2.8,10000,1000,1.1,6.93519103247626,2.18522986105492,0.00390278282208368,0.000680084562284334,0.00150756756515961,0.0274877124469688,0.8,1.8,0,0.166666666666667
"power a=2.8",2.8,10000,1000,1.15,7.91767581403136,2.32363054482133,0.00536596807277994,0.000860832560278396,0.0021314974184726,0.0339309643191689,0.8,1.8,0,0.194444444444445
"power a=2.8",2.8,10000,1000,1.2,9.00227926996751,2.46044112248925,0.00728102628853098,0.00109081580906753,0.00300169789355377,0.0415047343392432,0.8,1.8,0,0.222222222222222
"power a=2.8",2.8,10000,1000,1.25,10.2180513709853,2.59487581982938,0.0097687433799299,0.00139553748623911,0.00424903028203764,0.0502933833588419,0.8,1.8,0,0.25
"power a=2.8",2.8,10000,1000,1.3,11.6089227338764,2.72619006816063,0.0129546499946909,0.00179114691155231,0.00603608067155512,0.060351124439915,0.8,1.8,0,0.277777777777778
"power a=2.8",2.8,10000,1000,1.35,13.1305556235265,2.85369799888962,0.0169581118174989,0.00229378077992373,0.00838462443492886,0.0716959422278492,0.8,1.8,0,0.305555555555556
"power a=2.8",2.8,10000,1000,1.4,14.8853690377065,2.97678863800871,0.0218826930426793,0.00293404495466353,0.0116167225861681,0.0843068461912953,0.8,1.8,0,0.333333333333334
"power a=2.8",2.8,10000,1000,1.45,16.7551016312804,3.09493945865363,0.0278087086340945,0.00374416577473915,0.015940625101277,0.0981243542717841,0.8,1.8,0,0.361111111111111
"power a=2.8",2.8,10000,1000,1.5,18.7828180022424,3.2077262717907,0.0347880552066512,0.00475649156243505,0.0217290583039661,0.113053759617676,0.8,1.8,0,0.388888888888889
"power a=2.8",2.8,10000,1000,1.55,20.914950634624,3.31482883752324,0.0428409416171424,0.00598074677066724,0.0286673232930798,0.128970626261421,0.8,1.8,0,0.416666666666667
"power a=2.8",2.8,10000,1000,1.6,23.2725282680754,3.41603198571947,0.0519545191689667,0.00746600517746663,0.037193957133209,0.145727938047378,0.8,1.8,0,0.444444444444445
"power a=2.8",2.8,10000,1000,1.65,25.6192511015343,3.51122241548922,0.0620838448143944,0.00924834079144087,0.0476325236569523,0.163164225825324,0.8,1.8,0,0.472222222222222
"power a=2.8",2.8,10000,1000,1.7,28.1804091909241,3.60038168769557,0.0731554284208664,0.011369686635718,0.060711705790561,0.181111876096824,0.8,1.8,0,0.5
"power a=2.8",2.8,10000,1000,1.75,30.8343292943206,3.68357620149226,0.08507297995616,0.0137996694796332,0.0743914774876767,0.199404824024927,0.8,1.8,0,0.527777777777778
"power a=2.8",2.8,10000,1000,1.8,33.589339975487,3.76094511233948,0.097724420031072,0.0166141646446914,0.0900176381033721,0.21788500600511,0.8,1.8,1.11022302462516e-16,0.555555555555556
"power a=2.8",2.8,10000,1000,1.85,36.1199965711721,3.83268718340438,0.110989065272376,0.0197804261841875,0.107831725996125,0.236407224928224,0.8,1.8,0.0270270270270272,0.555555555555556
"power a=2.8",2.8,10000,1000,1.9,38.9353134127239,3.89904747775658,0.124744112388234,0.0236252783598773,0.12568243471828,0.254842360069688,0.8,1.8,0.0526315789473686,0.555555555555556
"power a=2.8",2.8,10000,1000,1.95,41.7605351830145,3.96030463329372,0.138869913588278,0.027708102705604,0.147077865178732,0.273079061672904,0.8,1.8,0.0769230769230771,0.555555555555556
"power a=2.8",2.8,10000,1000,2,44.5315039175189,4.01675926024299,0.153253877996101,0.0322834267512411,0.168208194114526,0.291024187704636,0.8,1.8,0.1,0.555555555555556
"power a=2.8",2.8,10000,1000,2.05,47.3716595345019,4.06872379925507,0.167793066074709,0.0376373644647759,0.190983213616611,0.30860228133502,0.8,1.8,0.121951219512195,0.555555555555556
"power a=2.8",2.8,10000,1000,2.1,50.0077110892983,4.11651400053502,0.182395664824471,0.0432807280755113,0.217080252952014,0.325754378292154,0.8,1.8,0.142857142857143,0.555555555555556
"power a=2.8",2.8,10000,1000,2.15,52.4170830708871,4.16044204294169,0.196981572859413,0.0489549583620417,0.241754697035833,0.342436396622786,0.8,1.8,0.162790697674419,0.555555555555556
"power a=2.8",2.8,10000,1000,2.2,54.9583178732031,4.20081120934035,0.21148232051433,0.0552562016668698,0.266830652190482,0.358617313753922,0.8,1.8,0.181818181818182,0.555555555555556
"power a=2.8",2.8,10000,1000,2.25,57.6428281122198,4.23791196790432,0.225840524711145,0.0612127479616823,0.293228205938931,0.374277286862667,0.8,1.8,0.2,0.555555555555556
"power a=2.8",2.8,10000,1000,2.3,60.0392265776685,4.27201927279672,0.24000904492991,0.0677018190785711,0.319063144972709,0.389405827751477,0.8,1.8,0.217391304347826,0.555555555555556
"power a=2.8",2.8,10000,1000,2.35,62.4082434505993,4.30339088492095,0.25394997212766,0.0750030279334342,0.3447436923795,0.404000105264504,0.8,1.8,0.234042553191489,0.555555555555556
"power a=2.8",2.8,10000,1000,2.4,64.658358199324,4.33226651752557,0.267633550194961,0.0823157666954884,0.368196755884354,0.418063417657045,0.8,1.8,0.25,0.555555555555556
"power a=2.8",2.8,10000,1000,2.45,66.9502364620113,4.35886762649653,0.281037101228722,0.0905338757350782,0.392852866378925,0.431603854096121,0.8,1.8,0.26530612244898,0.555555555555556
"power a=2.8",2.8,10000,1000,2.5,69.2264158735768,4.38339768638888,0.294144002317205,0.0972971705985411,0.414597959947932,0.444633147860443,0.8,1.8,0.28,0.555555555555556
"power a=2.8",2.8,10000,1000,2.55,71.1234965741847,4.40604281703741,0.306942742850945,0.10447820860365,0.436768276460935,0.457165712742788,0.8,1.8,0.294117647058824,0.555555555555556
"power a=2.8",2.8,10000,1000,2.6,72.8408680275815,4.42697264942104,0.319426077308963,0.111412251084547,0.459013839460295,0.469217847466611,0.8,1.8,0.307692307692308,0.555555555555556
"power a=2.8",2.8,10000,1000,2.65,74.2611609638689,4.4463413417307,0.331590278440234,0.120047606065495,0.479739094871804,0.480807089501677,0.8,1.8,0.320754716981132,0.555555555555556
"power a=2.8",2.8,10000,1000,2.7,75.7781024197732,4.46428867640362,0.343434489035495,0.128238215780963,0.492369675721775,0.491951698538559,0.8,1.8,0.333333333333333,0.555555555555556
"power a=2.8",2.8,10000,1000,2.75,77.2574490694995,4.48094118585506,0.354960166315123,0.135983481682343,0.507920177879485,0.502670250280573,0.8,1.8,0.345454545454546,0.555555555555556
"power a=2.8",2.8,10000,1000,2.8,78.5631770454656,4.49641326872318,0.366170610664114,0.145324289193319,0.531899579744851,0.512981322538911,0.8,1.8,0.357142857142857,0.555555555555556
"power a=2.8",2.8,10000,1000,2.85,79.7476607749081,4.51080826982348,0.377070569456771,0.154470952114293,0.543943759909908,0.522903257440279,0.8,1.8,0.368421052631579,0.555555555555556
"power a=2.8",2.8,10000,1000,2.9,81.1190612407858,4.52421950598108,0.387665906587509,0.161182416879157,0.563394152107707,0.532453985578044,0.8,1.8,0.379310344827586,0.555555555555556
"power a=2.8",2.8,10000,1000,2.95,82.5393517818337,4.53673122681545,0.397963328730875,0.168867699429283,0.581223363654922,0.541650899962935,0.8,1.8,0.389830508474576,0.555555555555556
"power a=2.8",2.8,10000,1000,3,83.7010145332756,4.54841950474124,0.407970160060708,0.175235507981625,0.597726587779819,0.550510769539461,0.8,1.8,0.4,0.555555555555556
"power a=2.8",2.8,10000,1000,3.05,84.9578061658882,4.55935305224431,0.417694158007339,0.182998770300262,0.613738247041225,0.559049683765067,0.8,1.8,0.409836065573771,0.555555555555556
"power a=2.8",2.8,10000,1000,3.1,85.8181111429179,4.56959396718296,0.427143363520534,0.191340676942806,0.629995419467832,0.567283021272678,0.8,1.8,0.419354838709677,0.555555555555556
"power a=2.8",2.8,10000,1000,3.15,86.8015866708037,4.57919840869658,0.436325980171526,0.198744379414276,0.648434954237854,0.57522543694946,0.8,1.8,0.428571428571429,0.555555555555556
"power a=2.8",2.8,10000,1000,3.2,87.727486450996,4.58821720748204,0.445250277233943,0.20554883176106,0.66207968234919,0.582890862875121,0.8,1.8,0.4375,0.555555555555556
"power a=2.8",2.8,10000,1000,3.25,88.7162711485719,4.59669641488816,0.453924512612755,0.213274754785572,0.677594087302944,0.590292519489795,0.8,1.8,0.446153846153846,0.555555555555556
"power a=2.8",2.8,10000,1000,3.3,89.6070773942163,4.60467779561278,0.462356872135844,0.220860789849123,0.69181801546344,0.597442934125627,0.8,1.8,0.454545454545455,0.555555555555556
"power a=2.8",2.8,10000,1000,3.35,90.273260206907,4.61219926886721,0.470555422285166,0.227875622230038,0.703668115441458,0.604353964659817,0.8,1.8,0.462686567164179,0.555555555555556
"power a=2.8",2.8,10000,1000,3.4,91.0204453047372,4.61929530277951,0.478528073928288,0.235268403938675,0.715426793998432,0.611036826551285,0.8,1.8,0.470588235294118,0.555555555555556
"power a=2.8",2.8,10000,1000,3.45,91.9075507658906,4.62599726659947,0.486282555023303,0.242245345638572,0.726336228617928,0.617502121927797,0.8,1.8,0.478260869565218,0.555555555555556
"power a=2.8",2.8,10000,1000,3.5,92.6594609831474,4.63233374498937,0.493826390618526,0.249712261828563,0.736480799521232,0.623759869712577,0.8,1.8,0.485714285714286,0.555555555555556
"power a=2.8",2.8,10000,1000,3.55,93.3557287812986,4.63833081836715,0.501166888760961,0.258768552129661,0.74763959340865,0.629819536034209,0.8,1.8,0.492957746478873,0.555555555555556
"power a=2.8",2.8,10000,1000,3.6,94.0032547407645,4.64401231293566,0.508311131171884,0.267397730039125,0.758899122315742,0.635690064363594,0.8,1.8,0.5,0.555555555555556
"power a=2.8",2.8,10000,1000,3.65,94.3853451781187,4.64940002369915,0.515265967751101,0.273851270671362,0.768249359116435,0.64137990497765,0.8,1.8,0.506849315068493,0.555555555555556
"power a=2.8",2.8,10000,1000,3.7,94.6609142500736,4.65451391344583,0.52203801413983,0.279632180384004,0.777149926172788,0.646897043470109,0.8,1.8,0.513513513513514,0.555555555555556
"power a=2.8",2.8,10000,1000,3.75,95.0513774258369,4.65937229037081,0.528633651711256,0.28542475206041,0.786745808989302,0.652249028122441,0.8,1.8,0.52,0.555555555555556
"power a=2.8",2.8,10000,1000,3.8,95.4589782944235,4.66399196673067,0.535059029472535,0.290195645216728,0.796561176648592,0.657442996018438,0.8,1.8,0.526315789473684,0.555555555555556
"power a=2.8",2.8,10000,1000,3.85,95.8483749630399,4.66838840065988,0.541320067456406,0.295869050747428,0.804941503000444,0.662485697839154,0.8,1.8,0.532467532467533,0.555555555555556
"power a=2.8",2.8,10000,1000,3.9,96.3013646910338,4.6725758230432,0.547422461258177,0.299519006206711,0.813528683903932,0.667383521314464,0.8,1.8,0.538461538461539,0.555555555555556
"power a=2.8",2.8,10000,1000,3.95,96.7751222056492,4.67656735112375,0.553371687437628,0.306058695754062,0.821094222021106,0.672142513336494,0.8,1.8,0.544303797468354,0.555555555555556
"power a=2.8",2.8,10000,1000,4,97.1619782535359,4.68037509033495,0.559173009557713,0.313077476492219,0.829587003207742,0.676768400761019,0.8,1.8,0.55,0.555555555555556
"power a=2.8",2.8,10000,1000,4.05,97.5349616292242,4.68401022567314,0.564831484674952,0.318092832652595,0.837647452259726,0.681266609937523,0.8,1.8,0.555555555555556,0.555555555555556
"power a=2.8",2.8,10000,1000,4.1,97.8947585502833,4.68748310377499,0.570351970131715,0.321442346916975,0.844507705124015,0.685642285018382,0.8,1.8,0.560975609756098,0.555555555555556
"power a=2.8",2.8,10000,1000,4.15,98.2420089327412,4.69080330672896,0.57573913052961,0.324465783112987,0.851063746487994,0.689900305103836,0.8,1.8,0.566265060240964,0.555555555555556
"power a=2.8",2.8,10000,1000,4.2,98.5247473554946,4.69397971853016,0.580997444787006,0.329326941438965,0.856652352558895,0.69404530028286,0.8,1.8,0.571428571428572,0.555555555555556
"power a=2.8",2.8,10000,1000,4.25,98.7526952368087,4.69702058498228,0.586131213203343,0.333602258320004,0.861307340037239,0.698081666631499,0.8,1.8,0.576470588235294,0.555555555555556
"power a=2.8",2.8,10000,1000,4.3,98.9718616316236,4.69993356775726,0.591144564468953,0.337550014164223,0.865406682945169,0.702013580230207,0.8,1.8,0.581395348837209,0.555555555555556
"power a=2.8",2.8,10000,1000,4.35,99.1827180759629,4.70272579324074,0.596041462572372,0.341063307801295,0.8701986864162,0.705845010260636,0.8,1.8,0.586206896551724,0.555555555555556
"power a=2.8",2.8,10000,1000,4.4,99.3857040791487,4.70540389671947,0.60082571356797,0.346583151810183,0.875422389721962,0.709579731240506,0.8,1.8,0.590909090909091,0.555555555555556
"power a=2.8",2.8,10000,1000,4.45,99.6574272755847,4.70797406240257,0.605500972175666,0.350699370302481,0.881395028946039,0.71322133445287,0.8,1.8,0.595505617977528,0.555555555555556
"power a=2.8",2.8,10000,1000,4.5,100.033064028099,4.7104420597131,0.610070748191779,0.355281403977986,0.886600407859274,0.716773238623426,0.8,1.8,0.6,0.555555555555556
"power a=2.8",2.8,10000,1000,4.55,100.281513349381,4.71281327623624,0.61453841269607,0.3586009785452,0.890860906893243,0.720238699896725,0.8,1.8,0.604395604395604,0.555555555555556
"power a=2.8",2.8,10000,1000,4.6,100.49510552773,4.71509274766755,0.618907204044867,0.363874194956261,0.894746532853419,0.723620821159239,0.8,1.8,0.608695652173913,0.555555555555556
"power a=2.8",2.8,10000,1000,4.65,100.701293781981,4.71728518506603,0.623180233644143,0.369733019142314,0.899240859483314,0.726922560754305,0.8,1.8,0.612903225806452,0.555555555555556
"power a=2.8",2.8,10000,1000,4.7,100.871062933302,4.71939499968322,0.627360491499611,0.375272160180298,0.903740223806511,0.730146740631153,0.8,1.8,0.617021276595745,0.555555555555556
"power a=2.8",2.8,10000,1000,4.75,101.024108250766,4.72142632560943,0.631450851543454,0.379317973811212,0.906928305599857,0.733296053967426,0.8,1.8,0.621052631578947,0.555555555555556
"power a=2.8",2.8,10000,1000,4.8,101.205608797141,4.72338304045235,0.635454076739354,0.383551865224642,0.9098264082764,0.73637307230194,0.8,1.8,0.625,0.555555555555556
"power a=2.8",2.8,10000,1000,4.85,101.382832898889,4.72526878423971,0.639372823969111,0.388343624198102,0.913189390234573,0.739380252211909,0.8,1.8,0.628865979381443,0.555555555555556
"power a=2.8",2.8,10000,1000,4.9,101.552203232665,4.72708697671725,0.643209648705354,0.394465480643278,0.916722957414962,0.742319941566449,0.8,1.8,0.63265306122449,0.555555555555556
"power a=2.8",2.8,10000,1000,4.95,101.714116940121,4.72884083319525,0.646967009475851,0.398664783385237,0.920083289136705,0.745194385385909,0.8,1.8,0.636363636363636,0.555555555555556
"power a=2.8",2.8,10000,1000,5,101.868947826704,4.73053337908042,0.65064727212558,0.402204801556304,0.922829568304594,0.74800573133447,0.8,1.8,0.64,0.555555555555556
"power a=2.8",2.8,10000,1000,5.05,102.017047953604,4.73216746321616,0.654252713883266,0.407771272735708,0.926089163909001,0.750756034871453,0.8,1.8,0.643564356435644,0.555555555555556
"power a=2.8",2.8,10000,1000,5.1,102.15874910653,4.73374577014111,0.65778552723942,0.41353810840658,0.929359006020739,0.753447264084939,0.8,1.8,0.647058823529412,0.555555555555556
"power a=2.8",2.8,10000,1000,5.15,102.294364151675,4.735270831365,0.661247823643116,0.419884699676019,0.932329418152611,0.756081304229561,0.8,1.8,0.650485436893204,0.555555555555556
"power a=2.8",2.8,10000,1000,5.2,102.424188288378,4.73674503575057,0.664641637024849,0.425659310865298,0.934893948029657,0.758659961988762,0.8,1.8,0.653846153846154,0.555555555555556
"power a=2.8",2.8,10000,1000,5.25,102.548500207095,4.73817063908169,0.667968927152822,0.431634564383029,0.9372076996494,0.761184969480282,0.8,1.8,0.657142857142857,0.555555555555556
"power a=2.8",2.8,10000,1000,5.3,102.667563160622,4.73954977288957,0.67123158282996,0.435523992230516,0.939790607243338,0.763657988022307,0.8,1.8,0.660377358490566,0.555555555555556
"power a=2.8",2.8,10000,1000,5.35,102.781625955721,4.74088445260219,0.674431424938819,0.438629738207369,0.942484988640392,0.7660806116764,0.8,1.8,0.663551401869159,0.555555555555556
"power a=2.8",2.8,10000,1000,5.4,102.890923871757,4.74217658507553,0.677570209341415,0.441185088580169,0.945150611341638,0.768454370582183,0.8,1.8,0.666666666666667,0.555555555555556
"power a=2.8",2.8,10000,1000,5.45,102.995679512308,4.74342797555971,0.680649629640808,0.443887106865886,0.947720096137236,0.770780734097629,0.8,1.8,0.669724770642202,0.555555555555556
"power a=2.8",2.8,10000,1000,5.5,103.09610359523,4.74464033414794,0.68367131981105,0.447317874571678,0.950215424730798,0.773061113757829,0.8,1.8,0.672727272727273,0.555555555555556
"power a=2.8",2.8,10000,1000,5.55,103.192395686139,4.74581528175177,0.686636856701896,0.450017573597964,0.952516797751204,0.775296866064156,0.8,1.8,0.675675675675676,0.555555555555556
"power a=2.8",2.8,10000,1000,5.6,103.289349330727,4.74695435564206,0.689547762424421,0.453054668371305,0.954810379672656,0.777489295114902,0.8,1.8,0.678571428571429,0.555555555555556
"power a=2.8",2.8,10000,1000,5.65,103.422471262362,4.74805901459136,0.692405506623442,0.456300929007597,0.956592045474434,0.779639655087643,0.8,1.8,0.68141592920354,0.555555555555556
"power a=2.8",2.8,10000,1000,5.7,103.551697799825,4.74913064365023,0.695211508642396,0.460133827716409,0.95826073883888,0.781749152582899,0.8,1.8,0.68421052631579,0.555555555555556
"power a=2.8",2.8,10000,1000,5.75,103.677178700204,4.750170558587,0.697967139586079,0.463163566065537,0.960029753281425,0.78381894883791,0.8,1.8,0.68695652173913,0.555555555555556
"power a=2.8",2.8,10000,1000,5.8,103.799056504753,4.75118001001783,0.700673724286393,0.466434794438437,0.961718486949614,0.785850161818796,0.8,1.8,0.689655172413793,0.555555555555556
"power a=2.8",2.8,10000,1000,5.85,103.917466940572,4.75216018725166,0.703332543176,0.470592100584312,0.963306585865311,0.787843868198729,0.8,1.8,0.692307692307692,0.555555555555556
"power a=2.8",2.8,10000,1000,5.9,104.032539297859,4.7531122218722,0.705944834074585,0.472672238739879,0.96484623436638,0.789801105229252,0.8,1.8,0.694915254237288,0.555555555555556
"power a=2.8",2.8,10000,1000,5.95,104.14439678433,4.75403719107755,0.708511793892131,0.474571216442506,0.966375311472707,0.791722872511351,0.8,1.8,0.697478991596639,0.555555555555556
"power a=2.8",2.8,10000,1000,6,104.253156858275,4.75493612079585,0.711034580253449,0.477006271568225,0.967771131540526,0.79361013367246,0.8,1.8,0.7,0.555555555555556
"power a=2.8",2.8,10000,1000,6.05,104.358931541642,4.7558099885942,0.713514313047967,0.480468063419324,0.96909489457072,0.795463817955132,0.8,1.8,0.702479338842975,0.555555555555556
"power a=2.8",2.8,10000,1000,6.1,104.452834637972,4.75665972639622,0.715952075908554,0.484546859875851,0.970362925691117,0.797284821722721,0.8,1.8,0.704918032786885,0.555555555555556
"power a=2.8",2.8,10000,1000,6.15,104.500249673645,4.75748622302278,0.718348917623006,0.486749422583944,0.97143671790605,0.79907400988708,0.8,1.8,0.707317073170732,0.555555555555556
"power a=2.8",2.8,10000,1000,6.2,104.545892961803,4.75829032656863,0.72070585348159,0.489055452618054,0.972469769154311,0.800832217262899,0.8,1.8,0.709677419354839,0.555555555555556
"power a=2.8",2.8,10000,1000,6.25,104.589840250292,4.75907284662728,0.723023866563877,0.490104920260073,0.973720882074663,0.802560249853052,0.8,1.8,0.712,0.555555555555556
"power a=2.8",2.8,10000,1000,6.3,104.632163685626,4.75983455637497,0.725303908967931,0.492656762602643,0.974937310735372,0.804258886068974,0.8,1.8,0.714285714285714,0.555555555555556
"power a=2.8",2.8,10000,1000,6.35,104.672932004187,4.76057619452383,0.727546902984756,0.495037136829108,0.976096016758496,0.805928877889881,0.8,1.8,0.716535433070866,0.555555555555556
"power a=2.8",2.8,10000,1000,6.4,104.712210712075,4.76129846715368,0.729753742220729,0.497196036516786,0.977199796622487,0.807570951964347,0.8,1.8,0.71875,0.555555555555556
"power a=2.8",2.8,10000,1000,6.45,104.750062254376,4.76200204943092,0.731925292670631,0.498975000086099,0.978251310441662,0.809185810657556,0.8,1.8,0.72093023255814,0.555555555555556
"power a=2.8",2.8,10000,1000,6.5,104.786889942958,4.76268758722245,0.734062393743726,0.500787161673451,0.979213809320972,0.810774133047314,0.8,1.8,0.723076923076923,0.555555555555556
"power a=2.8",2.8,10000,1000,6.55,104.859686171309,4.76335569861199,0.736165859245219,0.503095420373468,0.980129924745922,0.812336575871722,0.8,1.8,0.725190839694656,0.555555555555556
"power a=2.8",2.8,10000,1000,6.6,104.943377943385,4.76400697532527,0.73823647831529,0.506119113244761,0.981004799825357,0.813873774431209,0.8,1.8,0.727272727272727,0.555555555555556
"power a=2.8",2.8,10000,1000,6.65,105.02484874202,4.76464198407063,0.740275016327794,0.50891781218422,0.98184033046997,0.815386343447478,0.8,1.8,0.729323308270677,0.555555555555556
"power a=2.8",2.8,10000,1000,6.7,105.104164553792,4.76526126780041,0.742282215750592,0.512351592763115,0.982609128545872,0.816874877881728,0.8,1.8,0.73134328358209,0.555555555555556
"power a=2.8",2.8,10000,1000,6.75,105.181388994536,4.76586534689874,0.744258796969391,0.514888211041115,0.983318532922776,0.818339953714386,0.8,1.8,0.733333333333333,0.555555555555556
"power a=2.8",2.8,10000,1000,6.8,105.247773395969,4.76645472030039,0.746205459076852,0.516193367997157,0.983955833895595,0.819782128688455,0.8,1.8,0.735294117647059,0.555555555555556
"power a=2.8",2.8,10000,1000,6.85,105.28012084203,4.76702986654527,0.748122880628645,0.517823753646237,0.984539252377317,0.821201943018417,0.8,1.8,0.737226277372263,0.555555555555556
"power a=2.8",2.8,10000,1000,6.9,105.321034154272,4.76759124477297,0.750011720368029,0.519219797587533,0.985228615504761,0.822599920066556,0.8,1.8,0.739130434782609,0.555555555555556
"power a=2.8",2.8,10000,1000,6.95,105.360689497944,4.76813929566088,0.751872617920476,0.522513160258239,0.985894355105673,0.823976566988419,0.8,1.8,0.741007194244604,0.555555555555556
"power a=2.8",2.8,10000,1000,7,105.399131713894,4.76867444230983,0.753706194459737,0.525638145905648,0.986529505468093,0.825332375349053,0.8,1.8,0.742857142857143,0.555555555555556
"power a=2.8",2.8,10000,1000,7.05,105.43640374166,4.76919709108047,0.755513053346721,0.52809748193407,0.987135498864936,0.826667821711538,0.8,1.8,0.74468085106383,0.555555555555556
"power a=2.8",2.8,10000,1000,7.1,105.472546716376,4.76970763238342,0.757293780742441,0.531060368550142,0.987711744392712,0.827983368199258,0.8,1.8,0.746478873239437,0.555555555555556
"power a=2.8",2.8,10000,1000,7.15,105.507600059836,4.77020644142623,0.759048946196262,0.53386499713567,0.988245606098819,0.829279463033277,0.8,1.8,0.748251748251748,0.555555555555556
"power a=2.8",2.8,10000,1000,7.2,105.572310514069,4.7706938789198,0.760779103210577,0.536203003805508,0.988755853572835,0.830556541046073,0.8,1.8,0.75,0.555555555555556
"power a=2.8",2.8,10000,1000,7.25,105.641267190554,4.77117029174665,0.762484789783011,0.538008780760921,0.989243552099965,0.831815024172849,0.8,1.8,0.751724137931035,0.555555555555556
"power a=2.8",2.8,10000,1000,7.3,105.708983449364,4.77163601359358,0.764166528927182,0.53977656643155,0.989708529312384,0.833055321921551,0.8,1.8,0.753424657534247,0.555555555555556
"power a=2.8",2.8,10000,1000,7.35,105.7754888674,4.77209136555065,0.765824829172989,0.54204818809952,0.990144308199573,0.834277831822645,0.8,1.8,0.755102040816327,0.555555555555556
"power a=2.8",2.8,10000,1000,7.4,105.84081206089,4.77253665667873,0.767460185047378,0.544846412768283,0.990561276256086,0.835482939859681,0.8,1.8,0.756756756756757,0.555555555555556
"power a=2.8",2.8,10000,1000,7.45,105.904980725412,4.77297218454733,0.769073077536438,0.548059171306562,0.99096026426269,0.836671020881579,0.8,1.8,0.758389261744966,0.555555555555556
"power a=2.8",2.8,10000,1000,7.5,105.968021673899,4.77339823574458,0.770663974529686,0.548962309165259,0.991342065380763,0.837842438997537,0.8,1.8,0.76,0.555555555555556
"power a=2.8",2.8,10000,1000,7.55,106.029960872733,4.77381508636092,0.772233331247326,0.550986131803729,0.991707436895778,0.838997547955409,0.8,1.8,0.76158940397351,0.555555555555556
"power a=2.8",2.8,10000,1000,7.6,106.090823476049,4.77422300244817,0.773781590651234,0.552938133463742,0.992057101878867,0.840136691504347,0.8,1.8,0.763157894736842,0.555555555555556
"power a=2.8",2.8,10000,1000,7.65,106.136145453285,4.77462224045521,0.775309183840394,0.554435638005717,0.992391750770261,0.841260203742473,0.8,1.8,0.764705882352941,0.555555555555556
"power a=2.8",2.8,10000,1000,7.7,106.15918118112,4.77501304764179,0.776816530431458,0.555878092450022,0.992712042888269,0.842368409450286,0.8,1.8,0.766233766233766,0.555555555555556
"power a=2.8",2.8,10000,1000,7.75,106.181567841498,4.77539566247169,0.778304038925078,0.557819152763918,0.993018607867259,0.843461624410476,0.8,1.8,0.767741935483871,0.555555555555556
"power a=2.8",2.8,10000,1000,7.8,106.2033265626,4.77577031498629,0.77977210705863,0.56077394266268,0.993312047027992,0.844540155714805,0.8,1.8,0.769230769230769,0.555555555555556
"power a=2.8",2.8,10000,1000,7.85,106.224477653306,4.77613722715981,0.781221122145913,0.56287847452096,0.993578236566409,0.845604302058631,0.8,1.8,0.770700636942675,0.555555555555556
"power a=2.8",2.8,10000,1000,7.9,106.245040641354,4.77649661323711,0.78265146140437,0.565077872567812,0.993815060775413,0.846654354023671,0.8,1.8,0.772151898734177,0.555555555555556
"power a=2.8",2.8,10000,1000,7.95,106.265034309395,4.77684868005517,0.784063492270378,0.567433030490597,0.994036604335052,0.847690594349537,0.8,1.8,0.773584905660377,0.555555555555556
"power a=2.8",2.8,10000,1000,8,106.284476729086,4.77719362734898,0.785457572703094,0.568758800213085,0.994267480998777,0.848713298194553,0.8,1.8,0.775,0.555555555555556
"power a=2.8",2.8,1e+05,500,0,1,0,1e-05,1e-05,1e-05,1e-05,0.8,1.8,0,0
"power a=2.8",2.8,1e+05,500,0.05,1.04523833021938,0.0451620589290654,1.00094443294839e-05,1.00093807223592e-05,1.00095070891669e-05,1.37644158483086e-05,0.8,1.8,0,0
"power a=2.8",2.8,1e+05,500,0.1,1.09684613942019,0.0946989432831526,1.00406176055607e-05,1.00403320360857e-05,1.00409070531063e-05,1.89531226922931e-05,0.8,1.8,0,0
"power a=2.8",2.8,1e+05,500,0.15,1.1561066814095,0.149152010874749,1.00986301516037e-05,1.00978710865775e-05,1.00993352785696e-05,2.61069510607234e-05,0.8,1.8,0,0
"power a=2.8",2.8,1e+05,500,0.2,1.22443499366942,0.209121964248263,1.01900471671182e-05,1.01883430469523e-05,1.01915147219065e-05,3.59723262247868e-05,0.8,1.8,0,0
"power a=2.8",2.8,1e+05,500,0.25,1.30381852294255,0.2752606647832,1.03234442482518e-05,1.03200713971111e-05,1.03264258328659e-05,4.95791954732633e-05,0.8,1.8,0,0
"power a=2.8",2.8,1e+05,500,0.3,1.39593689732244,0.348253417659771,1.05102364845877e-05,1.0503917299204e-05,1.05158851906852e-05,6.83482080262551e-05,0.8,1.8,0,0
"power a=2.8",2.8,1e+05,500,0.35,1.5037397578511,0.428790173500356,1.07659473523792e-05,1.07543680455629e-05,1.07758770536212e-05,9.42378956166289e-05,0.8,1.8,0,0
"power a=2.8",2.8,1e+05,500,0.4,1.62935582377723,0.517526561660768,1.11122030325555e-05,1.10908818906748e-05,1.11279982450426e-05,0.000129946380382179,0.8,1.8,0,0
"power a=2.8",2.8,1e+05,500,0.45,1.77803815192432,0.615038884018771,1.1579954221775e-05,1.15397507750679e-05,1.16082075486267e-05,0.000179187121446788,0.8,1.8,0,0
"power a=2.8",2.8,1e+05,500,0.5,1.95433550947315,0.721779624827738,1.22148264554844e-05,1.21364941194523e-05,1.22607079948637e-05,0.000247064695867829,0.8,1.8,0,0
"power a=2.8",2.8,1e+05,500,0.55,2.16751216321501,0.838040241251484,1.30862454716463e-05,1.29297359214279e-05,1.31665556191942e-05,0.000340584881555663,0.8,1.8,0,0
"power a=2.8",2.8,1e+05,500,0.6,2.42212243857345,0.963925910576442,1.43033914800054e-05,1.39964262726075e-05,1.44357877629584e-05,0.00046934356644606,0.8,1.8,0,0
"power a=2.8",2.8,1e+05,500,0.65,2.73011667966968,1.09934382959273,1.60437091458239e-05,1.54459577167827e-05,1.62571121948765e-05,0.000646451177686516,0.8,1.8,0,0
"power a=2.8",2.8,1e+05,500,0.7,3.09554063920477,1.24400406257313,1.86047839315172e-05,1.74110009395546e-05,1.89837329346575e-05,0.000889762718898622,0.8,1.8,0,0
"power a=2.8",2.8,1e+05,500,0.75,3.53884911454634,1.39743045017582,2.25000240307752e-05,2.01049461964002e-05,2.30364877872425e-05,0.00122349617533677,0.8,1.8,0,0
"power a=2.8",2.8,1e+05,500,0.8,4.0784613869048,1.55897855518375,2.86366182136423e-05,2.38652070083986e-05,2.91565687116926e-05,0.00168032965301545,0.8,1.8,0,1.2335811384724e-16
"power a=2.8",2.8,1e+05,500,0.85,4.74054823887239,1.7278576252632,3.8647308013931e-05,2.9192640982784e-05,3.87239236282767e-05,0.00230406153305206,0.8,1.8,0,0.0277777777777779
"power a=2.8",2.8,1e+05,500,0.9,5.55435584876839,1.90315382751131,5.55060826195193e-05,3.67930467230212e-05,5.41370865017897e-05,0.00315288239205132,0.8,1.8,0,0.0555555555555556
"power a=2.8",2.8,1e+05,500,0.95,6.53928924940206,2.08385246775333,8.46558963294766e-05,4.76620765389311e-05,7.88224478063974e-05,0.00430321602366794,0.8,1.8,0,0.0833333333333335
"power a=2.8",2.8,1e+05,500,1,7.7692419599256,2.26885754651775,0.000136025298772402,6.32673526345235e-05,0.000120084211962029,0.00585390001277165,0.8,1.8,0,0.111111111111111
"power a=2.8",2.8,1e+05,500,1.05,9.26109138000913,2.45700782076014,0.000227498305299051,8.59322453084116e-05,0.000188674149673696,0.00793014555734413,0.8,1.8,0,0.138888888888889
"power a=2.8",2.8,1e+05,500,1.1,11.0478769360796,2.64708950933253,0.000390541936976178,0.000117970378732765,0.000302419816275812,0.0106862083219433,0.8,1.8,0,0.166666666666667
"power a=2.8",2.8,1e+05,500,1.15,13.1496421404649,2.83784684995563,0.000678545731658322,0.000163865011414018,0.000483461266841542,0.0143050625263942,0.8,1.8,0,0.194444444444445
"power a=2.8",2.8,1e+05,500,1.2,15.690948054004,3.02799278065609,0.0011775355162997,0.000230348341202431,0.000783944040311801,0.0189928367382184,0.8,1.8,0,0.222222222222222
"power a=2.8",2.8,1e+05,500,1.25,18.7246410793692,3.21622284187229,0.00201683191433932,0.000326267116801308,0.00128072038798278,0.0249658761976879,0.8,1.8,0,0.25
"power a=2.8",2.8,1e+05,500,1.3,22.3137125694241,3.40123553959198,0.00337424053316596,0.000458110832948443,0.00207077720121224,0.0324297618898078,0.8,1.8,0,0.277777777777778
"power a=2.8",2.8,1e+05,500,1.35,26.5696812266115,3.58176133708692,0.00546863591278028,0.000649194987443508,0.00333949509654935,0.0415527291414996,0.8,1.8,0,0.305555555555556
"power a=2.8",2.8,1e+05,500,1.4,31.6166293222664,3.75659993159718,0.00853585345990944,0.00091148922014542,0.00532881205088486,0.0524395843068937,0.8,1.8,0,0.333333333333334
"power a=2.8",2.8,1e+05,500,1.45,37.5068091821509,3.9246621779024,0.0127925250030817,0.00126092649212321,0.00806980124791455,0.0651138292528534,0.8,1.8,0,0.361111111111111
"power a=2.8",2.8,1e+05,500,1.5,43.8343801123315,4.08501049688682,0.0184010821660348,0.0017183342702417,0.012130213928193,0.079513233717647,0.8,1.8,0,0.388888888888889
"power a=2.8",2.8,1e+05,500,1.55,51.1696864216438,4.23689129932944,0.0254492394615927,0.00232030961419695,0.0176176812618785,0.0954986950603036,0.8,1.8,0,0.416666666666667
"power a=2.8",2.8,1e+05,500,1.6,59.1438721517349,4.37975495207718,0.0339482482475973,0.00309902431192626,0.0256842204861967,0.11287167553113,0.8,1.8,0,0.444444444444445
"power a=2.8",2.8,1e+05,500,1.65,67.9235412633918,4.51326181422253,0.0438445214966323,0.00416409752025072,0.0364492270551171,0.131394441806251,0.8,1.8,0,0.472222222222222
"power a=2.8",2.8,1e+05,500,1.7,77.6417313291967,4.63727540351353,0.055035968794528,0.00555185310038324,0.0501762516784235,0.150809094628973,0.8,1.8,0,0.5
"power a=2.8",2.8,1e+05,500,1.75,88.0135574985715,4.75184518545352,0.0673869941002311,0.00716369849772494,0.0643858828580788,0.170853706927379,0.8,1.8,0,0.527777777777778
"power a=2.8",2.8,1e+05,500,1.8,98.8055421785743,4.85718197834462,0.080740222136914,0.0091875534455895,0.0809630634613087,0.191275322093359,0.8,1.8,1.11022302462516e-16,0.555555555555556
"power a=2.8",2.8,1e+05,500,1.85,109.865050963907,4.95362894802537,0.0949256268986896,0.0114588953628459,0.0989028210239277,0.211839988471875,0.8,1.8,0.0270270270270272,0.555555555555556
"power a=2.8",2.8,1e+05,500,1.9,120.810269462078,5.04163090537335,0.109768329817072,0.014229744426972,0.127411311626969,0.232339950610489,0.8,1.8,0.0526315789473686,0.555555555555556
"power a=2.8",2.8,1e+05,500,1.95,133.011605027707,5.12170422061978,0.125095756263828,0.0176576008675579,0.150578021462564,0.252598054775261,0.8,1.8,0.0769230769230771,0.555555555555556
"power a=2.8",2.8,1e+05,500,2,144.946460662272,5.19440916025377,0.140744078972714,0.0212420228131464,0.174329979313587,0.272469524136287,0.8,1.8,0.1,0.555555555555556
"power a=2.8",2.8,1e+05,500,2.05,155.695711888045,5.26032587466875,0.156563484639904,0.0258224736590291,0.200275229902259,0.291841457638953,0.8,1.8,0.121951219512195,0.555555555555556
"power a=2.8",2.8,1e+05,500,2.1,167.067959312474,5.32003468582147,0.172421838518077,0.0307278786563426,0.229017583858232,0.310630582278627,0.8,1.8,0.142857142857143,0.555555555555556
"power a=2.8",2.8,1e+05,500,2.15,176.421004826901,5.37410081631685,0.188206598693707,0.0359078140813791,0.254025652402808,0.328779863447255,0.8,1.8,0.162790697674419,0.555555555555556
"power a=2.8",2.8,1e+05,500,2.2,186.347584723485,5.42306331408901,0.203825131269664,0.0413788451723008,0.28736544210779,0.346254543792501,0.8,1.8,0.181818181818182,0.555555555555556
"power a=2.8",2.8,1e+05,500,2.25,195.45713185613,5.46742767666119,0.219203775068494,0.0468585855575203,0.313194184128107,0.363038072867039,0.8,1.8,0.2,0.555555555555556
"power a=2.8",2.8,1e+05,500,2.3,204.263197495069,5.50766155429517,0.234286073038024,0.0525030534126592,0.344495502765113,0.379128253169463,0.8,1.8,0.217391304347826,0.555555555555556
"power a=2.8",2.8,1e+05,500,2.35,212.989344183639,5.54419288474896,0.249030558088085,0.058763232387564,0.372417601863172,0.394533797992061,0.8,1.8,0.234042553191489,0.555555555555556
"power a=2.8",2.8,1e+05,500,2.4,221.118965460657,5.57740985201274,0.263408400187823,0.0655753619861567,0.394102312102229,0.409271391522488,0.8,1.8,0.25,0.555555555555556
"power a=2.8",2.8,1e+05,500,2.45,229.710172024728,5.60766213860476,0.277401127482183,0.0725440119026974,0.418624977405205,0.42336326717782,0.8,1.8,0.26530612244898,0.555555555555556
"power a=2.8",2.8,1e+05,500,2.5,236.187347854105,5.63526303369833,0.29099854972963,0.0805054731463595,0.434648958181112,0.436835273447101,0.8,1.8,0.28,0.555555555555556
"power a=2.8",2.8,1e+05,500,2.55,242.938646816308,5.66049205256376,0.304196946952275,0.0876347516986404,0.454837606995126,0.449715371501802,0.8,1.8,0.294117647058824,0.555555555555556
"power a=2.8",2.8,1e+05,500,2.6,248.680382452965,5.68359780772231,0.316997540840269,0.0945911538105805,0.47866801387799,0.462032498991583,0.8,1.8,0.307692307692308,0.555555555555556
"power a=2.8",2.8,1e+05,500,2.65,255.183424776651,5.70480094458059,0.329405238135432,0.100536623645628,0.496549261524685,0.473815734223447,0.8,1.8,0.320754716981132,0.555555555555556
"power a=2.8",2.8,1e+05,500,2.7,261.265103987323,5.72429701297591,0.341427619683995,0.109209675245897,0.512887960940089,0.485093700150699,0.8,1.8,0.333333333333333,0.555555555555556
"power a=2.8",2.8,1e+05,500,2.75,266.949464587391,5.74225919168273,0.353074142077829,0.117198662721049,0.527873462803807,0.495894155404022,0.8,1.8,0.345454545454546,0.555555555555556
"power a=2.8",2.8,1e+05,500,2.8,272.588797035189,5.75884081711795,0.364355517572393,0.124484307662948,0.546375385680918,0.506243728156734,0.8,1.8,0.357142857142857,0.555555555555556
"power a=2.8",2.8,1e+05,500,2.85,277.9700210948,5.77417769219704,0.375283239930496,0.130675364075621,0.561508325575033,0.516167756867883,0.8,1.8,0.368421052631579,0.555555555555556
"power a=2.8",2.8,1e+05,500,2.9,283.011434439258,5.78839016848538,0.385869227403838,0.138506874626146,0.582406707884266,0.525690209343935,0.8,1.8,0.379310344827586,0.555555555555556
"power a=2.8",2.8,1e+05,500,2.95,288.021588512446,5.80158500621855,0.396125558219232,0.146303108552419,0.600393564736356,0.534833657883683,0.8,1.8,0.389830508474576,0.555555555555556
"power a=2.8",2.8,1e+05,500,3,292.849921891005,5.81385702391294,0.406064278085444,0.153462358465277,0.62139971573648,0.543619293497464,0.8,1.8,0.4,0.555555555555556
"power a=2.8",2.8,1e+05,500,3.05,297.265707537505,5.82529055335191,0.415697263057366,0.160335136287028,0.637017146987869,0.55206696640118,0.8,1.8,0.409836065573771,0.555555555555556
"power a=2.8",2.8,1e+05,500,3.1,301.010059152969,5.83596071764205,0.425036124440306,0.167245503789477,0.65062126847995,0.560195243306814,0.8,1.8,0.419354838709677,0.555555555555556
"power a=2.8",2.8,1e+05,500,3.15,304.45429044792,5.84593455049219,0.434092145248059,0.174762599132745,0.662822793803807,0.568021474606522,0.8,1.8,0.428571428571429,0.555555555555556
"power a=2.8",2.8,1e+05,500,3.2,306.613156552383,5.85527197439134,0.4428762400631,0.18138374441548,0.676686380852235,0.575561866514659,0.8,1.8,0.4375,0.555555555555556
"power a=2.8",2.8,1e+05,500,3.25,308.620167248958,5.86402665432138,0.451398932035005,0.18919361550007,0.691322616413854,0.582831554714219,0.8,1.8,0.446153846153846,0.555555555555556
"power a=2.8",2.8,1e+05,500,3.3,311.047448100932,5.87224674229387,0.459670342255132,0.195537130304101,0.70502499069617,0.589844677156229,0.8,1.8,0.454545454545455,0.555555555555556
"power a=2.8",2.8,1e+05,500,3.35,313.560918311549,5.87997552652487,0.467700187924317,0.201954086185838,0.717297638626565,0.596614444469392,0.8,1.8,0.462686567164179,0.555555555555556
"power a=2.8",2.8,1e+05,500,3.4,315.751033186482,5.88725199757008,0.475497786644463,0.210190256574783,0.729021668654941,0.603153207022516,0.8,1.8,0.470588235294118,0.555555555555556
"power a=2.8",2.8,1e+05,500,3.45,317.328293959284,5.89411134230774,0.483072064866093,0.217181081499632,0.738355158523434,0.609472518099292,0.8,1.8,0.478260869565218,0.555555555555556
"power a=2.8",2.8,1e+05,500,3.5,319.452232710586,5.90058537531947,0.49043156905642,0.223459416607315,0.751147674585367,0.615583192936777,0.8,1.8,0.485714285714286,0.555555555555556
"power a=2.8",2.8,1e+05,500,3.55,321.655940637917,5.9067029160002,0.497584478552895,0.229587602568994,0.762277171089517,0.621495363578462,0.8,1.8,0.492957746478873,0.555555555555556
"power a=2.8",2.8,1e+05,500,3.6,323.724362432021,5.91249011863516,0.504538619365437,0.234390773200733,0.772709391390036,0.627218529625218,0.8,1.8,0.5,0.555555555555556
"power a=2.8",2.8,1e+05,500,3.65,325.686648438705,5.91797076171361,0.511301478410542,0.242101300272996,0.781789366607354,0.632761605051466,0.8,1.8,0.506849315068493,0.555555555555556
"power a=2.8",2.8,1e+05,500,3.7,327.962931313397,5.92316650189774,0.517880217821138,0.248172428508828,0.791387584263601,0.638132961303767,0.8,1.8,0.513513513513514,0.555555555555556
"power a=2.8",2.8,1e+05,500,3.75,329.780393384625,5.92809709732374,0.524281689092141,0.253205239816955,0.800375274464183,0.643340466924849,0.8,1.8,0.52,0.555555555555556
"power a=2.8",2.8,1e+05,500,3.8,331.477719301707,5.93278060426799,0.530512446904661,0.259744937725259,0.808416250470181,0.648391523955653,0.8,1.8,0.526315789473684,0.555555555555556
"power a=2.8",2.8,1e+05,500,3.85,333.113621628244,5.9372335506549,0.536578762530334,0.265248158296836,0.816037055171207,0.653293101366547,0.8,1.8,0.532467532467533,0.555555555555556
"power a=2.8",2.8,1e+05,500,3.9,334.672172126325,5.94147108940334,0.542486636758028,0.270364705477011,0.823327782993361,0.65805176576046,0.8,1.8,0.538461538461539,0.555555555555556
"power a=2.8",2.8,1e+05,500,3.95,336.294201094039,5.9455071341962,0.548241812313048,0.276661382252651,0.830606474334551,0.662673709578099,0.8,1.8,0.544303797468354,0.555555555555556
"power a=2.8",2.8,1e+05,500,4,337.828819383753,5.94935447990305,0.553849785757749,0.284226383920064,0.837438072862879,0.667164777020416,0.8,1.8,0.55,0.555555555555556
"power a=2.8",2.8,1e+05,500,4.05,339.23445258404,5.95302490958198,0.559315818874704,0.290511799357566,0.843810866450835,0.671530487887594,0.8,1.8,0.555555555555556,0.555555555555556
"power a=2.8",2.8,1e+05,500,4.1,340.50599867415,5.95652928972574,0.564644949541453,0.297669435444816,0.849211188977751,0.675776059517726,0.8,1.8,0.560975609756098,0.555555555555556
"power a=2.8",2.8,1e+05,500,4.15,341.867706186819,5.95987765519326,0.569842002110547,0.30090609951338,0.855275671527823,0.679906426992709,0.8,1.8,0.566265060240964,0.555555555555556
"power a=2.8",2.8,1e+05,500,4.2,342.888625434947,5.96307928507594,0.574911597311366,0.304856518314396,0.860922826864183,0.683926261764031,0.8,1.8,0.571428571428572,0.555555555555556
"power a=2.8",2.8,1e+05,500,4.25,344.005910345157,5.96614277058256,0.579858161691512,0.312001644912835,0.865962659341765,0.687839988837211,0.8,1.8,0.576470588235294,0.555555555555556
"power a=2.8",2.8,1e+05,500,4.3,345.077609929042,5.96907607588547,0.584685936616098,0.31864576597832,0.870601807259765,0.691651802640801,0.8,1.8,0.581395348837209,0.555555555555556
"power a=2.8",2.8,1e+05,500,4.35,346.106299368534,5.97188659274819,0.589398986843245,0.323324398698754,0.874929565400759,0.695365681694093,0.8,1.8,0.586206896551724,0.555555555555556
"power a=2.8",2.8,1e+05,500,4.4,347.073022729195,5.97458118964995,0.594001208693763,0.327636637613355,0.879957161142419,0.698985402176934,0.8,1.8,0.590909090909091,0.555555555555556
"power a=2.8",2.8,1e+05,500,4.45,347.9775641853,5.97716625603193,0.598496337832518,0.331200750452829,0.884786730953979,0.702514550495345,0.8,1.8,0.595505617977528,0.555555555555556
"power a=2.8",2.8,1e+05,500,4.5,348.842113402662,5.9796477422116,0.602887956678418,0.338600067825768,0.889425535377769,0.705956534927804,0.8,1.8,0.6,0.555555555555556
"power a=2.8",2.8,1e+05,500,4.55,349.669037952707,5.98203119544439,0.607179501459378,0.344379526730828,0.894031419479706,0.709314596429152,0.8,1.8,0.604395604395604,0.555555555555556
"power a=2.8",2.8,1e+05,500,4.6,350.460546513201,5.98432179255271,0.611374268928016,0.349806566232433,0.898670823760521,0.712591818661909,0.8,1.8,0.608695652173913,0.555555555555556
"power a=2.8",2.8,1e+05,500,4.65,351.267591733601,5.98652436949226,0.615475422753305,0.355173748601969,0.903157812780665,0.715791137318328,0.8,1.8,0.612903225806452,0.555555555555556
"power a=2.8",2.8,1e+05,500,4.7,352.0475206324,5.98864344818084,0.619485999602828,0.360229591039451,0.907529860267437,0.718915348790754,0.8,1.8,0.617021276595745,0.555555555555556
"power a=2.8",2.8,1e+05,500,4.75,352.828896874818,5.99068326087689,0.623408914929788,0.36698005394581,0.91199186938043,0.721967118242573,0.8,1.8,0.621052631578947,0.555555555555556
"power a=2.8",2.8,1e+05,500,4.8,353.644087996478,5.99264777236137,0.62724696847842,0.369876706088442,0.916318275175421,0.724948987127386,0.8,1.8,0.625,0.555555555555556
"power a=2.8",2.8,1e+05,500,4.85,354.341039757196,5.99454070014749,0.63100284952095,0.373376262434209,0.920424953318802,0.727863380199765,0.8,1.8,0.628865979381443,0.555555555555556
"power a=2.8",2.8,1e+05,500,4.9,355.006671629877,5.99636553291709,0.634679141838798,0.379144702150798,0.924323132065498,0.730712612057117,0.8,1.8,0.63265306122449,0.555555555555556
"power a=2.8",2.8,1e+05,500,4.95,355.656938964497,5.99812554736054,0.638278328460243,0.385196959140044,0.927927090932995,0.733498893248765,0.8,1.8,0.636363636363636,0.555555555555556
"power a=2.8",2.8,1e+05,500,5,356.292508231516,5.99982382357682,0.64180279616631,0.3880368470776,0.931242996749818,0.73622433598519,0.8,1.8,0.64,0.555555555555556
"power a=2.8",2.8,1e+05,500,5.05,356.876706701713,6.001463259174,0.6452548397762,0.393507982897758,0.93440253905231,0.738890959477567,0.8,1.8,0.643564356435644,0.555555555555556
"power a=2.8",2.8,1e+05,500,5.1,357.366057380163,6.00304658219431,0.648636666223118,0.400460622416664,0.937413179108413,0.741500694935202,0.8,1.8,0.647058823529412,0.555555555555556
"power a=2.8",2.8,1e+05,500,5.15,357.841520098066,6.00457636297561,0.651950398430939,0.402610750588101,0.940282029643465,0.744055390246103,0.8,1.8,0.650485436893204,0.555555555555556
"power a=2.8",2.8,1e+05,500,5.2,358.303729039153,6.0060550250484,0.655198079001691,0.404724956741048,0.943015869379046,0.746556814363874,0.8,1.8,0.653846153846154,0.555555555555556
"power a=2.8",2.8,1e+05,500,5.25,358.753281828917,6.00748485515778,0.65838167372341,0.40680444644904,0.945621157221235,0.749006661422169,0.8,1.8,0.657142857142857,0.555555555555556
"power a=2.8",2.8,1e+05,500,5.3,359.190742004021,6.00886801249022,0.661503074907515,0.409647387402585,0.948104046068542,0.751406554596235,0.8,1.8,0.660377358490566,0.555555555555556
"power a=2.8",2.8,1e+05,500,5.35,359.616641288331,6.01020653717687,0.664564104564413,0.41285484243921,0.950470396217,0.753758049729488,0.8,1.8,0.663551401869159,0.555555555555556
"power a=2.8",2.8,1e+05,500,5.4,360.008268042603,6.01150235813808,0.667566517425644,0.416327771686914,0.952725788346008,0.756062638741613,0.8,1.8,0.666666666666667,0.555555555555556
"power a=2.8",2.8,1e+05,500,5.45,360.366301866043,6.01275730032708,0.670512003820498,0.420061093504199,0.954875536073791,0.758321752833405,0.8,1.8,0.669724770642202,0.555555555555556
"power a=2.8",2.8,1e+05,500,5.5,360.710174157472,6.01397309142529,0.673402192414613,0.423841605646178,0.956924698075796,0.760536765502339,0.8,1.8,0.672727272727273,0.555555555555556
"power a=2.8",2.8,1e+05,500,5.55,361.040540642639,6.01515136803658,0.676238652817727,0.427466323215935,0.958878089763141,0.762708995381775,0.8,1.8,0.675675675675676,0.555555555555556
"power a=2.8",2.8,1e+05,500,5.6,361.358023339502,6.01629368142293,0.679022898067378,0.431921449370301,0.960881778267984,0.764839708915731,0.8,1.8,0.678571428571429,0.555555555555556
"power a=2.8",2.8,1e+05,500,5.65,361.70812271496,6.01740150282049,0.681756386994982,0.435090056687584,0.962789030383397,0.766930122880205,0.8,1.8,0.68141592920354,0.555555555555556
"power a=2.8",2.8,1e+05,500,5.7,362.122500704026,6.01847622837071,0.684440526480429,0.436740529920481,0.964498424813068,0.768981406761232,0.8,1.8,0.68421052631579,0.555555555555556
"power a=2.8",2.8,1e+05,500,5.75,362.52213766936,6.01951918369842,0.687076673600954,0.440741739144741,0.966118703312052,0.770994684999071,0.8,1.8,0.68695652173913,0.555555555555556
"power a=2.8",2.8,1e+05,500,5.8,362.907611467117,6.02053162816566,0.689666137679794,0.445535826822818,0.967663785557936,0.772971039107228,0.8,1.8,0.689655172413793,0.555555555555556
"power a=2.8",2.8,1e+05,500,5.85,363.279473850554,6.02151475882732,0.692210182239791,0.448488025392575,0.969119940950446,0.774911509674383,0.8,1.8,0.692307692307692,0.555555555555556
"power a=2.8",2.8,1e+05,500,5.9,363.638251870917,6.0224697141125,0.694710026866875,0.452048739201792,0.97064456933446,0.776817098256689,0.8,1.8,0.694915254237288,0.555555555555556
"power a=2.8",2.8,1e+05,500,5.95,363.9844491896,6.02339757725321,0.697166848988042,0.456136399830108,0.97205782229874,0.778688769167368,0.8,1.8,0.697478991596639,0.555555555555556
"power a=2.8",2.8,1e+05,500,6,364.318547308001,6.02429937948015,0.699581785568224,0.459096246363951,0.973273991419009,0.780527451170053,0.8,1.8,0.7,0.555555555555556
"power a=2.8",2.8,1e+05,500,6.05,364.641006720938,6.02517610300361,0.701955934730201,0.462741933430144,0.974435527843972,0.782334039081832,0.8,1.8,0.702479338842975,0.555555555555556
"power a=2.8",2.8,1e+05,500,6.1,364.952267999059,6.02602868379594,0.704290357301459,0.466905166693561,0.975544967855576,0.784109395291561,0.8,1.8,0.704918032786885,0.555555555555556
"power a=2.8",2.8,1e+05,500,6.15,365.252752805261,6.02685801419067,0.706586078291694,0.468814971386474,0.976611537237168,0.785854351198603,0.8,1.8,0.707317073170732,0.555555555555556
"power a=2.8",2.8,1e+05,500,6.2,365.638970535346,6.02766494531195,0.708844088304476,0.472627001993195,0.977674801428205,0.7875697085768,0.8,1.8,0.709677419354839,0.555555555555556
"power a=2.8",2.8,1e+05,500,6.25,366.042251033025,6.02845028934707,0.711065344886345,0.475711980046544,0.978640930113787,0.789256240868157,0.8,1.8,0.712,0.555555555555556
"power a=2.8",2.8,1e+05,500,6.3,366.372818005667,6.02921482167345,0.713250773816484,0.478175414637608,0.979563432005477,0.7909146944104,0.8,1.8,0.714285714285714,0.555555555555556
"power a=2.8",2.8,1e+05,500,6.35,366.623368534379,6.02995928285079,0.7154012703399,0.480416840953601,0.980444375252788,0.792545789602313,0.8,1.8,0.716535433070866,0.555555555555556
"power a=2.8",2.8,1e+05,500,6.4,366.866684774649,6.03068438048816,0.717517700346904,0.48213897409031,0.981285724904869,0.794150222010458,0.8,1.8,0.71875,0.555555555555556
"power a=2.8",2.8,1e+05,500,6.45,367.102999874699,6.03139079099489,0.719600901501516,0.485599524584808,0.982089348284045,0.795728663420689,0.8,1.8,0.72093023255814,0.555555555555556
"power a=2.8",2.8,1e+05,500,6.5,367.293187547215,6.03207916122346,0.721651684321293,0.489238305042411,0.98285702007171,0.797281762837608,0.8,1.8,0.723076923076923,0.555555555555556
"power a=2.8",2.8,1e+05,500,6.55,367.470516412817,6.03275011001215,0.723670833210909,0.491575795559523,0.983649783911795,0.798810147434934,0.8,1.8,0.725190839694656,0.555555555555556
"power a=2.8",2.8,1e+05,500,6.6,367.641831835282,6.03340422963421,0.725659107451734,0.492879190213396,0.984406487322238,0.80031442345953,0.8,1.8,0.727272727272727,0.555555555555556
"power a=2.8",2.8,1e+05,500,6.65,367.807360725483,6.0340420871601,0.727617242149496,0.495498976321711,0.985049224565364,0.801795177091707,0.8,1.8,0.729323308270677,0.555555555555556
"power a=2.8",2.8,1e+05,500,6.7,367.967320260259,6.03466422573875,0.729545949142025,0.497245963712365,0.985683762324615,0.8032529752642,0.8,1.8,0.73134328358209,0.555555555555556
"power a=2.8",2.8,1e+05,500,6.75,368.149437373701,6.03527116580326,0.731445917868948,0.497958915473431,0.986289719922708,0.804688366442109,0.8,1.8,0.733333333333333,0.555555555555556
"power a=2.8",2.8,1e+05,500,6.8,368.341113319495,6.03586340620613,0.733317816205139,0.499589955951417,0.98686254559816,0.806101881365914,0.8,1.8,0.735294117647059,0.555555555555556
"power a=2.8",2.8,1e+05,500,6.85,368.526376637555,6.03644142528874,0.735162291259579,0.500754481711351,0.987401251438402,0.807494033759585,0.8,1.8,0.737226277372263,0.555555555555556
"power a=2.8",2.8,1e+05,500,6.9,368.705454009399,6.03700568188936,0.736979970141257,0.501282047674979,0.987945932665908,0.808865321005643,0.8,1.8,0.739130434782609,0.555555555555556
"power a=2.8",2.8,1e+05,500,6.95,368.944580403374,6.03755661629374,0.738771460693596,0.503923837845316,0.988473421852901,0.810216224788931,0.8,1.8,0.741007194244604,0.555555555555556
"power a=2.8",2.8,1e+05,500,7,369.207889214154,6.038094651132,0.740537352198857,0.504890907958963,0.988977444201047,0.811547211710768,0.8,1.8,0.742857142857143,0.555555555555556
"power a=2.8",2.8,1e+05,500,7.05,369.464018332065,6.03862019222525,0.742278216053882,0.505162847666459,0.989459059821824,0.812858733875016,0.8,1.8,0.74468085106383,0.555555555555556
"power a=2.8",2.8,1e+05,500,7.1,369.71316539399,6.03913362938514,0.743994606418451,0.506050610625133,0.98991928042668,0.814151229447542,0.8,1.8,0.746478873239437,0.555555555555556
"power a=2.8",2.8,1e+05,500,7.15,369.955522340513,6.03963533716937,0.745687060837496,0.508389070921582,0.990359071534705,0.815425123190434,0.8,1.8,0.748251748251748,0.555555555555556
"power a=2.8",2.8,1e+05,500,7.2,370.191275609624,6.04012567559583,0.747356100838317,0.510786653437659,0.99077041199393,0.816680826972282,0.8,1.8,0.75,0.555555555555556
"power a=2.8",2.8,1e+05,500,7.25,370.420606321136,6.04060499081802,0.749002232503929,0.512415246504598,0.991152815133797,0.81791874025573,0.8,1.8,0.751724137931035,0.555555555555556
"power a=2.8",2.8,1e+05,500,7.3,370.643690452429,6.04107361576407,0.750625947023555,0.515141837068405,0.991519254408382,0.81913925056346,0.8,1.8,0.753424657534247,0.555555555555556
"power a=2.8",2.8,1e+05,500,7.35,370.860699006107,6.04153187074168,0.75222772122129,0.518153926476385,0.991870401571705,0.820342733923678,0.8,1.8,0.755102040816327,0.555555555555556
"power a=2.8",2.8,1e+05,500,7.4,371.071798170103,6.04198006401093,0.753808018063881,0.521153861414893,0.992206899909682,0.821529555296143,0.8,1.8,0.756756756756757,0.555555555555556
"power a=2.8",2.8,1e+05,500,7.45,371.277149470706,6.04241849232698,0.755367287148498,0.524530990003605,0.992529365450602,0.822700068979688,0.8,1.8,0.758389261744966,0.555555555555556
"power a=2.8",2.8,1e+05,500,7.5,371.476909918988,6.04284744145443,0.756905965171397,0.526655377395657,0.992838388124475,0.823854619002148,0.8,1.8,0.76,0.555555555555556
"power a=2.8",2.8,1e+05,500,7.55,371.671232151024,6.04326718665501,0.758424476378248,0.528923651483108,0.993134532873331,0.824993539493563,0.8,1.8,0.76158940397351,0.555555555555556
"power a=2.8",2.8,1e+05,500,7.6,371.860264562306,6.04367799315022,0.759923232996943,0.531231726098164,0.993418340714506,0.826117155043459,0.8,1.8,0.763157894736842,0.555555555555556
"power a=2.8",2.8,1e+05,500,7.65,372.044151436696,6.04408011656031,0.761402635653596,0.534259211757951,0.993690329758829,0.827225781042979,0.8,1.8,0.764705882352941,0.555555555555556
"power a=2.8",2.8,1e+05,500,7.7,372.223033070253,6.04447380332099,0.762863073772458,0.536186628110502,0.993950996185615,0.8283197240126,0.8,1.8,0.766233766233766,0.555555555555556
"power a=2.8",2.8,1e+05,500,7.75,372.397045890233,6.04485929107919,0.764304925960417,0.538776076250802,0.994200815176225,0.829399281916102,0.8,1.8,0.767741935483871,0.555555555555556
"power a=2.8",2.8,1e+05,500,7.8,372.566322569538,6.04523680906909,0.76572856037672,0.540325802314962,0.994440241807943,0.83046474446147,0.8,1.8,0.769230769230769,0.555555555555556
"power a=2.8",2.8,1e+05,500,7.85,372.730992136886,6.04560657846938,0.767134335088531,0.54288945045439,0.994669711909816,0.831516393389317,0.8,1.8,0.770700636942675,0.555555555555556
"power a=2.8",2.8,1e+05,500,7.9,372.89118008292,6.04596881274302,0.76852259841292,0.544126271946502,0.994889642882052,0.83255450274943,0.8,1.8,0.772151898734177,0.555555555555556
"power a=2.8",2.8,1e+05,500,7.95,373.0470084625,6.04632371796034,0.769893689245819,0.545352615384644,0.995100434480507,0.833579339165988,0.8,1.8,0.773584905660377,0.555555555555556
"power a=2.8",2.8,1e+05,500,8,373.198595993366,6.04667149310643,0.771247937378505,0.54656884073087,0.995310070525901,0.834591162091977,0.8,1.8,0.775,0.555555555555556
"power a=2.8",2.8,1e+06,200,0,1,0,1e-06,1e-06,1e-06,1e-06,0.8,1.8,0,0
"power a=2.8",2.8,1e+06,200,0.05,1.04600344264074,0.0453779298397986,1.00094450848511e-06,1.00094233861778e-06,1.00094636149642e-06,1.46454964692394e-06,0.8,1.8,0,0
"power a=2.8",2.8,1e+06,200,0.1,1.09886764616842,0.0952463886859351,1.00406215320886e-06,1.00405239235875e-06,1.0040711146121e-06,2.14530665335757e-06,0.8,1.8,0,0
"power a=2.8",2.8,1e+06,200,0.15,1.16002784308389,0.150210805559965,1.00986422794874e-06,1.00983740831132e-06,1.00988843070463e-06,3.14296756883314e-06,0.8,1.8,0,0
"power a=2.8",2.8,1e+06,200,0.2,1.23110616598776,0.210970082748709,1.01900783580183e-06,1.01895034061936e-06,1.01905857781604e-06,4.60508155674855e-06,0.8,1.8,0,0
"power a=2.8",2.8,1e+06,200,0.25,1.31417687778669,0.27832317610238,1.0323518235833e-06,1.03224347299074e-06,1.03245462132521e-06,6.74777492580676e-06,0.8,1.8,0,0
"power a=2.8",2.8,1e+06,200,0.3,1.41245883289189,0.353168325321809,1.05104055717064e-06,1.05083350362602e-06,1.05124500687448e-06,9.88747668156634e-06,0.8,1.8,0,0
"power a=2.8",2.8,1e+06,200,0.35,1.52872128485604,0.436489726226258,1.07663283581145e-06,1.07624221863241e-06,1.07697205957524e-06,1.44871897546012e-05,0.8,1.8,0,0
"power a=2.8",2.8,1e+06,200,0.4,1.67085359501682,0.529326418930351,1.11130620161433e-06,1.1105642124552e-06,1.11188464700419e-06,2.12238718899431e-05,0.8,1.8,0,0
"power a=2.8",2.8,1e+06,200,0.45,1.8429988756582,0.632720654723378,1.15819113916673e-06,1.15688016009465e-06,1.15920808123912e-06,3.10863721362613e-05,0.8,1.8,0,0
"power a=2.8",2.8,1e+06,200,0.5,2.05219019178296,0.747648207554346,1.22193617305709e-06,1.21933202638077e-06,1.22342656587e-06,4.55174556006201e-05,0.8,1.8,0,0
"power a=2.8",2.8,1e+06,200,0.55,2.31005295620426,0.874939122117564,1.30969624375316e-06,1.30419636639572e-06,1.3129535086089e-06,6.66191975696436e-05,0.8,1.8,0,0
"power a=2.8",2.8,1e+06,200,0.6,2.62789506474218,1.01520123659614,1.43291999415585e-06,1.42095834045453e-06,1.43817027238235e-06,9.7449030243611e-05,0.8,1.8,0,0
"power a=2.8",2.8,1e+06,200,0.65,3.02807464261222,1.16875880521074,1.61068558289086e-06,1.58387872440051e-06,1.61896714641318e-06,0.000142444712858338,0.8,1.8,0,0
"power a=2.8",2.8,1e+06,200,0.7,3.53438335151229,1.33561514686996,1.87610843897628e-06,1.81367725632663e-06,1.89052725909599e-06,0.000208031302097871,0.8,1.8,0,0
"power a=2.8",2.8,1e+06,200,0.75,4.16652470079846,1.51544293360667,2.28896094926439e-06,2.14753786136829e-06,2.31007512076464e-06,0.000303482622668459,0.8,1.8,0,0
"power a=2.8",2.8,1e+06,200,0.8,4.9512010866182,1.70760017147238,2.96103846916866e-06,2.64807044560125e-06,2.97864011572772e-06,0.000442134195667232,0.8,1.8,0,1.2335811384724e-16
"power a=2.8",2.8,1e+06,200,0.85,5.95809919150182,1.91116571831397,4.10793130967679e-06,3.38034816154769e-06,4.08256951467556e-06,0.000643073347447984,0.8,1.8,0,0.0277777777777779
"power a=2.8",2.8,1e+06,200,0.9,7.26572303724128,2.12498622796882,6.1557157685497e-06,4.52687575874795e-06,5.96250152868054e-06,0.000933461851224469,0.8,1.8,0,0.0555555555555556
"power a=2.8",2.8,1e+06,200,0.95,8.94530583021596,2.34772653521963,9.9615555118172e-06,6.29945103743377e-06,9.19612102855798e-06,0.00135166776678617,0.8,1.8,0,0.0833333333333335
"power a=2.8",2.8,1e+06,200,1,11.1244576728429,2.57791691857777,1.72679804351407e-05,9.12219864657195e-06,1.48814170517204e-05,0.0019513758206708,0.8,1.8,0,0.111111111111111
"power a=2.8",2.8,1e+06,200,1.05,13.9575895980018,2.81399267020558,3.16260395408379e-05,1.37929675940949e-05,2.49553825310188e-05,0.00280676968276549,0.8,1.8,0,0.138888888888889
"power a=2.8",2.8,1e+06,200,1.1,17.6050051640923,3.05432354036617,6.02241523159188e-05,2.12846954916431e-05,4.33644448351014e-05,0.00401866457962786,0.8,1.8,0,0.166666666666667
"power a=2.8",2.8,1e+06,200,1.15,22.1773243979437,3.29723272570053,0.000117360974266573,3.35706717455202e-05,7.5455835533989e-05,0.00572101052896903,0.8,1.8,0,0.194444444444445
"power a=2.8",2.8,1e+06,200,1.2,28.1125046581633,3.54100709627344,0.000230613361089403,5.31530332742781e-05,0.0001340601066275,0.00808637720008227,0.8,1.8,0,0.222222222222222
"power a=2.8",2.8,1e+06,200,1.25,35.4753426362005,3.78390233054232,0.000450707057524869,8.4270022167399e-05,0.000238002518706944,0.0113278810229804,0.8,1.8,0,0.25
"power a=2.8",2.8,1e+06,200,1.3,44.975480180052,4.02414849289989,0.000864898834020207,0.000133038607589943,0.000418063676445527,0.0156939149912135,0.8,1.8,0,0.277777777777778
"power a=2.8",2.8,1e+06,200,1.35,56.3090496603321,4.25996293913072,0.00161052118782345,0.000208876587494525,0.000736511733064668,0.0214520365081614,0.8,1.8,0,0.305555555555556
"power a=2.8",2.8,1e+06,200,1.4,70.5916683944145,4.4895773125051,0.00288116060823777,0.000326081970059982,0.00128715369086907,0.0288608445139183,0.8,1.8,0,0.333333333333334
"power a=2.8",2.8,1e+06,200,1.45,88.2116287185389,4.71128264495677,0.0049170501572635,0.000513216125169969,0.0021619436738244,0.038133784127684,0.8,1.8,0,0.361111111111111
"power a=2.8",2.8,1e+06,200,1.5,109.374567717516,4.92349107670274,0.00797772200817464,0.000808168046671105,0.00363623978392923,0.0494037888268686,0.8,1.8,0,0.388888888888889
"power a=2.8",2.8,1e+06,200,1.55,134.196132033752,5.12480639621209,0.0123045341477418,0.00123097813598046,0.00605273719706037,0.0626985293034374,0.8,1.8,0,0.416666666666667
"power a=2.8",2.8,1e+06,200,1.6,163.395856321055,5.31409150988459,0.018083940886707,0.00186968467224782,0.0097176455612811,0.0779322754858624,0.8,1.8,0,0.444444444444445
"power a=2.8",2.8,1e+06,200,1.65,195.259056473205,5.4905207646849,0.0254195410843734,0.00276540981535718,0.0153516401513978,0.0949152630122176,0.8,1.8,0,0.472222222222222
"power a=2.8",2.8,1e+06,200,1.7,231.600706613878,5.65360829232313,0.0343190583414149,0.00398715090149214,0.0232629649512652,0.113377208520485,0.8,1.8,0,0.5
"power a=2.8",2.8,1e+06,200,1.75,271.370607872413,5.80320874133679,0.0447000489404443,0.00548414174620832,0.033336819779561,0.132998508147347,0.8,1.8,0,0.527777777777778
"power a=2.8",2.8,1e+06,200,1.8,313.708174160717,5.93949224038417,0.0564112721637633,0.0074220000304734,0.0467096997786362,0.153441667723007,0.8,1.8,1.11022302462516e-16,0.555555555555556
"power a=2.8",2.8,1e+06,200,1.85,359.021946041154,6.06289958482609,0.0692602042254455,0.00985550034990601,0.058749700745324,0.174377421465544,0.8,1.8,0.0270270270270272,0.555555555555556
"power a=2.8",2.8,1e+06,200,1.9,404.21065299999,6.17408555626761,0.0830373698832928,0.012886706983819,0.0757339168153979,0.195503350912152,0.8,1.8,0.0526315789473686,0.555555555555556
"power a=2.8",2.8,1e+06,200,1.95,449.535749960941,6.2738581487183,0.0975333761187052,0.0163825081939105,0.0983601422740243,0.216555389817187,0.8,1.8,0.0769230769230771,0.555555555555556
"power a=2.8",2.8,1e+06,200,2,494.783322613075,6.36312008106896,0.112549275927479,0.0200622996591934,0.122111719789336,0.237313588512506,0.8,1.8,0.1,0.555555555555556
"power a=2.8",2.8,1e+06,200,2.05,539.125339647368,6.44281708170025,0.127902580287799,0.0244603428090304,0.153099069755033,0.257603500067337,0.8,1.8,0.121951219512195,0.555555555555556
"power a=2.8",2.8,1e+06,200,2.1,582.067896308912,6.51389551409502,0.14343076721943,0.0296006056542634,0.185790469992389,0.277294313038188,0.8,1.8,0.142857142857143,0.555555555555556
"power a=2.8",2.8,1e+06,200,2.15,623.24222309638,6.57727023786668,0.158993183919133,0.0357319514325292,0.214887215032685,0.296294712393957,0.8,1.8,0.162790697674419,0.555555555555556
"power a=2.8",2.8,1e+06,200,2.2,662.398516452641,6.63380231531827,0.174471653166945,0.0411089942699116,0.242668158412649,0.314547375289354,0.8,1.8,0.181818181818182,0.555555555555556
"power a=2.8",2.8,1e+06,200,2.25,698.267933003908,6.68428533680041,0.189769937895451,0.047497851776123,0.263057956266565,0.332022905939483,0.8,1.8,0.2,0.555555555555556
"power a=2.8",2.8,1e+06,200,2.3,733.078501093947,6.72943872234537,0.204812268449716,0.0542496093486688,0.284482873247548,0.348713849845033,0.8,1.8,0.217391304347826,0.555555555555556
"power a=2.8",2.8,1e+06,200,2.35,764.674747969437,6.76990627525376,0.219541211934819,0.0609742855267518,0.309243121126894,0.364629226989179,0.8,1.8,0.234042553191489,0.555555555555556
"power a=2.8",2.8,1e+06,200,2.4,796.868576376507,6.80625840363076,0.233915185147647,0.0680678214317233,0.321643903192957,0.379789828556007,0.8,1.8,0.25,0.555555555555556
"power a=2.8",2.8,1e+06,200,2.45,825.195167823206,6.83899668327767,0.247905878044275,0.0755265783530695,0.33943211142151,0.394224363089981,0.8,1.8,0.26530612244898,0.555555555555556
"power a=2.8",2.8,1e+06,200,2.5,854.762535799962,6.86855972944566,0.261495787880755,0.0828372361226185,0.362553208248041,0.407966427816621,0.8,1.8,0.28,0.555555555555556
"power a=2.8",2.8,1e+06,200,2.55,882.511736752109,6.89532962430319,0.274675990544453,0.0907242932360863,0.391146772291268,0.421052216444914,0.8,1.8,0.294117647058824,0.555555555555556
"power a=2.8",2.8,1e+06,200,2.6,912.226423782161,6.91963838501381,0.287444211597294,0.09838064882027,0.418490424716564,0.433518846159822,0.8,1.8,0.307692307692308,0.555555555555556
"power a=2.8",2.8,1e+06,200,2.65,938.463966590874,6.9417741452069,0.299803212060808,0.105910011150448,0.436590146355373,0.445403182034204,0.8,1.8,0.320754716981132,0.555555555555556
"power a=2.8",2.8,1e+06,200,2.7,960.391767571991,6.96198686211558,0.311759473318994,0.11208896507237,0.449901699884594,0.456741046629549,0.8,1.8,0.333333333333333,0.555555555555556
"power a=2.8",2.8,1e+06,200,2.75,980.726718114073,6.98049345972428,0.323322148750004,0.119526553022595,0.470505631071226,0.467566718678702,0.8,1.8,0.345454545454546,0.555555555555556
"power a=2.8",2.8,1e+06,200,2.8,999.593176868761,6.99748238354603,0.334502242912466,0.12670744308884,0.486123052740096,0.477912642643592,0.8,1.8,0.357142857142857,0.555555555555556
"power a=2.8",2.8,1e+06,200,2.85,1017.10894268422,7.01311758344206,0.345311978703754,0.134162736038601,0.495414836861314,0.487809287887864,0.8,1.8,0.368421052631579,0.555555555555556
"power a=2.8",2.8,1e+06,200,2.9,1033.38427228382,7.02754196427551,0.355764316076212,0.141947440112901,0.509074328545934,0.497285110906423,0.8,1.8,0.379310344827586,0.555555555555556
"power a=2.8",2.8,1e+06,200,2.95,1048.52145224273,7.04088035572952,0.365872590705512,0.147763339692493,0.522078069077679,0.506366586109464,0.8,1.8,0.389830508474576,0.555555555555556
"power a=2.8",2.8,1e+06,200,3,1062.61475434124,7.05324205647637,0.375650246238563,0.153310859183582,0.542786231011092,0.515078280157726,0.8,1.8,0.4,0.555555555555556
"power a=2.8",2.8,1e+06,200,3.05,1075.75064567831,7.06472300702736,0.385110638723624,0.16037722450406,0.558846611024277,0.523442952108946,0.8,1.8,0.409836065573771,0.555555555555556
"power a=2.8",2.8,1e+06,200,3.1,1088.00815912765,7.07540764206235,0.394266896214552,0.165882336269808,0.570094148474331,0.531481667058124,0.8,1.8,0.419354838709677,0.555555555555556
"power a=2.8",2.8,1e+06,200,3.15,1099.45935642016,7.08537046818086,0.403131820234263,0.171561852364942,0.578819600935399,0.539213914922967,0.8,1.8,0.428571428571429,0.555555555555556
"power a=2.8",2.8,1e+06,200,3.2,1110.16983643186,7.09467740769096,0.411717818791264,0.179594816635536,0.597550607594994,0.546657728880078,0.8,1.8,0.4375,0.555555555555556
"power a=2.8",2.8,1e+06,200,3.25,1118.93422782085,7.10338694377232,0.420036863038908,0.188134326333677,0.617249992307398,0.553829799976808,0.8,1.8,0.446153846153846,0.555555555555556
"power a=2.8",2.8,1e+06,200,3.3,1126.99430096238,7.11155109740529,0.428100461543368,0.194447460365339,0.635364593736727,0.560745585849087,0.8,1.8,0.454545454545455,0.555555555555556
"power a=2.8",2.8,1e+06,200,3.35,1135.44869053413,7.11921626199054,0.435919647578381,0.199985582286067,0.648521911404449,0.567419412436505,0.8,1.8,0.462686567164179,0.555555555555556
"power a=2.8",2.8,1e+06,200,3.4,1146.06087892128,7.12642391764308,0.443504975978807,0.20477929053448,0.664856797754991,0.573864568229349,0.8,1.8,0.470588235294118,0.555555555555556
"power a=2.8",2.8,1e+06,200,3.45,1154.51956123502,7.13321124372725,0.450866526934559,0.208999827460732,0.676424331619571,0.580093391001958,0.8,1.8,0.478260869565218,0.555555555555556
"power a=2.8",2.8,1e+06,200,3.5,1161.86505540199,7.13961164527088,0.458013914751692,0.213109525363866,0.68504275130244,0.586117347250552,0.8,1.8,0.485714285714286,0.555555555555556
"power a=2.8",2.8,1e+06,200,3.55,1168.78949728934,7.14565520640925,0.464956300096265,0.21721013814059,0.693396899415665,0.591947104710399,0.8,1.8,0.492957746478873,0.555555555555556
"power a=2.8",2.8,1e+06,200,3.6,1175.32371709391,7.15136908190905,0.471702404606437,0.222469100651919,0.701112504060122,0.59759259841158,0.8,1.8,0.5,0.555555555555556
"power a=2.8",2.8,1e+06,200,3.65,1182.45750435713,7.15677783605723,0.47826052703802,0.227682861294194,0.714444347040179,0.603063090768852,0.8,1.8,0.506849315068493,0.555555555555556
"power a=2.8",2.8,1e+06,200,3.7,1189.65707950775,7.16190373672002,0.484638560320263,0.233252543966491,0.727229563120651,0.608367226206379,0.8,1.8,0.513513513513514,0.555555555555556
"power a=2.8",2.8,1e+06,200,3.75,1196.51255441969,7.16676701113931,0.490844009058813,0.238348827034534,0.739480983708764,0.613513080803857,0.8,1.8,0.52,0.555555555555556
"power a=2.8",2.8,1e+06,200,3.8,1203.04481726598,7.17138606899902,0.496884007144033,0.242620657617018,0.750608593220677,0.618508207424918,0.8,1.8,0.526315789473684,0.555555555555556
"power a=2.8",2.8,1e+06,200,3.85,1209.53972429145,7.17577769742984,0.502765335214731,0.247691025679841,0.758927406937577,0.623359676756911,0.8,1.8,0.532467532467533,0.555555555555556
"power a=2.8",2.8,1e+06,200,3.9,1215.78188226094,7.17995723189781,0.508494437796999,0.254484814345059,0.766771238247197,0.628074114656748,0.8,1.8,0.538461538461539,0.555555555555556
"power a=2.8",2.8,1e+06,200,3.95,1221.74198565867,7.1839387063185,0.514077439990571,0.258799118241089,0.77268746089632,0.632657736162758,0.8,1.8,0.544303797468354,0.555555555555556
"power a=2.8",2.8,1e+06,200,4,1227.4347874868,7.18773498523203,0.519520163615072,0.263397385546477,0.780117671832651,0.637116376498788,0.8,1.8,0.55,0.555555555555556
"power a=2.8",2.8,1e+06,200,4.05,1232.58073088071,7.19135788045055,0.524828142758673,0.267939210602487,0.787913233441935,0.64145551936494,0.8,1.8,0.555555555555556,0.555555555555556
"power a=2.8",2.8,1e+06,200,4.1,1236.52861322882,7.19481825423336,0.530006638694385,0.272427306237457,0.796165953495194,0.64568032277982,0.8,1.8,0.560975609756098,0.555555555555556
"power a=2.8",2.8,1e+06,200,4.15,1240.28459054484,7.19812611074522,0.535060654146295,0.276864258863646,0.804852942664846,0.649795642712094,0.8,1.8,0.566265060240964,0.555555555555556
"power a=2.8",2.8,1e+06,200,4.2,1243.85964153235,7.2012906773012,0.539994946900714,0.280262995820658,0.812962192103136,0.653806054714573,0.8,1.8,0.571428571428572,0.555555555555556
"power a=2.8",2.8,1e+06,200,4.25,1247.26402792291,7.20432047668793,0.54481404276661,0.282717632156637,0.820734661068838,0.657715873751923,0.8,1.8,0.576470588235294,0.555555555555556
"power a=2.8",2.8,1e+06,200,4.3,1250.50734938107,7.20722339167079,0.54952224789652,0.28625057465854,0.828183420882701,0.661529172393155,0.8,1.8,0.581395348837209,0.555555555555556
"power a=2.8",2.8,1e+06,200,4.35,1254.15888216612,7.21000672264363,0.554123660484044,0.29040906477792,0.835321179052817,0.665249797522286,0.8,1.8,0.586206896551724,0.555555555555556
"power a=2.8",2.8,1e+06,200,4.4,1257.82398534653,7.21267723924759,0.558622181857451,0.295242191753727,0.842160269507342,0.668881385704653,0.8,1.8,0.590909090909091,0.555555555555556
"power a=2.8",2.8,1e+06,200,4.45,1261.35761798928,7.21524122667474,0.563021526991182,0.300934563435338,0.848712646313937,0.672427377332201,0.8,1.8,0.595505617977528,0.555555555555556
"power a=2.8",2.8,1e+06,200,4.5,1264.76590632767,7.21770452727778,0.567325234458512,0.306683077053103,0.854989880370844,0.675891029658451,0.8,1.8,0.6,0.555555555555556
"power a=2.8",2.8,1e+06,200,4.55,1268.05459364359,7.22007257802624,0.571536675849373,0.310789894613702,0.861003158620897,0.679275428822632,0.8,1.8,0.604395604395604,0.555555555555556
"power a=2.8",2.8,1e+06,200,4.6,1271.22907084037,7.2223504442802,0.575659064677671,0.314863715305662,0.866763285397863,0.682583500952459,0.8,1.8,0.608695652173913,0.555555555555556
"power a=2.8",2.8,1e+06,200,4.65,1274.29440415385,7.22454285029287,0.579695464802335,0.31890605655776,0.872280685565268,0.685818022426128,0.8,1.8,0.612903225806452,0.555555555555556
"power a=2.8",2.8,1e+06,200,4.7,1277.2553602985,7.22665420680235,0.583648798386012,0.322199299437055,0.877565409152192,0.688981629366208,0.8,1.8,0.617021276595745,0.555555555555556
"power a=2.8",2.8,1e+06,200,4.75,1280.11642931246,7.22868863602827,0.587521853414791,0.323704543089239,0.882627137229295,0.692076826430976,0.8,1.8,0.621052631578947,0.555555555555556
"power a=2.8",2.8,1e+06,200,4.8,1282.88184533573,7.23064999435095,0.591317290801662,0.32853665856927,0.887475188802167,0.695105994962499,0.8,1.8,0.625,0.555555555555556
"power a=2.8",2.8,1e+06,200,4.85,1285.55560553017,7.23254189291749,0.595037651095638,0.333587843118433,0.892118528528705,0.698071400545084,0.8,1.8,0.628865979381443,0.555555555555556
"power a=2.8",2.8,1e+06,200,4.9,1288.14148732701,7.23436771639033,0.59868536081767,0.336888437971112,0.896565775093121,0.700975200022689,0.8,1.8,0.63265306122449,0.555555555555556
"power a=2.8",2.8,1e+06,200,4.95,1290.64306416732,7.23613064002872,0.602262738443565,0.340145203829314,0.900825210091764,0.703819448019389,0.8,1.8,0.636363636363636,0.555555555555556
"power a=2.8",2.8,1e+06,200,5,1293.06371988354,7.23783364527193,0.605772000053286,0.343359554285102,0.904904787305789,0.706606103002923,0.8,1.8,0.64,0.555555555555556
"power a=2.8",2.8,1e+06,200,5.05,1295.40666185371,7.23947953397349,0.609215264665062,0.346114140706893,0.908778644414583,0.709337032927734,0.8,1.8,0.643564356435644,0.555555555555556
"power a=2.8",2.8,1e+06,200,5.1,1297.67493304686,7.24107094141963,0.612594559271907,0.349674636966346,0.912379104331557,0.712014020490634,0.8,1.8,0.647058823529412,0.555555555555556
"power a=2.8",2.8,1e+06,200,5.15,1299.87142306503,7.24261034824978,0.61591182359723,0.353009412878387,0.915833181919449,0.714638768029312,0.8,1.8,0.650485436893204,0.555555555555556
"power a=2.8",2.8,1e+06,200,5.2,1301.99887827679,7.24410009138477,0.619168914585387,0.356307725118199,0.919146868399802,0.717212902091222,0.8,1.8,0.653846153846154,0.555555555555556
"power a=2.8",2.8,1e+06,200,5.25,1304.05991112715,7.24554237405658,0.622367610642215,0.359970304697666,0.922325922444839,0.719737977698052,0.8,1.8,0.657142857142857,0.555555555555556
"power a=2.8",2.8,1e+06,200,5.3,1306.05700870022,7.24693927502368,0.625509615639744,0.363779548499052,0.925238858046085,0.722215482328744,0.8,1.8,0.660377358490566,0.555555555555556
"power a=2.8",2.8,1e+06,200,5.35,1307.9925406033,7.24829275704739,0.628596562698584,0.367548270556303,0.927955276847927,0.724646839642175,0.8,1.8,0.663551401869159,0.555555555555556
"power a=2.8",2.8,1e+06,200,5.4,1309.86876623385,7.24960467469646,0.63163001776067,0.371277418352561,0.930569030346148,0.727033412958759,0.8,1.8,0.666666666666667,0.555555555555556
"power a=2.8",2.8,1e+06,200,5.45,1311.68784148517,7.25087678154064,0.63461148296441,0.374967918665615,0.933084160895662,0.729376508518685,0.8,1.8,0.669724770642202,0.555555555555556
"power a=2.8",2.8,1e+06,200,5.5,1313.66181713955,7.25211073678754,0.637542399833573,0.378620677407942,0.935504546013567,0.731677378533026,0.8,1.8,0.672727272727273,0.555555555555556
"power a=2.8",2.8,1e+06,200,5.55,1315.70942543922,7.25330811141197,0.640424152290608,0.382236579536022,0.937833905252815,0.733937224042638,0.8,1.8,0.675675675675676,0.555555555555556
"power a=2.8",2.8,1e+06,200,5.6,1317.69666125008,7.25447039382171,0.643258069504509,0.386517091845124,0.940075806784256,0.736157197598582,0.8,1.8,0.678571428571429,0.555555555555556
"power a=2.8",2.8,1e+06,200,5.65,1319.62554383957,7.25559899509978,0.646045428582731,0.390769058045743,0.942233673700516,0.738338405776678,0.8,1.8,0.68141592920354,0.555555555555556
"power a=2.8",2.8,1e+06,200,5.7,1321.49800732791,7.25669525385917,0.648787457116118,0.394989413172452,0.944310790054253,0.740481911537832,0.8,1.8,0.68421052631579,0.555555555555556
"power a=2.8",2.8,1e+06,200,5.75,1323.3159055165,7.2577604407426,0.651485335585303,0.399178637394426,0.946310306642581,0.742588736444859,0.8,1.8,0.68695652173913,0.555555555555556
"power a=2.8",2.8,1e+06,200,5.8,1325.08101636938,7.25879576259686,0.654140199636533,0.40403139635192,0.948235246548772,0.744659862745675,0.8,1.8,0.689655172413793,0.555555555555556
"power a=2.8",2.8,1e+06,200,5.85,1326.79504617611,7.25980236634853,0.656753142234397,0.409089832050366,0.950088510451699,0.746696235332005,0.8,1.8,0.692307692307692,0.555555555555556
"power a=2.8",2.8,1e+06,200,5.9,1328.45963342216,7.26078134260538,0.659325215698531,0.414651378781177,0.951872881712952,0.74869876358204,0.8,1.8,0.694915254237288,0.555555555555556
"power a=2.8",2.8,1e+06,200,5.95,1330.07635239032,7.2617337290055,0.661857433630924,0.420253650402222,0.953591031251021,0.750668323094821,0.8,1.8,0.697478991596639,0.555555555555556
"power a=2.8",2.8,1e+06,200,6,1331.64671651482,7.26266051333429,0.664350772740066,0.425843417419585,0.955245522211519,0.752605757323599,0.8,1.8,0.7,0.555555555555556
"power a=2.8",2.8,1e+06,200,6.05,1332.8209954382,7.26356263642769,0.666806174567841,0.430202417771036,0.956838814441948,0.754511879114821,0.8,1.8,0.702479338842975,0.555555555555556
"power a=2.8",2.8,1e+06,200,6.1,1333.66749966919,7.26444099487816,0.669224547124673,0.435562071041894,0.958373268779156,0.756387472158946,0.8,1.8,0.704918032786885,0.555555555555556
"power a=2.8",2.8,1e+06,200,6.15,1334.48083417634,7.26529644355884,0.671606766438145,0.440948205919966,0.959851151157251,0.758233292358828,0.8,1.8,0.707317073170732,0.555555555555556
"power a=2.8",2.8,1e+06,200,6.2,1335.26250592322,7.26612979797966,0.673953678019987,0.446326355221376,0.961274636543404,0.760050069120981,0.8,1.8,0.709677419354839,0.555555555555556
"power a=2.8",2.8,1e+06,200,6.25,1336.01394353475,7.2669418364882,0.676266098256045,0.451496295548445,0.96264581270866,0.761838506574677,0.8,1.8,0.712,0.555555555555556
"power a=2.8",2.8,1e+06,200,6.3,1336.73650181636,7.26773330232694,0.678544815723559,0.456471545363745,0.963966683840572,0.763599284723452,0.8,1.8,0.714285714285714,0.555555555555556
"power a=2.8",2.8,1e+06,200,6.35,1337.43146599328,7.26850490555747,0.680790592439848,0.461430041104036,0.965239174004203,0.765333060533308,0.8,1.8,0.716535433070866,0.555555555555556
"power a=2.8",2.8,1e+06,200,6.4,1338.10005568805,7.26925732486159,0.683004165046235,0.46637133773622,0.966465130457755,0.767040468961542,0.8,1.8,0.71875,0.555555555555556
"power a=2.8",2.8,1e+06,200,6.45,1338.74342865317,7.26999120922819,0.685186245930829,0.46920972288214,0.967646326828847,0.76872212392993,0.8,1.8,0.72093023255814,0.555555555555556
"power a=2.8",2.8,1e+06,200,6.5,1339.36268427452,7.2707071795341,0.687337524293566,0.470970857248309,0.968784466157224,0.77037861924567,0.8,1.8,0.723076923076923,0.555555555555556
"power a=2.8",2.8,1e+06,200,6.55,1339.95886686042,7.27140583002662,0.689458667156729,0.472700592309962,0.969881183809432,0.772010529473309,0.8,1.8,0.725190839694656,0.555555555555556
"power a=2.8",2.8,1e+06,200,6.6,1340.53296873005,7.27208772971457,0.691550320323942,0.474399947261423,0.97093805027079,0.773618410760613,0.8,1.8,0.727272727272727,0.555555555555556
"power a=2.8",2.8,1e+06,200,6.65,1341.08593311408,7.27275342367438,0.693613109290495,0.476069902731525,0.971956573819763,0.775202801621182,0.8,1.8,0.729323308270677,0.555555555555556
"power a=2.8",2.8,1e+06,200,6.7,1341.61865687958,7.27340343427706,0.695647640107679,0.478731881373769,0.97293820308966,0.776764223676388,0.8,1.8,0.73134328358209,0.555555555555556
"power a=2.8",2.8,1e+06,200,6.75,1342.13199309043,7.27403826234153,0.697654500203636,0.48174284283231,0.973884329522352,0.778303182359072,0.8,1.8,0.733333333333333,0.555555555555556
"power a=2.8",2.8,1e+06,200,6.8,1342.62675341368,7.27465838821936,0.69963425916312,0.484738384745759,0.974796289718546,0.779820167581249,0.8,1.8,0.735294117647059,0.555555555555556
"power a=2.8",2.8,1e+06,200,6.85,1343.10371038176,7.27526427281553,0.70158746946839,0.487718640515955,0.975675367688967,0.781315654367941,0.8,1.8,0.737226277372263,0.555555555555556
"power a=2.8",2.8,1e+06,200,6.9,1343.56359951966,7.27585635854956,0.70351466720335,0.490683730949246,0.976522797010597,0.78279010345912,0.8,1.8,0.739130434782609,0.555555555555556
"power a=2.8",2.8,1e+06,200,6.95,1344.00712134555,7.27643507026089,0.705416372722941,0.492876868977287,0.977339762891998,0.78424396188159,0.8,1.8,0.741007194244604,0.555555555555556
"power a=2.8",2.8,1e+06,200,7,1344.43494325302,7.27700081606229,0.707293091289621,0.494121255789747,0.978127404151544,0.785677663492556,0.8,1.8,0.742857142857143,0.555555555555556
"power a=2.8",2.8,1e+06,200,7.05,1344.84770128226,7.2775539881447,0.709145313678749,0.495367213076616,0.978886815112252,0.78709162949649,0.8,1.8,0.74468085106383,0.555555555555556
"power a=2.8",2.8,1e+06,200,7.1,1345.24600178728,7.27809496353648,0.710973516754496,0.496601791617225,0.979619047416755,0.788486268936811,0.8,1.8,0.746478873239437,0.555555555555556
"power a=2.8",2.8,1e+06,200,7.15,1345.63042300551,7.27862410482028,0.712778164017892,0.497825188613205,0.980325111765793,0.789861979163795,0.8,1.8,0.748251748251748,0.555555555555556
"power a=2.8",2.8,1e+06,200,7.2,1346.00151653617,7.27914176081001,0.714559706128467,0.499191445302377,0.981005979583493,0.791219146280055,0.8,1.8,0.75,0.555555555555556
"power a=2.8",2.8,1e+06,200,7.25,1346.35980873281,7.27964826719055,0.716318581400899,0.500793791620957,0.981662584612534,0.792558145564827,0.8,1.8,0.751724137931035,0.555555555555556
"power a=2.8",2.8,1e+06,200,7.3,1346.70580201553,7.28014394712249,0.71805521627799,0.504657611135864,0.982295824442211,0.793879341878251,0.8,1.8,0.753424657534247,0.555555555555556
"power a=2.8",2.8,1e+06,200,7.35,1347.03997610786,7.28062911181413,0.719770025781215,0.508292541940182,0.98290656197224,0.795183090046726,0.8,1.8,0.755102040816327,0.555555555555556
"power a=2.8",2.8,1e+06,200,7.4,1347.36278920281,7.28110406106275,0.721463413940021,0.511818351734438,0.983495626815061,0.79646973523038,0.8,1.8,0.756756756756757,0.555555555555556
"power a=2.8",2.8,1e+06,200,7.45,1347.67467906265,7.28156908376692,0.723135774200997,0.514936446486493,0.984063816639277,0.797739613273635,0.8,1.8,0.758389261744966,0.555555555555556
"power a=2.8",2.8,1e+06,200,7.5,1347.97606405629,7.28202445841187,0.724787489817951,0.518224051078934,0.984611898456725,0.798993051039754,0.8,1.8,0.76,0.555555555555556
"power a=2.8",2.8,1e+06,200,7.55,1348.26734413826,7.28247045352925,0.726418934223904,0.521757019473666,0.985140609855618,0.800230366730245,0.8,1.8,0.76158940397351,0.555555555555556
"power a=2.8",2.8,1e+06,200,7.6,1348.54890177268,7.28290732813304,0.728030471385925,0.525096287297994,0.985650660182056,0.801451870189924,0.8,1.8,0.763157894736842,0.555555555555556
"power a=2.8",2.8,1e+06,200,7.65,1348.82110280568,7.28333533213294,0.729622456143704,0.528345913782673,0.986142731672122,0.802657863198387,0.8,1.8,0.764705882352941,0.555555555555556
"power a=2.8",2.8,1e+06,200,7.7,1349.08429728936,7.28375470672651,0.731195234532691,0.530808819968616,0.986617480536684,0.803848639748607,0.8,1.8,0.766233766233766,0.555555555555556
"power a=2.8",2.8,1e+06,200,7.75,1349.33882026013,7.28416568477145,0.732749144092605,0.531801407725664,0.987075538000929,0.805024486313334,0.8,1.8,0.767741935483871,0.555555555555556
"power a=2.8",2.8,1e+06,200,7.8,1349.5849924743,7.28456849113908,0.734284514162049,0.532791259581112,0.987517511300577,0.806185682099916,0.8,1.8,0.769230769230769,0.555555555555556
"power a=2.8",2.8,1e+06,200,7.85,1350.07640602084,7.28496334305006,0.735801666159952,0.533778429590926,0.987943984636621,0.807332499294147,0.8,1.8,0.770700636942675,0.555555555555556
"power a=2.8",2.8,1e+06,200,7.9,1350.88697478102,7.28535045039349,0.737300913854498,0.535155112823869,0.988355520090392,0.808465203293703,0.8,1.8,0.772151898734177,0.555555555555556
"power a=2.8",2.8,1e+06,200,7.95,1351.6807015285,7.28573001603029,0.738782563620179,0.536579231037829,0.98875265850063,0.80958405293168,0.8,1.8,0.773584905660377,0.555555555555556
"power a=2.8",2.8,1e+06,200,8,1352.45792835378,7.28610223608166,0.740246914683578,0.538372682693531,0.989135920304203,0.81068930069076,0.8,1.8,0.775,0.555555555555556
"power a=3.31",3.31,100,2000,0,1,0,0.01,0.01,0.01,0.01,1.31,2.31,0,0
"power a=3.31",3.31,100,2000,0.05,1.0163042932517,0.0191699493693638,0.0100051542278622,0.0100039323565191,0.0100061260120553,0.0110434256611575,1.31,2.31,0,0
"power a=3.31",3.31,100,2000,0.1,1.03355118487888,0.0394207729419806,0.0100219014793443,0.0100164661430711,0.0100261352540092,0.0121998232080586,1.31,2.31,0,0
"power a=3.31",3.31,100,2000,0.15,1.05193484220472,0.060780172073223,0.0100524563449091,0.010038871745783,0.0100624429703869,0.0134815855191317,1.31,2.31,0,0
"power a=3.31",3.31,100,2000,0.2,1.07157564355077,0.0832688233850965,0.0100994908339784,0.0100722855041857,0.0101185993516681,0.0149023904931934,1.31,2.31,0,0
"power a=3.31",3.31,100,2000,0.25,1.09222607670163,0.106899462362408,0.0101662471526556,0.0101185759271639,0.0101981213404236,0.0164772927090787,1.31,2.31,0,0
"power a=3.31",3.31,100,2000,0.3,1.11423181794118,0.131676102004759,0.0102566804332213,0.0101790473457096,0.0103049631542692,0.018222803600804,1.31,2.31,0,0
"power a=3.31",3.31,100,2000,0.35,1.13738792150239,0.157593406281836,0.0103756381663955,0.0102557108057413,0.0104442316795201,0.0201569511969284,1.31,2.31,0,0
"power a=3.31",3.31,100,2000,0.4,1.16195374493347,0.184636230614646,0.0105290831346645,0.0103523305116435,0.0106207399321299,0.0222993074661938,1.31,2.31,0,0
"power a=3.31",3.31,100,2000,0.45,1.18766901251299,0.21277933520556,0.0107243652928805,0.0104674242511544,0.0108414434601116,0.0246709679615789,1.31,2.31,0,0
"power a=3.31",3.31,100,2000,0.5,1.21538978233729,0.241987272542863,0.0109705442406711,0.0106043823514477,0.0111196292943005,0.0272944651868308,1.31,2.31,0,0
"power a=3.31",3.31,100,2000,0.55,1.2446629126681,0.272214448214378,0.0112787564187117,0.010763714538952,0.0114589867839533,0.0301935947206258,1.31,2.31,0,0
"power a=3.31",3.31,100,2000,0.6,1.27568023219959,0.303405354116568,0.011662608897167,0.0109483827756075,0.0118678480010674,0.0333931328554331,1.31,2.31,0,0
"power a=3.31",3.31,100,2000,0.65,1.30757210317047,0.33549497444195,0.0121385646818608,0.0111665973432304,0.0123577305330355,0.0369184278993295,1.31,2.31,0,0
"power a=3.31",3.31,100,2000,0.7,1.34138075960706,0.368409366124814,0.0127262652680431,0.0114244633703916,0.012946165990251,0.0407948558127383,1.31,2.31,0,0
"power a=3.31",3.31,100,2000,0.75,1.37677609525762,0.402066415113382,0.0134487203982134,0.0117189188125412,0.0136488098989681,0.0450471450822382,1.31,2.31,0,0
"power a=3.31",3.31,100,2000,0.8,1.41467909916865,0.436376766513313,0.014332290771227,0.0120494021330213,0.0145029056817409,0.0496985944101281,1.31,2.31,0,0
"power a=3.31",3.31,100,2000,0.85,1.45446923432579,0.471244919699725,0.0154064038607415,0.0124264329569974,0.0154957989446872,0.0547702263536845,1.31,2.31,0,0
"power a=3.31",3.31,100,2000,0.9,1.49595181055084,0.506570469541992,0.0167029766896059,0.0128526653178664,0.0167023499604182,0.0602799353602514,1.31,2.31,0,0
"power a=3.31",3.31,100,2000,0.95,1.5403496711934,0.542249463763675,0.0182555636315752,0.0133193480807611,0.0180598690601365,0.0662416951524899,1.31,2.31,0,0
"power a=3.31",3.31,100,2000,1,1.58573108402056,0.578175836594855,0.0200982875277109,0.0138493500958875,0.0197111541048694,0.0726648864719206,1.31,2.31,0,0
"power a=3.31",3.31,100,2000,1.05,1.63214232252095,0.614242872312558,0.0222646373055326,0.014439294782589,0.0216387771246666,0.0795537938045102,1.31,2.31,0,0
"power a=3.31",3.31,100,2000,1.1,1.68076756312038,0.650344649953253,0.0247862235410752,0.0151133214487319,0.0238290354710494,0.0869073029743818,1.31,2.31,0,0
"power a=3.31",3.31,100,2000,1.15,1.7330371648667,0.686377422222482,0.0276915815127306,0.0158604955095528,0.0264208822383882,0.0947188139769712,1.31,2.31,0,0
"power a=3.31",3.31,100,2000,1.2,1.78487717792576,0.72224088659585,0.031005105386723,0.016644713739605,0.0292346228573775,0.102976366846558,1.31,2.31,0,0
"power a=3.31",3.31,100,2000,1.25,1.84086638290297,0.757839313914514,0.0347461875965987,0.0175070582776658,0.0324807276260466,0.111662963174769,1.31,2.31,0,0
"power a=3.31",3.31,100,2000,1.3,1.89968560409748,0.793082508697404,0.0389286207064424,0.018487523199239,0.0360876896079901,0.120757052673109,1.31,2.31,0,0
"power a=3.31",3.31,100,2000,1.35,1.96136995424467,0.827886585255824,0.0435602931978632,0.0195407722948093,0.0404485408724638,0.130233144155656,1.31,2.31,0,0.0173160173160173
"power a=3.31",3.31,100,2000,1.4,2.02214887118533,0.862174553750111,0.0486431786863573,0.0207158774796131,0.0451076692025965,0.140062494961388,1.31,2.31,0,0.038961038961039
"power a=3.31",3.31,100,2000,1.45,2.08757846835044,0.895876719725255,0.0541735867830349,0.022008563222009,0.050582554941578,0.150213832909635,1.31,2.31,0,0.0606060606060607
"power a=3.31",3.31,100,2000,1.5,2.15096881737801,0.928930908604921,0.0601426201281039,0.0233276424640183,0.056404552975225,0.160654069972033,1.31,2.31,0,0.0822510822510822
"power a=3.31",3.31,100,2000,1.55,2.21575562929172,0.961282532543999,0.066536770223941,0.0248517307754763,0.0628669294155533,0.171348975484367,1.31,2.31,0,0.103896103896104
"power a=3.31",3.31,100,2000,1.6,2.28168336998424,0.992884520712811,0.0733385849996515,0.0264998165465956,0.0703951947413116,0.182263786943689,1.31,2.31,0,0.125541125541126
"power a=3.31",3.31,100,2000,1.65,2.3495702093755,1.02369713562664,0.0805273509125332,0.0283848657702983,0.0781845080684342,0.193363746373999,1.31,2.31,0,0.147186147186147
"power a=3.31",3.31,100,2000,1.7,2.42200332001008,1.05368769791233,0.0880797476785157,0.0302508134797843,0.0864006552640233,0.204614558547217,1.31,2.31,0,0.168831168831169
"power a=3.31",3.31,100,2000,1.75,2.4860390511342,1.08283024041874,0.095970450215423,0.0322858090939002,0.0953190068140248,0.215982773335155,1.31,2.31,0,0.19047619047619
"power a=3.31",3.31,100,2000,1.8,2.5559736981488,1.11110511034184,0.104172666822805,0.0345020143949435,0.105683651170645,0.227436098074833,1.31,2.31,0,0.212121212121212
"power a=3.31",3.31,100,2000,1.85,2.62770754257483,1.13849853548544,0.112658613150975,0.0367851159405013,0.115971141954574,0.238943647419044,1.31,2.31,0,0.233766233766234
"power a=3.31",3.31,100,2000,1.9,2.70294297367233,1.16500216823808,0.121399927644741,0.0393825138233114,0.127339703175685,0.250476138298541,1.31,2.31,0,0.255411255411255
"power a=3.31",3.31,100,2000,1.95,2.78561320586803,1.19061261851084,0.130368036439229,0.0420250148714013,0.14020164200794,0.262006036951994,1.31,2.31,0,0.277056277056277
"power a=3.31",3.31,100,2000,2,2.86039670181454,1.21533098484155,0.13953447526547,0.0448941187691693,0.15232470141756,0.273507663993899,1.31,2.31,0,0.298701298701299
"power a=3.31",3.31,100,2000,2.05,2.92825573975571,1.23916239114108,0.148871174053062,0.0478943485522757,0.166068979254582,0.284957262535791,1.31,2.31,0,0.32034632034632
"power a=3.31",3.31,100,2000,2.1,3.00087282702349,1.26211553510548,0.158350707669377,0.0510565794254261,0.180628153165403,0.296333033633534,1.31,2.31,0,0.341991341991342
"power a=3.31",3.31,100,2000,2.15,3.07027871459338,1.28420225309483,0.167946514333717,0.0543521121863663,0.193842795559894,0.307615142850931,1.31,2.31,0,0.363636363636364
"power a=3.31",3.31,100,2000,2.2,3.1381301294087,1.30543710523386,0.1776330820447,0.058017147010388,0.207769308040385,0.318785701469738,1.31,2.31,0,0.385281385281385
"power a=3.31",3.31,100,2000,2.25,3.20863321371755,1.32583698358128,0.187386102914832,0.061653320004832,0.22334612667668,0.329828725761376,1.31,2.31,0,0.406926406926407
"power a=3.31",3.31,100,2000,2.3,3.27533028742453,1.34542074541523,0.197182595482032,0.0654022244951304,0.238192259272975,0.340730077684048,1.31,2.31,0,0.428571428571429
"power a=3.31",3.31,100,2000,2.35,3.35012624385256,1.36420887297468,0.207000995643919,0.0693563982561939,0.254404387362113,0.351477390314477,1.31,2.31,0.0170212765957447,0.432900432900433
"power a=3.31",3.31,100,2000,2.4,3.41262552483921,1.38222316037254,0.216821217612345,0.0735171943909312,0.270626124850078,0.362059981223729,1.31,2.31,0.0375000000000001,0.432900432900433
"power a=3.31",3.31,100,2000,2.45,3.48312256147289,1.399486427853,0.226624687030447,0.077760817248342,0.286100650745398,0.372468756842779,1.31,2.31,0.0571428571428572,0.432900432900433
"power a=3.31",3.31,100,2000,2.5,3.56042486408654,1.41602226310051,0.23639434901039,0.0821386123473827,0.302217103007466,0.382696110635476,1.31,2.31,0.076,0.432900432900433
"power a=3.31",3.31,100,2000,2.55,3.63017957001616,1.43185478892112,0.246114654273719,0.0865171165585241,0.317936034704776,0.39273581761597,1.31,2.31,0.0941176470588236,0.432900432900433
"power a=3.31",3.31,100,2000,2.6,3.69535202712364,1.4470084563044,0.25577152679213,0.0913856536459814,0.332393272670527,0.402582927432168,1.31,2.31,0.111538461538462,0.432900432900433
"power a=3.31",3.31,100,2000,2.65,3.76060703608085,1.46150786163309,0.265352316350663,0.095817115362149,0.349926115661395,0.412233657905328,1.31,2.31,0.128301886792453,0.432900432900433
"power a=3.31",3.31,100,2000,2.7,3.82731905370793,1.47537758663088,0.27484573932235,0.100520153114834,0.365117832323871,0.421685290585586,1.31,2.31,0.144444444444444,0.432900432900433
"power a=3.31",3.31,100,2000,2.75,3.88975434338167,1.48864205952101,0.284241810694683,0.106304630661981,0.381909808147124,0.430936069567974,1.31,2.31,0.16,0.432900432900433
"power a=3.31",3.31,100,2000,2.8,3.9449186282758,1.50132543580036,0.293531770064907,0.111492230218681,0.39803963805578,0.43998510452325,1.31,2.31,0.175,0.432900432900433
"power a=3.31",3.31,100,2000,2.85,3.99282097817274,1.51345149700943,0.302708003959268,0.116121875940532,0.415784308702051,0.448832278638821,1.31,2.31,0.189473684210526,0.432900432900433
"power a=3.31",3.31,100,2000,2.9,4.04594261931194,1.52504356588871,0.311763966459968,0.121353706405645,0.433480491359072,0.457478161940279,1.31,2.31,0.203448275862069,0.432900432900433
"power a=3.31",3.31,100,2000,2.95,4.10663377336177,1.53612443635055,0.320694099764243,0.126351907147205,0.446874010642403,0.465923930273988,1.31,2.31,0.216949152542373,0.432900432900433
"power a=3.31",3.31,100,2000,3,4.1669046783578,1.5467163167556,0.329493755967349,0.131722035225425,0.4619995239316,0.474171290074414,1.31,2.31,0.23,0.432900432900433
"power a=3.31",3.31,100,2000,3.05,4.21643440125541,1.55684078505841,0.33815912106391,0.13696278626804,0.475141350551578,0.482222408913871,1.31,2.31,0.242622950819672,0.432900432900433
"power a=3.31",3.31,100,2000,3.1,4.27133253808883,1.56651875447314,0.34668714190403,0.142743243512021,0.489671355219847,0.490079851733794,1.31,2.31,0.254838709677419,0.432900432900433
"power a=3.31",3.31,100,2000,3.15,4.33159937916999,1.5757704484033,0.355075456622358,0.147775227735773,0.504257770979389,0.497746522581933,1.31,2.31,0.266666666666667,0.432900432900433
"power a=3.31",3.31,100,2000,3.2,4.38149097383047,1.58461538347571,0.363322328878035,0.153121633040742,0.517595477139676,0.505225611625354,1.31,2.31,0.278125,0.432900432900433
"power a=3.31",3.31,100,2000,3.25,4.42865182464702,1.59307235961539,0.371426586097801,0.159253752075334,0.528685365524727,0.512520547171498,1.31,2.31,0.289230769230769,0.432900432900433
"power a=3.31",3.31,100,2000,3.3,4.47453878337957,1.60115945619329,0.379387561799549,0.16542980218276,0.544560237864804,0.519634952405598,1.31,2.31,0.3,0.432900432900433
"power a=3.31",3.31,100,2000,3.35,4.51542170823109,1.60889403337078,0.387205041984738,0.171204634298465,0.557140418851746,0.526572606539738,1.31,2.31,0.31044776119403,0.432900432900433
"power a=3.31",3.31,100,2000,3.4,4.55318956277526,1.61629273785262,0.394879215521377,0.176388950384269,0.570903964721257,0.533337410064444,1.31,2.31,0.320588235294118,0.432900432900433
"power a=3.31",3.31,100,2000,3.45,4.58890708427806,1.62337151234263,0.402410628390522,0.180946206316033,0.58241456494135,0.53993335379585,1.31,2.31,0.330434782608696,0.432900432900433
"power a=3.31",3.31,100,2000,3.5,4.62688541528161,1.63014560807383,0.409800141635241,0.186556231006381,0.593612250847879,0.546364491418553,1.31,2.31,0.34,0.432900432900433
"power a=3.31",3.31,100,2000,3.55,4.66373301910428,1.63662959985617,0.417048892828471,0.191702779225108,0.607588324429232,0.552634915234917,1.31,2.31,0.349295774647887,0.432900432900433
"power a=3.31",3.31,100,2000,3.6,4.70190124790092,1.64283740315093,0.424158260862844,0.197259486270368,0.621076624026043,0.558748734844698,1.31,2.31,0.358333333333333,0.432900432900433
"power a=3.31",3.31,100,2000,3.65,4.73069337424784,1.64878229274071,0.431129833859059,0.202813288953054,0.632442942680643,0.564710058493561,1.31,2.31,0.367123287671233,0.432900432900433
"power a=3.31",3.31,100,2000,3.7,4.75729461499474,1.65447692261906,0.437965379988238,0.208143705257126,0.643071836208032,0.570522976844733,1.31,2.31,0.375675675675676,0.432900432900433
"power a=3.31",3.31,100,2000,3.75,4.78142517719773,1.65993334677253,0.444666821006328,0.213491887289493,0.653961060731286,0.576191548944069,1.31,2.31,0.384,0.432900432900433
"power a=3.31",3.31,100,2000,3.8,4.81053713810699,1.66516304057298,0.451236208304139,0.218703536987968,0.66584410448608,0.581719790164931,1.31,2.31,0.392105263157895,0.432900432900433
"power a=3.31",3.31,100,2000,3.85,4.84423786259338,1.67017692253738,0.45767570128396,0.223578408797718,0.677428205833468,0.587111661935052,1.31,2.31,0.4,0.432900432900433
"power a=3.31",3.31,100,2000,3.9,4.86719893572385,1.67498537624811,0.463987547882454,0.228429095675385,0.687352446337407,0.592371063062929,1.31,2.31,0.407692307692308,0.432900432900433
"power a=3.31",3.31,100,2000,3.95,4.8944603093785,1.67959827225814,0.470174067068956,0.233500999352415,0.697823271404403,0.59750182249598,1.31,2.31,0.415189873417722,0.432900432900433
"power a=3.31",3.31,100,2000,4,4.92578444709567,1.68402498983366,0.476237633158196,0.237837236452118,0.708386620605814,0.602507693356695,1.31,2.31,0.4225,0.432900432900433
"power a=3.31",3.31,100,2000,4.05,4.94892280585337,1.68827443841129,0.482180661786483,0.241653330160319,0.71669134411936,0.607392348116213,1.31,2.31,0.42962962962963,0.432900432900433
"power a=3.31",3.31,100,2000,4.1,4.97098563483276,1.69235507866861,0.488005597410245,0.247132494091646,0.725142959346919,0.612159374777167,1.31,2.31,0.436585365853659,0.432900432900433
"power a=3.31",3.31,100,2000,4.15,4.99121206213219,1.69627494312604,0.493714902195532,0.251979281865208,0.732003943655011,0.616812273949203,1.31,2.31,0.443373493975904,0.432900432900433
"power a=3.31",3.31,100,2000,4.2,5.01132905756805,1.70004165621435,0.499311046176403,0.257291955440864,0.739444128636555,0.621354456711356,1.31,2.31,0.45,0.432900432900433
"power a=3.31",3.31,100,2000,4.25,5.03095996567732,1.70366245375672,0.504796498569023,0.262259236304215,0.747861454420101,0.625789243165467,1.31,2.31,0.456470588235294,0.432900432900433
"power a=3.31",3.31,100,2000,4.3,5.05347682504012,1.70714420182668,0.510173720136817,0.267905989025993,0.756477420207377,0.630119861594002,1.31,2.31,0.462790697674419,0.432900432900433
"power a=3.31",3.31,100,2000,4.35,5.08041677931443,1.71049341495392,0.515445156509979,0.271449226137138,0.763747514700045,0.634349448144192,1.31,2.31,0.468965517241379,0.432900432900433
"power a=3.31",3.31,100,2000,4.4,5.1024606893186,1.71371627365937,0.52061323237021,0.276376563566927,0.768995492469611,0.638481046968166,1.31,2.31,0.475,0.432900432900433
"power a=3.31",3.31,100,2000,4.45,5.12320659432009,1.71681864130864,0.525680346418594,0.28100840033242,0.776540695032932,0.642517610755957,1.31,2.31,0.480898876404494,0.432900432900433
"power a=3.31",3.31,100,2000,4.5,5.14027376019074,1.71980608027948,0.530648867051115,0.286438337990031,0.782384494669778,0.64646200160476,1.31,2.31,0.486666666666667,0.432900432900433
"power a=3.31",3.31,100,2000,4.55,5.1592890096961,1.72268386744492,0.535521128672488,0.290602117656477,0.789307827837004,0.650316992173871,1.31,2.31,0.492307692307692,0.432900432900433
"power a=3.31",3.31,100,2000,4.6,5.17397604635558,1.72545700897786,0.540299428584666,0.294927325106895,0.796495279378794,0.654085267080119,1.31,2.31,0.497826086956522,0.432900432900433
"power a=3.31",3.31,100,2000,4.65,5.19117781362369,1.72813025448724,0.54498602439175,0.300031012203434,0.803464194867614,0.657769424493628,1.31,2.31,0.503225806451613,0.432900432900433
"power a=3.31",3.31,100,2000,4.7,5.20898430640501,1.73070811049873,0.549583131867901,0.304603924916888,0.810245761711832,0.6613719778982,1.31,2.31,0.508510638297872,0.432900432900433
"power a=3.31",3.31,100,2000,4.75,5.22237079344512,1.73319485329564,0.554092923239493,0.308417086149327,0.81533956655045,0.664895357984745,1.31,2.31,0.513684210526316,0.432900432900433
"power a=3.31",3.31,100,2000,4.8,5.23372393524873,1.73559454113749,0.558517525836926,0.313477718309392,0.821624913336848,0.668341914649841,1.31,2.31,0.51875,0.432900432900433
"power a=3.31",3.31,100,2000,4.85,5.24681022860283,1.73791102587564,0.56285902107546,0.317202860582833,0.828190338486476,0.671713919074885,1.31,2.31,0.523711340206186,0.432900432900433
"power a=3.31",3.31,100,2000,4.9,5.2598854786831,1.74014796398593,0.567119443728042,0.320230410070385,0.83435567078546,0.675013565864283,1.31,2.31,0.528571428571429,0.432900432900433
"power a=3.31",3.31,100,2000,4.95,5.27248840577003,1.74230882703972,0.571300781456446,0.324025484201252,0.840863052243363,0.678242975223869,1.31,2.31,0.533333333333333,0.432900432900433
"power a=3.31",3.31,100,2000,5,5.2847504340792,1.7443969116347,0.575404974570112,0.327843238203253,0.84644740386421,0.681404195163159,1.31,2.31,0.538,0.432900432900433
"power a=3.31",3.31,100,2000,5.05,5.29785204186506,1.74641534880744,0.579433915984924,0.33081919169808,0.851161232689482,0.684499203707262,1.31,2.31,0.542574257425743,0.432900432900433
"power a=3.31",3.31,100,2000,5.1,5.30871039129259,1.74836711294953,0.583389451356776,0.335464336604669,0.855728240406414,0.687529911106205,1.31,2.31,0.547058823529412,0.432900432900433
"power a=3.31",3.31,100,2000,5.15,5.31996675556498,1.7502550302492,0.587273379367186,0.339835777686136,0.860370395374103,0.690498162031205,1.31,2.31,0.551456310679612,0.432900432900433
"power a=3.31",3.31,100,2000,5.2,5.33077075416195,1.75208178667985,0.591087452140411,0.343216123768508,0.865263439435786,0.693405737748965,1.31,2.31,0.555769230769231,0.432900432900433
"power a=3.31",3.31,100,2000,5.25,5.34027300521807,1.75384993555681,0.594833375773575,0.34690495743604,0.869830524846522,0.696254358266485,1.31,2.31,0.56,0.432900432900433
"power a=3.31",3.31,100,2000,5.3,5.35038753969959,1.75556190468286,0.598512810963145,0.350751630877115,0.873913219589353,0.699045684440082,1.31,2.31,0.564150943396226,0.432900432900433
"power a=3.31",3.31,100,2000,5.35,5.36067536127425,1.75722000310284,0.602127373712824,0.354772421873107,0.877799812399108,0.701781320043445,1.31,2.31,0.568224299065421,0.432900432900433
"power a=3.31",3.31,100,2000,5.4,5.37025782564552,1.75882642748687,0.605678636109481,0.359134612913065,0.882188742966593,0.70446281379048,1.31,2.31,0.572222222222222,0.432900432900433
"power a=3.31",3.31,100,2000,5.45,5.37953482590057,1.76038326816104,0.609168127155142,0.363079084571312,0.886314696793387,0.707091661309579,1.31,2.31,0.576146788990826,0.432900432900433
"power a=3.31",3.31,100,2000,5.5,5.38850351632416,1.76189251480388,0.612597333644393,0.366700444227626,0.890825358823031,0.70966930706668,1.31,2.31,0.58,0.432900432900433
"power a=3.31",3.31,100,2000,5.55,5.39717717772555,1.76335606182617,0.615967701077711,0.370082463520736,0.894646764895954,0.712197146235142,1.31,2.31,0.583783783783784,0.432900432900433
"power a=3.31",3.31,100,2000,5.6,5.40556844156928,1.76477571345091,0.619280634602318,0.374128808847552,0.897924876899496,0.714676526511022,1.31,2.31,0.5875,0.432900432900433
"power a=3.31",3.31,100,2000,5.65,5.4147741648872,1.76615318850958,0.622537499973134,0.377678693521924,0.901565898981606,0.717108749872861,1.31,2.31,0.591150442477876,0.432900432900433
"power a=3.31",3.31,100,2000,5.7,5.42501170671814,1.76749012497012,0.625739624527287,0.380518039566304,0.90525864486315,0.719495074285473,1.31,2.31,0.594736842105263,0.432900432900433
"power a=3.31",3.31,100,2000,5.75,5.43526914867513,1.76878808421137,0.628888298166443,0.384458300984686,0.908429947532862,0.721836715347639,1.31,2.31,0.598260869565217,0.432900432900433
"power a=3.31",3.31,100,2000,5.8,5.44292810631531,1.77004855505795,0.631984774341947,0.387490874963223,0.911564715348308,0.724134847883897,1.31,2.31,0.601724137931035,0.432900432900433
"power a=3.31",3.31,100,2000,5.85,5.45205577580893,1.77127295758893,0.6350302710384,0.391198271145067,0.914628853685816,0.726390607480893,1.31,2.31,0.605128205128205,0.432900432900433
"power a=3.31",3.31,100,2000,5.9,5.45853932392103,1.77246264673307,0.638025971751929,0.39490352250741,0.917926828489121,0.728605091968998,1.31,2.31,0.608474576271187,0.432900432900433
"power a=3.31",3.31,100,2000,5.95,5.4646160385966,1.77361891566247,0.640973026459881,0.398342085180848,0.920505812469774,0.730779362850046,1.31,2.31,0.611764705882353,0.432900432900433
"power a=3.31",3.31,100,2000,6,5.47089829917732,1.77474299899623,0.643872552579191,0.400596505941674,0.923247826067742,0.732914446672253,1.31,2.31,0.615,0.432900432900433
"power a=3.31",3.31,100,2000,6.05,5.47808315340754,1.77583607582492,0.646725635911078,0.403769249767528,0.925768856942091,0.735011336353462,1.31,2.31,0.618181818181818,0.432900432900433
"power a=3.31",3.31,100,2000,6.1,5.4849724819141,1.77689927256596,0.649533331570108,0.408269549354258,0.928201639083363,0.737070992453979,1.31,2.31,0.621311475409836,0.432900432900433
"power a=3.31",3.31,100,2000,6.15,5.48965038975018,1.77793366565974,0.652296664895988,0.411955953287267,0.930552728185123,0.739094344400343,1.31,2.31,0.624390243902439,0.432900432900433
"power a=3.31",3.31,100,2000,6.2,5.49484008292255,1.77894028411562,0.655016632346785,0.414735210291348,0.933010747794998,0.741082291661426,1.31,2.31,0.62741935483871,0.432900432900433
"power a=3.31",3.31,100,2000,6.25,5.50022891178034,1.77992011191636,0.657694202372496,0.416806153855563,0.935398208333402,0.743035704878302,1.31,2.31,0.6304,0.432900432900433
"power a=3.31",3.31,100,2000,6.3,5.5054758128632,1.78087409028928,0.66033031626814,0.419640012031448,0.937621398464851,0.744955426949368,1.31,2.31,0.633333333333333,0.432900432900433
"power a=3.31",3.31,100,2000,6.35,5.510585505614,1.78180311985175,0.662925889005777,0.42281661674397,0.939971080394753,0.74684227407218,1.31,2.31,0.636220472440945,0.432900432900433
"power a=3.31",3.31,100,2000,6.4,5.51556252035036,1.78270806263835,0.665481810044987,0.426230136794252,0.942450858449634,0.748697036743515,1.31,2.31,0.6390625,0.432900432900433
"power a=3.31",3.31,100,2000,6.45,5.51903996573388,1.7835897440165,0.667998944121555,0.429461859040292,0.944405992197164,0.750520480719129,1.31,2.31,0.641860465116279,0.432900432900433
"power a=3.31",3.31,100,2000,6.5,5.52229647527906,1.78444895449707,0.670478132014207,0.433272870147158,0.946333662825924,0.752313347934691,1.31,2.31,0.644615384615385,0.432900432900433
"power a=3.31",3.31,100,2000,6.55,5.52547656198953,1.78528645144601,0.672920191289383,0.435566305495776,0.948191296821075,0.754076357389345,1.31,2.31,0.647328244274809,0.432900432900433
"power a=3.31",3.31,100,2000,6.6,5.53056706876271,1.78610296070271,0.675325917024122,0.438769314792824,0.950046226464695,0.755810205993334,1.31,2.31,0.65,0.432900432900433
"power a=3.31",3.31,100,2000,6.65,5.53671932921935,1.78689917811061,0.677696082507234,0.442400777517508,0.951702921773479,0.757515569381074,1.31,2.31,0.652631578947368,0.432900432900433
"power a=3.31",3.31,100,2000,6.7,5.542755132098,1.78767577096496,0.680031439919007,0.445702693070178,0.953227286566629,0.759193102691068,1.31,2.31,0.655223880597015,0.432900432900433
"power a=3.31",3.31,100,2000,6.75,5.54623047003794,1.78843337938266,0.682332720989742,0.449342728536834,0.95481568605652,0.760843441313973,1.31,2.31,0.657777777777778,0.432900432900433
"power a=3.31",3.31,100,2000,6.8,5.54931216879493,1.78917261759855,0.68460063763749,0.451777567495449,0.956341852973397,0.762467201610137,1.31,2.31,0.660294117647059,0.432900432900433
"power a=3.31",3.31,100,2000,6.85,5.55230803821588,1.78989407519257,0.68683588258539,0.454815363744759,0.957807992856722,0.764064981597843,1.31,2.31,0.662773722627737,0.432900432900433
"power a=3.31",3.31,100,2000,6.9,5.55522152945732,1.79059831825147,0.68903912995904,0.457635151582692,0.959295930843214,0.765637361613504,1.31,2.31,0.665217391304348,0.432900432900433
"power a=3.31",3.31,100,2000,6.95,5.55805593268659,1.7912858904692,0.691211035864379,0.459745015361176,0.960736916992693,0.767184904944959,1.31,2.31,0.667625899280575,0.432900432900433
"power a=3.31",3.31,100,2000,7,5.56093668261151,1.79195731418909,0.693352238946558,0.462639050211593,0.962148972614638,0.76870815843903,1.31,2.31,0.67,0.432900432900433
"power a=3.31",3.31,100,2000,7.05,5.56495597953584,1.7926130913915,0.695463360930303,0.464186682549011,0.9635078422275,0.770207653084424,1.31,2.31,0.672340425531915,0.432900432900433
"power a=3.31",3.31,100,2000,7.1,5.56887900339029,1.79325370462983,0.697545007142294,0.466017082490046,0.964812192346034,0.771683904571036,1.31,2.31,0.674647887323944,0.432900432900433
"power a=3.31",3.31,100,2000,7.15,5.57270862998352,1.79387961791782,0.699597767016073,0.468255767937489,0.966069686928714,0.77313741382667,1.31,2.31,0.676923076923077,0.432900432900433
"power a=3.31",3.31,100,2000,7.2,5.57678251150824,1.79449127757112,0.701622214580008,0.471236108530947,0.967142440116699,0.774568667532148,1.31,2.31,0.679166666666667,0.432900432900433
"power a=3.31",3.31,100,2000,7.25,5.58014558565974,1.79508911300534,0.703618908928839,0.472803537600883,0.968147817161672,0.775978138615752,1.31,2.31,0.681379310344828,0.432900432900433
"power a=3.31",3.31,100,2000,7.3,5.58366447822824,1.79567353749345,0.70558839467933,0.47615527663922,0.969332402572712,0.77736628672788,1.31,2.31,0.683561643835616,0.432900432900433
"power a=3.31",3.31,100,2000,7.35,5.58714742250126,1.79624494888448,0.707531202410539,0.479543492804545,0.9705778503587,0.778733558696788,1.31,2.31,0.685714285714286,0.432900432900433
"power a=3.31",3.31,100,2000,7.4,5.59054998862085,1.7968037302858,0.709447849089224,0.481446529698533,0.971657092700317,0.780080388966242,1.31,2.31,0.687837837837838,0.432900432900433
"power a=3.31",3.31,100,2000,7.45,5.59387453055229,1.7973502507111,0.71133883848088,0.482993820163863,0.97260685647463,0.781407200015853,1.31,2.31,0.68993288590604,0.432900432900433
"power a=3.31",3.31,100,2000,7.5,5.59712332576494,1.79788486569581,0.713204661546909,0.484315732698945,0.973543868123118,0.782714402764868,1.31,2.31,0.692,0.432900432900433
"power a=3.31",3.31,100,2000,7.55,5.60029857791227,1.79840791788189,0.715045796828397,0.485437831566392,0.974428193221814,0.784002396960121,1.31,2.31,0.694039735099338,0.432900432900433
"power a=3.31",3.31,100,2000,7.6,5.60340241940708,1.79891973757356,0.716862710816971,0.487234824071006,0.975335955765116,0.785271571548844,1.31,2.31,0.696052631578947,0.432900432900433
"power a=3.31",3.31,100,2000,7.65,5.60643691389669,1.79942064326571,0.718655858313197,0.489408323800791,0.976120317308912,0.786522305036987,1.31,2.31,0.698039215686274,0.432900432900433
"power a=3.31",3.31,100,2000,7.7,5.60940405864291,1.79991094214632,0.720425682772963,0.49003443254644,0.976894570723505,0.787754965833684,1.31,2.31,0.7,0.432900432900433
"power a=3.31",3.31,100,2000,7.75,5.61230578681106,1.80039093057445,0.72217261664228,0.490479168993622,0.977640753331903,0.788969912582458,1.31,2.31,0.701935483870968,0.432900432900433
"power a=3.31",3.31,100,2000,7.8,5.61498038649451,1.80086089453502,0.723897081680916,0.491295664282982,0.978338920674039,0.790167494479741,1.31,2.31,0.703846153846154,0.432900432900433
"power a=3.31",3.31,100,2000,7.85,5.61748171994208,1.80132111007163,0.725599489275278,0.492900640819904,0.979076003805311,0.791348051581254,1.31,2.31,0.705732484076433,0.432900432900433
"power a=3.31",3.31,100,2000,7.9,5.61993038187596,1.80177184369875,0.727280240740926,0.494041406424622,0.979820606534168,0.792511915096774,1.31,2.31,0.707594936708861,0.432900432900433
"power a=3.31",3.31,100,2000,7.95,5.62232785903559,1.80221335279414,0.728939727615103,0.494839099507208,0.980509031618099,0.793659407673776,1.31,2.31,0.709433962264151,0.432900432900433
"power a=3.31",3.31,100,2000,8,5.62467559027974,1.80264588597273,0.730578331939643,0.496646331116706,0.981216458016814,0.794790843670433,1.31,2.31,0.71125,0.432900432900433
"power a=3.31",3.31,1000,1000,0,1,0,0.001,0.001,0.001,0.001,1.31,2.31,0,0
"power a=3.31",3.31,1000,1000,0.05,1.01994574691948,0.0208325469788359,0.00100052593233827,0.00100048740854071,0.00100056204979557,0.00116405985367032,1.31,2.31,0,0
"power a=3.31",3.31,1000,1000,0.1,1.04156814904752,0.0431177930838974,0.00100223753948335,0.00100206272665653,0.00100239713267059,0.00135543097559677,1.31,2.31,0,0
"power a=3.31",3.31,1000,1000,0.15,1.06494798728346,0.0669583759102712,0.00100536667700273,0.00100492553174924,0.00100576290423302,0.00157870436775387,1.31,2.31,0,0
"power a=3.31",3.31,1000,1000,0.2,1.09040673374402,0.0924581954351363,0.00101019541619143,0.00100927457394995,0.00101101510532405,0.00183924269225422,1.31,2.31,0,0
"power a=3.31",3.31,1000,1000,0.25,1.11805352175581,0.11972034816023,0.00101706983973123,0.00101541860203168,0.00101849457834889,0.0021433070582782,1.31,2.31,0,0
"power a=3.31",3.31,1000,1000,0.3,1.14811155866982,0.148844734325389,0.00102641848458703,0.00102362432857879,0.00102867227543842,0.00249820291650519,1.31,2.31,0,0
"power a=3.31",3.31,1000,1000,0.35,1.18028507395244,0.179925426494746,0.00103877723928332,0.00103432265774086,0.00104225123185734,0.00291244706537138,1.31,2.31,0,0
"power a=3.31",3.31,1000,1000,0.4,1.21555986265619,0.21304790464752,0.00105482326552426,0.001047805390873,0.00106017524265258,0.00339595751225392,1.31,2.31,0,0
"power a=3.31",3.31,1000,1000,0.45,1.2539143270056,0.248286270041255,0.00107542159982105,0.00106459015625708,0.00108270886250564,0.00396026734470227,1.31,2.31,0,0
"power a=3.31",3.31,1000,1000,0.5,1.2958977206759,0.285700548135875,0.00110168961570087,0.0010853416773228,0.00111163239182299,0.00461876267309551,1.31,2.31,0,0
"power a=3.31",3.31,1000,1000,0.55,1.34146743484851,0.32533418004483,0.00113508661993198,0.00111067293836346,0.00114766903225349,0.00538694285513564,1.31,2.31,0,0
"power a=3.31",3.31,1000,1000,0.6,1.39039135154689,0.367211784047871,0.00117753861974961,0.0011415413337052,0.0011941328001367,0.00628269826855252,1.31,2.31,0,0
"power a=3.31",3.31,1000,1000,0.65,1.44469939568448,0.411337247635661,0.00123161171635585,0.00117898305622437,0.00125213953496206,0.00732659644751766,1.31,2.31,0,0
"power a=3.31",3.31,1000,1000,0.7,1.50269827455112,0.457692191125424,0.00130075133086947,0.00122345838498308,0.00132673530163877,0.00854216100095928,1.31,2.31,0,0
"power a=3.31",3.31,1000,1000,0.75,1.56526359961467,0.506234829525145,0.00138960760079633,0.00127619537708219,0.00142151134456991,0.00995611906583023,1.31,2.31,0,0
"power a=3.31",3.31,1000,1000,0.8,1.63458532860024,0.556899251192072,0.00150446776681327,0.00134054300947878,0.00153809683773015,0.0115985822093872,1.31,2.31,0,0
"power a=3.31",3.31,1000,1000,0.85,1.70876070296441,0.609595129244211,0.00165381069545773,0.00141740453937806,0.00168473886073852,0.0135031136865836,1.31,2.31,0,0
"power a=3.31",3.31,1000,1000,0.9,1.788146553293,0.664207882968808,0.00184898207889141,0.00150656409157714,0.0018726378317413,0.0157066243303508,1.31,2.31,0,0
"power a=3.31",3.31,1000,1000,0.95,1.87673493239608,0.720599309419546,0.00210495708107517,0.00161540538488894,0.00211179594688186,0.0182490346398967,1.31,2.31,0,0
"power a=3.31",3.31,1000,1000,1,1.97279851919591,0.778608707169146,0.00244111087531407,0.00173946969831922,0.00240738576675058,0.0211726478893367,1.31,2.31,0,0
"power a=3.31",3.31,1000,1000,1.05,2.07356210659334,0.838054511209287,0.00288186791569197,0.00188794714518587,0.00279352702761603,0.0245212035914501,1.31,2.31,0,0
"power a=3.31",3.31,1000,1000,1.1,2.18139453725288,0.898736446566593,0.00345707176896762,0.00206349653138309,0.00326334875124737,0.028338622752884,1.31,2.31,0,0
"power a=3.31",3.31,1000,1000,1.15,2.30335139582416,0.960438186242503,0.00420193510391852,0.00226546282437853,0.00383652588085525,0.0326675076300089,1.31,2.31,0,0
"power a=3.31",3.31,1000,1000,1.2,2.43253840046901,1.02293046818669,0.0051564996494364,0.0025072325480933,0.00457603427975784,0.0375475031316277,1.31,2.31,0,0
"power a=3.31",3.31,1000,1000,1.25,2.56156721454662,1.08597459199467,0.00636462836172426,0.00278650615174529,0.00551226299130022,0.0430136496457293,1.31,2.31,0,0
"power a=3.31",3.31,1000,1000,1.3,2.71181365492642,1.14932618649612,0.00787262039025926,0.00311430352378566,0.00663261030051222,0.0490948543845412,1.31,2.31,0,0
"power a=3.31",3.31,1000,1000,1.35,2.87057979726093,1.2127391197964,0.00972756660327633,0.00350016719294761,0.00801770920573714,0.0558125892230386,1.31,2.31,0,0.0173160173160173
"power a=3.31",3.31,1000,1000,1.4,3.03288761679802,1.27596941489394,0.0119755754119689,0.00392875107245906,0.00975429898978153,0.0631798976571486,1.31,2.31,0,0.038961038961039
"power a=3.31",3.31,1000,1000,1.45,3.20250014898097,1.33877903546998,0.0146600202958942,0.00443295389820255,0.0118994185394604,0.0712007638671409,1.31,2.31,0,0.0606060606060607
"power a=3.31",3.31,1000,1000,1.5,3.39194918266039,1.40093941680437,0.017819973562574,0.00501658708378095,0.0144805268716339,0.0798698607256983,1.31,2.31,0,0.0822510822510822
"power a=3.31",3.31,1000,1000,1.55,3.59623239935847,1.46223463550544,0.0214889575644848,0.0056952601940382,0.0176125955180842,0.0891726550230404,1.31,2.31,0,0.103896103896104
"power a=3.31",3.31,1000,1000,1.6,3.8137079074545,1.52246413711291,0.0256940617730066,0.00645814027953223,0.0213147391461952,0.0990858185588389,1.31,2.31,0,0.125541125541126
"power a=3.31",3.31,1000,1000,1.65,4.05427308907999,1.58144496887418,0.0304553838049024,0.00729590487314013,0.0257056568017519,0.109577882148689,1.31,2.31,0,0.147186147186147
"power a=3.31",3.31,1000,1000,1.7,4.28181552290088,1.63901349173352,0.03578570195232,0.0083101045694259,0.0309081549870176,0.120610075163222,1.31,2.31,0,0.168831168831169
"power a=3.31",3.31,1000,1000,1.75,4.5197638071985,1.69502656789747,0.0416902917430688,0.00941189852904759,0.0369665052328923,0.132137306980489,1.31,2.31,0,0.19047619047619
"power a=3.31",3.31,1000,1000,1.8,4.76613658683,1.74936223761889,0.0481668421101426,0.0107292514749937,0.0438813324180804,0.144109258712288,1.31,2.31,0,0.212121212121212
"power a=3.31",3.31,1000,1000,1.85,4.99909603645537,1.80191991209627,0.0552054775676936,0.0121182607169533,0.0518268278728897,0.156471558203525,1.31,2.31,0,0.233766233766234
"power a=3.31",3.31,1000,1000,1.9,5.26519339288295,1.85262012007638,0.0627889270672377,0.0137493204493686,0.0610356487761964,0.169167008513595,1.31,2.31,0,0.255411255411255
"power a=3.31",3.31,1000,1000,1.95,5.54623856904606,1.90140385488059,0.070892887537097,0.0155276014160297,0.0715013181555149,0.182136833366249,1.31,2.31,0,0.277056277056277
"power a=3.31",3.31,1000,1000,2,5.81167610358299,1.94823157637774,0.0794866130291923,0.0174527258128606,0.0828481473728974,0.195321896853158,1.31,2.31,0,0.298701298701299
"power a=3.31",3.31,1000,1000,2.05,6.06351795828473,1.99308192851812,0.0885337292017291,0.0196076795553415,0.0947695222302535,0.208663852408516,1.31,2.31,0,0.32034632034632
"power a=3.31",3.31,1000,1000,2.1,6.35439131723534,2.03595023680217,0.0979932396629245,0.0221261043390931,0.107508475322825,0.222106179194223,1.31,2.31,0,0.341991341991342
"power a=3.31",3.31,1000,1000,2.15,6.6538223672869,2.07684685098373,0.107820664954246,0.0247610545914697,0.121371845205721,0.235595072112983,1.31,2.31,0,0.363636363636364
"power a=3.31",3.31,1000,1000,2.2,6.97164458139983,2.11579539624703,0.117969241473047,0.0274372227967083,0.136121154665973,0.249080163028446,1.31,2.31,0,0.385281385281385
"power a=3.31",3.31,1000,1000,2.25,7.25727571296342,2.15283099128837,0.128391106793349,0.0303049258829149,0.150411323835716,0.262515063312027,1.31,2.31,0,0.406926406926407
"power a=3.31",3.31,1000,1000,2.3,7.52658407754407,2.18799848474176,0.139038407032296,0.0333393167828874,0.167457002329687,0.275857729660041,1.31,2.31,0,0.428571428571429
"power a=3.31",3.31,1000,1000,2.35,7.82154120571362,2.22135075295504,0.149864277253274,0.0368154574370323,0.181379010232754,0.289070664901093,1.31,2.31,0.0170212765957447,0.432900432900433
"power a=3.31",3.31,1000,1000,2.4,8.09208062555161,2.25294709302748,0.160823663579915,0.0401835242088627,0.195836277348314,0.302120972564717,1.31,2.31,0.0375000000000001,0.432900432900433
"power a=3.31",3.31,1000,1000,2.45,8.3766867461264,2.28285173596256,0.171873972717445,0.0441777767146992,0.212761333687343,0.314980288196278,1.31,2.31,0.0571428571428572,0.432900432900433
"power a=3.31",3.31,1000,1000,2.5,8.65821888630571,2.31113249632179,0.182975549009079,0.0482511949297733,0.231429969188884,0.32762461206686,1.31,2.31,0.076,0.432900432900433
"power a=3.31",3.31,1000,1000,2.55,8.93430288250209,2.3378595672672,0.194091990068497,0.0524899515159009,0.251536736426017,0.340034067548306,1.31,2.31,0.0941176470588236,0.432900432900433
"power a=3.31",3.31,1000,1000,2.6,9.19493531732751,2.36310446356369,0.205190319274068,0.0566639405699723,0.271032402814169,0.352192607585404,1.31,2.31,0.111538461538462,0.432900432900433
"power a=3.31",3.31,1000,1000,2.65,9.47462253079723,2.38693911004946,0.216241037343474,0.0610911871623417,0.292029068703451,0.36408768895418,1.31,2.31,0.128301886792453,0.432900432900433
"power a=3.31",3.31,1000,1000,2.7,9.74279871455205,2.40943506923842,0.227218076453265,0.0653659301757689,0.312025494466582,0.37570993081631,1.31,2.31,0.144444444444444,0.432900432900433
"power a=3.31",3.31,1000,1000,2.75,9.9654371609006,2.43066289898595,0.238098679635887,0.0700091074546508,0.331402507944127,0.387052770823474,1.31,2.31,0.16,0.432900432900433
"power a=3.31",3.31,1000,1000,2.8,10.1695050673692,2.45069162938193,0.248863226151342,0.0745472670962572,0.351392491499979,0.398112128941176,1.31,2.31,0.175,0.432900432900433
"power a=3.31",3.31,1000,1000,2.85,10.3929950830662,2.46958834706687,0.259495020764902,0.0794958702626687,0.369399309770731,0.408886086401819,1.31,2.31,0.189473684210526,0.432900432900433
"power a=3.31",3.31,1000,1000,2.9,10.5823016521418,2.48741787483588,0.269980061812006,0.0844212879527774,0.386731492618247,0.419374584837753,1.31,2.31,0.203448275862069,0.432900432900433
"power a=3.31",3.31,1000,1000,2.95,10.8032268058972,2.50424253454767,0.28030679991437,0.0895477506008701,0.403420374175401,0.429579148706644,1.31,2.31,0.216949152542373,0.432900432900433
"power a=3.31",3.31,1000,1000,3,11.0133761205293,2.52012198185946,0.29046589643244,0.0947736497410602,0.420432672024797,0.439502632586146,1.31,2.31,0.23,0.432900432900433
"power a=3.31",3.31,1000,1000,3.05,11.2292787879014,2.53511310204979,0.300449988311805,0.100789737182301,0.43861499864653,0.449148993742618,1.31,2.31,0.242622950819672,0.432900432900433
"power a=3.31",3.31,1000,1000,3.1,11.4049057997023,2.54926995707899,0.310253463949978,0.105976486749391,0.453425402631471,0.458523089518429,1.31,2.31,0.254838709677419,0.432900432900433
"power a=3.31",3.31,1000,1000,3.15,11.5546694602663,2.56264377499967,0.319872253072578,0.111936497837497,0.470309400258698,0.467630498480481,1.31,2.31,0.266666666666667,0.432900432900433
"power a=3.31",3.31,1000,1000,3.2,11.7186725356896,2.57528297381251,0.329303632332693,0.117963209994911,0.487364417132539,0.476477363877519,1.31,2.31,0.278125,0.432900432900433
"power a=3.31",3.31,1000,1000,3.25,11.8889016618274,2.58723321282692,0.338546047386892,0.122680393519413,0.502181145228312,0.485070257719358,1.31,2.31,0.289230769230769,0.432900432900433
"power a=3.31",3.31,1000,1000,3.3,12.0637700560821,2.59853746550485,0.347598951503332,0.127770722292147,0.515942672954183,0.493416063677855,1.31,2.31,0.3,0.432900432900433
"power a=3.31",3.31,1000,1000,3.35,12.2139929064698,2.60923610862041,0.356462660269949,0.134048853899939,0.530285900065852,0.501521876984757,1.31,2.31,0.31044776119403,0.432900432900433
"power a=3.31",3.31,1000,1000,3.4,12.3329245218011,2.61936702334999,0.365138221647356,0.139834016638749,0.542225728831457,0.509394919539223,1.31,2.31,0.320588235294118,0.432900432900433
"power a=3.31",3.31,1000,1000,3.45,12.4568964472908,2.62896570461061,0.373627300411608,0.14577859673185,0.555668159739486,0.517042468517716,1.31,2.31,0.330434782608696,0.432900432900433
"power a=3.31",3.31,1000,1000,3.5,12.5998609472355,2.63806537558978,0.381932075923798,0.150664009875977,0.5715844029614,0.524471796885392,1.31,2.31,0.34,0.432900432900433
"power a=3.31",3.31,1000,1000,3.55,12.7230467965482,2.64669710495904,0.390055152120609,0.157654561186753,0.583780088814531,0.531690124329743,1.31,2.31,0.349295774647887,0.432900432900433
"power a=3.31",3.31,1000,1000,3.6,12.8239680906226,2.65488992474115,0.397999478622321,0.16408618677392,0.596883585082525,0.538704577265546,1.31,2.31,0.358333333333333,0.432900432900433
"power a=3.31",3.31,1000,1000,3.65,12.9446719083892,2.66267094721201,0.405768281887623,0.169531318087057,0.610624593124773,0.545522156689317,1.31,2.31,0.367123287671233,0.432900432900433
"power a=3.31",3.31,1000,1000,3.7,13.0770763082766,2.67006547956961,0.413365005396696,0.175423434375857,0.623825776605415,0.552149712787303,1.31,2.31,0.375675675675676,0.432900432900433
"power a=3.31",3.31,1000,1000,3.75,13.1866010922488,2.67709713539923,0.420793257907703,0.180940662114577,0.634280703686829,0.558593925320935,1.31,2.31,0.384,0.432900432900433
"power a=3.31",3.31,1000,1000,3.8,13.2754946888975,2.68378794221304,0.428056768901381,0.18687668124337,0.645359258402259,0.564861288925903,1.31,2.31,0.392105263157895,0.432900432900433
"power a=3.31",3.31,1000,1000,3.85,13.3589552460393,2.69015844454956,0.435159350400074,0.192243052433244,0.658373003782144,0.570958102564746,1.31,2.31,0.4,0.432900432900433
"power a=3.31",3.31,1000,1000,3.9,13.4526842392933,2.69622780228859,0.442104864418706,0.198980042910824,0.669108966757781,0.576890462467627,1.31,2.31,0.407692307692308,0.432900432900433
"power a=3.31",3.31,1000,1000,3.95,13.5317445591622,2.7020138839761,0.448897195374132,0.205463903680304,0.677324755212867,0.582664257981828,1.31,2.31,0.415189873417722,0.432900432900433
"power a=3.31",3.31,1000,1000,4,13.624541745164,2.70753335506542,0.455540226844944,0.21181695400552,0.68813149737272,0.588285169827699,1.31,2.31,0.4225,0.432900432900433
"power a=3.31",3.31,1000,1000,4.05,13.7216343290525,2.71280176107003,0.462037822135563,0.216876710516965,0.698294042313937,0.593758670327679,1.31,2.31,0.42962962962963,0.432900432900433
"power a=3.31",3.31,1000,1000,4.1,13.7942479459785,2.71783360569253,0.468393808155881,0.223660691696768,0.707644122218093,0.599090025236222,1.31,2.31,0.436585365853659,0.432900432900433
"power a=3.31",3.31,1000,1000,4.15,13.8578531682663,2.72264242404797,0.474611962180796,0.229967577539432,0.717298785781101,0.604284296852444,1.31,2.31,0.443373493975904,0.432900432900433
"power a=3.31",3.31,1000,1000,4.2,13.9327315711263,2.72724085113923,0.480696001102628,0.23614041949714,0.728204491720184,0.609346348144782,1.31,2.31,0.45,0.432900432900433
"power a=3.31",3.31,1000,1000,4.25,14.0045871717249,2.73164068577137,0.4866495728338,0.241732698387473,0.736378493549753,0.614280847658418,1.31,2.31,0.456470588235294,0.432900432900433
"power a=3.31",3.31,1000,1000,4.3,14.0745921264849,2.73585295011101,0.492476249557425,0.247344916266148,0.743916479394677,0.619092275012416,1.31,2.31,0.462790697674419,0.432900432900433
"power a=3.31",3.31,1000,1000,4.35,14.1550887994088,2.73988794510967,0.498179522559793,0.25240471909571,0.751161962593931,0.623784926824775,1.31,2.31,0.468965517241379,0.432900432900433
"power a=3.31",3.31,1000,1000,4.4,14.232443308116,2.74375530201608,0.503762798411455,0.257657389936485,0.758679134104628,0.62836292293072,1.31,2.31,0.475,0.432900432900433
"power a=3.31",3.31,1000,1000,4.45,14.3067808105144,2.74746403020458,0.509229396292881,0.261731922167945,0.767456400463843,0.632830212782795,1.31,2.31,0.480898876404494,0.432900432900433
"power a=3.31",3.31,1000,1000,4.5,14.3782220489865,2.7510225615447,0.51458254628678,0.266853620370082,0.776284626922203,0.637190581941264,1.31,2.31,0.486666666666667,0.432900432900433
"power a=3.31",3.31,1000,1000,4.55,14.4404101752794,2.75443879153264,0.519825388482425,0.272338302945897,0.784706636608616,0.641447658580359,1.31,2.31,0.492307692307692,0.432900432900433
"power a=3.31",3.31,1000,1000,4.6,14.4900079663246,2.75772011739847,0.524960972757876,0.278545559947358,0.792270746069155,0.645604919950363,1.31,2.31,0.497826086956522,0.432900432900433
"power a=3.31",3.31,1000,1000,4.65,14.5378092249513,2.76087347339494,0.529992259124212,0.283606395905894,0.799559575481669,0.649665698747779,1.31,2.31,0.503225806451613,0.432900432900433
"power a=3.31",3.31,1000,1000,4.7,14.583896788247,2.76390536346442,0.534922118531849,0.28873272570701,0.807503735098,0.653633189356143,1.31,2.31,0.508510638297872,0.432900432900433
"power a=3.31",3.31,1000,1000,4.75,14.6196408233486,2.76682189147073,0.539753334053119,0.293797158846796,0.814548990733693,0.657510453928717,1.31,2.31,0.513684210526316,0.432900432900433
"power a=3.31",3.31,1000,1000,4.8,14.6467455010665,2.76962878917229,0.544488602367561,0.298359851804635,0.822483762677941,0.661300428291518,1.31,2.31,0.51875,0.432900432900433
"power a=3.31",3.31,1000,1000,4.85,14.6866040183718,2.77233144210284,0.549130535487132,0.302894955519211,0.828639884046962,0.665005927651168,1.31,2.31,0.523711340206186,0.432900432900433
"power a=3.31",3.31,1000,1000,4.9,14.7259530370117,2.77493491351545,0.553681662667896,0.30760669545734,0.833802456158416,0.668629652096988,1.31,2.31,0.528571428571429,0.432900432900433
"power a=3.31",3.31,1000,1000,4.95,14.761241725194,2.77744396653566,0.558144432462895,0.311383060782188,0.839641195225629,0.672174191890854,1.31,2.31,0.533333333333333,0.432900432900433
"power a=3.31",3.31,1000,1000,5,14.8018440447768,2.77986308465953,0.562521214877907,0.315386807258061,0.845438871366974,0.675642032541641,1.31,2.31,0.538,0.432900432900433
"power a=3.31",3.31,1000,1000,5.05,14.8417321079861,2.78219649072326,0.566814303597946,0.319955017092693,0.850723767811807,0.679035559663753,1.31,2.31,0.542574257425743,0.432900432900433
"power a=3.31",3.31,1000,1000,5.1,14.8825500940287,2.78444816446173,0.571025918257534,0.323062406418233,0.854898227377574,0.682357063621381,1.31,2.31,0.547058823529412,0.432900432900433
"power a=3.31",3.31,1000,1000,5.15,14.9266899220224,2.7866218587649,0.575158206732354,0.326265127008552,0.858310763975932,0.685608743961833,1.31,2.31,0.551456310679612,0.432900432900433
"power a=3.31",3.31,1000,1000,5.2,14.9692040091487,2.7887211147329,0.579213247433727,0.330528726413509,0.86163901982447,0.688792713642541,1.31,2.31,0.555769230769231,0.432900432900433
"power a=3.31",3.31,1000,1000,5.25,15.0101556938976,2.79074927562307,0.583193051590679,0.335214610643678,0.865980154253254,0.691911003057411,1.31,2.31,0.56,0.432900432900433
"power a=3.31",3.31,1000,1000,5.3,15.0496057019929,2.79270949977504,0.587099565507216,0.338387596440409,0.870327206559016,0.694965563868857,1.31,2.31,0.564150943396226,0.432900432900433
"power a=3.31",3.31,1000,1000,5.35,15.0876122585742,2.79460477259327,0.590934672784807,0.341981165182745,0.874449488658803,0.69795827265241,1.31,2.31,0.568224299065421,0.432900432900433
"power a=3.31",3.31,1000,1000,5.4,15.1239910458041,2.79643791766041,0.594700196502144,0.346910424871467,0.878106855558033,0.700890934361131,1.31,2.31,0.572222222222222,0.432900432900433
"power a=3.31",3.31,1000,1000,5.45,15.1520002974714,2.79821160704889,0.598397901345967,0.350744165175534,0.882334707348859,0.703765285617239,1.31,2.31,0.576146788990826,0.432900432900433
"power a=3.31",3.31,1000,1000,5.5,15.1790807187398,2.79992837089296,0.602029495688222,0.354154985914865,0.886803341102832,0.706582997838488,1.31,2.31,0.58,0.432900432900433
"power a=3.31",3.31,1000,1000,5.55,15.2052722952929,2.80159060627844,0.605596633606044,0.35794535901309,0.890806002169949,0.709345680206759,1.31,2.31,0.583783783783784,0.432900432900433
"power a=3.31",3.31,1000,1000,5.6,15.2306129006253,2.80320058550278,0.609100916842067,0.360988997516376,0.894631896424263,0.71205488248632,1.31,2.31,0.5875,0.432900432900433
"power a=3.31",3.31,1000,1000,5.65,15.2551384227803,2.80476046375395,0.612543896703479,0.364396087215298,0.898416135037598,0.71471209769901,1.31,2.31,0.591150442477876,0.432900432900433
"power a=3.31",3.31,1000,1000,5.7,15.2788828831208,2.80627228625274,0.615927075898888,0.367468366782155,0.902803837462813,0.717318764663444,1.31,2.31,0.594736842105263,0.432900432900433
"power a=3.31",3.31,1000,1000,5.75,15.3018785476097,2.80773799489933,0.619251910312711,0.370933594664948,0.905807498550647,0.719876270405144,1.31,2.31,0.598260869565217,0.432900432900433
"power a=3.31",3.31,1000,1000,5.8,15.3241560310517,2.80915943446204,0.622519810717247,0.374502617190547,0.908319758076118,0.722385952444204,1.31,2.31,0.601724137931035,0.432900432900433
"power a=3.31",3.31,1000,1000,5.85,15.3457443947311,2.81053835834279,0.625732144423005,0.377902989972796,0.911526862083021,0.724849100966912,1.31,2.31,0.605128205128205,0.432900432900433
"power a=3.31",3.31,1000,1000,5.9,15.3666712378565,2.81187643395117,0.628890236868177,0.381266425057432,0.914689446928669,0.727266960887431,1.31,2.31,0.608474576271187,0.432900432900433
"power a=3.31",3.31,1000,1000,5.95,15.3869627832022,2.81317524771657,0.631995373148387,0.385647348607666,0.917316343638123,0.7296407338054,1.31,2.31,0.611764705882353,0.432900432900433
"power a=3.31",3.31,1000,1000,6,15.4066439573161,2.81443630976519,0.635048799488057,0.389548727288882,0.920039140889609,0.731971579865038,1.31,2.31,0.615,0.432900432900433
"power a=3.31",3.31,1000,1000,6.05,15.4257384656408,2.81566105828697,0.638051724654878,0.393732209547905,0.922388386257539,0.734260619521073,1.31,2.31,0.618181818181818,0.432900432900433
"power a=3.31",3.31,1000,1000,6.1,15.4442688628776,2.81685086361508,0.641005321318982,0.397412564864274,0.925039275757213,0.736508935216528,1.31,2.31,0.621311475409836,0.432900432900433
"power a=3.31",3.31,1000,1000,6.15,15.4622566188998,2.81800703203926,0.64391072735851,0.400417011061251,0.927596949965382,0.738717572977181,1.31,2.31,0.624390243902439,0.432900432900433
"power a=3.31",3.31,1000,1000,6.2,15.4797221805061,2.81913080937214,0.646769047113305,0.4039037558068,0.929912012677689,0.740887543927207,1.31,2.31,0.62741935483871,0.432900432900433
"power a=3.31",3.31,1000,1000,6.25,15.496685029285,2.82022338428665,0.649581352588501,0.406919686501632,0.932136724547646,0.74301982573033,1.31,2.31,0.6304,0.432900432900433
"power a=3.31",3.31,1000,1000,6.3,15.5110224401344,2.82128589144076,0.652348684609797,0.410239370420783,0.934287192442633,0.745115363960532,1.31,2.31,0.633333333333333,0.432900432900433
"power a=3.31",3.31,1000,1000,6.35,15.5228560546495,2.82231941440486,0.655072053932184,0.414841909998592,0.936366059102292,0.747175073406153,1.31,2.31,0.636220472440945,0.432900432900433
"power a=3.31",3.31,1000,1000,6.4,15.5342679536067,2.82332498840577,0.65775244230392,0.418626646514207,0.938340563265082,0.749199839311032,1.31,2.31,0.6390625,0.432900432900433
"power a=3.31",3.31,1000,1000,6.45,15.5452759771515,2.82430360290013,0.66039080348746,0.423095059873905,0.94013745316322,0.751190518556091,1.31,2.31,0.641860465116279,0.432900432900433
"power a=3.31",3.31,1000,1000,6.5,15.5558971157138,2.82525620398936,0.662988064239093,0.427059237480793,0.942124063525167,0.753147940784593,1.31,2.31,0.644615384615385,0.432900432900433
"power a=3.31",3.31,1000,1000,6.55,15.5661475549746,2.82618369668692,0.665545125248928,0.430073496021153,0.94411664650701,0.755072909474129,1.31,2.31,0.647328244274809,0.432900432900433
"power a=3.31",3.31,1000,1000,6.6,15.5760427182426,2.82708694704827,0.668062862042884,0.434498718203952,0.946040607486012,0.756966202958202,1.31,2.31,0.65,0.432900432900433
"power a=3.31",3.31,1000,1000,6.65,15.5855973064,2.82796678417267,0.670542125848254,0.43829128636254,0.947840457502862,0.758828575400102,1.31,2.31,0.652631578947368,0.432900432900433
"power a=3.31",3.31,1000,1000,6.7,15.5955411072317,2.82882400208584,0.67298374442439,0.441377390142504,0.94976138107525,0.760660757721641,1.31,2.31,0.655223880597015,0.432900432900433
"power a=3.31",3.31,1000,1000,6.75,15.6129149525072,2.82965936151121,0.675388522859988,0.44520058432697,0.951547086288879,0.762463458489136,1.31,2.31,0.657777777777778,0.432900432900433
"power a=3.31",3.31,1000,1000,6.8,15.631815705517,2.83047359153736,0.67775724433841,0.447954101699728,0.95296090386735,0.764237364758909,1.31,2.31,0.660294117647059,0.432900432900433
"power a=3.31",3.31,1000,1000,6.85,15.6524486135532,2.83126739118855,0.680090670872424,0.450811879171241,0.954379274921877,0.765983142884449,1.31,2.31,0.662773722627737,0.432900432900433
"power a=3.31",3.31,1000,1000,6.9,15.6726337984962,2.83204143090465,0.682389544009686,0.454191745746151,0.955813116706831,0.767701439287219,1.31,2.31,0.665217391304348,0.432900432900433
"power a=3.31",3.31,1000,1000,6.95,15.6872549406242,2.83279635393646,0.68465458551025,0.457087319367611,0.957200052773489,0.769392881193039,1.31,2.31,0.667625899280575,0.432900432900433
"power a=3.31",3.31,1000,1000,7,15.6997987367743,2.83353277766187,0.686886497997318,0.460219508026658,0.958527910878951,0.771058077335795,1.31,2.31,0.67,0.432900432900433
"power a=3.31",3.31,1000,1000,7.05,15.716571136219,2.83425129482799,0.689085965582415,0.463127714352946,0.959752096401822,0.772697618630188,1.31,2.31,0.672340425531915,0.432900432900433
"power a=3.31",3.31,1000,1000,7.1,15.7287539096177,2.8349524747239,0.691253654466107,0.467657312354734,0.960938813418437,0.774312078815083,1.31,2.31,0.674647887323944,0.432900432900433
"power a=3.31",3.31,1000,1000,7.15,15.7452279903816,2.83563686428857,0.693390213515342,0.468899889102598,0.962089273774004,0.775902015068975,1.31,2.31,0.676923076923077,0.432900432900433
"power a=3.31",3.31,1000,1000,7.2,15.7615688079214,2.83630498915789,0.695496274818436,0.469752574839148,0.963204646934543,0.777467968598973,1.31,2.31,0.679166666666667,0.432900432900433
"power a=3.31",3.31,1000,1000,7.25,15.7775014847667,2.83695735465462,0.697572454218699,0.470750243110825,0.964286061623185,0.779010465204629,1.31,2.31,0.681379310344828,0.432900432900433
"power a=3.31",3.31,1000,1000,7.3,15.7930374832948,2.83759444672496,0.699619351827626,0.472672857208521,0.965334607386077,0.780530015817879,1.31,2.31,0.683561643835616,0.432900432900433
"power a=3.31",3.31,1000,1000,7.35,15.8081879252886,2.83821673282475,0.701637552518563,0.474691368664895,0.966486210281138,0.782027117020269,1.31,2.31,0.685714285714286,0.432900432900433
"power a=3.31",3.31,1000,1000,7.4,15.8208976822018,2.83882466275869,0.703627626401693,0.476264328886892,0.967665495436871,0.783502251538598,1.31,2.31,0.687837837837838,0.432900432900433
"power a=3.31",3.31,1000,1000,7.45,15.8307486821911,2.83941866947509,0.705590129281166,0.479987514800724,0.968802420666008,0.784955888720015,1.31,2.31,0.68993288590604,0.432900432900433
"power a=3.31",3.31,1000,1000,7.5,15.8403490276912,2.83999916981919,0.707525603095149,0.482230958587812,0.969898529717429,0.786388484987591,1.31,2.31,0.692,0.432900432900433
"power a=3.31",3.31,1000,1000,7.55,15.8497069940836,2.84056656524712,0.709434576339538,0.484478421332501,0.970955310088266,0.787800484277284,1.31,2.31,0.694039735099338,0.432900432900433
"power a=3.31",3.31,1000,1000,7.6,15.858830573142,2.84112124250322,0.711317564476037,0.485410794858639,0.971949521001749,0.789192318457211,1.31,2.31,0.696052631578947,0.432900432900433
"power a=3.31",3.31,1000,1000,7.65,15.8691325308704,2.84166357426261,0.713175070325281,0.486226655125051,0.972862027030695,0.790564407730052,1.31,2.31,0.698039215686274,0.432900432900433
"power a=3.31",3.31,1000,1000,7.7,15.8797341826968,2.84219391974108,0.715007584445657,0.487433164992219,0.973742546563363,0.791917161019388,1.31,2.31,0.7,0.432900432900433
"power a=3.31",3.31,1000,1000,7.75,15.8900971998502,2.84271262527434,0.716815585498405,0.488282348760909,0.974628180656371,0.793250976340729,1.31,2.31,0.701935483870968,0.432900432900433
"power a=3.31",3.31,1000,1000,7.8,15.9002280179988,2.84322002486818,0.718599540599618,0.489597487055173,0.975426413241411,0.794566241157939,1.31,2.31,0.703846153846154,0.432900432900433
"power a=3.31",3.31,1000,1000,7.85,15.910132873931,2.84371644072138,0.720359905659678,0.490678093870714,0.976180370461669,0.795863332725741,1.31,2.31,0.705732484076433,0.432900432900433
"power a=3.31",3.31,1000,1000,7.9,15.9198178123832,2.84420218372279,0.722097125710651,0.491383445589145,0.976910308281655,0.797142618418931,1.31,2.31,0.707594936708861,0.432900432900433
"power a=3.31",3.31,1000,1000,7.95,15.9292886926048,2.8446775539241,0.723811635222167,0.492819810563109,0.977620317332025,0.798404456048913,1.31,2.31,0.709433962264151,0.432900432900433
"power a=3.31",3.31,1000,1000,8,15.9385511946722,2.84514284098962,0.725503858406246,0.494670885658223,0.978318923998754,0.79964919416813,1.31,2.31,0.71125,0.432900432900433
"power a=3.31",3.31,10000,1000,0,1,0,1e-04,1e-04,1e-04,1e-04,1.31,2.31,0,0
"power a=3.31",3.31,10000,1000,0.05,1.02081675478192,0.0210701939516168,0.000100052329066724,0.000100051158859872,0.00010005352810677,0.000122312115790278,1.31,2.31,0,0
"power a=3.31",3.31,10000,1000,0.1,1.04357071810893,0.0437099368954447,0.000100222643474083,0.000100217350045338,0.000100228088945546,0.000149645609891774,1.31,2.31,0,0
"power a=3.31",3.31,10000,1000,0.15,1.06836307607265,0.0680559084390879,0.000100534053250627,0.000100519826211501,0.000100547511119992,0.00018314069141192,1.31,2.31,0,0
"power a=3.31",3.31,10000,1000,0.2,1.09543113443397,0.0942529467732671,0.000101014717600476,0.000100985781949419,0.000101041410902156,0.000224199268316846,1.31,2.31,0,0
"power a=3.31",3.31,10000,1000,0.25,1.1251386982327,0.122453975878686,0.000101699279337868,0.000101647410724789,0.000101747563963923,0.000274545966475184,1.31,2.31,0,0
"power a=3.31",3.31,10000,1000,0.3,1.15790082609824,0.152819971580447,0.00010263083550738,0.000102539966007707,0.000102712366547449,0.000336303755410879,1.31,2.31,0,0
"power a=3.31",3.31,10000,1000,0.35,1.19409479315415,0.185519353747524,0.000103863712679706,0.000103716899757976,0.000103992691740174,0.000412087820758441,1.31,2.31,0,0
"power a=3.31",3.31,10000,1000,0.4,1.23370696469871,0.220726318686554,0.000105467497407477,0.000105231795672719,0.000105658872304995,0.000505122257538172,1.31,2.31,0,0
"power a=3.31",3.31,10000,1000,0.45,1.27723314205179,0.258617950095006,0.00010753311159761,0.000107158803091042,0.000107808377174558,0.000619385296660191,1.31,2.31,0,0
"power a=3.31",3.31,10000,1000,0.5,1.32575117284037,0.299370195602757,0.000110182373509918,0.000109565748206344,0.000110558749078749,0.000759790091314088,1.31,2.31,0,0
"power a=3.31",3.31,10000,1000,0.55,1.37947649733652,0.34315290455554,0.000113583754516768,0.00011259413858362,0.00011407183171331,0.000932409431577808,1.31,2.31,0,0
"power a=3.31",3.31,10000,1000,0.6,1.4387646439156,0.390124168590972,0.000117979517170217,0.000116359300196636,0.000118550911490089,0.00114475369845248,1.31,2.31,0,0
"power a=3.31",3.31,10000,1000,0.65,1.50467242494687,0.440424247261456,0.000123734143811028,0.000121028384067536,0.000124306186943124,0.00140611090414694,1.31,2.31,0,0
"power a=3.31",3.31,10000,1000,0.7,1.5786232108038,0.494169391508713,0.000131422507176894,0.000126811886223292,0.000131698536621826,0.00172795368927512,1.31,2.31,0,0
"power a=3.31",3.31,10000,1000,0.75,1.66127314061504,0.551445878753127,0.000141990055643059,0.000133966084094904,0.000141281612630134,0.0021244068140101,1.31,2.31,0,0
"power a=3.31",3.31,10000,1000,0.8,1.75344248864145,0.612304548402051,0.000157034650567141,0.000142870350283376,0.000153790122037647,0.00261274428925484,1.31,2.31,0,0
"power a=3.31",3.31,10000,1000,0.85,1.85626652582285,0.676756097207149,0.00017926686503413,0.000153692684189635,0.000170164294125963,0.003213842934643,1.31,2.31,0,0
"power a=3.31",3.31,10000,1000,0.9,1.97012959510957,0.744767378139458,0.000213161198673807,0.000167431406280477,0.000191532099411135,0.0039524647839418,1.31,2.31,0,0
"power a=3.31",3.31,10000,1000,0.95,2.09581621684418,0.816258943850912,0.000265642682262513,0.000184206562058071,0.000219605659544297,0.0048572123819935,1.31,2.31,0,0
"power a=3.31",3.31,10000,1000,1,2.23871571940341,0.891104056342779,0.000346338928144755,0.000205485091824063,0.000257003409710727,0.00596008521194603,1.31,2.31,0,0
"power a=3.31",3.31,10000,1000,1.05,2.39647352428315,0.969129283888245,0.0004667256863078,0.000232243156818363,0.000307248554642996,0.00729584486031446,1.31,2.31,0,0
"power a=3.31",3.31,10000,1000,1.1,2.57135552795355,1.05011656553372,0.000638054486674333,0.000265179404871669,0.000374011076648538,0.0089017615149999,1.31,2.31,0,0
"power a=3.31",3.31,10000,1000,1.15,2.76406189946578,1.13380630220825,0.00086949799786245,0.000306544578368369,0.000462586498058785,0.0108183213401913,1.31,2.31,0,0
"power a=3.31",3.31,10000,1000,1.2,2.98392258172466,1.21990087776054,0.0011689065362856,0.000357496371986924,0.000582917054770166,0.0130907535329386,1.31,2.31,0,0
"power a=3.31",3.31,10000,1000,1.25,3.2289075765653,1.30806824843925,0.00154684846260633,0.000421247615121244,0.00074616148314197,0.0157702884231094,1.31,2.31,0,0
"power a=3.31",3.31,10000,1000,1.3,3.50163211842712,1.39794572130668,0.00202154642568549,0.000500390375729603,0.000969303463682458,0.0189139698734393,1.31,2.31,0,0
"power a=3.31",3.31,10000,1000,1.35,3.80999005493721,1.4891443380537,0.00262173169760855,0.000597054130729782,0.00125573514798711,0.0225827640265902,1.31,2.31,0,0.0173160173160173
"power a=3.31",3.31,10000,1000,1.4,4.14009168094878,1.58125418291291,0.00338669616894065,0.000718488221088432,0.00163866692660608,0.0268385840746755,1.31,2.31,0,0.038961038961039
"power a=3.31",3.31,10000,1000,1.45,4.50381951565516,1.6738506427719,0.00436472902123759,0.000869089314558176,0.00214151240002097,0.0317409668602874,1.31,2.31,0,0.0606060606060607
"power a=3.31",3.31,10000,1000,1.5,4.91065164586408,1.76650143296307,0.00561104737835253,0.00104963984698023,0.00282406916966078,0.0373438058665243,1.31,2.31,0,0.0822510822510822
"power a=3.31",3.31,10000,1000,1.55,5.34111867595674,1.85877412493472,0.00718544721647028,0.0012812095911526,0.00370551615980226,0.0436923174490191,1.31,2.31,0,0.103896103896104
"power a=3.31",3.31,10000,1000,1.6,5.81885821459815,1.95024389311263,0.00914957925149238,0.00156802174600624,0.00490153660582019,0.0508204064784247,1.31,2.31,0,0.125541125541126
"power a=3.31",3.31,10000,1000,1.65,6.33778853106002,2.04050117976075,0.0115640222759924,0.00191444852008942,0.00638483420114782,0.0587486186641901,1.31,2.31,0,0.147186147186147
"power a=3.31",3.31,10000,1000,1.7,6.88382459196731,2.12915896431624,0.0144855340602422,0.00231235731521229,0.00830361537517017,0.0674828035082026,1.31,2.31,0,0.168831168831169
"power a=3.31",3.31,10000,1000,1.75,7.49265449583548,2.21585933934068,0.0179647188627045,0.00280407838442675,0.0108525303551478,0.0770135104465355,1.31,2.31,0,0.19047619047619
"power a=3.31",3.31,10000,1000,1.8,8.13633356568527,2.30027913974469,0.0220440854419677,0.00340915047667294,0.0142300348529004,0.0873160807456858,1.31,2.31,0,0.212121212121212
"power a=3.31",3.31,10000,1000,1.85,8.82037423834502,2.3821344305782,0.0267563643557549,0.004145598425203,0.0180915440359567,0.0983513901813858,1.31,2.31,0,0.233766233766234
"power a=3.31",3.31,10000,1000,1.9,9.54966461167404,2.46118372012757,0.032123050291083,0.00496887582198084,0.022923154860731,0.110067200739703,1.31,2.31,0,0.255411255411255
"power a=3.31",3.31,10000,1000,1.95,10.308117781391,2.53722982783386,0.0381532953814094,0.0059619154047627,0.0284155095867263,0.122400057978419,1.31,2.31,0,0.277056277056277
"power a=3.31",3.31,10000,1000,2,11.1132913887662,2.61012040300035,0.0448433625185794,0.00708452469570807,0.0347508197380018,0.135277622767734,1.31,2.31,0,0.298701298701299
"power a=3.31",3.31,10000,1000,2.05,11.9520761784396,2.67974715952345,0.0521768048075898,0.00846373112495045,0.0430049848081788,0.148621274646075,1.31,2.31,0,0.32034632034632
"power a=3.31",3.31,10000,1000,2.1,12.87195478964,2.74604395796922,0.060125404880525,0.0100484794337047,0.051744308472177,0.162348794089009,1.31,2.31,0,0.341991341991342
"power a=3.31",3.31,10000,1000,2.15,13.7994562911684,2.80898392074055,0.0686507590285629,0.0117730093913552,0.061778271843121,0.176376935079184,1.31,2.31,0,0.363636363636364
"power a=3.31",3.31,10000,1000,2.2,14.7420440391216,2.86857580174466,0.0777062888007364,0.0137992465033895,0.0726542176673031,0.190623734185463,1.31,2.31,0,0.385281385281385
"power a=3.31",3.31,10000,1000,2.25,15.6840884468219,2.92485984579813,0.087239432805622,0.0159385632085942,0.0848937676136176,0.205010454396773,1.31,2.31,0,0.406926406926407
"power a=3.31",3.31,10000,1000,2.3,16.6121053248001,2.97790336636283,0.097193803134301,0.0183611011617257,0.0980995179527216,0.21946311590258,1.31,2.31,0,0.428571428571429
"power a=3.31",3.31,10000,1000,2.35,17.5079157958885,3.02779624763224,0.107511154383431,0.021169414925764,0.112310310007317,0.233913610977969,1.31,2.31,0.0170212765957447,0.432900432900433
"power a=3.31",3.31,10000,1000,2.4,18.4222617140981,3.07464654431478,0.11813307997761,0.0242335475769486,0.128813493903076,0.248300431597134,1.31,2.31,0.0375000000000001,0.432900432900433
"power a=3.31",3.31,10000,1000,2.45,19.3326538065277,3.11857631522081,0.129002403526365,0.0274166585694053,0.14636802929121,0.262569056831647,1.31,2.31,0.0571428571428572,0.432900432900433
"power a=3.31",3.31,10000,1000,2.5,20.2913621425885,3.15971778932165,0.140064267834474,0.0311796356463259,0.163310278847508,0.27667205539304,1.31,2.31,0.076,0.432900432900433
"power a=3.31",3.31,10000,1000,2.55,21.2278209820275,3.19820992828806,0.151266943846365,0.0349446606268047,0.17989833953977,0.290568960133057,1.31,2.31,0.0941176470588236,0.432900432900433
"power a=3.31",3.31,10000,1000,2.6,22.1000614754231,3.23419541937553,0.16256239134414,0.038813478872442,0.195981360304418,0.304225968560594,1.31,2.31,0.111538461538462,0.432900432900433
"power a=3.31",3.31,10000,1000,2.65,22.9155369872992,3.26781810770732,0.173906606891785,0.0427569329378066,0.214369068748683,0.317615518280826,1.31,2.31,0.128301886792453,0.432900432900433
"power a=3.31",3.31,10000,1000,2.7,23.7615567848818,3.29922085765562,0.185259794939097,0.047387383741431,0.233418087623318,0.33071577987239,1.31,2.31,0.144444444444444,0.432900432900433
"power a=3.31",3.31,10000,1000,2.75,24.4994949087026,3.32854381884801,0.19658639650568,0.0519586057028543,0.253170862449773,0.34351010285179,1.31,2.31,0.16,0.432900432900433
"power a=3.31",3.31,10000,1000,2.8,25.3689182769119,3.35592306277286,0.207855007134553,0.0563061413215175,0.272488089336671,0.355986443551165,1.31,2.31,0.175,0.432900432900433
"power a=3.31",3.31,10000,1000,2.85,26.1903264461916,3.38148955032621,0.219038212277069,0.0607030017535121,0.292589661999065,0.368136797319628,1.31,2.31,0.189473684210526,0.432900432900433
"power a=3.31",3.31,10000,1000,2.9,26.9344798796378,3.40536838818497,0.230112364324286,0.0646718424965337,0.309556013792504,0.37995665168961,1.31,2.31,0.203448275862069,0.432900432900433
"power a=3.31",3.31,10000,1000,2.95,27.6478999728121,3.42767833187619,0.241057321471033,0.0690581713117888,0.328230911532182,0.391444472161922,1.31,2.31,0.216949152542373,0.432900432900433
"power a=3.31",3.31,10000,1000,3,28.3130715432683,3.44853149517133,0.251856164753677,0.0747754131680974,0.347400859995429,0.402601228103283,1.31,2.31,0.23,0.432900432900433
"power a=3.31",3.31,10000,1000,3.05,28.977979855794,3.46803322838863,0.262494906116886,0.080185312499382,0.364131658008111,0.413429962898326,1.31,2.31,0.242622950819672,0.432900432900433
"power a=3.31",3.31,10000,1000,3.1,29.6259803326287,3.4862821318592,0.27296219732759,0.0845681701578936,0.379327175789503,0.423935409890858,1.31,2.31,0.254838709677419,0.432900432900433
"power a=3.31",3.31,10000,1000,3.15,30.2067371477867,3.50337017482666,0.283249046987942,0.0904134694166054,0.398683503227512,0.434123653697765,1.31,2.31,0.266666666666667,0.432900432900433
"power a=3.31",3.31,10000,1000,3.2,30.6964913531495,3.51938289412407,0.293348550782274,0.0955703100128457,0.418282743661215,0.444001835084354,1.31,2.31,0.278125,0.432900432900433
"power a=3.31",3.31,10000,1000,3.25,31.1993423483605,3.53439965090641,0.303255638382351,0.101373689950808,0.437289032638563,0.453577896653284,1.31,2.31,0.289230769230769,0.432900432900433
"power a=3.31",3.31,10000,1000,3.3,31.7383284045582,3.54849392737869,0.312966839078575,0.107710443287855,0.453805702048277,0.462860366027979,1.31,2.31,0.3,0.432900432900433
"power a=3.31",3.31,10000,1000,3.35,32.2888386524451,3.56173364877221,0.322480067150147,0.113405500970284,0.47025365044736,0.471858172923022,1.31,2.31,0.31044776119403,0.432900432900433
"power a=3.31",3.31,10000,1000,3.4,32.6411175808761,3.57418151874768,0.33179442718584,0.119473412593924,0.483597917048642,0.480580496417447,1.31,2.31,0.320588235294118,0.432900432900433
"power a=3.31",3.31,10000,1000,3.45,32.994476842348,3.58589535893643,0.340910038975493,0.126165384108751,0.496184200845299,0.489036638822719,1.31,2.31,0.330434782608696,0.432900432900433
"power a=3.31",3.31,10000,1000,3.5,33.470302903426,3.59692844548462,0.349827881172024,0.132642598395291,0.512002750077812,0.497235922717238,1.31,2.31,0.34,0.432900432900433
"power a=3.31",3.31,10000,1000,3.55,33.9958838366234,3.60732983726666,0.35854965264126,0.138573770689899,0.522862174107365,0.505187607965429,1.31,2.31,0.349295774647887,0.432900432900433
"power a=3.31",3.31,10000,1000,3.6,34.4521834027513,3.61714469191697,0.367077650243191,0.143962745683547,0.539719966408208,0.51290082582241,1.31,2.31,0.358333333333333,0.432900432900433
"power a=3.31",3.31,10000,1000,3.65,34.9249473839006,3.62641456703239,0.375414661698786,0.150120690513969,0.549071495912595,0.520384527523133,1.31,2.31,0.367123287671233,0.432900432900433
"power a=3.31",3.31,10000,1000,3.7,35.3571904934107,3.63517770485792,0.383563872170426,0.156054510129302,0.56313591229677,0.527647445052044,1.31,2.31,0.375675675675676,0.432900432900433
"power a=3.31",3.31,10000,1000,3.75,35.7010551926037,3.64346929952313,0.391528783204402,0.162179887456673,0.575006106162822,0.534698062074906,1.31,2.31,0.384,0.432900432900433
"power a=3.31",3.31,10000,1000,3.8,36.0418630075095,3.65132174647842,0.399313142736683,0.1689694308055,0.589557441806601,0.541544593281613,1.31,2.31,0.392105263157895,0.432900432900433
"power a=3.31",3.31,10000,1000,3.85,36.3014773522336,3.65876487421979,0.406920884937599,0.17569786177197,0.60426481800167,0.548194970633593,1.31,2.31,0.4,0.432900432900433
"power a=3.31",3.31,10000,1000,3.9,36.5187025498719,3.66582615871443,0.414356078758337,0.18223897404543,0.613685572057077,0.55465683522988,1.31,2.31,0.407692307692308,0.432900432900433
"power a=3.31",3.31,10000,1000,3.95,36.7561058504447,3.6725309211689,0.421622884136059,0.187554026344647,0.624553952438752,0.560937533701905,1.31,2.31,0.415189873417722,0.432900432900433
"power a=3.31",3.31,10000,1000,4,37.0442629259124,3.67890250993792,0.428725514910047,0.193015558851802,0.63305841973035,0.56704411821923,1.31,2.31,0.4225,0.432900432900433
"power a=3.31",3.31,10000,1000,4.05,37.2696985462347,3.6849624674689,0.435668207595258,0.197807446565516,0.642954865962631,0.572983349338201,1.31,2.31,0.42962962962963,0.432900432900433
"power a=3.31",3.31,10000,1000,4.1,37.5449421125704,3.69073068323061,0.442455195249717,0.202766611624512,0.652877385484098,0.578761701054785,1.31,2.31,0.436585365853659,0.432900432900433
"power a=3.31",3.31,10000,1000,4.15,37.7630765740068,3.69622553359298,0.449090685756795,0.207495066205188,0.66487367001924,0.584385367533466,1.31,2.31,0.443373493975904,0.432900432900433
"power a=3.31",3.31,10000,1000,4.2,37.9848586416815,3.70146400961868,0.45557884392172,0.213514178783697,0.676643737068835,0.589860271078275,1.31,2.31,0.45,0.432900432900433
"power a=3.31",3.31,10000,1000,4.25,38.1542171258759,3.70646183370256,0.461923776853337,0.220571523867775,0.688064114272904,0.595192070991636,1.31,2.31,0.456470588235294,0.432900432900433
"power a=3.31",3.31,10000,1000,4.3,38.2983344478932,3.71123356595785,0.468129522167034,0.226431705873907,0.698978037817385,0.600386173033683,1.31,2.31,0.462790697674419,0.432900432900433
"power a=3.31",3.31,10000,1000,4.35,38.4619534441672,3.71579270120211,0.474200038603067,0.230389603584893,0.709538234744296,0.605447739250747,1.31,2.31,0.468965517241379,0.432900432900433
"power a=3.31",3.31,10000,1000,4.4,38.6330992486882,3.72015175734537,0.480139198706593,0.2357775504417,0.719648601199846,0.610381697988399,1.31,2.31,0.475,0.432900432900433
"power a=3.31",3.31,10000,1000,4.45,38.8053169053933,3.72432235592944,0.485950783261951,0.241509051130162,0.729427908407558,0.6151927539431,1.31,2.31,0.480898876404494,0.432900432900433
"power a=3.31",3.31,10000,1000,4.5,38.9561072032218,3.72831529551338,0.491638477214557,0.24510908287173,0.738851860839047,0.619885398138445,1.31,2.31,0.486666666666667,0.432900432900433
"power a=3.31",3.31,10000,1000,4.55,39.1210703918688,3.73214061854693,0.497205866849694,0.250616877839152,0.74690610670756,0.624463917738212,1.31,2.31,0.492307692307692,0.432900432900433
"power a=3.31",3.31,10000,1000,4.6,39.2825501658215,3.7358076723218,0.502656438029006,0.254926535569548,0.755282197367605,0.628932405629824,1.31,2.31,0.497826086956522,0.432900432900433
"power a=3.31",3.31,10000,1000,4.65,39.4292839419712,3.73932516454145,0.507993575313004,0.25978807117616,0.76439780556786,0.633294769729302,1.31,2.31,0.503225806451613,0.432900432900433
"power a=3.31",3.31,10000,1000,4.7,39.5951619884366,3.74270121400352,0.513220561821937,0.263866719106076,0.772731137808828,0.637554741972845,1.31,2.31,0.508510638297872,0.432900432900433
"power a=3.31",3.31,10000,1000,4.75,39.7256722031506,3.74594339684493,0.518340579708193,0.268775529131666,0.780646627573745,0.64171588697154,1.31,2.31,0.513684210526316,0.432900432900433
"power a=3.31",3.31,10000,1000,4.8,39.8627158077644,3.74905878875979,0.523356711131592,0.27378938785756,0.787702504805401,0.645781610314717,1.31,2.31,0.51875,0.432900432900433
"power a=3.31",3.31,10000,1000,4.85,40.0005638873423,3.75205400356184,0.528271939644563,0.277267237073456,0.796982990744151,0.649755166514674,1.31,2.31,0.523711340206186,0.432900432900433
"power a=3.31",3.31,10000,1000,4.9,40.1325774518427,3.75493522842947,0.533089151907825,0.279823048340266,0.804737086706895,0.653639666591099,1.31,2.31,0.528571428571429,0.432900432900433
"power a=3.31",3.31,10000,1000,4.95,40.259045936617,3.75770825613919,0.5378111396689,0.285653577105727,0.810411416654224,0.657438085297893,1.31,2.31,0.533333333333333,0.432900432900433
"power a=3.31",3.31,10000,1000,5,40.3870030274669,3.76037851456469,0.542440601945923,0.288961892569932,0.817470171595514,0.66115326799843,1.31,2.31,0.538,0.432900432900433
"power a=3.31",3.31,10000,1000,5.05,40.4964255147038,3.76295109369246,0.546980147367924,0.294950929832658,0.82283093251336,0.664787937197811,1.31,2.31,0.542574257425743,0.432900432900433
"power a=3.31",3.31,10000,1000,5.1,40.5925916185392,3.76543077038088,0.551432296630282,0.29888788541149,0.829186767143644,0.668344698742487,1.31,2.31,0.547058823529412,0.432900432900433
"power a=3.31",3.31,10000,1000,5.15,40.6826329661366,3.76782203106808,0.555799485030494,0.302826746419384,0.835385970695702,0.671826047698934,1.31,2.31,0.551456310679612,0.432900432900433
"power a=3.31",3.31,10000,1000,5.2,40.8101748221221,3.77012909261435,0.56008406505497,0.306158599468123,0.840949875240181,0.675234373923914,1.31,2.31,0.555769230769231,0.432900432900433
"power a=3.31",3.31,10000,1000,5.25,40.910112761847,3.77235592144686,0.564288308992304,0.310957808428919,0.845919675129331,0.678571967339386,1.31,2.31,0.56,0.432900432900433
"power a=3.31",3.31,10000,1000,5.3,40.9854070057117,3.77450625115882,0.56841441155258,0.31485080783658,0.8501367734797,0.681841022925365,1.31,2.31,0.564150943396226,0.432900432900433
"power a=3.31",3.31,10000,1000,5.35,41.0578611537826,3.77658359870036,0.572464492475759,0.317560637523569,0.854744337110732,0.685043645444097,1.31,2.31,0.568224299065421,0.432900432900433
"power a=3.31",3.31,10000,1000,5.4,41.1265773252797,3.77859127928553,0.576440599115192,0.321776904950105,0.859573625089097,0.688181853908758,1.31,2.31,0.572222222222222,0.432900432900433
"power a=3.31",3.31,10000,1000,5.45,41.1906661646079,3.78053242012809,0.580344708984857,0.325493123462817,0.864712611430385,0.69125758580966,1.31,2.31,0.576146788990826,0.432900432900433
"power a=3.31",3.31,10000,1000,5.5,41.268142247192,3.78240997310797,0.584178732261124,0.329389174223808,0.870271337561718,0.694272701110612,1.31,2.31,0.58,0.432900432900433
"power a=3.31",3.31,10000,1000,5.55,41.347056178526,3.7842267264609,0.587944514231695,0.332690869846132,0.874807676667445,0.697228986027676,1.31,2.31,0.583783783783784,0.432900432900433
"power a=3.31",3.31,10000,1000,5.6,41.4227752945615,3.78598531557485,0.591643837685959,0.336416202873973,0.879435633405018,0.700128156602096,1.31,2.31,0.5875,0.432900432900433
"power a=3.31",3.31,10000,1000,5.65,41.4958935635967,3.78768823296937,0.595278425242365,0.340826426430182,0.883170155782255,0.70297186207871,1.31,2.31,0.591150442477876,0.432900432900433
"power a=3.31",3.31,10000,1000,5.7,41.5501479990175,3.78933783752674,0.598849941609535,0.346010051320046,0.887214325494677,0.705761688100666,1.31,2.31,0.594736842105263,0.432900432900433
"power a=3.31",3.31,10000,1000,5.75,41.6013067752271,3.79093636303753,0.602359995778824,0.348949597363057,0.891313732627594,0.708499159730732,1.31,2.31,0.598260869565217,0.432900432900433
"power a=3.31",3.31,10000,1000,5.8,41.65742079018,3.79248592611754,0.605810143146848,0.354354430229803,0.895417728136278,0.711185744309008,1.31,2.31,0.601724137931035,0.432900432900433
"power a=3.31",3.31,10000,1000,5.85,41.7027279283129,3.79398853354778,0.609201887567168,0.358833586474031,0.899275379840817,0.713822854156332,1.31,2.31,0.605128205128205,0.432900432900433
"power a=3.31",3.31,10000,1000,5.9,41.7462564389803,3.7954460890847,0.612536683330925,0.363274346546419,0.902762539627907,0.7164118491322,1.31,2.31,0.608474576271187,0.432900432900433
"power a=3.31",3.31,10000,1000,5.95,41.788090433938,3.7968603997834,0.615815937076657,0.366753516116059,0.906095615715195,0.718954039055532,1.31,2.31,0.611764705882353,0.432900432900433
"power a=3.31",3.31,10000,1000,6,41.8283096793033,3.79823318187302,0.619041009629961,0.3705124404432,0.909298159323819,0.721450685996156,1.31,2.31,0.615,0.432900432900433
"power a=3.31",3.31,10000,1000,6.05,41.8669898366863,3.79956606621988,0.622213217773962,0.374423606232596,0.912120862574226,0.723903006444456,1.31,2.31,0.618181818181818,0.432900432900433
"power a=3.31",3.31,10000,1000,6.1,41.9042026900457,3.8008606034109,0.625333835951821,0.378515201759653,0.914863728342334,0.726312173366191,1.31,2.31,0.621311475409836,0.432900432900433
"power a=3.31",3.31,10000,1000,6.15,41.9392524978818,3.80211826848693,0.62840409790274,0.381310717416311,0.917836313573897,0.728679318149098,1.31,2.31,0.624390243902439,0.432900432900433
"power a=3.31",3.31,10000,1000,6.2,41.981451994717,3.80334046535323,0.631425198233057,0.384406079736266,0.920431820882925,0.731005532447501,1.31,2.31,0.62741935483871,0.432900432900433
"power a=3.31",3.31,10000,1000,6.25,42.0277762258791,3.80452853089188,0.634398293924192,0.386951023519142,0.92287089074185,0.733291869930802,1.31,2.31,0.6304,0.432900432900433
"power a=3.31",3.31,10000,1000,6.3,42.0727188852439,3.80568373879871,0.637324505779269,0.389839056752157,0.925233423513285,0.735539347941354,1.31,2.31,0.633333333333333,0.432900432900433
"power a=3.31",3.31,10000,1000,6.35,42.1163379745663,3.80680730316577,0.64020491981033,0.393137645258988,0.927636987470271,0.737748949066923,1.31,2.31,0.636220472440945,0.432900432900433
"power a=3.31",3.31,10000,1000,6.4,42.1555289101682,3.8079003818282,0.643040588568087,0.395961691154693,0.929917678694679,0.739921622632605,1.31,2.31,0.6390625,0.432900432900433
"power a=3.31",3.31,10000,1000,6.45,42.1833264175206,3.8089640794931,0.645832532416207,0.398743410140089,0.932119577228342,0.742058286116812,1.31,2.31,0.641860465116279,0.432900432900433
"power a=3.31",3.31,10000,1000,6.5,42.2101653709965,3.80999945066643,0.64858174075211,0.401994258897941,0.934110262495242,0.744159826495617,1.31,2.31,0.644615384615385,0.432900432900433
"power a=3.31",3.31,10000,1000,6.55,42.2360915004314,3.81100750239265,0.65128917317626,0.405043214633402,0.935814991498209,0.746227101519541,1.31,2.31,0.647328244274809,0.432900432900433
"power a=3.31",3.31,10000,1000,6.6,42.2611479729359,3.81198919682066,0.653955760611947,0.40828575405393,0.938140970795813,0.748260940926582,1.31,2.31,0.65,0.432900432900433
"power a=3.31",3.31,10000,1000,6.65,42.2944197285032,3.81294545360855,0.656582406377475,0.410532565728293,0.939857151905913,0.750262147595077,1.31,2.31,0.652631578947368,0.432900432900433
"power a=3.31",3.31,10000,1000,6.7,42.3276328335863,3.81387715217853,0.659169987212693,0.412733196028288,0.941573417052317,0.752231498639774,1.31,2.31,0.655223880597015,0.432900432900433
"power a=3.31",3.31,10000,1000,6.75,42.3715655904629,3.81478513383272,0.661719354261728,0.415518221028074,0.943745088868971,0.754169746454272,1.31,2.31,0.657777777777778,0.432900432900433
"power a=3.31",3.31,10000,1000,6.8,42.4152989053041,3.81567020373946,0.66423133401376,0.418080868002527,0.945616350632344,0.756077619702826,1.31,2.31,0.660294117647059,0.432900432900433
"power a=3.31",3.31,10000,1000,6.85,42.4551992462334,3.81653313279915,0.666706729203612,0.420726929599882,0.947596385038982,0.757955824264298,1.31,2.31,0.662773722627737,0.432900432900433
"power a=3.31",3.31,10000,1000,6.9,42.4882923591039,3.81737465939788,0.669146319673886,0.42489241509688,0.949384606641633,0.759805044130904,1.31,2.31,0.665217391304348,0.432900432900433
"power a=3.31",3.31,10000,1000,6.95,42.5062284446627,3.8181954910566,0.671550863200326,0.426880472733883,0.951054258765683,0.761625942264229,1.31,2.31,0.667625899280575,0.432900432900433
"power a=3.31",3.31,10000,1000,7,42.5224955861274,3.81899630598272,0.67392109628202,0.429520724830391,0.952703420896909,0.76341916141084,1.31,2.31,0.67,0.432900432900433
"power a=3.31",3.31,10000,1000,7.05,42.538233893032,3.81977775453091,0.67625773489801,0.433279090835502,0.954040013815332,0.765185324879684,1.31,2.31,0.672340425531915,0.432900432900433
"power a=3.31",3.31,10000,1000,7.1,42.5534686842085,3.82054046057896,0.678561475231809,0.43753925993715,0.955333498354676,0.766925037283343,1.31,2.31,0.674647887323944,0.432900432900433
"power a=3.31",3.31,10000,1000,7.15,42.5824546004994,3.8212850228244,0.680832994365283,0.43958918702575,0.956618337138065,0.768638885245073,1.31,2.31,0.676923076923077,0.432900432900433
"power a=3.31",3.31,10000,1000,7.2,42.611276795902,3.82201201600709,0.68307295094329,0.442159985158266,0.958017385303709,0.770327438073466,1.31,2.31,0.679166666666667,0.432900432900433
"power a=3.31",3.31,10000,1000,7.25,42.6391641572542,3.82272199206249,0.685281985810397,0.443387073493322,0.95937115566724,0.77199124840644,1.31,2.31,0.681379310344828,0.432900432900433
"power a=3.31",3.31,10000,1000,7.3,42.6601557099227,3.82341548121021,0.687460722620987,0.444562364337139,0.960681102224159,0.773630852826187,1.31,2.31,0.683561643835616,0.432900432900433
"power a=3.31",3.31,10000,1000,7.35,42.6778079926319,3.82409299298186,0.689609768423943,0.446225512789299,0.961938267723377,0.77524677244659,1.31,2.31,0.685714285714286,0.432900432900433
"power a=3.31",3.31,10000,1000,7.4,42.6950739953784,3.82475501719213,0.69172971422312,0.450188831398906,0.96310441908804,0.776839513474561,1.31,2.31,0.687837837837838,0.432900432900433
"power a=3.31",3.31,10000,1000,7.45,42.711967788089,3.82540202485664,0.693821135514704,0.451985186697011,0.964234264802906,0.77840956774663,1.31,2.31,0.68993288590604,0.432900432900433
"power a=3.31",3.31,10000,1000,7.5,42.7285027930418,3.8260344690599,0.69588459280254,0.454483761323411,0.965328960237748,0.779957413242074,1.31,2.31,0.692,0.432900432900433
"power a=3.31",3.31,10000,1000,7.55,42.7446918186066,3.82665278577644,0.697920632092443,0.458396605855485,0.966389622757686,0.781483514573788,1.31,2.31,0.694039735099338,0.432900432900433
"power a=3.31",3.31,10000,1000,7.6,42.7605470910536,3.82725739464804,0.699929785366482,0.462474203760088,0.967417333043438,0.782988323458016,1.31,2.31,0.696052631578947,0.432900432900433
"power a=3.31",3.31,10000,1000,7.65,42.7760802845497,3.82784869971969,0.701912571038161,0.465466900081357,0.968413136361312,0.78447227916402,1.31,2.31,0.698039215686274,0.432900432900433
"power a=3.31",3.31,10000,1000,7.7,42.7913025494545,3.82842709013682,0.703869494389371,0.469994902403893,0.969378043785145,0.785935808944697,1.31,2.31,0.7,0.432900432900433
"power a=3.31",3.31,10000,1000,7.75,42.8062245390201,3.82899294080608,0.705801047989986,0.472101398963628,0.970313033372261,0.787379328449078,1.31,2.31,0.701935483870968,0.432900432900433
"power a=3.31",3.31,10000,1000,7.8,42.8208564345927,3.82954661302191,0.707707712100878,0.475463683188929,0.971219051295413,0.788803242117625,1.31,2.31,0.703846153846154,0.432900432900433
"power a=3.31",3.31,10000,1000,7.85,42.8370690987446,3.83008845506085,0.709589955061139,0.47818317524128,0.972097012932603,0.790207943561157,1.31,2.31,0.705732484076433,0.432900432900433
"power a=3.31",3.31,10000,1000,7.9,42.858417244303,3.83061880274553,0.71144823366022,0.479937622547774,0.972947803916541,0.791593815924211,1.31,2.31,0.707594936708861,0.432900432900433
"power a=3.31",3.31,10000,1000,7.95,42.8764058606464,3.83113797998011,0.713282993495698,0.482965147666425,0.973772281145464,0.792961232233595,1.31,2.31,0.709433962264151,0.432900432900433
"power a=3.31",3.31,10000,1000,8,42.8923076348753,3.8316462992588,0.715094669317313,0.485495340058571,0.974571273756892,0.79431055573284,1.31,2.31,0.71125,0.432900432900433
"power a=3.31",3.31,1e+05,500,0,1,0,1e-05,1e-05,1e-05,1e-05,1.31,2.31,0,0
"power a=3.31",3.31,1e+05,500,0.05,1.0211132848729,0.0210292674375663,1.00052436287108e-05,1.00052035852798e-05,1.00052795797099e-05,1.28515850218493e-05,1.31,2.31,0,0
"power a=3.31",3.31,1e+05,500,0.1,1.04425400898635,0.0436164209477727,1.00223099829308e-05,1.00221321277328e-05,1.00224744789667e-05,1.65193644367984e-05,1.31,2.31,0,0
"power a=3.31",3.31,1e+05,500,0.15,1.0696585445917,0.0679071685273564,1.00535141163548e-05,1.00530717008947e-05,1.00539481373279e-05,2.12375922263226e-05,1.31,2.31,0,0
"power a=3.31",3.31,1e+05,500,0.2,1.09761512278314,0.0940633787687046,1.0101674990489e-05,1.01007837045633e-05,1.01025037297029e-05,2.73078350524949e-05,1.31,2.31,0,0
"power a=3.31",3.31,1e+05,500,0.25,1.12848636729674,0.122264672755862,1.0170256267135e-05,1.01686022605178e-05,1.01717862390202e-05,3.51182903198575e-05,1.31,2.31,0,0
"power a=3.31",3.31,1e+05,500,0.3,1.16255999305727,0.152709857407378,1.02635567163415e-05,1.02608983101239e-05,1.02661558157102e-05,4.516861919105e-05,1.31,2.31,0,0
"power a=3.31",3.31,1e+05,500,0.35,1.20043184828795,0.185617972984012,1.03869714963801e-05,1.03826955406786e-05,1.03914403569863e-05,5.8101849757618e-05,1.31,2.31,0,0
"power a=3.31",3.31,1e+05,500,0.4,1.24252243770805,0.221228639543234,1.05473563086998e-05,1.05399974187131e-05,1.05541679702422e-05,7.47453330247112e-05,1.31,2.31,0,0
"power a=3.31",3.31,1e+05,500,0.45,1.28935608909053,0.259801317049252,1.07535434179382e-05,1.07420006923923e-05,1.07645553676086e-05,9.61632730303184e-05,1.31,2.31,0,0
"power a=3.31",3.31,1e+05,500,0.5,1.34222916641415,0.301613079279348,1.10170858056001e-05,1.09978911040058e-05,1.10328341935217e-05,0.000123724027510874,1.31,2.31,0,0
"power a=3.31",3.31,1e+05,500,0.55,1.40128834870997,0.34695457435015,1.13533502038222e-05,1.13205648075441e-05,1.13773537322323e-05,0.000159186215583696,1.31,2.31,0,0
"power a=3.31",3.31,1e+05,500,0.6,1.46777553529253,0.396124004432285,1.17831533263537e-05,1.17288452227359e-05,1.18190873767917e-05,0.000204808704349941,1.31,2.31,0,0
"power a=3.31",3.31,1e+05,500,0.65,1.54297310734739,0.449419165252829,1.2335258908856e-05,1.22426159032703e-05,1.23903735743357e-05,0.00026349080600303,1.31,2.31,0,0
"power a=3.31",3.31,1e+05,500,0.7,1.62839508189708,0.507127796692609,1.30502621525731e-05,1.28944548089232e-05,1.31252771055923e-05,0.000338950521337856,1.31,2.31,0,0
"power a=3.31",3.31,1e+05,500,0.75,1.72487451232195,0.56951669249372,1.39867456161207e-05,1.37260868083974e-05,1.40782738589421e-05,0.000435950413125494,1.31,2.31,0,0
"power a=3.31",3.31,1e+05,500,0.8,1.83545223730968,0.636820195975462,1.52312058076697e-05,1.47705982729589e-05,1.53412027579529e-05,0.000560582636354613,1.31,2.31,0,0
"power a=3.31",3.31,1e+05,500,0.85,1.96082865314503,0.709228832324649,1.69143112692019e-05,1.61326293145532e-05,1.70360954258743e-05,0.00072062665604199,1.31,2.31,0,0
"power a=3.31",3.31,1e+05,500,0.9,2.10557622416353,0.786878833430737,1.92378806141737e-05,1.78650984360448e-05,1.93485662495061e-05,0.000925994950293232,1.31,2.31,0,0
"power a=3.31",3.31,1e+05,500,0.95,2.27018556846633,0.869843177980452,2.25200889592196e-05,2.00946389161187e-05,2.2514991930875e-05,0.00118928294985921,1.31,2.31,0,0
"power a=3.31",3.31,1e+05,500,1,2.46256206766465,0.958124555178845,2.72716456355405e-05,2.30540952282569e-05,2.68987122153743e-05,0.00152643856613225,1.31,2.31,0,0
"power a=3.31",3.31,1e+05,500,1.05,2.68089046541571,1.05165045379582,3.43242064959967e-05,2.69314857003127e-05,3.31303070434307e-05,0.00195756215019094,1.31,2.31,0,0
"power a=3.31",3.31,1e+05,500,1.1,2.93352779242372,1.15027042970658,4.50454719546719e-05,3.21141637111578e-05,4.197068718309e-05,0.0025078368425266,1.31,2.31,0,0
"power a=3.31",3.31,1e+05,500,1.15,3.22188335223164,1.25375550820179,6.16941633250839e-05,3.88996627652951e-05,5.46013932976114e-05,0.00320856808999273,1.31,2.31,0,0
"power a=3.31",3.31,1e+05,500,1.2,3.55116013684613,1.36179960285307,8.79907987162748e-05,4.7982753742567e-05,7.30132291221846e-05,0.00409827494986334,1.31,2.31,0,0
"power a=3.31",3.31,1e+05,500,1.25,3.93486570589184,1.47402276773786,0.00012999889457462,6.0078397799209e-05,9.9525543523273e-05,0.0052237211092944,1.31,2.31,0,0
"power a=3.31",3.31,1e+05,500,1.3,4.36733821572478,1.58997605747431,0.000197405884431787,7.64212349916739e-05,0.000137163213392848,0.00664070234112131,1.31,2.31,0,0
"power a=3.31",3.31,1e+05,500,1.35,4.8596286008544,1.7091477719285,0.000305229715677893,9.78849663826772e-05,0.000192192193584274,0.00841433432606082,1.31,2.31,0,0.0173160173160173
"power a=3.31",3.31,1e+05,500,1.4,5.43717419877837,1.83097091731966,0.000475823174054023,0.000127155561724348,0.000271441397292692,0.0106185446324993,1.31,2.31,0,0.038961038961039
"power a=3.31",3.31,1e+05,500,1.45,6.08148866901901,1.95483180211183,0.000740819040562417,0.000166744465117385,0.000384474505593215,0.0133345128897757,1.31,2.31,0,0.0606060606060607
"power a=3.31",3.31,1e+05,500,1.5,6.80096147925695,2.0800797592906,0.00114247382302989,0.000220760143362116,0.000551804664698017,0.0166479537795997,1.31,2.31,0,0.0822510822510822
"power a=3.31",3.31,1e+05,500,1.55,7.62747390122426,2.20603799989521,0.00173391016875913,0.000292543030929215,0.000789066434853773,0.0206453641558071,1.31,2.31,0,0.103896103896104
"power a=3.31",3.31,1e+05,500,1.6,8.60371931828292,2.3320155400547,0.00257806852166373,0.000388967806547603,0.00113996641766493,0.0254095560073066,1.31,2.31,0,0.125541125541126
"power a=3.31",3.31,1e+05,500,1.65,9.67893729988563,2.4573200303231,0.00374548726020319,0.000512924033333161,0.00164328690628384,0.0310148897268933,1.31,2.31,0,0.147186147186147
"power a=3.31",3.31,1e+05,500,1.7,10.900455947694,2.5812711878741,0.00531104766781027,0.000674058800736577,0.0023300806701451,0.0375226442243225,1.31,2.31,0,0.168831168831169
"power a=3.31",3.31,1e+05,500,1.75,12.2853474246052,2.70321440057654,0.00734975126584334,0.00088328994447953,0.00330788613645873,0.0449769996516808,1.31,2.31,0,0.19047619047619
"power a=3.31",3.31,1e+05,500,1.8,13.8169099804828,2.82253393944612,0.00993192547810949,0.00115472226974641,0.00458007985191862,0.0534021257015694,1.31,2.31,0,0.212121212121212
"power a=3.31",3.31,1e+05,500,1.85,15.5094874617909,2.93866512102324,0.0131188629924941,0.00150164979634983,0.0063549597132183,0.0628007136134491,1.31,2.31,0,0.233766233766234
"power a=3.31",3.31,1e+05,500,1.9,17.3544261840373,3.05110476976762,0.0169600161473282,0.00194609188986029,0.00864598583151496,0.0731539453968625,1.31,2.31,0,0.255411255411255
"power a=3.31",3.31,1e+05,500,1.95,19.2430339182948,3.15941946671038,0.0214921105352593,0.00247896812501668,0.0117279916730954,0.0844225701937473,1.31,2.31,0,0.277056277056277
"power a=3.31",3.31,1e+05,500,2,21.1765148263823,3.26325128085937,0.0267395082252452,0.00315371133924654,0.0156133665769175,0.0965486765506005,1.31,2.31,0,0.298701298701299
"power a=3.31",3.31,1e+05,500,2.05,23.5545450885652,3.3623208796136,0.0327147188970045,0.00400314490246813,0.0203640189753049,0.109457909474516,1.31,2.31,0,0.32034632034632
"power a=3.31",3.31,1e+05,500,2.1,25.8263787833547,3.45642805755927,0.0394183599374543,0.00502540114684341,0.0264081640132527,0.12306209066836,1.31,2.31,0,0.341991341991342
"power a=3.31",3.31,1e+05,500,2.15,28.4556249585633,3.5454498206435,0.0468386177442582,0.00622322306436363,0.0337927342484887,0.137262283238143,1.31,2.31,0,0.363636363636364
"power a=3.31",3.31,1e+05,500,2.2,31.0694378803754,3.62933624923783,0.0549507629254461,0.00762941916390238,0.0419595010438436,0.151952270846838,1.31,2.31,0,0.385281385281385
"power a=3.31",3.31,1e+05,500,2.25,33.7921275637056,3.70810445728154,0.0637172992627507,0.00922710149479647,0.0519289459243853,0.167022284737397,1.31,2.31,0,0.406926406926407
"power a=3.31",3.31,1e+05,500,2.3,36.471088055929,3.7818310565531,0.0730890357579804,0.0111943237435299,0.0631049240635573,0.182362711300551,1.31,2.31,0,0.428571428571429
"power a=3.31",3.31,1e+05,500,2.35,39.1566604131504,3.85064360246465,0.0830070291152559,0.0133773126439848,0.075716139169486,0.197867494401982,1.31,2.31,0.0170212765957447,0.432900432900433
"power a=3.31",3.31,1e+05,500,2.4,42.0361234383074,3.91471152213711,0.093405120507273,0.0159015512194383,0.0895089050123871,0.213437000956429,1.31,2.31,0.0375000000000001,0.432900432900433
"power a=3.31",3.31,1e+05,500,2.45,44.9333962554078,3.97423700172152,0.104212719431919,0.0187124659786507,0.104121331892379,0.22898021004402,1.31,2.31,0.0571428571428572,0.432900432900433
"power a=3.31",3.31,1e+05,500,2.5,47.7358376273512,4.02944624540727,0.115357524481642,0.0217724067158877,0.119573693858919,0.244416181425545,1.31,2.31,0.076,0.432900432900433
"power a=3.31",3.31,1e+05,500,2.55,50.2996374837819,4.08058142782684,0.126767956638482,0.0253583866347817,0.136704026066258,0.259674837782674,1.31,2.31,0.0941176470588236,0.432900432900433
"power a=3.31",3.31,1e+05,500,2.6,53.0543642755796,4.12789356055926,0.138375173003606,0.0289653188270375,0.154629812051514,0.27469714837563,1.31,2.31,0.111538461538462,0.432900432900433
"power a=3.31",3.31,1e+05,500,2.65,55.9327916049357,4.17163639567472,0.150114606958565,0.0328548480351824,0.174325885772781,0.289434830461148,1.31,2.31,0.128301886792453,0.432900432900433
"power a=3.31",3.31,1e+05,500,2.7,58.7369514422284,4.21206140414136,0.161927038499017,0.0367878654443833,0.192740089201306,0.303849693221666,1.31,2.31,0.144444444444444,0.432900432900433
"power a=3.31",3.31,1e+05,500,2.75,61.1560470306568,4.24941379951388,0.173759236704413,0.0412253881185763,0.210373572111743,0.317912742866607,1.31,2.31,0.16,0.432900432900433
"power a=3.31",3.31,1e+05,500,2.8,63.1898406155297,4.28392952908397,0.1855642381992,0.0461384604864005,0.228961930820157,0.331603152492095,1.31,2.31,0.175,0.432900432900433
"power a=3.31",3.31,1e+05,500,2.85,65.3273371854027,4.31583312443697,0.197301334645145,0.0512336022483655,0.24397556377112,0.344907180825939,1.31,2.31,0.189473684210526,0.432900432900433
"power a=3.31",3.31,1e+05,500,2.9,67.815792067102,4.3453362884095,0.208935842239001,0.0566384210916256,0.261527820845541,0.357817103587291,1.31,2.31,0.203448275862069,0.432900432900433
"power a=3.31",3.31,1e+05,500,2.95,70.055380346807,4.372637092389,0.220438719990745,0.0622899753915589,0.28147502831915,0.370330202159452,1.31,2.31,0.216949152542373,0.432900432900433
"power a=3.31",3.31,1e+05,500,3,71.9917896002439,4.39791966331267,0.23178609388041,0.0675578881234873,0.300681746691774,0.38244783792227,1.31,2.31,0.23,0.432900432900433
"power a=3.31",3.31,1e+05,500,3.05,73.9884544653537,4.42135425055139,0.242958732933906,0.072472123058716,0.319305416762291,0.394174627458227,1.31,2.31,0.242622950819672,0.432900432900433
"power a=3.31",3.31,1e+05,500,3.1,75.7427203432279,4.44309757661054,0.253941512321277,0.0777958576138414,0.337718678757985,0.40551772393768,1.31,2.31,0.254838709677419,0.432900432900433
"power a=3.31",3.31,1e+05,500,3.15,77.2127364657014,4.46329339036446,0.264722888706688,0.0845325178201681,0.352555463800958,0.416486202982499,1.31,2.31,0.266666666666667,0.432900432900433
"power a=3.31",3.31,1e+05,500,3.2,78.5385823793438,4.48207315605705,0.275294404747388,0.0895930455311967,0.370683320371836,0.427090546723837,1.31,2.31,0.278125,0.432900432900433
"power a=3.31",3.31,1e+05,500,3.25,80.1069559597141,4.49955682472312,0.285650232988255,0.0956036760095462,0.387960720405187,0.437342217088223,1.31,2.31,0.289230769230769,0.432900432900433
"power a=3.31",3.31,1e+05,500,3.3,81.4001421416584,4.51585364656093,0.29578676434877,0.102178046132246,0.406593747818974,0.4472533080769,1.31,2.31,0.3,0.432900432900433
"power a=3.31",3.31,1e+05,500,3.35,82.6769358567451,4.53106299293824,0.305702242749369,0.108444240527018,0.424688894464643,0.456836266525536,1.31,2.31,0.31044776119403,0.432900432900433
"power a=3.31",3.31,1e+05,500,3.4,83.949254097657,4.54527516514439,0.315396444925145,0.115584345715684,0.441836062364166,0.466103671205896,1.31,2.31,0.320588235294118,0.432900432900433
"power a=3.31",3.31,1e+05,500,3.45,85.2206421441366,4.55857217382744,0.324870402876465,0.122667177866089,0.458131607926974,0.475068060898995,1.31,2.31,0.330434782608696,0.432900432900433
"power a=3.31",3.31,1e+05,500,3.5,86.621924298507,4.5710284784556,0.334126165482545,0.127513406489412,0.473903002682171,0.48374180304187,1.31,2.31,0.34,0.432900432900433
"power a=3.31",3.31,1e+05,500,3.55,87.9795854175283,4.58271168031791,0.343166595365919,0.134566568969222,0.488683654216144,0.492136995597086,1.31,2.31,0.349295774647887,0.432900432900433
"power a=3.31",3.31,1e+05,500,3.6,89.1042855895896,4.59368316573382,0.351995196991786,0.140426298994895,0.504226357162663,0.50026539582945,1.31,2.31,0.358333333333333,0.432900432900433
"power a=3.31",3.31,1e+05,500,3.65,90.1085456749062,4.60399869846401,0.360615972100857,0.146394508429952,0.51800733694899,0.508138370646181,1.31,2.31,0.367123287671233,0.432900432900433
"power a=3.31",3.31,1e+05,500,3.7,91.0713163619476,4.61370896197352,0.36903329882205,0.151908878026602,0.530586178984538,0.51576686403648,1.31,2.31,0.375675675675676,0.432900432900433
"power a=3.31",3.31,1e+05,500,3.75,91.8620373592437,4.62286005333822,0.377251831131379,0.157959611667639,0.54280198006843,0.523161377922126,1.31,2.31,0.384,0.432900432900433
"power a=3.31",3.31,1e+05,500,3.8,92.6134366172633,4.63149393132664,0.385276415673599,0.164108766032006,0.553515952074094,0.530331963400962,1.31,2.31,0.392105263157895,0.432900432900433
"power a=3.31",3.31,1e+05,500,3.85,93.5690256073819,4.63964882163045,0.393112023315932,0.170383833306942,0.564239114682808,0.537288219935133,1.31,2.31,0.4,0.432900432900433
"power a=3.31",3.31,1e+05,500,3.9,94.4935314184715,4.64735958243627,0.400763693141125,0.176093468920592,0.581042300150033,0.544039300514305,1.31,2.31,0.407692307692308,0.432900432900433
"power a=3.31",3.31,1e+05,500,3.95,95.3731483351129,4.65465803359222,0.408236486900063,0.18223228961711,0.592862909723235,0.550593921221315,1.31,2.31,0.415189873417722,0.432900432900433
"power a=3.31",3.31,1e+05,500,4,96.1668472394829,4.66157325257176,0.415535452227232,0.188886559404674,0.604078666269568,0.556960373954424,1.31,2.31,0.4225,0.432900432900433
"power a=3.31",3.31,1e+05,500,4.05,96.8789022388612,4.66813184031188,0.422665593173848,0.195139448545748,0.615004154389818,0.563146541326967,1.31,2.31,0.42962962962963,0.432900432900433
"power a=3.31",3.31,1e+05,500,4.1,97.5443223438244,4.67435815983003,0.429631846833862,0.201485764893591,0.625049927413541,0.569159912981186,1.31,2.31,0.436585365853659,0.432900432900433
"power a=3.31",3.31,1e+05,500,4.15,97.9827741809246,4.68027455032477,0.436439065029185,0.206331542091308,0.635697195887505,0.575007602726906,1.31,2.31,0.443373493975904,0.432900432900433
"power a=3.31",3.31,1e+05,500,4.2,98.4851622560853,4.68590151925299,0.443092000184756,0.211145907621934,0.647146597692421,0.580696366054806,1.31,2.31,0.45,0.432900432900433
"power a=3.31",3.31,1e+05,500,4.25,98.8895547806237,4.69125791466247,0.449595294664344,0.216418997294546,0.657261787139683,0.586232617684646,1.31,2.31,0.456470588235294,0.432900432900433
"power a=3.31",3.31,1e+05,500,4.3,99.4063314300695,4.69636107984966,0.455953472957057,0.222111272089595,0.66495441577561,0.591622448896344,1.31,2.31,0.462790697674419,0.432900432900433
"power a=3.31",3.31,1e+05,500,4.35,99.9326573851463,4.70122699221277,0.462170936205121,0.22806271821633,0.674122254122792,0.596871644460536,1.31,2.31,0.468965517241379,0.432900432900433
"power a=3.31",3.31,1e+05,500,4.4,100.43819929255,4.70587038798326,0.468251958648209,0.234153778066388,0.682939226633053,0.601985699039029,1.31,2.31,0.475,0.432900432900433
"power a=3.31",3.31,1e+05,500,4.45,100.924065378151,4.71030487434521,0.474200685630676,0.238870209243909,0.691641530104398,0.606969832967259,1.31,2.31,0.480898876404494,0.432900432900433
"power a=3.31",3.31,1e+05,500,4.5,101.482539596091,4.7145430302932,0.480021132877569,0.244648591179523,0.700528332225687,0.611829007363001,1.31,2.31,0.486666666666667,0.432900432900433
"power a=3.31",3.31,1e+05,500,4.55,102.023193629287,4.71859649743464,0.485717186794994,0.250403000748266,0.710625770656238,0.616567938530133,1.31,2.31,0.492307692307692,0.432900432900433
"power a=3.31",3.31,1e+05,500,4.6,102.54125448701,4.72247606181162,0.49129260559193,0.25446125735166,0.718899820622372,0.621191111644762,1.31,2.31,0.497826086956522,0.432900432900433
"power a=3.31",3.31,1e+05,500,4.65,103.037817142755,4.72619172769991,0.496751021055129,0.258814077260742,0.726785670205541,0.6257027937249,1.31,2.31,0.503225806451613,0.432900432900433
"power a=3.31",3.31,1e+05,500,4.7,103.513920116823,4.72975278423687,0.502095940837565,0.264019939075747,0.735376220145905,0.630107045894986,1.31,2.31,0.508510638297872,0.432900432900433
"power a=3.31",3.31,1e+05,500,4.75,103.970548206712,4.73316786563639,0.507330751144851,0.26858665286534,0.743336540009915,0.634407734963843,1.31,2.31,0.513684210526316,0.432900432900433
"power a=3.31",3.31,1e+05,500,4.8,104.462015510727,4.73644500566439,0.512458719724013,0.273444247579607,0.750170806572274,0.638608544339709,1.31,2.31,0.51875,0.432900432900433
"power a=3.31",3.31,1e+05,500,4.85,104.938064411607,4.7395916869743,0.517482999075609,0.278095961559226,0.756631978395322,0.642712984309343,1.31,2.31,0.523711340206186,0.432900432900433
"power a=3.31",3.31,1e+05,500,4.9,105.394716787259,4.74261488583519,0.522406629824045,0.282886643457424,0.76285205446086,0.64672440171023,1.31,2.31,0.528571428571429,0.432900432900433
"power a=3.31",3.31,1e+05,500,4.95,105.832790219624,4.74552111272669,0.52723254419243,0.287628975448675,0.769433732872338,0.650645989025987,1.31,2.31,0.533333333333333,0.432900432900433
"power a=3.31",3.31,1e+05,500,5,106.253067915431,4.74831644922233,0.531963569537959,0.292354083488613,0.775743702241718,0.654480792935374,1.31,2.31,0.538,0.432900432900433
"power a=3.31",3.31,1e+05,500,5.05,106.628097777255,4.75100658153711,0.536602431911799,0.29711324799885,0.782902738863193,0.658231722345106,1.31,2.31,0.542574257425743,0.432900432900433
"power a=3.31",3.31,1e+05,500,5.1,106.885908234936,4.75359683107371,0.541151759614161,0.301672618554564,0.789229574442422,0.661901555936024,1.31,2.31,0.547058823529412,0.432900432900433
"power a=3.31",3.31,1e+05,500,5.15,107.132127881164,4.75609218226593,0.545614086720823,0.306400785123991,0.794748737165956,0.665492949251288,1.31,2.31,0.551456310679612,0.432900432900433
"power a=3.31",3.31,1e+05,500,5.2,107.430958340086,4.75849730798536,0.549991856562027,0.312579927005931,0.79998092539977,0.669008441354173,1.31,2.31,0.555769230769231,0.432900432900433
"power a=3.31",3.31,1e+05,500,5.25,107.772030881496,4.76081659274912,0.554287425138584,0.315345075945742,0.807085859088733,0.672450461081831,1.31,2.31,0.56,0.432900432900433
"power a=3.31",3.31,1e+05,500,5.3,108.099959301979,4.76305415394117,0.558503064463283,0.319743817124213,0.814360029253996,0.675821332920096,1.31,2.31,0.564150943396226,0.432900432900433
"power a=3.31",3.31,1e+05,500,5.35,108.415284209552,4.76521386123718,0.5626409658184,0.325606342763209,0.821370699291711,0.67912328252311,1.31,2.31,0.568224299065421,0.432900432900433
"power a=3.31",3.31,1e+05,500,5.4,108.718522979712,4.7672993544032,0.566703242922415,0.329236447951606,0.828057382377016,0.682358441900216,1.31,2.31,0.572222222222222,0.432900432900433
"power a=3.31",3.31,1e+05,500,5.45,109.010170782425,4.76931405962074,0.570691935000907,0.332655268764239,0.833256919244605,0.685528854291289,1.31,2.31,0.576146788990826,0.432900432900433
"power a=3.31",3.31,1e+05,500,5.5,109.265075767327,4.77126120447499,0.574609009758192,0.337560063598704,0.839238341734054,0.688636478750395,1.31,2.31,0.58,0.432900432900433
"power a=3.31",3.31,1e+05,500,5.55,109.484575182545,4.77314383172919,0.578456366247587,0.340970857061108,0.845546148458208,0.691683194456451,1.31,2.31,0.583783783783784,0.432900432900433
"power a=3.31",3.31,1e+05,500,5.6,109.695140955768,4.77496481199559,0.582235837639262,0.345039988108137,0.851556499663165,0.694670804768403,1.31,2.31,0.5875,0.432900432900433
"power a=3.31",3.31,1e+05,500,5.65,109.897204588546,4.77672685540242,0.585949193885531,0.349146068711486,0.856645719491237,0.697601041041321,1.31,2.31,0.591150442477876,0.432900432900433
"power a=3.31",3.31,1e+05,500,5.7,110.091174681,4.77843252234639,0.5895981442842,0.353221502153668,0.861356816545452,0.700475566218736,1.31,2.31,0.594736842105263,0.432900432900433
"power a=3.31",3.31,1e+05,500,5.75,110.273527825141,4.78008423341153,0.593184339941153,0.356608583749154,0.86570030304474,0.703295978215587,1.31,2.31,0.598260869565217,0.432900432900433
"power a=3.31",3.31,1e+05,500,5.8,110.431631926942,4.78168427852716,0.596709376133865,0.359060564077691,0.86985248256781,0.70606381310515,1.31,2.31,0.601724137931035,0.432900432900433
"power a=3.31",3.31,1e+05,500,5.85,110.583115744748,4.78323482543087,0.600174794577918,0.36152631230227,0.873903100565071,0.708780548122489,1.31,2.31,0.605128205128205,0.432900432900433
"power a=3.31",3.31,1e+05,500,5.9,110.728314747796,4.78473792749603,0.603582085598891,0.364805131341444,0.878313053327354,0.711447604496114,1.31,2.31,0.608474576271187,0.432900432900433
"power a=3.31",3.31,1e+05,500,5.95,110.867545494383,4.78619553097778,0.606932690212241,0.368996478990699,0.881577205492903,0.714066350118739,1.31,2.31,0.611764705882353,0.432900432900433
"power a=3.31",3.31,1e+05,500,6,111.003319385652,4.78760948172617,0.610228002113957,0.373346129098297,0.885252738719487,0.716638102067347,1.31,2.31,0.615,0.432900432900433
"power a=3.31",3.31,1e+05,500,6.05,111.156214166666,4.78898153141099,0.6134693695849,0.377947046915026,0.888817334404442,0.719164128982051,1.31,2.31,0.618181818181818,0.432900432900433
"power a=3.31",3.31,1e+05,500,6.1,111.303802955781,4.79031334329824,0.616658097311845,0.382308390640808,0.892219673283686,0.721645653312613,1.31,2.31,0.621311475409836,0.432900432900433
"power a=3.31",3.31,1e+05,500,6.15,111.446315243694,4.791606497615,0.619795448128245,0.385622918013489,0.895277644715611,0.724083853440918,1.31,2.31,0.624390243902439,0.432900432900433
"power a=3.31",3.31,1e+05,500,6.2,111.59007302567,4.79286249653575,0.622882644677799,0.388172743006023,0.89794234697501,0.726479865687105,1.31,2.31,0.62741935483871,0.432900432900433
"power a=3.31",3.31,1e+05,500,6.25,111.734823283057,4.7940827688205,0.625920871003892,0.390844975874146,0.900721975628535,0.728834786206571,1.31,2.31,0.6304,0.432900432900433
"power a=3.31",3.31,1e+05,500,6.3,111.874436190341,4.79526867413233,0.628911274067922,0.394073881742606,0.903361658808533,0.731149672784579,1.31,2.31,0.633333333333333,0.432900432900433
"power a=3.31",3.31,1e+05,500,6.35,112.009130527902,4.79642150705929,0.631854965199524,0.398233102883931,0.906752779102172,0.733425546534743,1.31,2.31,0.636220472440945,0.432900432900433
"power a=3.31",3.31,1e+05,500,6.4,112.139114515168,4.79754250086388,0.634753021481618,0.402206642821951,0.910194583914266,0.735663393507262,1.31,2.31,0.6390625,0.432900432900433
"power a=3.31",3.31,1e+05,500,6.45,112.264586347878,4.79863283098083,0.637606487073159,0.405404245697746,0.9129259371624,0.737864166212366,1.31,2.31,0.641860465116279,0.432900432900433
"power a=3.31",3.31,1e+05,500,6.5,112.385734708901,4.79969361828255,0.640416374472371,0.409208620413562,0.91566775635964,0.740028785064104,1.31,2.31,0.644615384615385,0.432900432900433
"power a=3.31",3.31,1e+05,500,6.55,112.50273925367,4.80072593212958,0.643183665723192,0.413168151203242,0.918532710333621,0.742158139749238,1.31,2.31,0.647328244274809,0.432900432900433
"power a=3.31",3.31,1e+05,500,6.6,112.602972135525,4.80173079322237,0.645909313567539,0.417257917840662,0.920801242214054,0.744253090525713,1.31,2.31,0.65,0.432900432900433
"power a=3.31",3.31,1e+05,500,6.65,112.698133313546,4.80270917626888,0.648594242545938,0.421328185335474,0.92303431674793,0.746314469454873,1.31,2.31,0.652631578947368,0.432900432900433
"power a=3.31",3.31,1e+05,500,6.7,112.789467316391,4.80366201248164,0.651239350048956,0.425673334898356,0.925532590631298,0.74834308157133,1.31,2.31,0.655223880597015,0.432900432900433
"power a=3.31",3.31,1e+05,500,6.75,112.8771435254,4.80459019191667,0.653845507321778,0.430747946830895,0.927883983685088,0.75033970599412,1.31,2.31,0.657777777777778,0.432900432900433
"power a=3.31",3.31,1e+05,500,6.8,112.961323247201,4.80549456566563,0.656413560424186,0.435365415475899,0.930102959686553,0.752305096982569,1.31,2.31,0.660294117647059,0.432900432900433
"power a=3.31",3.31,1e+05,500,6.85,113.042160115343,4.80637594791168,0.658944331148089,0.437838111234725,0.932252743482075,0.754239984940055,1.31,2.31,0.662773722627737,0.432900432900433
"power a=3.31",3.31,1e+05,500,6.9,113.119800472059,4.80723511785872,0.661438617894681,0.440563448697777,0.934335497916592,0.756145077368658,1.31,2.31,0.665217391304348,0.432900432900433
"power a=3.31",3.31,1e+05,500,6.95,113.19438373104,4.8080728215429,0.663897196513178,0.445735060453005,0.936353319960929,0.758021059777487,1.31,2.31,0.667625899280575,0.432900432900433
"power a=3.31",3.31,1e+05,500,7,113.266042722092,4.80888977353453,0.666320821103037,0.451287507899547,0.938279665448907,0.759868596547309,1.31,2.31,0.67,0.432900432900433
"power a=3.31",3.31,1e+05,500,7.05,113.334904018514,4.80968665853805,0.668710224781433,0.45364054643647,0.940095559785031,0.761688331753934,1.31,2.31,0.672340425531915,0.432900432900433
"power a=3.31",3.31,1e+05,500,7.1,113.401088247998,4.81046413289687,0.671066120417709,0.456041904199136,0.941857663874282,0.763480889952648,1.31,2.31,0.674647887323944,0.432900432900433
"power a=3.31",3.31,1e+05,500,7.15,113.46471038785,4.81122282600971,0.673389201336429,0.457477926960092,0.943567573147818,0.765246876925852,1.31,2.31,0.676923076923077,0.432900432900433
"power a=3.31",3.31,1e+05,500,7.2,113.525880045263,4.8119633416642,0.675680141990558,0.459635814158776,0.945226836101204,0.766986880395941,1.31,2.31,0.679166666666667,0.432900432900433
"power a=3.31",3.31,1e+05,500,7.25,113.584701723385,4.81268625929343,0.677939598606267,0.462532290818241,0.946836955649779,0.768701470705293,1.31,2.31,0.681379310344828,0.432900432900433
"power a=3.31",3.31,1e+05,500,7.3,113.641275073874,4.8133921351603,0.680168209800724,0.465413588514147,0.948399390445202,0.770391201465165,1.31,2.31,0.683561643835616,0.432900432900433
"power a=3.31",3.31,1e+05,500,7.35,113.697853165764,4.81408150347469,0.682366597174218,0.46828006051836,0.949915556154398,0.772056610175174,1.31,2.31,0.685714285714286,0.432900432900433
"power a=3.31",3.31,1e+05,500,7.4,113.756353712748,4.81475487744753,0.684535365877858,0.471132041403538,0.95138682670212,0.773698218814898,1.31,2.31,0.687837837837838,0.432900432900433
"power a=3.31",3.31,1e+05,500,7.45,113.81311536356,4.81541275028605,0.686675105158032,0.47235114012672,0.952814535478231,0.775316534409114,1.31,2.31,0.68993288590604,0.432900432900433
"power a=3.31",3.31,1e+05,500,7.5,113.868203539416,4.81605559613377,0.688786388878759,0.473292673054032,0.954180523607516,0.776912049568022,1.31,2.31,0.692,0.432900432900433
"power a=3.31",3.31,1e+05,500,7.55,113.921680705785,4.81668387095892,0.690869776023007,0.475060058867033,0.955488607284882,0.778485243003773,1.31,2.31,0.694039735099338,0.432900432900433
"power a=3.31",3.31,1e+05,500,7.6,113.973606522672,4.81729801339439,0.692925811173969,0.47684672363278,0.956759543056908,0.780036580024529,1.31,2.31,0.696052631578947,0.432900432900433
"power a=3.31",3.31,1e+05,500,7.65,114.024037986661,4.81789844553225,0.694955024977273,0.479421711874545,0.957994370311913,0.781566513007197,1.31,2.31,0.698039215686274,0.432900432900433
"power a=3.31",3.31,1e+05,500,7.7,114.073029565216,4.81848557367572,0.69695793458502,0.481148888033918,0.959194100219178,0.783075481849931,1.31,2.31,0.7,0.432900432900433
"power a=3.31",3.31,1e+05,500,7.75,114.120633323662,4.81905978905109,0.698935044082515,0.484897419440834,0.960359716459834,0.78456391440541,1.31,2.31,0.701935483870968,0.432900432900433
"power a=3.31",3.31,1e+05,500,7.8,114.166899045279,4.81962146848214,0.700886844898499,0.488108065106099,0.961492175939291,0.786032226895875,1.31,2.31,0.703846153846154,0.432900432900433
"power a=3.31",3.31,1e+05,500,7.85,114.211874344897,4.82017097502922,0.702813816199651,0.490020446581167,0.962592409481787,0.787480824310817,1.31,2.31,0.705732484076433,0.432900432900433
"power a=3.31",3.31,1e+05,500,7.9,114.255604776367,4.82070865859511,0.704716425270096,0.492176791078828,0.963661322507595,0.788910100788168,1.31,2.31,0.707594936708861,0.432900432900433
"power a=3.31",3.31,1e+05,500,7.95,114.31724489,4.82123485649977,0.706595127876591,0.494942384001433,0.964699795693417,0.790320439979819,1.31,2.31,0.709433962264151,0.432900432900433
"power a=3.31",3.31,1e+05,500,8,114.390038078551,4.82174989402561,0.70845036862006,0.495875272220127,0.965708685616452,0.791712215402211,1.31,2.31,0.71125,0.432900432900433
"power a=3.31",3.31,1e+06,200,0,1,0,1e-06,1e-06,1e-06,1e-06,1.31,2.31,0,0
"power a=3.31",3.31,1e+06,200,0.05,1.02118214871802,0.021014839168829,1.00052382588311e-06,1.00052245942051e-06,1.00052522895988e-06,1.34693550652919e-06,1.31,2.31,0,0
"power a=3.31",3.31,1e+06,200,0.1,1.04442777556235,0.0435923542053193,1.00222862780613e-06,1.00222246151776e-06,1.00223511983513e-06,1.81452431515921e-06,1.31,2.31,0,0
"power a=3.31",3.31,1e+06,200,0.15,1.07000335246253,0.0678817399629161,1.00534551261893e-06,1.0053300978104e-06,1.00536184428073e-06,2.44480194388775e-06,1.31,2.31,0,0
"power a=3.31",3.31,1e+06,200,0.2,1.09822069756879,0.094050192250552,1.01015588324266e-06,1.01012480669184e-06,1.01018738084728e-06,3.29446528711783e-06,1.31,2.31,0,0
"power a=3.31",3.31,1e+06,200,0.25,1.12945260451539,0.122285411559981,1.01700551696469e-06,1.01694845786893e-06,1.01706348231762e-06,4.43998758071146e-06,1.31,2.31,0,0
"power a=3.31",3.31,1e+06,200,0.3,1.16416132477283,0.15279833975437,1.02632363236084e-06,1.02622750864878e-06,1.02641457632763e-06,5.98451635656007e-06,1.31,2.31,0,0
"power a=3.31",3.31,1e+06,200,0.35,1.20282017847944,0.185825989709491,1.03864910814976e-06,1.03849769446193e-06,1.03880167168324e-06,8.06717445969471e-06,1.31,2.31,0,0
"power a=3.31",3.31,1e+06,200,0.4,1.24623906820124,0.221634074024954,1.054667138952e-06,1.0544072837229e-06,1.05490006990571e-06,1.08755988380845e-05,1.31,2.31,0,0
"power a=3.31",3.31,1e+06,200,0.45,1.29480687980492,0.260518925997913,1.07526141974158e-06,1.07484155995366e-06,1.07565236942107e-06,1.46628400838802e-05,1.31,2.31,0,0
"power a=3.31",3.31,1e+06,200,0.5,1.34957284847821,0.302807995783056,1.10158993023484e-06,1.10090144053906e-06,1.10220713670789e-06,1.97701324067462e-05,1.31,2.31,0,0
"power a=3.31",3.31,1e+06,200,0.55,1.41124837428039,0.348858155574869,1.13519742864415e-06,1.13401025785922e-06,1.13618767945108e-06,2.66575616674146e-05,1.31,2.31,0,0
"power a=3.31",3.31,1e+06,200,0.6,1.48104598270609,0.399051367332806,1.17818651254217e-06,1.17614184998362e-06,1.17966391779338e-06,3.5945351414738e-05,1.31,2.31,0,0
"power a=3.31",3.31,1e+06,200,0.65,1.56117971114007,0.453787981232626,1.2334847155501e-06,1.2295845931605e-06,1.23570076166335e-06,4.84694096688711e-05,1.31,2.31,0,0
"power a=3.31",3.31,1e+06,200,0.7,1.65241795478709,0.513478606903173,1.30527373384384e-06,1.29841038668327e-06,1.3084560067457e-06,6.5356004410837e-05,1.31,2.31,0,0
"power a=3.31",3.31,1e+06,200,0.75,1.75698351649057,0.578535412226801,1.39970074966487e-06,1.38734343762379e-06,1.40371859270106e-06,8.81220533783608e-05,1.31,2.31,0,0
"power a=3.31",3.31,1e+06,200,0.8,1.87980455627111,0.649362686794691,1.52609563804361e-06,1.50315659963228e-06,1.52988618273993e-06,0.000118809631871168,1.31,2.31,0,0
"power a=3.31",3.31,1e+06,200,0.85,2.01851249463805,0.726345443624469,1.69912199025373e-06,1.65524139947378e-06,1.69890282385105e-06,0.000160166040769153,1.31,2.31,0,0
"power a=3.31",3.31,1e+06,200,0.9,2.17949058681123,0.809834821393063,1.94269764073243e-06,1.85606268624206e-06,1.93458411987264e-06,0.000215884247245613,1.31,2.31,0,0
"power a=3.31",3.31,1e+06,200,0.95,2.36499638816196,0.900130192824388,2.29734305688015e-06,2.12574734887137e-06,2.27104659019268e-06,0.00029092276395778,1.31,2.31,0,0
"power a=3.31",3.31,1e+06,200,1,2.58351213756972,0.99745932958507,2.83428141111392e-06,2.49338003830559e-06,2.74569295826557e-06,0.000391928943825658,1.31,2.31,0,0
"power a=3.31",3.31,1e+06,200,1.05,2.84456177684028,1.10195888053467,3.68296955083018e-06,3.00033330661031e-06,3.42951128427294e-06,0.000527794692426382,1.31,2.31,0,0
"power a=3.31",3.31,1e+06,200,1.1,3.15068232254253,1.2136575323623,5.08539462440828e-06,3.70652064644517e-06,4.47624509274773e-06,0.0007103772968081,1.31,2.31,0,0
"power a=3.31",3.31,1e+06,200,1.15,3.52062959252447,1.33246372769169,7.50327175995161e-06,4.6929953439228e-06,6.10489837147e-06,0.000955417232256862,1.31,2.31,0,0
"power a=3.31",3.31,1e+06,200,1.2,3.95509663912568,1.45815901819099,1.1827586450959e-05,6.1168887390801e-06,8.52869950933179e-06,0.00128367308418022,1.31,2.31,0,0
"power a=3.31",3.31,1e+06,200,1.25,4.4539017063674,1.590397276263,1.97784177187062e-05,8.17448455863044e-06,1.23615865799775e-05,0.0017222599406855,1.31,2.31,0,0
"power a=3.31",3.31,1e+06,200,1.3,5.0501223977672,1.72870925389782,3.46353053992872e-05,1.10779919462731e-05,1.84760942463571e-05,0.00230610537211696,1.31,2.31,0,0
"power a=3.31",3.31,1e+06,200,1.35,5.75738958715015,1.87251148709818,6.24785788821485e-05,1.52551834287949e-05,2.78582554774977e-05,0.00307931047058065,1.31,2.31,0,0.0173160173160173
"power a=3.31",3.31,1e+06,200,1.4,6.61021796743116,2.02111837377042,0.000114063115641992,2.13057572982327e-05,4.29084896843392e-05,0.00409602874248443,1.31,2.31,0,0.038961038961039
"power a=3.31",3.31,1e+06,200,1.45,7.62124789032321,2.1737564003596,0.000207112284905572,2.99926646862415e-05,6.66711778842743e-05,0.00542032960086438,1.31,2.31,0,0.0606060606060607
"power a=3.31",3.31,1e+06,200,1.5,8.82699051619959,2.3295798469878,0.000368049923085543,4.25785067659241e-05,0.000104188140458978,0.00712459573883537,1.31,2.31,0,0.0822510822510822
"power a=3.31",3.31,1e+06,200,1.55,10.2565097272549,2.48768762778632,0.000631271141852728,6.06943662876121e-05,0.000164026005788923,0.00928658191376642,1.31,2.31,0,0.103896103896104
"power a=3.31",3.31,1e+06,200,1.6,11.9311247886475,2.64714093729925,0.00103430072628074,8.67808974095907e-05,0.000258613510946498,0.0119863215196576,1.31,2.31,0,0.125541125541126
"power a=3.31",3.31,1e+06,200,1.65,14.000258298673,2.80698098694984,0.00161022036049922,0.000123825359096179,0.000401491163559386,0.0153047964253235,1.31,2.31,0,0.147186147186147
"power a=3.31",3.31,1e+06,200,1.7,16.3945535766641,2.96624572296815,0.00238328763505394,0.000176934871234347,0.000617360011335535,0.0193253499117381,1.31,2.31,0,0.168831168831169
"power a=3.31",3.31,1e+06,200,1.75,19.1102901658027,3.12398471943401,0.00337404302715046,0.000252368366265765,0.000949914253744575,0.024136139591189,1.31,2.31,0,0.19047619047619
"power a=3.31",3.31,1e+06,200,1.8,22.3050150687535,3.27927260263725,0.00461313991024112,0.000357907302769336,0.0014486911529607,0.0298298767292224,1.31,2.31,0,0.212121212121212
"power a=3.31",3.31,1e+06,200,1.85,26.0926827563512,3.43122250793646,0.00615513645690385,0.000504676715559575,0.0022059202112688,0.0364981514816689,1.31,2.31,0,0.233766233766234
"power a=3.31",3.31,1e+06,200,1.9,30.3429962450226,3.57900111209924,0.00808336499774539,0.0007103855168071,0.00333818735223851,0.0442210003813874,1.31,2.31,0,0.255411255411255
"power a=3.31",3.31,1e+06,200,1.95,35.0221226080339,3.72184563415095,0.0105037411215614,0.000988504160524522,0.00498073614539934,0.053054985515587,1.31,2.31,0,0.277056277056277
"power a=3.31",3.31,1e+06,200,2,40.3170597596892,3.8590817226817,0.013531401048782,0.00136434812083011,0.00729312322598049,0.0630233112303387,1.31,2.31,0,0.298701298701299
"power a=3.31",3.31,1e+06,200,2.05,46.2074345758788,3.9901401980809,0.0172755228878185,0.00184025385820078,0.010518236283618,0.0741101605507653,1.31,2.31,0,0.32034632034632
"power a=3.31",3.31,1e+06,200,2.1,52.2286726279416,4.11457045930632,0.0218261349954491,0.00244679362325876,0.0145673848486328,0.0862598656182771,1.31,2.31,0,0.341991341991342
"power a=3.31",3.31,1e+06,200,2.15,59.096514937366,4.23204881573454,0.0272447350804995,0.0032276937192213,0.019595586315782,0.0993804305141782,1.31,2.31,0,0.363636363636364
"power a=3.31",3.31,1e+06,200,2.2,66.5823369546916,4.34238076998583,0.0335592678482098,0.00425423107873257,0.0257173005273248,0.113350336437439,1.31,2.31,0,0.385281385281385
"power a=3.31",3.31,1e+06,200,2.25,74.4631418915942,4.44549711907532,0.0407633225720954,0.00557379401453908,0.0328727279341097,0.128027312918953,1.31,2.31,0,0.406926406926407
"power a=3.31",3.31,1e+06,200,2.3,82.2262464065906,4.54144449620402,0.0488189268129355,0.00716687233046454,0.0415566286199611,0.143257749421081,1.31,2.31,0,0.428571428571429
"power a=3.31",3.31,1e+06,200,2.35,89.9807635617769,4.63037153547144,0.0576619194704771,0.00885773311282771,0.0520512515127826,0.158885607394915,1.31,2.31,0.0170212765957447,0.432900432900433
"power a=3.31",3.31,1e+06,200,2.4,98.5525871509627,4.71251214866991,0.0672087038686641,0.0108140365025672,0.0636211441732501,0.174760017278301,1.31,2.31,0.0375000000000001,0.432900432900433
"power a=3.31",3.31,1e+06,200,2.45,106.466399374202,4.78816745559597,0.0773632793890421,0.0131294369937863,0.0756547310631714,0.190741116407509,1.31,2.31,0.0571428571428572,0.432900432900433
"power a=3.31",3.31,1e+06,200,2.5,114.323002654597,4.85768775526398,0.0880237413807442,0.0159051821193679,0.0893444313390915,0.206704014226419,1.31,2.31,0.076,0.432900432900433
"power a=3.31",3.31,1e+06,200,2.55,122.060953520735,4.92145564037617,0.0990877733032638,0.019042543922778,0.104825454204018,0.22254101178145,1.31,2.31,0.0941176470588236,0.432900432900433
"power a=3.31",3.31,1e+06,200,2.6,129.628219324206,4.97987101831939,0.110456930628753,0.0220204277227429,0.120526419992128,0.238162346113968,1.31,2.31,0.111538461538462,0.432900432900433
"power a=3.31",3.31,1e+06,200,2.65,136.982720406222,5.03333847036627,0.122039705478077,0.0252086512626497,0.136536545246238,0.25349579295917,1.31,2.31,0.128301886792453,0.432900432900433
"power a=3.31",3.31,1e+06,200,2.7,144.09219587084,5.08225709658309,0.133753477664719,0.0288875436011443,0.151269814191802,0.268485465686804,1.31,2.31,0.144444444444444,0.432900432900433
"power a=3.31",3.31,1e+06,200,2.75,151.595931794899,5.12701277661495,0.145525522209524,0.0328583246636492,0.166517650896312,0.283090115588031,1.31,2.31,0.16,0.432900432900433
"power a=3.31",3.31,1e+06,200,2.8,159.821252360853,5.1679726295259,0.157293270421907,0.0370621056130648,0.181400491312129,0.297281185592073,1.31,2.31,0.175,0.432900432900433
"power a=3.31",3.31,1e+06,200,2.85,166.735526022632,5.2054813722252,0.169004021637322,0.0414534142924275,0.196877378044681,0.311040809478518,1.31,2.31,0.189473684210526,0.432900432900433
"power a=3.31",3.31,1e+06,200,2.9,172.757768435394,5.2398592432149,0.18061428431723,0.04600544731221,0.211745610274484,0.324359890885261,1.31,2.31,0.203448275862069,0.432900432900433
"power a=3.31",3.31,1e+06,200,2.95,178.834833296988,5.2714011623247,0.192088896386447,0.0506918596223293,0.226291648395998,0.337236346451441,1.31,2.31,0.216949152542373,0.432900432900433
"power a=3.31",3.31,1e+06,200,3,183.807602489091,5.3003768245853,0.203400042080465,0.0556217978949954,0.240551446846687,0.349673557742933,1.31,2.31,0.23,0.432900432900433
"power a=3.31",3.31,1e+06,200,3.05,188.449714471648,5.32703146658488,0.214526251030898,0.0611768080924933,0.257514643080244,0.361679047415328,1.31,2.31,0.242622950819672,0.432900432900433
"power a=3.31",3.31,1e+06,200,3.1,192.806681657319,5.35158708849043,0.225451437715599,0.0672160487763228,0.274481998352585,0.373263375253602,1.31,2.31,0.254838709677419,0.432900432900433
"power a=3.31",3.31,1e+06,200,3.15,196.895740281073,5.37424395897285,0.23616401701087,0.0734491242724285,0.292828631149163,0.384439237539144,1.31,2.31,0.266666666666667,0.432900432900433
"power a=3.31",3.31,1e+06,200,3.2,200.90174908123,5.39518227031787,0.246656114552645,0.0790010484665172,0.307566084497523,0.395220746759448,1.31,2.31,0.278125,0.432900432900433
"power a=3.31",3.31,1e+06,200,3.25,204.575887563106,5.41456384544918,0.256922878428757,0.084477467994398,0.32442634945122,0.405622866288124,1.31,2.31,0.289230769230769,0.432900432900433
"power a=3.31",3.31,1e+06,200,3.3,208.283179890228,5.43253382697747,0.266961890567192,0.0899884057982005,0.342156308433325,0.415660974919358,1.31,2.31,0.3,0.432900432900433
"power a=3.31",3.31,1e+06,200,3.35,211.998099385943,5.44922230096549,0.276772671166639,0.0945050429898938,0.356102769972534,0.425350537969639,1.31,2.31,0.31044776119403,0.432900432900433
"power a=3.31",3.31,1e+06,200,3.4,215.503855489451,5.46474582549314,0.286356266809542,0.0990666943177094,0.375921571377582,0.434706864292487,1.31,2.31,0.320588235294118,0.432900432900433
"power a=3.31",3.31,1e+06,200,3.45,218.674162878878,5.47920884710768,0.295714911805276,0.103702156498123,0.391809228280983,0.443744931472113,1.31,2.31,0.330434782608696,0.432900432900433
"power a=3.31",3.31,1e+06,200,3.5,221.754206326284,5.49270499766378,0.304851752278508,0.108156387039184,0.40569342977011,0.45247926434486,1.31,2.31,0.34,0.432900432900433
"power a=3.31",3.31,1e+06,200,3.55,224.963431050435,5.50531827065083,0.313770623129843,0.113640341976221,0.422686898463477,0.460923854657849,1.31,2.31,0.349295774647887,0.432900432900433
"power a=3.31",3.31,1e+06,200,3.6,228.030657253983,5.51712408052392,0.322475868955792,0.119306565358542,0.432212750777503,0.469092112022279,1.31,2.31,0.358333333333333,0.432900432900433
"power a=3.31",3.31,1e+06,200,3.65,231.202343937352,5.52819021134876,0.330972201121036,0.125107547048998,0.440155573342456,0.476996838325928,1.31,2.31,0.367123287671233,0.432900432900433
"power a=3.31",3.31,1e+06,200,3.7,234.251879034977,5.53857766267632,0.339264584298108,0.130918036982601,0.44901798911877,0.484650219444085,1.31,2.31,0.375675675675676,0.432900432900433
"power a=3.31",3.31,1e+06,200,3.75,237.12317244404,5.54834140132557,0.347358146850328,0.136733567371045,0.462451832894075,0.492063829459177,1.31,2.31,0.384,0.432900432900433
"power a=3.31",3.31,1e+06,200,3.8,239.599043211591,5.55753102793361,0.355258110391887,0.142550198047458,0.477073618082308,0.499248643704647,1.31,2.31,0.392105263157895,0.432900432900433
"power a=3.31",3.31,1e+06,200,3.85,241.726589686004,5.56619136692857,0.362969734697008,0.148364453985573,0.493196676535747,0.506215057828268,1.31,2.31,0.4,0.432900432900433
"power a=3.31",3.31,1e+06,200,3.9,243.514064051373,5.57436298813551,0.370498274846161,0.153970084590745,0.510379998413187,0.512972910762542,1.31,2.31,0.407692307692308,0.432900432900433
"power a=3.31",3.31,1e+06,200,3.95,245.437367511124,5.58208266764132,0.377848948098074,0.158063028875837,0.527078608670308,0.519531510029527,1.31,2.31,0.415189873417722,0.432900432900433
"power a=3.31",3.31,1e+06,200,4,247.267797345256,5.5893837948941,0.385026908473189,0.162067704749023,0.539369958862469,0.525899658224554,1.31,2.31,0.4225,0.432900432900433
"power a=3.31",3.31,1e+06,200,4.05,249.011054386309,5.59629673234357,0.392037227440584,0.165985928058089,0.552174449687567,0.532085679842862,1.31,2.31,0.42962962962963,0.432900432900433
"power a=3.31",3.31,1e+06,200,4.1,250.672435244996,5.60284913327426,0.398884879429579,0.169819679884313,0.566006995873473,0.53809744785617,1.31,2.31,0.436585365853659,0.432900432900433
"power a=3.31",3.31,1e+06,200,4.15,252.256862064283,5.60906622286199,0.405574731151985,0.17357106675171,0.579126169221669,0.543942409629342,1.31,2.31,0.443373493975904,0.432900432900433
"power a=3.31",3.31,1e+06,200,4.2,253.768910520533,5.61497104690772,0.412111533932511,0.177242286767759,0.591913684828488,0.549627611904308,1.31,2.31,0.45,0.432900432900433
"power a=3.31",3.31,1e+06,200,4.25,255.212836015319,5.62058469217708,0.418499918413052,0.180835600910473,0.604371054250548,0.55515972467971,1.31,2.31,0.456470588235294,0.432900432900433
"power a=3.31",3.31,1e+06,200,4.3,256.750713699907,5.62592648179888,0.424744391129858,0.184353308770979,0.616500524525314,0.56054506388908,1.31,2.31,0.462790697674419,0.432900432900433
"power a=3.31",3.31,1e+06,200,4.35,258.417549382445,5.63101414875261,0.430849332567771,0.187797728146459,0.628304996990201,0.565789612833937,1.31,2.31,0.468965517241379,0.432900432900433
"power a=3.31",3.31,1e+06,200,4.4,260.016681273764,5.63586399009813,0.436818996378634,0.192651050417779,0.638715527263766,0.570899042366407,1.31,2.31,0.475,0.432900432900433
"power a=3.31",3.31,1e+06,200,4.45,261.653187408584,5.64049100426916,0.442657509516171,0.196760765454632,0.646916162832525,0.57587872984242,1.31,2.31,0.480898876404494,0.432900432900433
"power a=3.31",3.31,1e+06,200,4.5,262.949521563954,5.64490901346023,0.44836887309093,0.200136107508094,0.654840799611501,0.580733776884456,1.31,2.31,0.486666666666667,0.432900432900433
"power a=3.31",3.31,1e+06,200,4.55,264.179236683769,5.6491307728813,0.453956963789148,0.203554365093562,0.663644826245978,0.585469026004297,1.31,2.31,0.492307692307692,0.432900432900433
"power a=3.31",3.31,1e+06,200,4.6,265.359411772029,5.65316806843061,0.459425535731128,0.207516790004567,0.670228473801169,0.590089076143078,1.31,2.31,0.497826086956522,0.432900432900433
"power a=3.31",3.31,1e+06,200,4.65,266.492653010177,5.65703180414195,0.464778222669663,0.211456765788463,0.678608351424522,0.594598297189465,1.31,2.31,0.503225806451613,0.432900432900433
"power a=3.31",3.31,1e+06,200,4.7,267.581406755616,5.66073208059211,0.470018540448735,0.216318664255506,0.690901349124902,0.599000843537822,1.31,2.31,0.508510638297872,0.432900432900433
"power a=3.31",3.31,1e+06,200,4.75,268.627970183605,5.66427826530699,0.475149889658322,0.221899720131894,0.702791782007444,0.603300666747739,1.31,2.31,0.513684210526316,0.432900432900433
"power a=3.31",3.31,1e+06,200,4.8,269.387656415473,5.66767905607577,0.480175558433488,0.224586140987216,0.714293111551602,0.607501527364557,1.31,2.31,0.51875,0.432900432900433
"power a=3.31",3.31,1e+06,200,4.85,270.105634296735,5.67094253797084,0.485098725355793,0.228239650344148,0.725226088269891,0.611607005958117,1.31,2.31,0.523711340206186,0.432900432900433
"power a=3.31",3.31,1e+06,200,4.9,270.940549268657,5.67407623477338,0.489922462422945,0.232969609250759,0.735750221034603,0.615620513434087,1.31,2.31,0.528571428571429,0.432900432900433
"power a=3.31",3.31,1e+06,200,4.95,271.7461131082,5.67708715542009,0.494649738058915,0.238451512950003,0.744952843746091,0.619545300669111,1.31,2.31,0.533333333333333,0.432900432900433
"power a=3.31",3.31,1e+06,200,5,272.562440196688,5.67998183601207,0.499283420141892,0.243176548677943,0.752722434791019,0.623384467517813,1.31,2.31,0.538,0.432900432900433
"power a=3.31",3.31,1e+06,200,5.05,273.350337988954,5.68276637786281,0.503826279031576,0.245568482145604,0.760078481124384,0.627140971236479,1.31,2.31,0.542574257425743,0.432900432900433
"power a=3.31",3.31,1e+06,200,5.1,274.103170372434,5.68544648200584,0.508280990580704,0.247951807337516,0.766301038024584,0.630817634365138,1.31,2.31,0.547058823529412,0.432900432900433
"power a=3.31",3.31,1e+06,200,5.15,274.825618659163,5.68802748053335,0.512650139118486,0.249952085149718,0.770927446515218,0.634417152106748,1.31,2.31,0.551456310679612,0.432900432900433
"power a=3.31",3.31,1e+06,200,5.2,275.589513970734,5.69051436509446,0.516936220395928,0.252283591031414,0.775319409821977,0.637942099239347,1.31,2.31,0.555769230769231,0.432900432900433
"power a=3.31",3.31,1e+06,200,5.25,276.324331924199,5.69291181284381,0.521141644484923,0.256459622586277,0.779622365278525,0.641394936594356,1.31,2.31,0.56,0.432900432900433
"power a=3.31",3.31,1e+06,200,5.3,277.031458268186,5.69522421009853,0.525268738624569,0.262792936682213,0.783838386751933,0.644778017131702,1.31,2.31,0.564150943396226,0.432900432900433
"power a=3.31",3.31,1e+06,200,5.35,277.640728315947,5.69745567393266,0.529319750009516,0.268721777424048,0.787969488347155,0.6480935916401,1.31,2.31,0.568224299065421,0.432900432900433
"power a=3.31",3.31,1e+06,200,5.4,278.169408461365,5.69961007191264,0.533296848516262,0.272911002316713,0.792017626427998,0.651343814088673,1.31,2.31,0.572222222222222,0.432900432900433
"power a=3.31",3.31,1e+06,200,5.45,278.681884880538,5.70169104015522,0.537202129364249,0.277092234952555,0.797201096039577,0.654530746654085,1.31,2.31,0.576146788990826,0.432900432900433
"power a=3.31",3.31,1e+06,200,5.5,279.178938504525,5.7037019998695,0.541037615709419,0.281265753670294,0.803247974471947,0.657656364445499,1.31,2.31,0.58,0.432900432900433
"power a=3.31",3.31,1e+06,200,5.55,279.66130317542,5.70564617252748,0.544805261168575,0.285431801788909,0.809114510828668,0.660722559948006,1.31,2.31,0.583783783783784,0.432900432900433
"power a=3.31",3.31,1e+06,200,5.6,280.129668926995,5.70752659379215,0.548506952273432,0.289508633982275,0.814805781018192,0.663731147203572,1.31,2.31,0.5875,0.432900432900433
"power a=3.31",3.31,1e+06,200,5.65,280.584685008143,5.70934612631866,0.552144510853782,0.292620144074695,0.82032675585067,0.666683865747135,1.31,2.31,0.591150442477876,0.432900432900433
"power a=3.31",3.31,1e+06,200,5.7,281.026962671378,5.7111074715321,0.555719696349555,0.296104661628911,0.826160809432094,0.669582384314136,1.31,2.31,0.594736842105263,0.432900432900433
"power a=3.31",3.31,1e+06,200,5.75,281.457077746514,5.71281318047496,0.559234208051953,0.300686540464116,0.832569985956321,0.67242830433459,1.31,2.31,0.598260869565217,0.432900432900433
"power a=3.31",3.31,1e+06,200,5.8,281.875573017821,5.71446566380758,0.562689687274111,0.305299221868201,0.838747538424133,0.675223163227645,1.31,2.31,0.601724137931035,0.432900432900433
"power a=3.31",3.31,1e+06,200,5.85,282.282960421279,5.71606720103691,0.566087719451971,0.309995326574999,0.844700658517885,0.677968437509578,1.31,2.31,0.605128205128205,0.432900432900433
"power a=3.31",3.31,1e+06,200,5.9,282.679723076977,5.71761994904128,0.569429836176314,0.314398695338926,0.85043645935204,0.680665545727229,1.31,2.31,0.608474576271187,0.432900432900433
"power a=3.31",3.31,1e+06,200,5.95,283.066317170412,5.7191259499521,0.572717517156997,0.318713571857902,0.85596195869402,0.683315851227995,1.31,2.31,0.611764705882353,0.432900432900433
"power a=3.31",3.31,1e+06,200,6,283.443173695119,5.72058713844783,0.575952192120664,0.322269367590459,0.86128406451248,0.685920664776729,1.31,2.31,0.615,0.432900432900433
"power a=3.31",3.31,1e+06,200,6.05,283.810700068013,5.72200534850988,0.579135242643242,0.326029249999042,0.866409562654431,0.688481247029124,1.31,2.31,0.618181818181818,0.432900432900433
"power a=3.31",3.31,1e+06,200,6.1,284.169281627752,5.72338231968572,0.582268003918688,0.329575558152039,0.87134510646242,0.690998810870525,1.31,2.31,0.621311475409836,0.432900432900433
"power a=3.31",3.31,1e+06,200,6.15,284.519283025565,5.72471970290003,0.585351766465485,0.332761902403955,0.875506754621967,0.693474523628443,1.31,2.31,0.624390243902439,0.432900432900433
"power a=3.31",3.31,1e+06,200,6.2,284.861049517114,5.72601906585096,0.588387777772457,0.335936534024944,0.87949016112836,0.695909509166518,1.31,2.31,0.62741935483871,0.432900432900433
"power a=3.31",3.31,1e+06,200,6.25,285.194908163237,5.72728189802522,0.591377243885526,0.338455349836205,0.883070671662514,0.698304849867103,1.31,2.31,0.6304,0.432900432900433
"power a=3.31",3.31,1e+06,200,6.3,285.521168946736,5.72850961536261,0.59432133093703,0.342251921423296,0.88637808072996,0.700661588509183,1.31,2.31,0.633333333333333,0.432900432900433
"power a=3.31",3.31,1e+06,200,6.35,285.840125811732,5.72970356459786,0.597221166619278,0.345393259383674,0.889590116240628,0.702980730047876,1.31,2.31,0.636220472440945,0.432900432900433
"power a=3.31",3.31,1e+06,200,6.4,286.152057631591,5.73086502730518,0.60007784160398,0.348808007295452,0.892709560882833,0.705263243301344,1.31,2.31,0.6390625,0.432900432900433
"power a=3.31",3.31,1e+06,200,6.45,286.457229110875,5.73199522366865,0.602892410909244,0.352563596433457,0.895680891992108,0.707510062550563,1.31,2.31,0.641860465116279,0.432900432900433
"power a=3.31",3.31,1e+06,200,6.5,286.755891626337,5.73309531599959,0.605665895215759,0.357072276518807,0.898346367025611,0.709722089057037,1.31,2.31,0.644615384615385,0.432900432900433
"power a=3.31",3.31,1e+06,200,6.55,287.048284011562,5.73416641202021,0.608399282133827,0.359894442378129,0.900940050506939,0.7119001925032,1.31,2.31,0.647328244274809,0.432900432900433
"power a=3.31",3.31,1e+06,200,6.6,287.334633289449,5.73520956793125,0.611093527422848,0.362441441996564,0.903464064260558,0.714045212359962,1.31,2.31,0.65,0.432900432900433
"power a=3.31",3.31,1e+06,200,6.65,287.615155356407,5.73622579127964,0.613749556164859,0.364975614137944,0.906578128958337,0.716157959185558,1.31,2.31,0.652631578947368,0.432900432900433
"power a=3.31",3.31,1e+06,200,6.7,287.890055621822,5.73721604364119,0.616368263893691,0.367935280665118,0.909624094397683,0.718239215859578,1.31,2.31,0.655223880597015,0.432900432900433
"power a=3.31",3.31,1e+06,200,6.75,288.159529606041,5.73818124313168,0.618950517681277,0.372028909442113,0.912569486863618,0.72028973875585,1.31,2.31,0.657777777777778,0.432900432900433
"power a=3.31",3.31,1e+06,200,6.8,288.423763499886,5.73912226675894,0.621497157182615,0.374044509542823,0.91541758149993,0.722310258857575,1.31,2.31,0.660294117647059,0.432900432900433
"power a=3.31",3.31,1e+06,200,6.85,288.682934688447,5.74003995262734,0.624008995640861,0.376659895229379,0.91805975784684,0.724301482817919,1.31,2.31,0.662773722627737,0.432900432900433
"power a=3.31",3.31,1e+06,200,6.9,288.937212241703,5.74093510200525,0.626486820853973,0.379419397102543,0.920561672046486,0.726264093969089,1.31,2.31,0.665217391304348,0.432900432900433
"power a=3.31",3.31,1e+06,200,6.95,289.186757374313,5.74180848126502,0.628931396104302,0.382326016133927,0.922986279526482,0.728198753282688,1.31,2.31,0.667625899280575,0.432900432900433
"power a=3.31",3.31,1e+06,200,7,289.431723876728,5.74266082370459,0.631343461052491,0.385345163332399,0.92533595657752,0.730106100284015,1.31,2.31,0.67,0.432900432900433
"power a=3.31",3.31,1e+06,200,7.05,289.672258519625,5.74349283125881,0.633723732596999,0.388355855414643,0.927613010011098,0.731986753922802,1.31,2.31,0.672340425531915,0.432900432900433
"power a=3.31",3.31,1e+06,200,7.1,289.908501433498,5.74430517610809,0.636072905700517,0.391521857884906,0.929819678835545,0.733841313402711,1.31,2.31,0.674647887323944,0.432900432900433
"power a=3.31",3.31,1e+06,200,7.15,290.140586465105,5.74509850219142,0.638391654184532,0.394831074753357,0.931958135923207,0.735670358971806,1.31,2.31,0.676923076923077,0.432900432900433
"power a=3.31",3.31,1e+06,200,7.2,290.368641512347,5.74587342663011,0.640680631493224,0.398133670956017,0.934030489665578,0.73747445267607,1.31,2.31,0.679166666666667,0.432900432900433
"power a=3.31",3.31,1e+06,200,7.25,290.592788839024,5.74663054106838,0.642940471427868,0.401429577781692,0.936038785613529,0.739254139077899,1.31,2.31,0.681379310344828,0.432900432900433
"power a=3.31",3.31,1e+06,200,7.3,290.813145370818,5.74737041293621,0.645171788852862,0.404718720046489,0.937985008100106,0.741009945941424,1.31,2.31,0.683561643835616,0.432900432900433
"power a=3.31",3.31,1e+06,200,7.35,291.02982297375,5.74809358663956,0.647375180374459,0.408334208577191,0.939871081843693,0.742742384886378,1.31,2.31,0.685714285714286,0.432900432900433
"power a=3.31",3.31,1e+06,200,7.4,291.242928716263,5.74880058468279,0.649551224993269,0.412135745480894,0.941698873529612,0.744451952012134,1.31,2.31,0.687837837837838,0.432900432900433
"power a=3.31",3.31,1e+06,200,7.45,291.452565115997,5.74949190872759,0.651700484731527,0.415655380449177,0.943470193368496,0.746139128493461,1.31,2.31,0.68993288590604,0.432900432900433
"power a=3.31",3.31,1e+06,200,7.5,291.658830372265,5.75016804059256,0.653823505236114,0.418281356743523,0.945186796629984,0.747804381149427,1.31,2.31,0.692,0.432900432900433
"power a=3.31",3.31,1e+06,200,7.55,291.861818585126,5.75082944319712,0.655920816358273,0.420894197686056,0.946850385150528,0.749448162986819,1.31,2.31,0.694039735099338,0.432900432900433
"power a=3.31",3.31,1e+06,200,7.6,292.061619961944,5.75147656145335,0.657992932710922,0.423494159316664,0.948405966908323,0.75107091371938,1.31,2.31,0.696052631578947,0.432900432900433
"power a=3.31",3.31,1e+06,200,7.65,292.258321012191,5.75210982310907,0.660040354204449,0.426081486613276,0.949874187310359,0.752673060264057,1.31,2.31,0.698039215686274,0.432900432900433
"power a=3.31",3.31,1e+06,200,7.7,292.452004731278,5.75272963954499,0.662063566561831,0.42873051847048,0.95129944159242,0.754255017215425,1.31,2.31,0.7,0.432900432900433
"power a=3.31",3.31,1e+06,200,7.75,292.642750774059,5.753336406529,0.664063041813883,0.431558838076515,0.952683029016902,0.755817187299366,1.31,2.31,0.701935483870968,0.432900432900433
"power a=3.31",3.31,1e+06,200,7.8,292.830635618682,5.75393050493005,0.666039238775422,0.434378208324072,0.95402620808317,0.757359961807022,1.31,2.31,0.703846153846154,0.432900432900433
"power a=3.31",3.31,1e+06,200,7.85,293.01573272137,5.7545123013942,0.667992603503111,0.437188666843621,0.955330197855335,0.758883721009998,1.31,2.31,0.705732484076433,0.432900432900433
"power a=3.31",3.31,1e+06,200,7.9,293.198112662683,5.75508214898499,0.669923569735691,0.440025572102212,0.956596179245641,0.760388834557734,1.31,2.31,0.707594936708861,0.432900432900433
"power a=3.31",3.31,1e+06,200,7.95,293.3778432858,5.75564038779033,0.671832559317301,0.442895026840577,0.957825296254899,0.761875661857894,1.31,2.31,0.709433962264151,0.432900432900433
"power a=3.31",3.31,1e+06,200,8,293.554989827283,5.75618734549799,0.67371998260457,0.44556686994395,0.959018657171362,0.763344552440622,1.31,2.31,0.71125,0.432900432900433
"power a=4",4,100,2000,0,1,0,0.01,0.01,0.01,0.01,2,3,0,0
"power a=4",4,100,2000,0.05,1.00745284474642,0.00864559792256133,0.0100025327872417,0.010001828387269,0.0100030402458999,0.0107818630430692,2,3,0,0
"power a=4",4,100,2000,0.1,1.01524999558092,0.0177425197588729,0.0100106683729498,0.0100076250260167,0.0100128568844368,0.011627884519984,2,3,0,0
"power a=4",4,100,2000,0.15,1.0233789385302,0.0273100598828409,0.0100253071882782,0.0100180513574998,0.010030672481643,0.0125434704128124,2,3,0,0
"power a=4",4,100,2000,0.2,1.03202556701159,0.037366847162567,0.0100474941818935,0.010033427910807,0.0100575410442508,0.0135344687213433,2,3,0,0
"power a=4",4,100,2000,0.25,1.04109932613084,0.047930543004907,0.0100784457641004,0.0100544962731446,0.0100949579927579,0.0146071974901969,2,3,0,0
"power a=4",4,100,2000,0.3,1.05053681802878,0.0590175285838874,0.0101195823404415,0.0100812616528019,0.0101446117846724,0.0157684717789389,2,3,0,0
"power a=4",4,100,2000,0.35,1.06035140788902,0.0706425891832538,0.0101725675450384,0.0101151978780553,0.0102088520717903,0.0170256284597429,2,3,0,0
"power a=4",4,100,2000,0.4,1.07090141130761,0.0828186032228302,0.0102393554074489,0.0101575124723834,0.0102895104315777,0.0183865473796239,2,3,0,0
"power a=4",4,100,2000,0.45,1.08165986462857,0.0955562428619923,0.0103222467505377,0.0102083469655745,0.0103883298162992,0.0198596670120317,2,3,0,0
"power a=4",4,100,2000,0.5,1.09294807074137,0.108863692321813,0.0104239560622123,0.0102666732399125,0.010504776823687,0.0214539922530245,2,3,0,0
"power a=4",4,100,2000,0.55,1.1048387403456,0.122746389414923,0.0105476898257555,0.0103370431800315,0.0106469249847225,0.0231790915126009,2,3,0,0
"power a=4",4,100,2000,0.6,1.11775808212998,0.137206795298574,0.0106972367186413,0.0104169847909639,0.0108150545591455,0.0250450797568138,2,3,0,0
"power a=4",4,100,2000,0.65,1.13120216192068,0.152244197167834,0.0108770690646115,0.0105091116865551,0.0110159909157701,0.0270625837465661,2,3,0,0
"power a=4",4,100,2000,0.7,1.14487130047039,0.167854548424398,0.0110924533199302,0.0106132712320737,0.0112518787829593,0.029242685506949,2,3,0,0
"power a=4",4,100,2000,0.75,1.15938637544221,0.184030350706475,0.0113495651207033,0.0107354124351005,0.011524718912941,0.0315968401953589,2,3,0,0
"power a=4",4,100,2000,0.8,1.17382400791878,0.200760581947455,0.0116556015821877,0.0108747766006685,0.0118498198261483,0.0341367651877651,2,3,0,0
"power a=4",4,100,2000,0.85,1.18910382287908,0.218030674237315,0.0120188804323793,0.0110301112050943,0.012219896376353,0.0368742985262986,2,3,0,0
"power a=4",4,100,2000,0.9,1.20427433976783,0.235822544579839,0.0124489128105244,0.011200145429896,0.0126398123340527,0.0398212269484563,2,3,0,0
"power a=4",4,100,2000,0.95,1.21994403921582,0.254114680573052,0.012956435099282,0.0114021548667435,0.0131477089641412,0.0429890864768091,2,3,0,0
"power a=4",4,100,2000,1,1.23625435421078,0.272882281535023,0.0135533860230794,0.0116151654613193,0.0137020274040548,0.0463889416973173,2,3,0,0
"power a=4",4,100,2000,1.05,1.25404179569985,0.292097453678685,0.0142528191602536,0.01185156908339,0.0143571279558487,0.0500311528734293,2,3,0,0
"power a=4",4,100,2000,1.1,1.27269828954666,0.311729455742756,0.0150687478814324,0.0121094982099308,0.0151150583702658,0.0539251422708093,2,3,0,0
"power a=4",4,100,2000,1.15,1.29260590349873,0.331744989256151,0.0160159282815771,0.0123829091741965,0.0159828158664319,0.0580791719002011,2,3,0,0
"power a=4",4,100,2000,1.2,1.31448719037837,0.352108525660489,0.0171095936947455,0.0126927694819798,0.0169491172818628,0.0625001440240409,2,3,0,0
"power a=4",4,100,2000,1.25,1.33602900724998,0.372782661132368,0.0183651595147627,0.0130405520743057,0.0181040981943176,0.067193433391165,2,3,0,0
"power a=4",4,100,2000,1.3,1.35899001578239,0.393728489317721,0.0197979179284965,0.0134350087763385,0.0193565242472488,0.072162756888358,2,3,0,0
"power a=4",4,100,2000,1.35,1.38335209420514,0.414905982331066,0.0214227391444356,0.0138573153920285,0.0207855285061402,0.0774100829610877,2,3,0,0
"power a=4",4,100,2000,1.4,1.40740297370059,0.436274371136968,0.0232537905925137,0.0143427854681325,0.022392270704466,0.0829355804612249,2,3,0,0
"power a=4",4,100,2000,1.45,1.43156958553667,0.457792517578293,0.0253042806404031,0.0148728262874501,0.0241441165606493,0.0887376048507685,2,3,0,0
"power a=4",4,100,2000,1.5,1.45738422047586,0.479419271599709,0.0275862301556273,0.015468220724608,0.026069920911346,0.094812718841323,2,3,0,0
"power a=4",4,100,2000,1.55,1.48198085958397,0.501113808456309,0.0301102740277072,0.016134733893719,0.028151555456304,0.101155744245677,2,3,0,0
"power a=4",4,100,2000,1.6,1.50971362133902,0.52283594180919,0.0328854948513029,0.0168391639924514,0.0305393422304036,0.10775984170337,2,3,0,0
"power a=4",4,100,2000,1.65,1.53711788455978,0.544546409581658,0.0359192913588203,0.0175901887032644,0.0330746850158529,0.114616614790068,2,3,0,0
"power a=4",4,100,2000,1.7,1.56518670487451,0.566207130310361,0.039217284147961,0.0184355987954852,0.0358256048367771,0.12171623476922,2,3,0,0
"power a=4",4,100,2000,1.75,1.59394638395677,0.587781428510885,0.0427832605142444,0.0193581783184269,0.0388687639012191,0.129047581946549,2,3,0,0
"power a=4",4,100,2000,1.8,1.62535542550322,0.609234228310414,0.0466191588713262,0.020301166277124,0.0422345124506781,0.136598399337324,2,3,0,0
"power a=4",4,100,2000,1.85,1.65692804456591,0.6305322152874,0.0507250915817215,0.0212648626072242,0.045938287398123,0.14435545423591,2,3,0,0
"power a=4",4,100,2000,1.9,1.68969077145204,0.651643967092538,0.0550994032964061,0.0224097601494935,0.0502923921742526,0.152304703336869,2,3,0,0
"power a=4",4,100,2000,1.95,1.72074433740992,0.672540053992402,0.0597387603379159,0.023649602643259,0.0553433803269709,0.160431457312575,2,3,0,0
"power a=4",4,100,2000,2,1.75529705027005,0.693193110960563,0.0646382654346517,0.0249903883121876,0.0603757571081362,0.16872054119097,2,3,0,0
"power a=4",4,100,2000,2.05,1.78933842789622,0.713577883327513,0.0697915913554611,0.0265233590716812,0.0661588202288681,0.177156447463006,2,3,0,0.0166666666666668
"power a=4",4,100,2000,2.1,1.82487999934044,0.733671248281615,0.0751911267776567,0.0279996406766026,0.0722635214358587,0.185723479530385,2,3,0,0.0333333333333334
"power a=4",4,100,2000,2.15,1.85888209258708,0.753452214687358,0.0808281280489993,0.029680897143211,0.0789413777692418,0.194405883818916,2,3,0,0.05
"power a=4",4,100,2000,2.2,1.89805942023594,0.772901903759887,0.0866928712959119,0.0314843890762122,0.0859638073442591,0.203187969569993,2,3,0,0.0666666666666667
"power a=4",4,100,2000,2.25,1.9381849260806,0.792003513118512,0.0927748004426943,0.0331490384337857,0.0928565673748862,0.212054215930126,2,3,0,0.0833333333333333
"power a=4",4,100,2000,2.3,1.97703974890518,0.810742266653294,0.0990626679632314,0.0349413546607889,0.100954819219198,0.220989366450646,2,3,0,0.1
"power a=4",4,100,2000,2.35,2.0109138577614,0.829105352497177,0.105544666415647,0.0369243450060975,0.108626335315911,0.229978511470355,2,3,0,0.116666666666667
"power a=4",4,100,2000,2.4,2.0554397238196,0.847081851220425,0.112208549875344,0.0390706679405087,0.11714719430878,0.239007159085515,2,3,0,0.133333333333333
"power a=4",4,100,2000,2.45,2.09425808257164,0.864662656171428,0.119041745199932,0.0412905864520359,0.126007299005092,0.248061295530912,2,3,0,0.15
"power a=4",4,100,2000,2.5,2.13452282262301,0.881840387691952,0.126031453603321,0.0435882557270414,0.136642069288452,0.257127435827994,2,3,0,0.166666666666667
"power a=4",4,100,2000,2.55,2.17330183467919,0.89860930274537,0.133164743304661,0.0460590810488618,0.146620660856503,0.266192665529227,2,3,0,0.183333333333333
"power a=4",4,100,2000,2.6,2.22024228365116,0.91496520131945,0.14042863409992,0.0486597646992062,0.156263228770557,0.275244674327683,2,3,0,0.2
"power a=4",4,100,2000,2.65,2.25882018180404,0.930905330803794,0.147810174642714,0.0513604703656081,0.167153706826244,0.284271782228325,2,3,0,0.216666666666667
"power a=4",4,100,2000,2.7,2.30284360476015,0.946428289396477,0.155296513078681,0.054075678057386,0.177092737978001,0.293262958907194,2,3,0,0.233333333333333
"power a=4",4,100,2000,2.75,2.34081276174957,0.961533929463913,0.162874961506932,0.0569541451019747,0.189063021650812,0.302207836825191,2,3,0,0.25
"power a=4",4,100,2000,2.8,2.38036622084186,0.976223261660621,0.170533054580962,0.0598031090563461,0.200896034785952,0.31109671861787,2,3,0,0.266666666666667
"power a=4",4,100,2000,2.85,2.41990089036186,0.990498360509388,0.178258602432947,0.0628064391309615,0.212225339605427,0.319920579251282,2,3,0,0.283333333333333
"power a=4",4,100,2000,2.9,2.45936386425017,1.00436227204542,0.186039738019634,0.0659185471351378,0.224245461727281,0.328671063414039,2,3,0,0.3
"power a=4",4,100,2000,2.95,2.49493718087774,1.01781892403893,0.193864958945233,0.0691387648659187,0.235464789354012,0.337340478603765,2,3,0,0.316666666666667
"power a=4",4,100,2000,3,2.53354427008044,1.03087303922816,0.201723163810853,0.0724661655690077,0.247076162759881,0.345921784358382,2,3,0,0.333333333333333
"power a=4",4,100,2000,3.05,2.57541656953652,1.04353005191816,0.209603683161949,0.0758995713423902,0.259425453297415,0.354408578076142,2,3,0.016393442622951,0.333333333333333
"power a=4",4,100,2000,3.1,2.61766583710166,1.05579602822966,0.217496305145026,0.0791920479411274,0.273590526981109,0.36279507786042,2,3,0.0322580645161291,0.333333333333333
"power a=4",4,100,2000,3.15,2.65485596844096,1.06767759021673,0.22539129603361,0.082801238437143,0.287274586000819,0.371076102814647,2,3,0.0476190476190477,0.333333333333333
"power a=4",4,100,2000,3.2,2.69019627776952,1.07918184401126,0.233279415833768,0.0862312684015435,0.300640225909902,0.379247051198402,2,3,0.0625,0.333333333333333
"power a=4",4,100,2000,3.25,2.72650453488043,1.09031631209774,0.241151929226108,0.0897303163955803,0.313640709561372,0.387303876837604,2,3,0.0769230769230769,0.333333333333333
"power a=4",4,100,2000,3.3,2.76216821583257,1.10108886977164,0.249000612140644,0.0932956028086835,0.326643340407428,0.395243064160098,2,3,0.0909090909090909,0.333333333333333
"power a=4",4,100,2000,3.35,2.79829908796345,1.11150768579088,0.256817754291572,0.0969242988757798,0.33961732563322,0.403061602203329,2,3,0.104477611940298,0.333333333333333
"power a=4",4,100,2000,3.4,2.82827218069888,1.12158116719053,0.26459615802024,0.100673045191515,0.352529011108932,0.41075695791404,2,3,0.11764705882353,0.333333333333333
"power a=4",4,100,2000,3.45,2.85988769143298,1.13131790819738,0.272329133806759,0.104678057581131,0.366992100156065,0.418327049031632,2,3,0.130434782608696,0.333333333333333
"power a=4",4,100,2000,3.5,2.89517812648367,1.1407266431521,0.280010492814689,0.108242260886787,0.378608586819058,0.425770216817889,2,3,0.142857142857143,0.333333333333333
"power a=4",4,100,2000,3.55,2.92511212983467,1.14981620332231,0.287634536830168,0.113043356917545,0.390922400355979,0.433085198866739,2,3,0.154929577464789,0.333333333333333
"power a=4",4,100,2000,3.6,2.95189250423995,1.15859547747068,0.29519604594792,0.116796495684809,0.404824790912578,0.440271102199232,2,3,0.166666666666667,0.333333333333333
"power a=4",4,100,2000,3.65,2.98146097602879,1.16707337602591,0.302690264343014,0.120409182142121,0.415798302773857,0.447327376821385,2,3,0.178082191780822,0.333333333333333
"power a=4",4,100,2000,3.7,3.01025216660221,1.17525879869289,0.310112884450105,0.124507306912861,0.427687893754093,0.454253789896333,2,3,0.189189189189189,0.333333333333333
"power a=4",4,100,2000,3.75,3.03786372641333,1.18316060532946,0.317460029852086,0.128932572093072,0.43851263147625,0.461050400657609,2,3,0.2,0.333333333333333
"power a=4",4,100,2000,3.8,3.06764403518214,1.19078758991146,0.324728237158542,0.133528451255034,0.452210782509,0.467717536167497,2,3,0.210526315789474,0.333333333333333
"power a=4",4,100,2000,3.85,3.09828299308481,1.19814845740488,0.331914437131662,0.137798767523858,0.460631405163905,0.47425576800339,2,3,0.220779220779221,0.333333333333333
"power a=4",4,100,2000,3.9,3.12744297609157,1.2052518033628,0.33901593529403,0.141581149990769,0.472365346123069,0.480665889935983,2,3,0.230769230769231,0.333333333333333
"power a=4",4,100,2000,3.95,3.15182273310771,1.21210609606603,0.346030392229418,0.145364828247438,0.483898292892667,0.48694889664589,2,3,0.240506329113924,0.333333333333333
"power a=4",4,100,2000,4,3.17370627383816,1.21871966102913,0.352955803764711,0.149147030988376,0.495224760604803,0.493105963509985,2,3,0.25,0.333333333333333
"power a=4",4,100,2000,4.05,3.19443813719844,1.22510066769747,0.359790481198774,0.153219514120892,0.506503107055746,0.499138427475164,2,3,0.259259259259259,0.333333333333333
"power a=4",4,100,2000,4.1,3.21632693835016,1.23125711816624,0.366533031722707,0.157113270711678,0.5176194797576,0.50504776902546,2,3,0.268292682926829,0.333333333333333
"power a=4",4,100,2000,4.15,3.23660295485299,1.23719683775829,0.373182339155612,0.161645105236844,0.529109569823368,0.510835595238157,2,3,0.27710843373494,0.333333333333333
"power a=4",4,100,2000,4.2,3.26447326417749,1.24292746730453,0.379737545101068,0.166590461176452,0.540478264025398,0.516503623915908,2,3,0.285714285714286,0.333333333333333
"power a=4",4,100,2000,4.25,3.28494225071979,1.24845645697784,0.38619803061187,0.17140309852736,0.552873599758079,0.522053668774471,2,3,0.294117647058823,0.333333333333333
"power a=4",4,100,2000,4.3,3.30426688798387,1.25379106153891,0.39256339843446,0.1757660830506,0.562292042560909,0.527487625659621,2,3,0.302325581395349,0.333333333333333
"power a=4",4,100,2000,4.35,3.3232141599138,1.2589383368603,0.398833455889846,0.179704357736233,0.575955464929347,0.532807459761887,2,3,0.310344827586207,0.333333333333333
"power a=4",4,100,2000,4.4,3.34667435835805,1.26390513760294,0.405008198434554,0.183477250197781,0.585388813926464,0.53801519379381,2,3,0.318181818181818,0.333333333333333
"power a=4",4,100,2000,4.45,3.36951307372235,1.26869811592702,0.411087793933475,0.187425794883193,0.594663785599354,0.543112897091449,2,3,0.325842696629214,0.333333333333333
"power a=4",4,100,2000,4.5,3.39173876035144,1.2733237211272,0.417072567666056,0.19182438320402,0.604576850449157,0.548102675599643,2,3,0.333333333333333,0.333333333333333
"power a=4",4,100,2000,4.55,3.41336060288019,1.27778820008939,0.422962988078233,0.196233091291273,0.616422373832971,0.55298666269904,2,3,0.340659340659341,0.333333333333333
"power a=4",4,100,2000,4.6,3.42888948292362,1.28209759847423,0.428759653284661,0.200034542075361,0.627869254889384,0.557767010831996,2,3,0.347826086956522,0.333333333333333
"power a=4",4,100,2000,4.65,3.44299947698391,1.28625776253914,0.43446327831907,0.205089933841309,0.635350317461095,0.562445883884089,2,3,0.354838709677419,0.333333333333333
"power a=4",4,100,2000,4.7,3.45799559223201,1.29027434151795,0.440074683124892,0.209532099033231,0.64297513260117,0.567025450278045,2,3,0.361702127659575,0.333333333333333
"power a=4",4,100,2000,4.75,3.47193699817596,1.29415279048368,0.445594781273511,0.213776375549843,0.651075483044022,0.571507876737299,2,3,0.368421052631579,0.333333333333333
"power a=4",4,100,2000,4.8,3.48548946013431,1.2978983736262,0.451024569393591,0.217097108086946,0.660215823071504,0.575895322677194,2,3,0.375,0.333333333333333
"power a=4",4,100,2000,4.85,3.49866660003385,1.3015161678826,0.456365117291712,0.220689653086887,0.666304926628172,0.580189935182788,2,3,0.381443298969072,0.333333333333333
"power a=4",4,100,2000,4.9,3.51029357714849,1.30501106686348,0.461617558742016,0.224544714042983,0.673024100296827,0.584393844533453,2,3,0.387755102040816,0.333333333333333
"power a=4",4,100,2000,4.95,3.5230320361782,1.30838778502386,0.466783082920604,0.227163101639505,0.679708792072586,0.588509160235833,2,3,0.393939393939394,0.333333333333333
"power a=4",4,100,2000,5,3.53352161301424,1.31165086203215,0.471862926458958,0.234181301652893,0.689779814753304,0.592537967528186,2,3,0.4,0.333333333333333
"power a=4",4,100,2000,5.05,3.54342770576816,1.3148046672953,0.476858366089617,0.239945117815581,0.698699401090684,0.59648232432074,2,3,0.405940594059406,0.333333333333333
"power a=4",4,100,2000,5.1,3.55303562095922,1.31785340460246,0.48177071185672,0.243100478217128,0.703570309358671,0.600344258538316,2,3,0.411764705882353,0.333333333333333
"power a=4",4,100,2000,5.15,3.56261051618777,1.32080111685351,0.486601300863657,0.245184069669767,0.711228039403166,0.604125765833162,2,3,0.41747572815534,0.333333333333333
"power a=4",4,100,2000,5.2,3.57405686764691,1.32365169084241,0.491351491530028,0.248464848968033,0.719375168575509,0.607828807637623,2,3,0.423076923076923,0.333333333333333
"power a=4",4,100,2000,5.25,3.58628692121673,1.32640886206882,0.496022658330298,0.252920632324333,0.726211515160899,0.61145530952798,2,3,0.428571428571429,0.333333333333333
"power a=4",4,100,2000,5.3,3.5988991829975,1.32907621955429,0.500616186986865,0.255956185662882,0.734385986487976,0.615007159872455,2,3,0.433962264150944,0.333333333333333
"power a=4",4,100,2000,5.35,3.60959403626819,1.33165721064248,0.505133470090842,0.259214541096615,0.740489733593387,0.618486208738031,2,3,0.439252336448598,0.333333333333333
"power a=4",4,100,2000,5.4,3.61990315903065,1.33415514576531,0.509575903124451,0.264526199735193,0.746220733951019,0.621894267032359,2,3,0.444444444444445,0.333333333333333
"power a=4",4,100,2000,5.45,3.63029418871705,1.33657320315923,0.51394488085975,0.269622745666991,0.751293614927966,0.625233105858567,2,3,0.44954128440367,0.333333333333333
"power a=4",4,100,2000,5.5,3.64154068226012,1.33891443351816,0.518241794109233,0.273078855786004,0.75786428434756,0.628504456062312,2,3,0.454545454545455,0.333333333333333
"power a=4",4,100,2000,5.55,3.65179033385185,1.34118176457152,0.522468026804764,0.274747534512913,0.763358720902113,0.631710007951854,2,3,0.45945945945946,0.333333333333333
"power a=4",4,100,2000,5.6,3.65935791641543,1.34337800557747,0.526624953382268,0.279357716338931,0.768711909347689,0.634851411173344,2,3,0.464285714285714,0.333333333333333
"power a=4",4,100,2000,5.65,3.66796630294965,1.34550585172319,0.53071393645061,0.283410261722094,0.773928049128965,0.637930274724816,2,3,0.469026548672566,0.333333333333333
"power a=4",4,100,2000,5.7,3.67402289662714,1.3475678884255,0.53473632472407,0.287020282257554,0.77934224976456,0.640948167093654,2,3,0.473684210526316,0.333333333333333
"power a=4",4,100,2000,5.75,3.67936734935946,1.34956659552621,0.538693451198885,0.290126067640957,0.783965383271188,0.643906616503487,2,3,0.478260869565217,0.333333333333333
"power a=4",4,100,2000,5.8,3.6863295132224,1.35150435137802,0.542586631555301,0.292666018032478,0.788794378754263,0.646807111257601,2,3,0.482758620689655,0.333333333333333
"power a=4",4,100,2000,5.85,3.69345124109912,1.35338343681763,0.546417162767646,0.298381336252119,0.79355582817476,0.649651100167011,2,3,0.487179487179487,0.333333333333333
"power a=4",4,100,2000,5.9,3.70051135454623,1.35520603902365,0.550186321905855,0.304916130364059,0.798284813566554,0.652439993052324,2,3,0.491525423728814,0.333333333333333
"power a=4",4,100,2000,5.95,3.70810510720605,1.35697425525793,0.553895365112916,0.3114571935396,0.803146198427718,0.655175161309497,2,3,0.495798319327731,0.333333333333333
"power a=4",4,100,2000,6,3.71550803692701,1.35869009648919,0.557545526743598,0.315020033981455,0.808667306966537,0.657857938530398,2,3,0.5,0.333333333333333
"power a=4",4,100,2000,6.05,3.72272634225187,1.36035549089904,0.561138018650769,0.317182634489727,0.81319036657825,0.660489621169972,2,3,0.504132231404959,0.333333333333333
"power a=4",4,100,2000,6.1,3.72976598385638,1.36197228727051,0.564674029606485,0.320004864298678,0.817544534157265,0.663071469252496,2,3,0.508196721311476,0.333333333333333
"power a=4",4,100,2000,6.15,3.73663269346344,1.36354225826006,0.568154724845851,0.322783245197584,0.823035524654233,0.665604707110161,2,3,0.51219512195122,0.333333333333333
"power a=4",4,100,2000,6.2,3.74333198259617,1.3650671035541,0.571581245722518,0.325518271035477,0.829142291289248,0.668090524147851,2,3,0.516129032258065,0.333333333333333
"power a=4",4,100,2000,6.25,3.74955723086807,1.3665484529119,0.574954709465393,0.328210448592397,0.83504650737469,0.670530075628584,2,3,0.52,0.333333333333333
"power a=4",4,100,2000,6.3,3.75527335595034,1.36798786909641,0.578276209026911,0.330860295772655,0.840753765239142,0.672924483474655,2,3,0.523809523809524,0.333333333333333
"power a=4",4,100,2000,6.35,3.76086076553284,1.36938685069544,0.581546813013917,0.336026850692833,0.846269630945086,0.675274837080008,2,3,0.52755905511811,0.333333333333333
"power a=4",4,100,2000,6.4,3.76527602949985,1.37074683483528,0.584767565692832,0.342387691912006,0.85101213109566,0.67758219412986,2,3,0.53125,0.333333333333333
"power a=4",4,100,2000,6.45,3.76937962521367,1.37206919978948,0.587939487061431,0.34748136456129,0.854392474473656,0.67984758142402,2,3,0.534883720930233,0.333333333333333
"power a=4",4,100,2000,6.5,3.77340027308532,1.37335526748526,0.591063572980148,0.35021015383514,0.857727468621666,0.682071995700741,2,3,0.538461538461538,0.333333333333333
"power a=4",4,100,2000,6.55,3.77820043453932,1.37460630591046,0.594140795356336,0.352523589449927,0.860976965939791,0.684256404458301,2,3,0.541984732824428,0.333333333333333
"power a=4",4,100,2000,6.6,3.78354786661435,1.37582353142363,0.597172102375481,0.354718198063263,0.864143522669722,0.686401746771871,2,3,0.545454545454545,0.333333333333333
"power a=4",4,100,2000,6.65,3.78875808267084,1.3770081109705,0.600158418773811,0.356877094106999,0.867229608912221,0.688508934103478,2,3,0.548872180451128,0.333333333333333
"power a=4",4,100,2000,6.7,3.79383556729963,1.37816116420934,0.603100646147212,0.359000937112521,0.870073241923082,0.690578851103204,2,3,0.552238805970149,0.333333333333333
"power a=4",4,100,2000,6.75,3.79878463912793,1.37928376554846,0.605999663291783,0.361090375111032,0.87383901060607,0.692612356399965,2,3,0.555555555555556,0.333333333333333
"power a=4",4,100,2000,6.8,3.80292356025306,1.38037694609867,0.608856326571756,0.365871867419309,0.87754359668987,0.694610283380465,2,3,0.558823529411765,0.333333333333333
"power a=4",4,100,2000,6.85,3.80731311778618,1.38144169554361,0.611671470310864,0.367825212464118,0.88010613262453,0.696573440955135,2,3,0.562043795620438,0.333333333333333
"power a=4",4,100,2000,6.9,3.81243209630165,1.38247896393087,0.614445907203605,0.36974726289298,0.882819205050069,0.698502614310011,2,3,0.565217391304348,0.333333333333333
"power a=4",4,100,2000,6.95,3.81737770445565,1.38348966338677,0.617180428743134,0.371638630013882,0.88613778435714,0.700398565643735,2,3,0.568345323741007,0.333333333333333
"power a=4",4,100,2000,7,3.82174410681751,1.38447466975769,0.619875805662829,0.373499910667751,0.889868629725853,0.702262034888951,2,3,0.571428571428571,0.333333333333333
"power a=4",4,100,2000,7.05,3.826004857304,1.38543482418054,0.622532788388842,0.375331687474242,0.89361299067536,0.704093740417556,2,3,0.574468085106383,0.333333333333333
"power a=4",4,100,2000,7.1,3.83013037549412,1.38637093458527,0.625152107501204,0.378115875888799,0.897232212695069,0.705894379729348,2,3,0.577464788732394,0.333333333333333
"power a=4",4,100,2000,7.15,3.83373521999795,1.38728377713206,0.627734474201262,0.384240776216924,0.900383694021905,0.707664630123751,2,3,0.58041958041958,0.333333333333333
"power a=4",4,100,2000,7.2,3.83726041061786,1.3881740975856,0.630280580783472,0.387395233602598,0.903206453889566,0.709405149354378,2,3,0.583333333333333,0.333333333333333
"power a=4",4,100,2000,7.25,3.84070859517866,1.3890426126292,0.63279110110974,0.388963858966484,0.905932418893701,0.711116576266283,2,3,0.586206896551724,0.333333333333333
"power a=4",4,100,2000,7.3,3.8440823147297,1.38989001112105,0.635266691084698,0.393096616496945,0.908574540915189,0.712799531415835,2,3,0.589041095890411,0.333333333333333
"power a=4",4,100,2000,7.35,3.84738400815089,1.3907169552951,0.637707989130473,0.396576603879023,0.911141950071202,0.714454617673202,2,3,0.591836734693878,0.333333333333333
"power a=4",4,100,2000,7.4,3.85061601656041,1.39152408190865,0.640115616659648,0.398515496338839,0.913636660864648,0.716082420807518,2,3,0.594594594594595,0.333333333333333
"power a=4",4,100,2000,7.45,3.85366557413284,1.39231200333927,0.642490178545254,0.402715076509092,0.916060644041752,0.717683510054824,2,3,0.597315436241611,0.333333333333333
"power a=4",4,100,2000,7.5,3.85602879520976,1.3930813086327,0.644832263586783,0.404629707175226,0.918415826678243,0.719258438668948,2,3,0.6,0.333333333333333
"power a=4",4,100,2000,7.55,3.85855572515652,1.39383256450434,0.647142444971295,0.40921037681827,0.920557372320246,0.720807744455517,2,3,0.602649006622517,0.333333333333333
"power a=4",4,100,2000,7.6,3.86171058949213,1.39456631629583,0.649421280728835,0.412789468949727,0.922629703458434,0.722331950289328,2,3,0.605263157894737,0.333333333333333
"power a=4",4,100,2000,7.65,3.86478805603809,1.3952830888891,0.651669314181444,0.416544458419884,0.924647001648394,0.723831564615341,2,3,0.607843137254902,0.333333333333333
"power a=4",4,100,2000,7.7,3.86877158002551,1.39598338757937,0.653887074385166,0.418666165071179,0.926610716593691,0.725307081933571,2,3,0.61038961038961,0.333333333333333
"power a=4",4,100,2000,7.75,3.87266785905104,1.39666769890921,0.656075076564509,0.422398945311094,0.928522262950352,0.726758983268188,2,3,0.612903225806452,0.333333333333333
"power a=4",4,100,2000,7.8,3.87647873742284,1.39733649146511,0.658233822538917,0.426346668677168,0.930383020892494,0.728187736621146,2,3,0.615384615384615,0.333333333333333
"power a=4",4,100,2000,7.85,3.88020619175905,1.39799021663844,0.660363801140863,0.428419426253425,0.932194336691578,0.729593797410678,2,3,0.617834394904459,0.333333333333333
"power a=4",4,100,2000,7.9,3.88360211062107,1.39862930935221,0.662465488625231,0.430520859261731,0.934185952661609,0.730977608894999,2,3,0.620253164556962,0.333333333333333
"power a=4",4,100,2000,7.95,3.88624526704867,1.39925418875526,0.664539349069743,0.434264745968489,0.936272903061436,0.732339602581582,2,3,0.622641509433962,0.333333333333333
"power a=4",4,100,2000,8,3.888911681819,1.39986525888528,0.666585834766185,0.435568784509595,0.938293457335118,0.733680198622365,2,3,0.625,0.333333333333333
"power a=4",4,1000,1000,0,1,0,0.001,0.001,0.001,0.001,2,3,0,0
"power a=4",4,1000,1000,0.05,1.00898243026632,0.00925958332911653,0.00100026191598675,0.00100023951463669,0.00100028328562941,0.00112385009388117,2,3,0,0
"power a=4",4,1000,1000,0.1,1.01855031104622,0.0190612087314499,0.00100110469228042,0.0010010060854676,0.00100119644381112,0.00126333194326169,2,3,0,0
"power a=4",4,1000,1000,0.15,1.02874724632111,0.0294404900247671,0.00100262434828634,0.0010023871585843,0.00100285055736891,0.00142044816389844,2,3,0,0
"power a=4",4,1000,1000,0.2,1.03955551690785,0.0404351336416672,0.00100493306626473,0.00100447573372819,0.00100537000801085,0.00159745960161133,2,3,0,0
"power a=4",4,1000,1000,0.25,1.05108955586351,0.0520848861469479,0.00100816247604009,0.00100735430598973,0.00100890652678202,0.00179691822207635,2,3,0,0
"power a=4",4,1000,1000,0.3,1.06341280155404,0.0644314179684691,0.00101246774452123,0.00101117038336784,0.0010136375702415,0.00202170394315902,2,3,0,0
"power a=4",4,1000,1000,0.35,1.07646460388754,0.0775181303616593,0.00101803269699104,0.00101602838312129,0.00101973739411096,0.00227506578492681,2,3,0,0
"power a=4",4,1000,1000,0.4,1.09021086182325,0.0913898740860538,0.00102507626720991,0.0010220769004274,0.00102758206828791,0.00256066771018945,2,3,0,0
"power a=4",4,1000,1000,0.45,1.10499210286041,0.1060925711349,0.0010338606659358,0.00102949675350958,0.00103731934805162,0.00288263950772085,2,3,0,0
"power a=4",4,1000,1000,0.5,1.1208822786805,0.121672734874899,0.00104470177941173,0.00103853659741798,0.0010493250577037,0.00324563302262517,2,3,0,0
"power a=4",4,1000,1000,0.55,1.13770557529846,0.138176888585409,0.00105798246927725,0.00104935919409428,0.00106398378346349,0.00365488395196466,2,3,0,0
"power a=4",4,1000,1000,0.6,1.15549381145319,0.155650887029164,0.00107416965338895,0.00106202817484941,0.00108188276169691,0.0041162792831959,2,3,0,0
"power a=4",4,1000,1000,0.65,1.17481109896282,0.17413914996519,0.00109383631436652,0.0010771644094812,0.00110334861488541,0.00463643023776949,2,3,0,0
"power a=4",4,1000,1000,0.7,1.19557944152157,0.193683820457625,0.00111768991993504,0.00109471444429157,0.00113023310290368,0.00522275026642327,2,3,0,0
"power a=4",4,1000,1000,0.75,1.21742736806097,0.214323864746861,0.00114660915297078,0.00111555438313294,0.00116264662919708,0.00588353719427627,2,3,0,0
"power a=4",4,1000,1000,0.8,1.24036040035203,0.236094134536654,0.00118169133588279,0.00113981508429296,0.00120085704619596,0.00662805799568323,2,3,0,0
"power a=4",4,1000,1000,0.85,1.26538439931109,0.259024416569137,0.00122431346855906,0.00116825366874686,0.0012473792392884,0.00746663385165063,2,3,0,0
"power a=4",4,1000,1000,0.9,1.29109976819228,0.283138497587487,0.00127621031819018,0.00120070856854948,0.00130315525857227,0.00841072207189011,2,3,0,0
"power a=4",4,1000,1000,0.95,1.31928195839762,0.308453274360084,0.00133957337761427,0.00123947446285765,0.00136983340746378,0.00947299013244512,2,3,0,0
"power a=4",4,1000,1000,1,1.34895486227283,0.334977937825765,0.00141717453273428,0.00128275529450231,0.00145056015320548,0.0106673755104225,2,3,0,0
"power a=4",4,1000,1000,1.05,1.38020830177663,0.362713257702707,0.0015125176286111,0.001332823765783,0.00154642146338884,0.0120091232813379,2,3,0,0
"power a=4",4,1000,1000,1.1,1.4154536871584,0.391650989745729,0.00163001938530884,0.00138950638335469,0.00166049725279924,0.0135147917793862,2,3,0,0
"power a=4",4,1000,1000,1.15,1.45117324197186,0.421773423164274,0.00177521787026975,0.00145612361404138,0.00179865941411286,0.0152022153399465,2,3,0,0
"power a=4",4,1000,1000,1.2,1.48862979936012,0.453053081329692,0.00195500176202868,0.0015341331788827,0.00195896751422959,0.0170904127152769,2,3,0,0
"power a=4",4,1000,1000,1.25,1.52888453154419,0.485452585212935,0.00217784723633219,0.00162271163054016,0.00215064515144256,0.0191994307141414,2,3,0,0
"power a=4",4,1000,1000,1.3,1.57311308707005,0.518924685939004,0.00245404261837903,0.00172272291845306,0.00238823025317597,0.0215501153996575,2,3,0,0
"power a=4",4,1000,1000,1.35,1.61932186812297,0.553412470009534,0.00279587603903605,0.00183189927626254,0.00266296575982811,0.0241638078675007,2,3,0,0
"power a=4",4,1000,1000,1.4,1.66538406818137,0.58884973761618,0.00321776059321267,0.00196359426534823,0.00299775116808073,0.0270619677012569,2,3,0,0
"power a=4",4,1000,1000,1.45,1.71787369517631,0.625161550705675,0.00373627621122066,0.00210701715470212,0.00339262800707083,0.0302657335168604,2,3,0,0
"power a=4",4,1000,1000,1.5,1.77264646934987,0.662264943085357,0.00437011617987461,0.00227306476309778,0.00384965615765032,0.0337954351653224,2,3,0,0
"power a=4",4,1000,1000,1.55,1.83021126112846,0.700069780256647,0.00513993452255011,0.00246919652130287,0.00440225455599371,0.0376700752619378,2,3,0,0
"power a=4",4,1000,1000,1.6,1.88910755281849,0.738479752352967,0.00606809319843281,0.00267918331555118,0.00504436303870639,0.0419067990305014,2,3,0,0
"power a=4",4,1000,1000,1.65,1.95277395765262,0.777393479875284,0.00717830406960381,0.00292294593216846,0.0058381602311958,0.0465203723995669,2,3,0,0
"power a=4",4,1000,1000,1.7,2.02049092231999,0.816705708820747,0.00849515521369556,0.00320092243538621,0.00681815409334064,0.051522690330486,2,3,0,0
"power a=4",4,1000,1000,1.75,2.09030961327928,0.856308568975769,0.0100435139281645,0.00351747154898366,0.0078713638716336,0.0569223405714745,2,3,0,0
"power a=4",4,1000,1000,1.8,2.16564218588212,0.896092866381261,0.0118478159729563,0.00384105117436188,0.00913497089108027,0.0627242505193249,2,3,0,0
"power a=4",4,1000,1000,1.85,2.24564586961634,0.935949378508006,0.0139312790724864,0.00423607662126766,0.0105319344552925,0.0689294437469333,2,3,0,0
"power a=4",4,1000,1000,1.9,2.32778908988571,0.975770119217474,0.0163151064333764,0.00466921217718538,0.0121331281069456,0.0755349261084924,2,3,0,0
"power a=4",4,1000,1000,1.95,2.41527711610202,1.01544954098585,0.019017759498962,0.00515774663378244,0.0139747681448592,0.082533709667158,2,3,0,0
"power a=4",4,1000,1000,2,2.50654860957288,1.05488564466783,0.022054371536625,0.00569982932011667,0.0161092329937425,0.0899149688157033,2,3,0,0
"power a=4",4,1000,1000,2.05,2.60335458275638,1.09398097217439,0.0254363481004676,0.00631313580487044,0.0186463306725543,0.0976643105619098,2,3,0,0.0166666666666668
"power a=4",4,1000,1000,2.1,2.70420616225458,1.13264346413471,0.0291711671470483,0.0069687411098723,0.0214842766115626,0.105764132869628,2,3,0,0.0333333333333334
"power a=4",4,1000,1000,2.15,2.8083561404573,1.17078717189157,0.0332623619018096,0.00769488499366505,0.0246578653188466,0.114194042200606,2,3,0,0.05
"power a=4",4,1000,1000,2.2,2.91090007990823,1.2083328200678,0.0377096508779133,0.00848694339288087,0.028225752836526,0.12293130323204,2,3,0,0.0666666666666667
"power a=4",4,1000,1000,2.25,3.02121443475719,1.2452082217652,0.0425091734417781,0.00939730479759057,0.0324678792013461,0.131951298349625,2,3,0,0.0833333333333333
"power a=4",4,1000,1000,2.3,3.13622930693856,1.28134855292507,0.0476537931624421,0.010482748564964,0.0374630381356969,0.141227980035998,2,3,0,0.1
"power a=4",4,1000,1000,2.35,3.25227315773001,1.31669649552082,0.0531334400430845,0.0116261646305433,0.0427357417381795,0.150734304301403,2,3,0,0.116666666666667
"power a=4",4,1000,1000,2.4,3.3643747977608,1.35120226128551,0.0589354721562911,0.0128867580171269,0.0482437059541713,0.160442637176311,2,3,0,0.133333333333333
"power a=4",4,1000,1000,2.45,3.47604562326643,1.38482350887419,0.0650450444359156,0.0141385500577761,0.0542513769951359,0.170325128958869,2,3,0,0.15
"power a=4",4,1000,1000,2.5,3.59118388074078,1.41752516796196,0.0714454765697849,0.0157011982438518,0.0610990784439413,0.180354052686117,2,3,0,0.166666666666667
"power a=4",4,1000,1000,2.55,3.70600164849564,1.44927918395423,0.0781186136171601,0.0170655118460861,0.0690369941182705,0.190502104565978,2,3,0,0.183333333333333
"power a=4",4,1000,1000,2.6,3.82320812898244,1.48006419683658,0.0850451732777047,0.0187666696307522,0.0769487287247867,0.200742665171406,2,3,0,0.2
"power a=4",4,1000,1000,2.65,3.9575888189174,1.50986516727443,0.0922050737623367,0.020750266105675,0.0860268700861511,0.211050021213998,2,3,0,0.216666666666667
"power a=4",4,1000,1000,2.7,4.08134669937751,1.53867296242282,0.099577736664091,0.0226647338670996,0.0955779900539395,0.221399548704631,2,3,0,0.233333333333333
"power a=4",4,1000,1000,2.75,4.19639049273684,1.56648391305783,0.107142360331731,0.0246104040958397,0.105597100155943,0.231767859217719,2,3,0,0.25
"power a=4",4,1000,1000,2.8,4.32721995629109,1.59329935263307,0.114878160880899,0.0266313474369489,0.116270576674547,0.242132911727402,2,3,0,0.266666666666667
"power a=4",4,1000,1000,2.85,4.45621600359529,1.61912514774533,0.122764579824856,0.0286790503557054,0.12730967114584,0.252474093022261,2,3,0,0.283333333333333
"power a=4",4,1000,1000,2.9,4.58791071714741,1.6439712283119,0.130781459038192,0.0310424899079425,0.139626706504595,0.262772270011273,2,3,0,0.3
"power a=4",4,1000,1000,2.95,4.70499233272472,1.66785112456618,0.138909185137406,0.0336568769695649,0.152468116879401,0.273009817325932,2,3,0,0.316666666666667
"power a=4",4,1000,1000,3,4.82038976154852,1.69078151680942,0.147128806253247,0.0362293901067762,0.163802433894619,0.283170623544833,2,3,0,0.333333333333333
"power a=4",4,1000,1000,3.05,4.94633031871767,1.71278180274475,0.155422124579471,0.039098236759452,0.17566566981718,0.29324007917145,2,3,0.016393442622951,0.333333333333333
"power a=4",4,1000,1000,3.1,5.06309056953504,1.73387368618861,0.163771768091197,0.0422099802492102,0.189412742290668,0.303205049235333,2,3,0.0322580645161291,0.333333333333333
"power a=4",4,1000,1000,3.15,5.18717413714478,1.75408079001647,0.172161244553442,0.0451859011154032,0.203665726065418,0.31305383310382,2,3,0.0476190476190477,0.333333333333333
"power a=4",4,1000,1000,3.2,5.29593755391972,1.77342829536089,0.180574980511677,0.0484735478378198,0.218249959106942,0.322776113814915,2,3,0.0625,0.333333333333333
"power a=4",4,1000,1000,3.25,5.40642869179016,1.79194260834138,0.18899834747845,0.0518658892473498,0.232952312501179,0.332362898988762,2,3,0.0769230769230769,0.333333333333333
"power a=4",4,1000,1000,3.3,5.5098608200862,1.80965105496527,0.197417677080458,0.0552252137919176,0.24615697671389,0.341806455151531,2,3,0.0909090909090909,0.333333333333333
"power a=4",4,1000,1000,3.35,5.61578692031877,1.82658160429151,0.205820266555407,0.0586167168484388,0.257614365504247,0.351100237110498,2,3,0.104477611940298,0.333333333333333
"power a=4",4,1000,1000,3.4,5.71718709694012,1.84276261949031,0.214194375706438,0.0625272371505741,0.271600269248325,0.360238813848016,2,3,0.11764705882353,0.333333333333333
"power a=4",4,1000,1000,3.45,5.8197059294363,1.85822263605309,0.222529216232863,0.0663904125710817,0.287355718423931,0.369217792248623,2,3,0.130434782608696,0.333333333333333
"power a=4",4,1000,1000,3.5,5.91472887274804,1.87299016610401,0.230814934245642,0.0701972457724191,0.299507826262908,0.378033739831939,2,3,0.142857142857143,0.333333333333333
"power a=4",4,1000,1000,3.55,6.00892476057132,1.88709352752836,0.239042586724415,0.0741223702920332,0.312619305775168,0.386684107529588,2,3,0.154929577464789,0.333333333333333
"power a=4",4,1000,1000,3.6,6.1026998593752,1.90056069645819,0.247204112659039,0.0784009598036068,0.32662450844316,0.395167153414397,2,3,0.166666666666667,0.333333333333333
"power a=4",4,1000,1000,3.65,6.19049302175065,1.91341918153454,0.25529229962337,0.0828463021603285,0.340350905544986,0.403481868163232,2,3,0.178082191780822,0.333333333333333
"power a=4",4,1000,1000,3.7,6.28765147699919,1.9256959182921,0.263300746537579,0.0871416218115848,0.354922935370344,0.411627902911129,2,3,0.189189189189189,0.333333333333333
"power a=4",4,1000,1000,3.75,6.3810595621664,1.93741718197919,0.271223823377085,0.0924912722756205,0.368972527828869,0.419605500034791,2,3,0.2,0.333333333333333
"power a=4",4,1000,1000,3.8,6.45423528257801,1.94860851712764,0.279056628575082,0.0966287976205256,0.38154067061021,0.427415427289567,2,3,0.210526315789474,0.333333333333333
"power a=4",4,1000,1000,3.85,6.53430627610277,1.95929468221722,0.286794944839122,0.100702002663255,0.392968645802293,0.435058915617182,2,3,0.220779220779221,0.333333333333333
"power a=4",4,1000,1000,3.9,6.60693152129498,1.9694996078325,0.294435194060562,0.105894732529815,0.405060529911257,0.442537600843279,2,3,0.230769230769231,0.333333333333333
"power a=4",4,1000,1000,3.95,6.68485317387486,1.97924636678095,0.30197439194099,0.109492521389901,0.422270251812192,0.449853469395337,2,3,0.240506329113924,0.333333333333333
"power a=4",4,1000,1000,4,6.75555321864377,1.9885571547254,0.309410102895077,0.114533036117343,0.435165044806171,0.457008808093545,2,3,0.25,0.333333333333333
"power a=4",4,1000,1000,4.05,6.81718335668847,1.9974532799776,0.316740395718313,0.119747235951932,0.446483633331076,0.464006157999991,2,3,0.259259259259259,0.333333333333333
"power a=4",4,1000,1000,4.1,6.8892874690055,2.00595516119872,0.323963800434113,0.125007305070202,0.456532205174704,0.470848272255076,2,3,0.268292682926829,0.333333333333333
"power a=4",4,1000,1000,4.15,6.95845527957425,2.01408233185495,0.331079266660992,0.129172981181216,0.468425152996894,0.477538077783969,2,3,0.27710843373494,0.333333333333333
"power a=4",4,1000,1000,4.2,7.00926852630791,2.02185345037833,0.33808612376937,0.1329420465801,0.479558403981541,0.484078640719492,2,3,0.285714285714286,0.333333333333333
"power a=4",4,1000,1000,4.25,7.06465286062466,2.02928631508393,0.344984043031093,0.13795678792394,0.491527774237223,0.490473135360321,2,3,0.294117647058823,0.333333333333333
"power a=4",4,1000,1000,4.3,7.11460692695241,2.03639788299149,0.351773001904183,0.143182615063877,0.500747669729746,0.496724816463726,2,3,0.302325581395349,0.333333333333333
"power a=4",4,1000,1000,4.35,7.16267693836457,2.04320429179304,0.358453250541544,0.148134842920759,0.512042972076692,0.502836994659401,2,3,0.310344827586207,0.333333333333333
"power a=4",4,1000,1000,4.4,7.21009408065744,2.049720884295,0.365025280565656,0.153185039037727,0.521658917281504,0.508813014764118,2,3,0.318181818181818,0.333333333333333
"power a=4",4,1000,1000,4.45,7.26862717927231,2.05596223474577,0.371489796111687,0.157688953786379,0.530261275128463,0.514656236775088,2,3,0.325842696629214,0.333333333333333
"power a=4",4,1000,1000,4.5,7.32704934817755,2.06194217653486,0.377847687108675,0.163198801657806,0.541289667898753,0.520370019322077,2,3,0.333333333333333,0.333333333333333
"power a=4",4,1000,1000,4.55,7.38093423509331,2.06767383081929,0.384100004741993,0.167969076765537,0.553557311615171,0.525957705363719,2,3,0.340659340659341,0.333333333333333
"power a=4",4,1000,1000,4.6,7.43115392809616,2.07316963569597,0.390247939019683,0.17278950040226,0.565461063286469,0.531422609921311,2,3,0.347826086956522,0.333333333333333
"power a=4",4,1000,1000,4.65,7.47969508218284,2.0784413755956,0.396292798349687,0.176567674914248,0.57612637862699,0.536768009653052,2,3,0.354838709677419,0.333333333333333
"power a=4",4,1000,1000,4.7,7.52661939870259,2.0835002106251,0.40223599102397,0.180398554637227,0.585012662619436,0.541997134082655,2,3,0.361702127659575,0.333333333333333
"power a=4",4,1000,1000,4.75,7.57198697614151,2.08835670563055,0.408079008498264,0.184767808138772,0.592765204221838,0.547113158308003,2,3,0.368421052631579,0.333333333333333
"power a=4",4,1000,1000,4.8,7.60775995738211,2.09302085879363,0.413823410352143,0.190304104986245,0.604837929001328,0.552119197027749,2,3,0.375,0.333333333333333
"power a=4",4,1000,1000,4.85,7.64160363664082,2.0975021296094,0.419470810812696,0.19451458911099,0.613836844326277,0.557018299736056,2,3,0.381443298969072,0.333333333333333
"power a=4",4,1000,1000,4.9,7.66859265518431,2.10180946612473,0.425022866725812,0.199803248868926,0.624185783071449,0.56181344694787,2,3,0.387755102040816,0.333333333333333
"power a=4",4,1000,1000,4.95,7.69845866921934,2.1059513313436,0.430481266861455,0.204626517952772,0.633763636954116,0.566507547328999,2,3,0.393939393939394,0.333333333333333
"power a=4",4,1000,1000,5,7.72865471510621,2.10993572872865,0.435847722442987,0.209683819211509,0.642887644200176,0.571103435616698,2,3,0.4,0.333333333333333
"power a=4",4,1000,1000,5.05,7.76397310786687,2.11377022674856,0.44112395879522,0.21445884734906,0.653062446644197,0.575603871227318,2,3,0.405940594059406,0.333333333333333
"power a=4",4,1000,1000,5.1,7.80171547301615,2.11746198243777,0.446311708011158,0.219698369010694,0.663048135928315,0.580011537457811,2,3,0.411764705882353,0.333333333333333
"power a=4",4,1000,1000,5.15,7.83564883764286,2.12101776394955,0.451412702543127,0.223546260586533,0.671279928175766,0.58432904119747,2,3,0.41747572815534,0.333333333333333
"power a=4",4,1000,1000,5.2,7.8656960367737,2.12444397209542,0.456428669629959,0.22808867977869,0.676931515923199,0.588558913075157,2,3,0.423076923076923,0.333333333333333
"power a=4",4,1000,1000,5.25,7.89270810472657,2.12774666087406,0.461361326477946,0.231779640464417,0.685137154342609,0.592703607975475,2,3,0.428571428571429,0.333333333333333
"power a=4",4,1000,1000,5.3,7.91451176753795,2.13093155700104,0.466212376119337,0.23577143015295,0.693803893811152,0.59676550586486,2,3,0.433962264150944,0.333333333333333
"power a=4",4,1000,1000,5.35,7.93905969428483,2.13400407845725,0.470983503878044,0.238711477378697,0.700927789817041,0.600746912875431,2,3,0.439252336448598,0.333333333333333
"power a=4",4,1000,1000,5.4,7.96939147455097,2.13696935207962,0.475676374377957,0.241893624742917,0.70931294143495,0.604650062600696,2,3,0.444444444444445,0.333333333333333
"power a=4",4,1000,1000,5.45,7.99298807413602,2.1398322302214,0.480292629034748,0.246472372637318,0.717044186531831,0.608477117562823,2,3,0.44954128440367,0.333333333333333
"power a=4",4,1000,1000,5.5,8.01789251747539,2.14259730651271,0.484833883977219,0.252621721409739,0.724603148371551,0.612230170816304,2,3,0.454545454545455,0.333333333333333
"power a=4",4,1000,1000,5.55,8.03801622933949,2.14526893075441,0.489301728349183,0.255998429470889,0.731348344880943,0.615911247657392,2,3,0.45945945945946,0.333333333333333
"power a=4",4,1000,1000,5.6,8.0626392625219,2.14785122297965,0.493697722947438,0.259584958941367,0.738467190701342,0.619522307412796,2,3,0.464285714285714,0.333333333333333
"power a=4",4,1000,1000,5.65,8.08879370254233,2.15034808671888,0.498023399155638,0.2642129546209,0.746496023114803,0.623065245284733,2,3,0.469026548672566,0.333333333333333
"power a=4",4,1000,1000,5.7,8.10820458488305,2.15276322150405,0.50228025813788,0.267145665294271,0.752992456597918,0.626541894232734,2,3,0.473684210526316,0.333333333333333
"power a=4",4,1000,1000,5.75,8.12688287313723,2.15510013464823,0.506469770259403,0.272322920667419,0.758573627811864,0.6299540268754,2,3,0.478260869565217,0.333333333333333
"power a=4",4,1000,1000,5.8,8.14486101347051,2.15736215233635,0.510593374705207,0.275953557039913,0.765272110783428,0.633303357397923,2,3,0.482758620689655,0.333333333333333
"power a=4",4,1000,1000,5.85,8.16387828449279,2.15955243006232,0.51465247927042,0.279967978443049,0.771712717227301,0.63659154345336,2,3,0.487179487179487,0.333333333333333
"power a=4",4,1000,1000,5.9,8.1874365026148,2.16167396244685,0.51864846029909,0.283562364531565,0.777885795648999,0.639820188047639,2,3,0.491525423728814,0.333333333333333
"power a=4",4,1000,1000,5.95,8.21023090614151,2.1637295924696,0.52258266275056,0.286161275981987,0.782362683070058,0.642990841400006,2,3,0.495798319327731,0.333333333333333
"power a=4",4,1000,1000,6,8.22647146776539,2.16572202014785,0.526456400374975,0.288399491250522,0.786346656978164,0.64610500277209,2,3,0.5,0.333333333333333
"power a=4",4,1000,1000,6.05,8.2409912479421,2.16765381069314,0.530270955981486,0.291913901264369,0.792201678980885,0.649164122260111,2,3,0.504132231404959,0.333333333333333
"power a=4",4,1000,1000,6.1,8.25425352243209,2.16952740217556,0.534027581784655,0.295212402685878,0.797917919057725,0.652169602545844,2,3,0.508196721311476,0.333333333333333
"power a=4",4,1000,1000,6.15,8.26459169085995,2.17134511272464,0.537727499816243,0.298574152787427,0.803411855651036,0.655122800602963,2,3,0.51219512195122,0.333333333333333
"power a=4",4,1000,1000,6.2,8.27904620748091,2.17310914729402,0.5413719023911,0.302729901274197,0.806776543161655,0.658025029356213,2,3,0.516129032258065,0.333333333333333
"power a=4",4,1000,1000,6.25,8.29349443786634,2.17482160401598,0.544961952617243,0.306471125788402,0.810032263414437,0.660877559291583,2,3,0.52,0.333333333333333
"power a=4",4,1000,1000,6.3,8.31214074707392,2.17648448017064,0.548498784941438,0.309384619196886,0.815302502836427,0.663681620016275,2,3,0.523809523809524,0.333333333333333
"power a=4",4,1000,1000,6.35,8.33174863237593,2.17809967779321,0.551983505722704,0.31290648676244,0.820391809902955,0.666438401767761,2,3,0.52755905511811,0.333333333333333
"power a=4",4,1000,1000,6.4,8.35028569436813,2.17966900894149,0.555417193827117,0.317154806139769,0.824015007036709,0.669149056871693,2,3,0.53125,0.333333333333333
"power a=4",4,1000,1000,6.45,8.3668170497367,2.18119420064464,0.558800901238203,0.320937006503967,0.827722161703804,0.671814701148772,2,3,0.534883720930233,0.333333333333333
"power a=4",4,1000,1000,6.5,8.38279145327881,2.18267689955293,0.562135653677926,0.32341968446919,0.831882839471122,0.674436415271,2,3,0.538461538461538,0.333333333333333
"power a=4",4,1000,1000,6.55,8.3930092674421,2.18411867630716,0.565422451234025,0.32645020380275,0.836459049507168,0.677015246067993,2,3,0.541984732824428,0.333333333333333
"power a=4",4,1000,1000,6.6,8.40216429374946,2.18552102964525,0.568662268990007,0.329720166344511,0.84086300354598,0.679552207784224,2,3,0.545454545454545,0.333333333333333
"power a=4",4,1000,1000,6.65,8.4114929480134,2.18688539026258,0.571856057654679,0.333122514753024,0.844166315909385,0.682048283288249,2,3,0.548872180451128,0.333333333333333
"power a=4",4,1000,1000,6.7,8.4237649912598,2.18821312444148,0.575004744188566,0.33643847988695,0.847524133756385,0.684504425235077,2,3,0.552238805970149,0.333333333333333
"power a=4",4,1000,1000,6.75,8.43672838243289,2.18950553746442,0.578109232424955,0.339202825087177,0.851074802237138,0.686921557182965,2,3,0.555555555555556,0.333333333333333
"power a=4",4,1000,1000,6.8,8.4493010521185,2.19076387682469,0.581170403683709,0.341989107398962,0.854575572194306,0.68930057466598,2,3,0.558823529411765,0.333333333333333
"power a=4",4,1000,1000,6.85,8.46149648634942,2.19198933524718,0.584189117376296,0.346481225669227,0.857990172578266,0.691642346223718,2,3,0.562043795620438,0.333333333333333
"power a=4",4,1000,1000,6.9,8.47332764057495,2.19318305353132,0.58716621160074,0.349698985581281,0.861134305004777,0.693947714389624,2,3,0.565217391304348,0.333333333333333
"power a=4",4,1000,1000,6.95,8.48238230599765,2.19434612322749,0.590102503725496,0.353698618344862,0.864562802261037,0.696217496639348,2,3,0.568345323741007,0.333333333333333
"power a=4",4,1000,1000,7,8.48992900848737,2.19547958915725,0.592998790961406,0.356082596843771,0.868194681427702,0.6984524863006,2,3,0.571428571428571,0.333333333333333
"power a=4",4,1000,1000,7.05,8.49723983734841,2.1965844517873,0.595855850921117,0.359071839314626,0.87171237560547,0.700653453425949,2,3,0.574468085106383,0.333333333333333
"power a=4",4,1000,1000,7.1,8.50432424999369,2.19766166946649,0.598674442165486,0.361607607924569,0.875199217433183,0.70282114562999,2,3,0.577464788732394,0.333333333333333
"power a=4",4,1000,1000,7.15,8.51119127287743,2.19871216053421,0.60145530473664,0.364228897452316,0.878629333543553,0.704956288892309,2,3,0.58041958041958,0.333333333333333
"power a=4",4,1000,1000,7.2,8.51784952291219,2.19973680530846,0.604199160677458,0.366833267134473,0.881792558220368,0.707059588327607,2,3,0.583333333333333,0.333333333333333
"power a=4",4,1000,1000,7.25,8.5243072277667,2.20073644796101,0.606906714537388,0.369421042206579,0.885020232121486,0.709131728924349,2,3,0.586206896551724,0.333333333333333
"power a=4",4,1000,1000,7.3,8.53069455717144,2.20171189828668,0.609578653864527,0.372315859292677,0.88833302252535,0.711173376253241,2,3,0.589041095890411,0.333333333333333
"power a=4",4,1000,1000,7.35,8.53788116429645,2.20266393337333,0.612215649684045,0.375613178095672,0.891535428834083,0.713185177146817,2,3,0.591836734693878,0.333333333333333
"power a=4",4,1000,1000,7.4,8.54494324853864,2.20359329917869,0.614818356963022,0.379054930837848,0.894344757489901,0.715167760351368,2,3,0.594594594594595,0.333333333333333
"power a=4",4,1000,1000,7.45,8.55188448763577,2.20450071201984,0.617387415061866,0.381647785000255,0.897056122113815,0.717121737152398,2,3,0.597315436241611,0.333333333333333
"power a=4",4,1000,1000,7.5,8.55727946791846,2.20538685998055,0.619923448172503,0.383890506418578,0.899697190760527,0.71904770197477,2,3,0.6,0.333333333333333
"power a=4",4,1000,1000,7.55,8.56158505654408,2.20625240424167,0.622427065743556,0.386561223292388,0.902397419019026,0.720946232958634,2,3,0.602649006622517,0.333333333333333
"power a=4",4,1000,1000,7.6,8.56772193956895,2.20709798033919,0.624898862892786,0.389066891629858,0.905048028645613,0.7228178925122,2,3,0.605263157894737,0.333333333333333
"power a=4",4,1000,1000,7.65,8.57487801558106,2.20792419935425,0.627339420807047,0.391372652237123,0.907532040765467,0.724663227842392,2,3,0.607843137254902,0.333333333333333
"power a=4",4,1000,1000,7.7,8.58187127508518,2.20873164903943,0.629749307130067,0.394046634786505,0.91019520728503,0.726482771464328,2,3,0.61038961038961,0.333333333333333
"power a=4",4,1000,1000,7.75,8.58870658351955,2.2095208948849,0.632129076338342,0.397137384012511,0.912739377418753,0.728277041690602,2,3,0.612903225806452,0.333333333333333
"power a=4",4,1000,1000,7.8,8.59538863055468,2.21029248112819,0.634479270105476,0.399759462903658,0.915149619279667,0.730046543101224,2,3,0.615384615384615,0.333333333333333
"power a=4",4,1000,1000,7.85,8.60258339757119,2.21104693171088,0.636800417655262,0.401852084266867,0.917493438687076,0.7317917669951,2,3,0.617834394904459,0.333333333333333
"power a=4",4,1000,1000,7.9,8.61060110308694,2.21178475118528,0.639093036103842,0.403967608015749,0.919772600722459,0.733513191823858,2,3,0.620253164556962,0.333333333333333
"power a=4",4,1000,1000,7.95,8.61843625231328,2.21250642557417,0.641357630791259,0.406136113153652,0.921988829380344,0.735211283608803,2,3,0.622641509433962,0.333333333333333
"power a=4",4,1000,1000,8,8.62609381770241,2.21321242318618,0.643594695602728,0.408635529796084,0.92414380809376,0.736886496341742,2,3,0.625,0.333333333333333
"power a=4",4,10000,1000,0,1,0,1e-04,1e-04,1e-04,1e-04,2,3,0,0
"power a=4",4,10000,1000,0.05,1.00932990628301,0.00935868332796138,0.000100026255750551,0.000100025564249141,0.000100026971654937,0.000117028959282323,2,3,0,0
"power a=4",4,10000,1000,0.1,1.01930463110401,0.0192803698957174,0.00010011077176924,0.000100107740044378,0.000100113831089933,0.000136985401254685,2,3,0,0
"power a=4",4,10000,1000,0.15,1.02995101626532,0.0298056891292826,0.00010026323921193,0.00010025583038464,0.000100270738696555,0.00016037677294706,2,3,0,0
"power a=4",4,10000,1000,0.2,1.04138426026404,0.0409786503040727,0.000100495001915034,0.00010047987875416,0.000100509657709228,0.000187799041434251,2,3,0,0
"power a=4",4,10000,1000,0.25,1.05368812215681,0.0528469017985631,0.000100819401348056,0.000100792723221776,0.00010084433046545,0.000219952183829761,2,3,0,0
"power a=4",4,10000,1000,0.3,1.06680007266498,0.0654619790261518,0.00010125221066028,0.000101209157713649,0.000101292729511491,0.000257658380206885,2,3,0,0
"power a=4",4,10000,1000,0.35,1.08089378500099,0.0788795230829631,0.000101812185503975,0.000101744928499549,0.000101873617476818,0.000301883373783996,2,3,0,0
"power a=4",4,10000,1000,0.4,1.09593232913446,0.0931594460077171,0.000102521769389891,0.00010242129127561,0.000102609506882255,0.000353761538662811,2,3,0,0
"power a=4",4,10000,1000,0.45,1.11224886269328,0.108366012951389,0.000103408005596385,0.000103263622313396,0.000103532351015256,0.000414625281884031,2,3,0,0
"power a=4",4,10000,1000,0.5,1.12975227329574,0.124567808300477,0.000104503728053265,0.000104291706877707,0.000104677481613201,0.000486039504000527,2,3,0,0
"power a=4",4,10000,1000,0.55,1.14861804535261,0.141837553942399,0.000105849133065314,0.000105550032405147,0.000106087866403133,0.000569841950548222,2,3,0,0
"power a=4",4,10000,1000,0.6,1.16891412058349,0.160251754693644,0.000107493876603237,0.000107064132973974,0.000107808521766995,0.000668190404348198,2,3,0,0
"power a=4",4,10000,1000,0.65,1.19073090667737,0.179890157653251,0.000109499904752311,0.000108889605940863,0.00010992296827709,0.000783617792179106,2,3,0,0
"power a=4",4,10000,1000,0.7,1.21437684099431,0.200835025478834,0.00011194531764505,0.000111081397824594,0.000112516862180028,0.000919096402501478,2,3,0,0
"power a=4",4,10000,1000,0.75,1.23997187528123,0.223170233520467,0.000114929704520199,0.000113681352081861,0.000115659587736386,0.00107811252197597,2,3,0,0
"power a=4",4,10000,1000,0.8,1.26776176850235,0.246980204162934,0.000118581591055111,0.000116780674717813,0.000119555418820352,0.00126475287789907,2,3,0,0
"power a=4",4,10000,1000,0.85,1.29766229851084,0.272348689391516,0.00012306894084118,0.00012046265809725,0.000124274885615753,0.00148380428960748,2,3,0,0
"power a=4",4,10000,1000,0.9,1.33029716715543,0.299357408790525,0.000128614093720043,0.000124895853621344,0.000130093761540262,0.00174086783454115,2,3,0,0
"power a=4",4,10000,1000,0.95,1.36543778172865,0.328084549447599,0.000135515160353277,0.000130110242225859,0.000137182915740965,0.00204248854841367,2,3,0,0
"power a=4",4,10000,1000,1,1.4035393448768,0.358603138362541,0.000144176789109242,0.000136381662081447,0.000146064583777963,0.00239630109357249,2,3,0,0
"power a=4",4,10000,1000,1.05,1.44521850088857,0.390979305745452,0.000155154434388793,0.000143876043545774,0.000156875844232718,0.0028111907925328,2,3,0,0
"power a=4",4,10000,1000,1.1,1.49031548851714,0.425270466832381,0.000169217791357906,0.000152685477364497,0.000170364288953551,0.00329746773939411,2,3,0,0
"power a=4",4,10000,1000,1.15,1.53905566690303,0.461523459190836,0.000187440791101382,0.000163104472950815,0.00018697543170213,0.0038670491513256,2,3,0,0
"power a=4",4,10000,1000,1.2,1.59190806834077,0.4997726816836,0.000211327056464934,0.000175746161977536,0.000208310589703421,0.0045336415232268,2,3,0,0
"power a=4",4,10000,1000,1.25,1.64872371735266,0.5400382902895,0.000242980089713528,0.000190507683603747,0.00023526687513805,0.00531290948665671,2,3,0,0
"power a=4",4,10000,1000,1.3,1.7105064742531,0.582324514237594,0.000285325104497704,0.000208052890674501,0.000268500597347946,0.00622261292877439,2,3,0,0
"power a=4",4,10000,1000,1.35,1.77838569272643,0.626618162091874,0.000342382150598394,0.000228874221483281,0.000310112322082225,0.0072826889712681,2,3,0,0
"power a=4",4,10000,1000,1.4,1.85073722600097,0.672887389939014,0.000419576126439618,0.000254328279986901,0.000361878390984573,0.00851525283908481,2,3,0,0
"power a=4",4,10000,1000,1.45,1.93107386615293,0.72108080123543,0.000524048988509327,0.000284607286801139,0.000428360335179306,0.0099444942031067,2,3,0,0
"power a=4",4,10000,1000,1.5,2.01730182938913,0.771126939046196,0.000664919038086967,0.000320629664873934,0.000512072642234415,0.0115964556751939,2,3,0,0
"power a=4",4,10000,1000,1.55,2.11104756818903,0.822934215749938,0.000853424712152774,0.0003638738059351,0.000617345488868822,0.0134986977282314,2,3,0,0
"power a=4",4,10000,1000,1.6,2.21168907122842,0.876391303244881,0.0011029110720267,0.000416084134209259,0.000763645900893673,0.0156798746591853,2,3,0,0
"power a=4",4,10000,1000,1.65,2.32418235637337,0.931367980653402,0.00142866981230545,0.000478369630307026,0.000944103097859166,0.0181692599513919,2,3,0,0
"power a=4",4,10000,1000,1.7,2.44245549762581,0.987716411109884,0.00184770619520942,0.000551185406658917,0.0011638119527694,0.0209962573513227,2,3,0,0
"power a=4",4,10000,1000,1.75,2.56818633296511,1.0452727999531,0.00237853691150401,0.000641076546196581,0.00144499780429512,0.0241899150223096,2,3,0,0
"power a=4",4,10000,1000,1.8,2.70396928321599,1.10385937706345,0.00304109275768892,0.000746639238509346,0.00179410674047827,0.027778434951753,2,3,0,0
"power a=4",4,10000,1000,1.85,2.85464722596824,1.16328664538736,0.00385672652083155,0.000870839102268682,0.00224176776691457,0.0317886543091664,2,3,0,0
"power a=4",4,10000,1000,1.9,3.01416195623647,1.22335584133459,0.00484826273092841,0.001014268086072,0.00279860785032465,0.0362454782144876,2,3,0,0
"power a=4",4,10000,1000,1.95,3.18429311674828,1.28386155576933,0.00604001099166666,0.00118625447564401,0.00349921107022471,0.04117125941999,2,3,0,0
"power a=4",4,10000,1000,2,3.36040587014909,1.34459446447706,0.00745768968136476,0.00139132696431838,0.00437558443811701,0.0465851379231974,2,3,0,0
"power a=4",4,10000,1000,2.05,3.55575070106863,1.40534411500481,0.0091282342624496,0.0016346698243881,0.00541525622513214,0.0525023649952252,2,3,0,0.0166666666666668
"power a=4",4,10000,1000,2.1,3.76232385001149,1.46590171443837,0.0110794702272393,0.00191533592072786,0.0067109017086154,0.0589336423357413,2,3,0,0.0333333333333334
"power a=4",4,10000,1000,2.15,3.97829988857356,1.52606286105167,0.0133396227203642,0.00224658774412988,0.00839468419414262,0.0658845124517498,2,3,0,0.05
"power a=4",4,10000,1000,2.2,4.21014662447548,1.5856301619141,0.0159366369180449,0.00264280015351836,0.0104548950601929,0.07335484256092,2,3,0,0.0666666666666667
"power a=4",4,10000,1000,2.25,4.45459466768824,1.64441567841621,0.0188973095820905,0.00308160652239713,0.0128516063761983,0.0813384484667655,2,3,0,0.0833333333333333
"power a=4",4,10000,1000,2.3,4.70389791141184,1.70224314283283,0.0222462764761968,0.00358397111888081,0.0154338722541051,0.0898229023935415,2,3,0,0.1
"power a=4",4,10000,1000,2.35,4.97738409363692,1.75894989260735,0.0260049427810765,0.00417474695947597,0.0188293228014936,0.0987895573416885,2,3,0,0.116666666666667
"power a=4",4,10000,1000,2.4,5.26132415861737,1.81438847606551,0.0301904659595553,0.00485639705206504,0.0226157864878527,0.108213801666843,2,3,0,0.133333333333333
"power a=4",4,10000,1000,2.45,5.53705103477748,1.86842789407582,0.0348148959833109,0.00561995690655349,0.0270281143053255,0.118065535701716,2,3,0,0.15
"power a=4",4,10000,1000,2.5,5.83551088650086,1.92095445613798,0.0398845518964241,0.00645986648179927,0.0321814700499182,0.128309842243286,2,3,0,0.166666666666667
"power a=4",4,10000,1000,2.55,6.16589197610193,1.97187224513042,0.0453996779161441,0.007414067344791,0.0382726339702489,0.13890780808424,2,3,0,0.183333333333333
"power a=4",4,10000,1000,2.6,6.49127384410443,2.02110320083515,0.0513543874342627,0.00850922178280275,0.0442636472861559,0.149817445803056,2,3,0,0.2
"power a=4",4,10000,1000,2.65,6.82219453196798,2.06858684687578,0.0577368756525087,0.00970056482857739,0.0514397527321011,0.160994663319166,2,3,0,0.216666666666667
"power a=4",4,10000,1000,2.7,7.18307469639779,2.11427969774258,0.0645298628637901,0.0110160383913654,0.05909434088467,0.172394231926147,2,3,0,0.233333333333333
"power a=4",4,10000,1000,2.75,7.53811141484818,2.15815439149512,0.0717112196012564,0.0125864278440893,0.067691171968195,0.183970710081914,2,3,0,0.25
"power a=4",4,10000,1000,2.8,7.88712989554271,2.20019859930729,0.0792547202891586,0.0142417668764575,0.0767299025330796,0.195679288766926,2,3,0,0.266666666666667
"power a=4",4,10000,1000,2.85,8.26033921855124,2.2404137653598,0.0871308721715244,0.0161178548141261,0.0870170815047211,0.207476533588377,2,3,0,0.283333333333333
"power a=4",4,10000,1000,2.9,8.61353367177306,2.2788137300356,0.0953077700968057,0.0181318992345828,0.0967033868293487,0.219321008120958,2,3,0,0.3
"power a=4",4,10000,1000,2.95,8.951415669726,2.3154232864253,0.1037519342935,0.0201571379494375,0.108294221476076,0.23117377155282,2,3,0,0.316666666666667
"power a=4",4,10000,1000,3,9.31526894627812,2.35027671537522,0.112429096639187,0.0224542308946005,0.120161178488591,0.242998751068033,2,3,0,0.333333333333333
"power a=4",4,10000,1000,3.05,9.64530616088136,2.3834163382998,0.121304910102544,0.0249000894932358,0.133404023286862,0.25476299526273,2,3,0.016393442622951,0.333333333333333
"power a=4",4,10000,1000,3.1,9.94211888410038,2.41489112028978,0.130345565082701,0.0274781678284697,0.147153276980348,0.2664368191693,2,3,0.0322580645161291,0.333333333333333
"power a=4",4,10000,1000,3.15,10.252195448011,2.44475534916752,0.139518304535509,0.0302295968423204,0.161260665453454,0.277993854217521,2,3,0.0476190476190477,0.333333333333333
"power a=4",4,10000,1000,3.2,10.6624518109708,2.47306740946717,0.148791836586622,0.0332533656070062,0.176573093391497,0.289411017872974,2,3,0.0625,0.333333333333333
"power a=4",4,10000,1000,3.25,11.0120976194418,2.4998886641464,0.158136648584097,0.0363607574949644,0.19191081880055,0.300668418003809,2,3,0.0769230769230769,0.333333333333333
"power a=4",4,10000,1000,3.3,11.3140774439001,2.52528245136588,0.167525230254262,0.0396932694513087,0.209452006257889,0.311749206500303,2,3,0.0909090909090909,0.333333333333333
"power a=4",4,10000,1000,3.35,11.6137589822117,2.54931319901179,0.176932215953627,0.0432318282431859,0.22479214022841,0.322639395558842,2,3,0.104477611940298,0.333333333333333
"power a=4",4,10000,1000,3.4,11.8944636106457,2.57204565582212,0.186334457189984,0.0468300356431218,0.23971464027999,0.333327648564226,2,3,0.11764705882353,0.333333333333333
"power a=4",4,10000,1000,3.45,12.1505456764907,2.59354423499103,0.195711036872365,0.0502866533711544,0.255538107316128,0.343805055842388,2,3,0.130434782608696,0.333333333333333
"power a=4",4,10000,1000,3.5,12.3952093445878,2.61387246390666,0.205043236384876,0.0541552102480722,0.270293227727797,0.354064903849611,2,3,0.142857142857143,0.333333333333333
"power a=4",4,10000,1000,3.55,12.6585134824694,2.63309253214365,0.214314465775949,0.0581930328885934,0.284143841321119,0.364102444715078,2,3,0.154929577464789,0.333333333333333
"power a=4",4,10000,1000,3.6,12.9384487736405,2.65126492888451,0.223510166287335,0.0622441151622238,0.298542272925076,0.373914671528576,2,3,0.166666666666667,0.333333333333333
"power a=4",4,10000,1000,3.65,13.1967385415423,2.66844816048271,0.232617693252877,0.0666179681843586,0.312811406175283,0.383500103404606,2,3,0.178082191780822,0.333333333333333
"power a=4",4,10000,1000,3.7,13.4578813009956,2.68469853880671,0.241626186176827,0.0710842514822541,0.325002083022592,0.392858583176806,2,3,0.189189189189189,0.333333333333333
"power a=4",4,10000,1000,3.75,13.7529252101323,2.70007003122917,0.250526431625617,0.0753942534600318,0.336984826439533,0.401991089585675,2,3,0.2,0.333333333333333
"power a=4",4,10000,1000,3.8,13.9780654818531,2.71461416356669,0.259310723480513,0.0801347434417908,0.353839209712634,0.410899565010507,2,3,0.210526315789474,0.333333333333333
"power a=4",4,10000,1000,3.85,14.2040710048293,2.72837996786687,0.267972724126601,0.0844115192367675,0.369266830917499,0.419586759148682,2,3,0.220779220779221,0.333333333333333
"power a=4",4,10000,1000,3.9,14.4107223157752,2.74141396762279,0.276507329306735,0.0889998610909727,0.381799355828382,0.428056088543774,2,3,0.230769230769231,0.333333333333333
"power a=4",4,10000,1000,3.95,14.5971993499366,2.75376019372509,0.284910538647481,0.0936231116244167,0.399423494315772,0.436311511488469,2,3,0.240506329113924,0.333333333333333
"power a=4",4,10000,1000,4,14.7961843499069,2.76546022520376,0.293179333261545,0.0984661638828602,0.408912542890163,0.444357417559369,2,3,0.25,0.333333333333333
"power a=4",4,10000,1000,4.05,14.9472855617651,2.77655324953874,0.301311561337284,0.103069441817928,0.422677304626166,0.452198530859558,2,3,0.259259259259259,0.333333333333333
"power a=4",4,10000,1000,4.1,15.1159975848423,2.7870761380113,0.309305832228696,0.107714291604268,0.43715493957549,0.459839825934582,2,3,0.268292682926829,0.333333333333333
"power a=4",4,10000,1000,4.15,15.310531363223,2.79706353221547,0.317161419245934,0.112398305879045,0.450338737535853,0.46728645527296,2,3,0.27710843373494,0.333333333333333
"power a=4",4,10000,1000,4.2,15.4536852865269,2.80654793844117,0.324878171104844,0.116978040153569,0.463014111031309,0.474543687290871,2,3,0.285714285714286,0.333333333333333
"power a=4",4,10000,1000,4.25,15.5814537209562,2.81555982717585,0.33245643181265,0.122105389713288,0.476608153353022,0.481616853721127,2,3,0.294117647058823,0.333333333333333
"power a=4",4,10000,1000,4.3,15.742909688041,2.82412773544826,0.339896968635464,0.128136233149534,0.490514194982659,0.488511305370082,2,3,0.302325581395349,0.333333333333333
"power a=4",4,10000,1000,4.35,15.8897837557695,2.83227837015664,0.347200907702692,0.133254604901095,0.506955758845937,0.495232375265353,2,3,0.310344827586207,0.333333333333333
"power a=4",4,10000,1000,4.4,16.0559761443767,2.84003671088914,0.354369676745607,0.137896969974679,0.51985032464929,0.501785348286302,2,3,0.318181818181818,0.333333333333333
"power a=4",4,10000,1000,4.45,16.2228290151524,2.8474261110582,0.361404954435623,0.143652896108885,0.531577084449544,0.508175436443673,2,3,0.325842696629214,0.333333333333333
"power a=4",4,10000,1000,4.5,16.371389781367,2.85446839643864,0.368308625776374,0.148621448125525,0.543006247337098,0.514407759050977,2,3,0.333333333333333,0.333333333333333
"power a=4",4,10000,1000,4.55,16.4867970549071,2.86118396042574,0.375082743007678,0.153324003044974,0.553912843247887,0.520487327105725,2,3,0.340659340659341,0.333333333333333
"power a=4",4,10000,1000,4.6,16.59161729017,2.86759185551867,0.381729491494913,0.158183068570577,0.562729432284956,0.526419031271498,2,3,0.347826086956522,0.333333333333333
"power a=4",4,10000,1000,4.65,16.7158948433278,2.87370988069144,0.388251160100905,0.162964479087092,0.573235359493188,0.53220763292083,2,3,0.354838709677419,0.333333333333333
"power a=4",4,10000,1000,4.7,16.8013537655958,2.87955466444183,0.394650115566553,0.167972342400205,0.587789762277022,0.537857757763226,2,3,0.361702127659575,0.333333333333333
"power a=4",4,10000,1000,4.75,16.9021461030661,2.88514174341237,0.400928780458859,0.173254365964331,0.595949520335458,0.543373891641805,2,3,0.368421052631579,0.333333333333333
"power a=4",4,10000,1000,4.8,17.0226388296881,2.89048563656072,0.407089614279312,0.178644624550411,0.602912696579897,0.548760378135955,2,3,0.375,0.333333333333333
"power a=4",4,10000,1000,4.85,17.1341106933865,2.89559991492164,0.413135097360214,0.183054673487046,0.613459657252439,0.554021417655978,2,3,0.381443298969072,0.333333333333333
"power a=4",4,10000,1000,4.9,17.2224738345067,2.9004972670531,0.419067717210772,0.187895197464614,0.62214660025309,0.559161067759172,2,3,0.387755102040816,0.333333333333333
"power a=4",4,10000,1000,4.95,17.3015924413453,2.90518956029687,0.424889957007786,0.192120147030138,0.630678417347437,0.564183244455405,2,3,0.393939393939394,0.333333333333333
"power a=4",4,10000,1000,5,17.4006900071875,2.9096878980115,0.430604285957146,0.196013351468461,0.636477077831357,0.569091724304319,2,3,0.4,0.333333333333333
"power a=4",4,10000,1000,5.05,17.4984053972757,2.9140026729546,0.436213151281724,0.200157389687235,0.644049214654397,0.573890147136206,2,3,0.405940594059406,0.333333333333333
"power a=4",4,10000,1000,5.1,17.5974385925165,2.91814361700384,0.441718971618508,0.204345646833129,0.653524623269921,0.578582019254666,2,3,0.411764705882353,0.333333333333333
"power a=4",4,10000,1000,5.15,17.6849010411318,2.92211984741237,0.447124131632844,0.207518233958662,0.662408504851972,0.583170717001869,2,3,0.41747572815534,0.333333333333333
"power a=4",4,10000,1000,5.2,17.7555168947626,2.92593990979744,0.452430977680429,0.211842245539305,0.670231174785214,0.587659490586797,2,3,0.423076923076923,0.333333333333333
"power a=4",4,10000,1000,5.25,17.8301279109827,2.9296118180595,0.457641814368326,0.217443359290999,0.67763199613248,0.592051468093716,2,3,0.428571428571429,0.333333333333333
"power a=4",4,10000,1000,5.3,17.8992936360654,2.93314309142581,0.462758901884794,0.221930161375116,0.685958171223386,0.596349659602623,2,3,0.433962264150944,0.333333333333333
"power a=4",4,10000,1000,5.35,17.9661527732788,2.93654078880674,0.467784453984331,0.22669718508713,0.693002823086962,0.600556961365686,2,3,0.439252336448598,0.333333333333333
"power a=4",4,10000,1000,5.4,18.0258983117037,2.93981154064642,0.472720636529027,0.231541084206506,0.701090412630153,0.604676159994264,2,3,0.444444444444445,0.333333333333333
"power a=4",4,10000,1000,5.45,18.0806591692568,2.94296157844098,0.477569566500469,0.236039778613031,0.706162481841398,0.608709936619933,2,3,0.44954128440367,0.333333333333333
"power a=4",4,10000,1000,5.5,18.136071743792,2.94599676208943,0.482333311407909,0.240229280452363,0.712733897578701,0.612660871000449,2,3,0.454545454545455,0.333333333333333
"power a=4",4,10000,1000,5.55,18.1940132374848,2.94892260523296,0.487013889028614,0.244388536716151,0.720138926360881,0.616531445547903,2,3,0.45945945945946,0.333333333333333
"power a=4",4,10000,1000,5.6,18.2535934606667,2.95174429872965,0.491613267425172,0.248055413784918,0.727214565656148,0.620324049261544,2,3,0.464285714285714,0.333333333333333
"power a=4",4,10000,1000,5.65,18.3134878063788,2.95446673240224,0.496133365192342,0.251248529288222,0.731315264214135,0.624040981552162,2,3,0.469026548672566,0.333333333333333
"power a=4",4,10000,1000,5.7,18.3765223770453,2.95709451518795,0.500576051892798,0.254804285577789,0.737975666744668,0.62768445594855,2,3,0.473684210526316,0.333333333333333
"power a=4",4,10000,1000,5.75,18.4286873056837,2.95963199381049,0.504943148647009,0.258973445720404,0.745413390879262,0.631256603679523,2,3,0.478260869565217,0.333333333333333
"power a=4",4,10000,1000,5.8,18.4713357185394,2.96208327008616,0.509236428847633,0.261882492781839,0.753513470658209,0.634759477127458,2,3,0.482758620689655,0.333333333333333
"power a=4",4,10000,1000,5.85,18.5122958800227,2.96445221696804,0.513457618973201,0.265358704599823,0.759707260778308,0.638195053151271,2,3,0.487179487179487,0.333333333333333
"power a=4",4,10000,1000,5.9,18.5626089254641,2.96674249342464,0.517608399479722,0.268956152382858,0.767631385469768,0.641565236278374,2,3,0.491525423728814,0.333333333333333
"power a=4",4,10000,1000,5.95,18.6094270363004,2.96895755824212,0.521690405752088,0.273185157249696,0.775019502945915,0.644871861766405,2,3,0.495798319327731,0.333333333333333
"power a=4",4,10000,1000,6,18.6513761613287,2.97110068283285,0.525705229100048,0.277342845657019,0.779950540100134,0.648116698536554,2,3,0.5,0.333333333333333
"power a=4",4,10000,1000,6.05,18.6872484953877,2.97317496312636,0.529654417785896,0.281195883223595,0.783577882259806,0.651301451981074,2,3,0.504132231404959,0.333333333333333
"power a=4",4,10000,1000,6.1,18.7244787216533,2.97518333061316,0.533539478073138,0.284353464482836,0.788781035365897,0.654427766648163,2,3,0.508196721311476,0.333333333333333
"power a=4",4,10000,1000,6.15,18.7605962000138,2.97712856260635,0.537361875287167,0.287114987872681,0.794513867853217,0.657497228807835,2,3,0.51219512195122,0.333333333333333
"power a=4",4,10000,1000,6.2,18.7956499265041,2.97901329178078,0.541123034880513,0.289342255537598,0.799805747578828,0.660511368902723,2,3,0.516129032258065,0.333333333333333
"power a=4",4,10000,1000,6.25,18.8296862840903,2.98084001504504,0.544824343496492,0.292055384813353,0.8053490730335,0.663471663887947,2,3,0.52,0.333333333333333
"power a=4",4,10000,1000,6.3,18.8627491923363,2.98261110179691,0.548467150026237,0.296059728486579,0.81090940457561,0.66637953946433,2,3,0.523809523809524,0.333333333333333
"power a=4",4,10000,1000,6.35,18.8924423425336,2.98432880160914,0.552052766654973,0.299964596427676,0.815237353629188,0.669236372209263,2,3,0.52755905511811,0.333333333333333
"power a=4",4,10000,1000,6.4,18.9201682500136,2.98599525138855,0.555582469894225,0.304474823684354,0.820258683271095,0.672043491609572,2,3,0.53125,0.333333333333333
"power a=4",4,10000,1000,6.45,18.9525109955824,2.98761248204811,0.559057501597303,0.308554667711073,0.825154622434076,0.674802182000647,2,3,0.534883720930233,0.333333333333333
"power a=4",4,10000,1000,6.5,18.9840783789255,2.98918242472843,0.562479069955971,0.310466148753541,0.829920179321423,0.677513684416066,2,3,0.538461538461538,0.333333333333333
"power a=4",4,10000,1000,6.55,19.0148438479135,2.99070691660232,0.565848350476696,0.314125256225185,0.834939596380917,0.680179198351818,2,3,0.541984732824428,0.333333333333333
"power a=4",4,10000,1000,6.6,19.0428672066205,2.99218770629323,0.56916648693524,0.318600219142787,0.840304205790246,0.682799883449126,2,3,0.545454545454545,0.333333333333333
"power a=4",4,10000,1000,6.65,19.0701664557442,2.99362645893608,0.572434592308734,0.323069078284617,0.845501695152186,0.685376861099737,2,3,0.548872180451128,0.333333333333333
"power a=4",4,10000,1000,6.7,19.0986755205374,2.99502476090671,0.575653749684605,0.327621334832513,0.850536497782431,0.687911215977405,2,3,0.552238805970149,0.333333333333333
"power a=4",4,10000,1000,6.75,19.1273552112599,2.99638412424402,0.578825013145994,0.331137810298041,0.85533360317681,0.690403997499143,2,3,0.555555555555556,0.333333333333333
"power a=4",4,10000,1000,6.8,19.1552119837475,2.99770599078715,0.581949408633474,0.334002935926615,0.859758328656291,0.692856221219687,2,3,0.558823529411765,0.333333333333333
"power a=4",4,10000,1000,6.85,19.1822755341211,2.99899173604807,0.58502793478303,0.336562371032384,0.863942949670768,0.695268870162436,2,3,0.562043795620438,0.333333333333333
"power a=4",4,10000,1000,6.9,19.2085742877793,3.00024267283857,0.588061563740418,0.339242859931194,0.867851048616952,0.697642896090015,2,3,0.565217391304348,0.333333333333333
"power a=4",4,10000,1000,6.95,19.234135460919,3.00146005466907,0.591051241952089,0.342142509566977,0.871409688153502,0.699979220717441,2,3,0.568345323741007,0.333333333333333
"power a=4",4,10000,1000,7,19.2574386475544,3.00264507893532,0.593997890932977,0.346412044738183,0.87461195604101,0.70227873687073,2,3,0.571428571428571,0.333333333333333
"power a=4",4,10000,1000,7.05,19.2788959115208,3.00379888990778,0.59690240801149,0.350415311492508,0.877604165594607,0.704542309593646,2,3,0.574468085106383,0.333333333333333
"power a=4",4,10000,1000,7.1,19.2998126732483,3.00492258153751,0.599765667052139,0.353684172311092,0.8800882451247,0.706770777205176,2,3,0.577464788732394,0.333333333333333
"power a=4",4,10000,1000,7.15,19.3202084350614,3.00601720009111,0.602588519156221,0.356690402292703,0.882254964560511,0.708964952310136,2,3,0.58041958041958,0.333333333333333
"power a=4",4,10000,1000,7.2,19.3401017613875,3.00708374662648,0.605371793341059,0.360257843478038,0.884213344240467,0.711125622765256,2,3,0.583333333333333,0.333333333333333
"power a=4",4,10000,1000,7.25,19.3589121427788,3.00812317932025,0.608116297198295,0.363470970643043,0.886328355562751,0.713253552602905,2,3,0.586206896551724,0.333333333333333
"power a=4",4,10000,1000,7.3,19.3749260555321,3.00913641565681,0.610822817531748,0.3656723133774,0.889085463138596,0.715349482914563,2,3,0.589041095890411,0.333333333333333
"power a=4",4,10000,1000,7.35,19.3904691571456,3.01012433448826,0.613492120975376,0.368251080437408,0.891553194020531,0.717414132695983,2,3,0.591836734693878,0.333333333333333
"power a=4",4,10000,1000,7.4,19.4055599486149,3.01108777797387,0.616124954591872,0.370265618088713,0.894338724970014,0.719448199655937,2,3,0.594594594594595,0.333333333333333
"power a=4",4,10000,1000,7.45,19.4202160267533,3.01202755340697,0.618722046452427,0.373371891732861,0.897375449578147,0.721452360990291,2,3,0.597315436241611,0.333333333333333
"power a=4",4,10000,1000,7.5,19.4346758983851,3.01294443493672,0.621284106198206,0.377015100135135,0.900325598084116,0.723427274123105,2,3,0.6,0.333333333333333
"power a=4",4,10000,1000,7.55,19.4503819231118,3.01383916519142,0.62381182558405,0.380229443650309,0.903097190287342,0.725373577416331,2,3,0.602649006622517,0.333333333333333
"power a=4",4,10000,1000,7.6,19.4656953425657,3.01471245680999,0.626305879004958,0.382122694052188,0.905741197503386,0.727291890849623,2,3,0.605263157894737,0.333333333333333
"power a=4",4,10000,1000,7.65,19.480629950256,3.01556499388719,0.628766924005832,0.384476273607371,0.908312510049602,0.729182816671682,2,3,0.607843137254902,0.333333333333333
"power a=4",4,10000,1000,7.7,19.4951989070747,3.01639743333834,0.631195601775029,0.386782420379303,0.910728633934524,0.731046940024483,2,3,0.61038961038961,0.333333333333333
"power a=4",4,10000,1000,7.75,19.5094147751239,3.01721040618839,0.633592537622191,0.389270281504263,0.913248891578004,0.732884829541675,2,3,0.612903225806452,0.333333333333333
"power a=4",4,10000,1000,7.8,19.5232895495899,3.01800451879028,0.635958341440869,0.391971359214794,0.915251103222045,0.734697037922355,2,3,0.615384615384615,0.333333333333333
"power a=4",4,10000,1000,7.85,19.5397103915976,3.01878035397681,0.638293608156389,0.395322634588272,0.917186743227209,0.736484102481373,2,3,0.617834394904459,0.333333333333333
"power a=4",4,10000,1000,7.9,19.557973215586,3.01953847215025,0.64059891815946,0.39759949916496,0.919054359670701,0.738246545677267,2,3,0.620253164556962,0.333333333333333
"power a=4",4,10000,1000,7.95,19.5758739765129,3.02027941231345,0.642874837725951,0.400387497977339,0.920878056994294,0.739984875618844,2,3,0.622641509433962,0.333333333333333
"power a=4",4,10000,1000,8,19.5934223331573,3.021003693046,0.645121919423294,0.404410651727118,0.922658940332155,0.741699586551412,2,3,0.625,0.333333333333333
"power a=4",4,1e+05,500,0,1,0,1e-05,1e-05,1e-05,1e-05,2,3,0,0
"power a=4",4,1e+05,500,0.05,1.00934699197939,0.00933681606466411,1.00026228243913e-05,1.00026019391146e-05,1.00026454317888e-05,1.21478232095457e-05,2,3,0,0
"power a=4",4,1e+05,500,0.1,1.01934352450409,0.0192345802642014,1.0011064614722e-05,1.00109711720278e-05,1.00111665268496e-05,1.47605739188633e-05,2,3,0,0
"power a=4",4,1e+05,500,0.15,1.03004581456514,0.0297340905065598,1.00262914964626e-05,1.002605471917e-05,1.00265447432853e-05,1.79396861615827e-05,2,3,0,0
"power a=4",4,1e+05,500,0.2,1.04151212798527,0.0408797512709449,1.00494337570832e-05,1.00489677165871e-05,1.00499175531942e-05,2.18088973585559e-05,2,3,0,0
"power a=4",4,1e+05,500,0.25,1.0538315226942,0.0527199524198267,1.00818199697191e-05,1.00810116324107e-05,1.00826868841381e-05,2.65191894572147e-05,2,3,0,0
"power a=4",4,1e+05,500,0.3,1.0670747175079,0.0653074887043708,1.01250199260447e-05,1.0123746769194e-05,1.01264777441821e-05,3.22548321782759e-05,2,3,0,0
"power a=4",4,1e+05,500,0.35,1.08131310807703,0.0787000200725077,1.01808991430003e-05,1.01788841195393e-05,1.01832267234901e-05,3.92407754074178e-05,2,3,0,0
"power a=4",4,1e+05,500,0.4,1.09662815846472,0.092960569214252,1.02516887440198e-05,1.02486341842768e-05,1.02550897733928e-05,4.77516931743762e-05,2,3,0,0
"power a=4",4,1e+05,500,0.45,1.11314882880284,0.108158046674453,1.03400760081581e-05,1.03354733546252e-05,1.03449076779473e-05,5.81230493671909e-05,2,3,0,0
"power a=4",4,1e+05,500,0.5,1.13107263251795,0.124367784496528,1.04493230622308e-05,1.04423717008386e-05,1.0456306611037e-05,7.07646379616187e-05,2,3,0,0
"power a=4",4,1e+05,500,0.55,1.15034472359312,0.141672046174172,1.05834244265035e-05,1.05737239775912e-05,1.05934901400276e-05,8.61771512222229e-05,2,3,0,0
"power a=4",4,1e+05,500,0.6,1.17115185912263,0.160160464061918,1.07473189929665e-05,1.07328313257232e-05,1.07610299128778e-05,0.000104972451704419,2,3,0,0
"power a=4",4,1e+05,500,0.65,1.19371343439263,0.179930337627631,1.09471794467044e-05,1.09252562104702e-05,1.09660424058656e-05,0.000127898372153617,2,3,0,0
"power a=4",4,1e+05,500,0.7,1.21826295352618,0.201086712120222,1.11908136410713e-05,1.11584914990048e-05,1.12172770403565e-05,0.00015586904624424,2,3,0,0
"power a=4",4,1e+05,500,0.75,1.24500497961196,0.223742154991336,1.14882304623065e-05,1.14382195632468e-05,1.15235151128002e-05,0.000190001987512447,2,3,0,0
"power a=4",4,1e+05,500,0.8,1.2741335428896,0.248016163990957,1.18524512960715e-05,1.17766239074746e-05,1.19006317126525e-05,0.000231663388668893,2,3,0,0
"power a=4",4,1e+05,500,0.85,1.30594992560682,0.274034177357218,1.23006939610817e-05,1.21867919930079e-05,1.23657827362091e-05,0.000282523412618352,2,3,0,0
"power a=4",4,1e+05,500,0.9,1.34057536395106,0.301926202568703,1.28561298025882e-05,1.26795608037953e-05,1.29373894422628e-05,0.000344623591320873,2,3,0,0
"power a=4",4,1e+05,500,0.95,1.37837367499587,0.331825115522762,1.35505344220018e-05,1.32817031464941e-05,1.36440524793676e-05,0.00042045883518475,2,3,0,0
"power a=4",4,1e+05,500,1,1.4191698204402,0.363864688714205,1.44283473852033e-05,1.40047693946529e-05,1.45207036881396e-05,0.000513076970078886,2,3,0,0
"power a=4",4,1e+05,500,1.05,1.46449940469524,0.398177383801265,1.55529730417259e-05,1.4890251964285e-05,1.56308414699104e-05,0.000626199129580347,2,3,0,0
"power a=4",4,1e+05,500,1.1,1.51423502187859,0.434891909165359,1.70166670720628e-05,1.59695688275339e-05,1.70620720698245e-05,0.000764364674643909,2,3,0,0
"power a=4",4,1e+05,500,1.15,1.56905719860817,0.474130521017542,1.89561739667425e-05,1.72902647699637e-05,1.88727693469075e-05,0.000933104479613615,2,3,0,0
"power a=4",4,1e+05,500,1.2,1.62975270217108,0.516006051162176,2.15775716848777e-05,1.8920694060718e-05,2.12389179064944e-05,0.00113914622242776,2,3,0,0
"power a=4",4,1e+05,500,1.25,1.69510387197382,0.56061867424647,2.51957550280955e-05,2.09021484373803e-05,2.42138788029385e-05,0.00139065444243284,2,3,0,0
"power a=4",4,1e+05,500,1.3,1.76840839795212,0.608052471473775,3.02968820015647e-05,2.33570568808099e-05,2.82425728234379e-05,0.00169750611889487,2,3,0,0
"power a=4",4,1e+05,500,1.35,1.84835843717687,0.658371893714475,3.76360549606206e-05,2.63746555385743e-05,3.35298205127506e-05,0.00207159873200335,2,3,0,0
"power a=4",4,1e+05,500,1.4,1.93733918167462,0.711618264134415,4.83872664342835e-05,3.0154888018464e-05,4.04000714617282e-05,0.00252718140705324,2,3,0,0
"power a=4",4,1e+05,500,1.45,2.0359835881336,0.767806482256013,6.43670137320288e-05,3.48868086823656e-05,4.98724293723836e-05,0.00308119007855,2,3,0,0
"power a=4",4,1e+05,500,1.5,2.14148466094467,0.826922096194349,8.83539399661536e-05,4.07735136484255e-05,6.24138881418836e-05,0.00375355447798978,2,3,0,0
"power a=4",4,1e+05,500,1.55,2.26233631988065,0.88891890063951,0.000124518621488284,4.79359300644757e-05,7.9978111849711e-05,0.0045674295167789,2,3,0,0
"power a=4",4,1e+05,500,1.6,2.38937136022142,0.953717200065171,0.000178952037283583,5.70871124592123e-05,0.000102367072879829,0.00554929056203642,2,3,0,0
"power a=4",4,1e+05,500,1.65,2.53093862950392,1.02120285353852,0.00026023193792508,6.87407490197076e-05,0.000133128336846189,0.00672882931367638,2,3,0,0
"power a=4",4,1e+05,500,1.7,2.68591276828693,1.09122718962292,0.00037989921446443,8.35437057938799e-05,0.0001741808884073,0.008138605179169,2,3,0,0
"power a=4",4,1e+05,500,1.75,2.85646565857119,1.16360784348504,0.000552663779443373,0.000101891471167428,0.000228256801827814,0.00981345334860984,2,3,0,0
"power a=4",4,1e+05,500,1.8,3.04955773629552,1.23813051880759,0.000796181248799665,0.000125820123641395,0.000301383576784131,0.0117897178281687,2,3,0,0
"power a=4",4,1e+05,500,1.85,3.25837098985009,1.31455161501402,0.00113038756255745,0.00015458210017428,0.000399622451721051,0.0141044354962855,2,3,0,0
"power a=4",4,1e+05,500,1.9,3.49244364368385,1.39260159692495,0.00157661467604358,0.00019256861514765,0.000532219283542158,0.0167946028709039,2,3,0,0
"power a=4",4,1e+05,500,1.95,3.75151701627025,1.47198893974417,0.0021568858092937,0.000239375293312398,0.000710184678435657,0.0198965882404149,2,3,0,0
"power a=4",4,1e+05,500,2,4.03164633322111,1.55240447482806,0.00289373716406518,0.000299921138084183,0.00093562522406204,0.0234456381398374,2,3,0,0
"power a=4",4,1e+05,500,2.05,4.33617742115571,1.63352599119398,0.00381063125351346,0.00037343975180012,0.0012490296617621,0.0274753398642047,2,3,0,0.0166666666666668
"power a=4",4,1e+05,500,2.1,4.68093920846207,1.71502299434001,0.00493270859987071,0.000460558583913494,0.00164618247178654,0.0320168960834057,2,3,0,0.0333333333333334
"power a=4",4,1e+05,500,2.15,5.04418534513356,1.79656156159691,0.00628747153394961,0.000573029190310072,0.00216726518124278,0.0370981398439489,2,3,0,0.05
"power a=4",4,1e+05,500,2.2,5.43482800874617,1.87780924629377,0.00790504154333928,0.000705316447895298,0.0028508478436458,0.0427423208359005,2,3,0,0.0666666666666667
"power a=4",4,1e+05,500,2.25,5.86564848063922,1.95843997147475,0.00981778840215217,0.000882571563091385,0.00374877742071789,0.0489667806399967,2,3,0,0.0833333333333333
"power a=4",4,1e+05,500,2.3,6.3406855873346,2.03813882745936,0.0120593094880801,0.00110303542721185,0.00487196439117054,0.05578168300697,2,3,0,0.1
"power a=4",4,1e+05,500,2.35,6.83229585107757,2.116606658331,0.01466289948412,0.00135060716552879,0.00623713079319499,0.063188969974371,2,3,0,0.116666666666667
"power a=4",4,1e+05,500,2.4,7.37470154711402,2.19356430112823,0.017659760872439,0.00163523779439084,0.00796552483442648,0.071181680773241,2,3,0,0.133333333333333
"power a=4",4,1e+05,500,2.45,7.93778259225233,2.26875633530845,0.021077234703226,0.00196765149416658,0.0100732673925526,0.0797437119504604,2,3,0,0.15
"power a=4",4,1e+05,500,2.5,8.54228723297252,2.34195421143547,0.0249372802106148,0.00236816689581625,0.0126485669812144,0.0888500333214637,2,3,0,0.166666666666667
"power a=4",4,1e+05,500,2.55,9.1924534689108,2.4129586548458,0.0292553374905169,0.00287865441897693,0.0157766487290409,0.0984673218833539,2,3,0,0.183333333333333
"power a=4",4,1e+05,500,2.6,9.85943105385304,2.4816012771616,0.0340396151988227,0.00345307184085351,0.0196107460914014,0.108554942305154,2,3,0,0.2
"power a=4",4,1e+05,500,2.65,10.5011353906091,2.54774537012493,0.0392907832068641,0.00410086654248151,0.0240801416414304,0.119066186927557,2,3,0,0.216666666666667
"power a=4",4,1e+05,500,2.7,11.1707094843381,2.61128589737918,0.0450020224389534,0.00480764493054394,0.0297094464428821,0.129949684807576,2,3,0,0.233333333333333
"power a=4",4,1e+05,500,2.75,11.853305211575,2.67214873696856,0.0511593794077928,0.00570274280813758,0.0361119742109827,0.141150892712258,2,3,0,0.25
"power a=4",4,1e+05,500,2.8,12.5500555255316,2.73028925816449,0.0577423765451402,0.00667695606173131,0.0432327707523401,0.152613587798952,2,3,0,0.266666666666667
"power a=4",4,1e+05,500,2.85,13.2928205469928,2.78569033935453,0.064724831189384,0.00783234234229763,0.0511737253201067,0.164281290943638,2,3,0,0.283333333333333
"power a=4",4,1e+05,500,2.9,14.0620655650758,2.83835994841827,0.0720758329657476,0.00915233260916771,0.0608540708744014,0.176098561323499,2,3,0,0.3
"power a=4",4,1e+05,500,2.95,14.8457246899597,2.88832841315634,0.0797608235059822,0.0106216820408566,0.0705690254493521,0.188012116890275,2,3,0,0.316666666666667
"power a=4",4,1e+05,500,3,15.63159440677,2.93564550745819,0.0877427181385209,0.0122390657074317,0.0818370256148108,0.199971751087091,2,3,0,0.333333333333333
"power a=4",4,1e+05,500,3.05,16.4164516346437,2.98037747012005,0.0959830095513837,0.0140238187557711,0.0936678871617747,0.211931032240019,2,3,0.016393442622951,0.333333333333333
"power a=4",4,1e+05,500,3.1,17.1525871939891,3.02260405915057,0.104442799544612,0.0158448788855243,0.104029073611325,0.223847786958905,2,3,0.0322580645161291,0.333333333333333
"power a=4",4,1e+05,500,3.15,17.9333334200245,3.06241572686719,0.113083715931041,0.0178810013913972,0.115399931349678,0.235684381302725,2,3,0.0476190476190477,0.333333333333333
"power a=4",4,1e+05,500,3.2,18.6907958534292,3.09991098193003,0.121868685396915,0.0202353891685875,0.126510280793128,0.24740782260251,2,3,0.0625,0.333333333333333
"power a=4",4,1e+05,500,3.25,19.4259738395935,3.13519398531346,0.130762547469205,0.0223992013161474,0.13936242399445,0.258989710460095,2,3,0.0769230769230769,0.333333333333333
"power a=4",4,1e+05,500,3.3,20.0863549929969,3.16837240936452,0.139732507805128,0.0249042650057915,0.153950451035404,0.270406067803686,2,3,0.0909090909090909,0.333333333333333
"power a=4",4,1e+05,500,3.35,20.7699933946062,3.19955557342964,0.148748439606937,0.0275439729492083,0.168474406288503,0.28163708254794,2,3,0.104477611940298,0.333333333333333
"power a=4",4,1e+05,500,3.4,21.4327212766514,3.22885285654411,0.15778304951082,0.0302828887392467,0.181856086389332,0.292666788090355,2,3,0.11764705882353,0.333333333333333
"power a=4",4,1e+05,500,3.45,22.1170322771815,3.25637237753657,0.166811928783417,0.0333187914082294,0.196651801664693,0.303482707299542,2,3,0.130434782608696,0.333333333333333
"power a=4",4,1e+05,500,3.5,22.7646603147718,3.28221992551051,0.175813512441947,0.0366215664299848,0.211742863205275,0.314075480452764,2,3,0.142857142857143,0.333333333333333
"power a=4",4,1e+05,500,3.55,23.4423580722845,3.30649811875957,0.184768968564054,0.0402293870932303,0.226295289115315,0.3244384932651,2,3,0.154929577464789,0.333333333333333
"power a=4",4,1e+05,500,3.6,24.1411331087541,3.32930576738732,0.193662038209808,0.0437589251744142,0.241605228652831,0.334567517078643,2,3,0.166666666666667,0.333333333333333
"power a=4",4,1e+05,500,3.65,24.78322957898,3.35073741382863,0.202478843643402,0.0475840924744962,0.255789385420431,0.344460369668694,2,3,0.178082191780822,0.333333333333333
"power a=4",4,1e+05,500,3.7,25.378210725654,3.37088302570974,0.211207679419123,0.0512058694127182,0.274284052454528,0.354116602083201,2,3,0.189189189189189,0.333333333333333
"power a=4",4,1e+05,500,3.75,26.0097132814843,3.38982781667125,0.219838797761804,0.0547940873618851,0.294071508142446,0.363537214486071,2,3,0.2,0.333333333333333
"power a=4",4,1e+05,500,3.8,26.5647467725254,3.40765217259751,0.228364196776543,0.0587235776789226,0.313104064202732,0.372724402092623,2,3,0.210526315789474,0.333333333333333
"power a=4",4,1e+05,500,3.85,27.0962397842311,3.42443166288934,0.236777417507185,0.0629944375365521,0.329062528676178,0.381681330901997,2,3,0.220779220779221,0.333333333333333
"power a=4",4,1e+05,500,3.9,27.6046086051596,3.4402371187823,0.245073353784754,0.0662180344372335,0.33857540796227,0.390411941967733,2,3,0.230769230769231,0.333333333333333
"power a=4",4,1e+05,500,3.95,28.0383910171457,3.45513476309906,0.253248077163824,0.0700642959223592,0.346809524441078,0.39892078232301,2,3,0.240506329113924,0.333333333333333
"power a=4",4,1e+05,500,4,28.4839856152598,3.4691863781253,0.261298677999089,0.0749469105942396,0.353882875394717,0.407212860315317,2,3,0.25,0.333333333333333
"power a=4",4,1e+05,500,4.05,28.88093125749,3.48244950044406,0.269223122809982,0.0781460320176156,0.364115469310051,0.41529352294064,2,3,0.259259259259259,0.333333333333333
"power a=4",4,1e+05,500,4.1,29.2498703393274,3.49497763351155,0.277020127456376,0.0819108447327072,0.379285161226054,0.423168352744294,2,3,0.268292682926829,0.333333333333333
"power a=4",4,1e+05,500,4.15,29.6717528697488,3.50682047048898,0.284689045243447,0.0860682163553162,0.391743701271095,0.430843081930041,2,3,0.27710843373494,0.333333333333333
"power a=4",4,1e+05,500,4.2,30.0196283747172,3.51802412135561,0.292229768835612,0.0897582255610053,0.407053760499524,0.438323521456767,2,3,0.285714285714286,0.333333333333333
"power a=4",4,1e+05,500,4.25,30.3538987522864,3.52863133962492,0.299642644743344,0.094723038017114,0.422747993653454,0.44561550307676,2,3,0.294117647058823,0.333333333333333
"power a=4",4,1e+05,500,4.3,30.6752016412589,3.53868174508283,0.306928399116586,0.0986091989045096,0.431289618739059,0.452724832462603,2,3,0.302325581395349,0.333333333333333
"power a=4",4,1e+05,500,4.35,31.0379754969664,3.54821203988202,0.314088073606459,0.102676640680929,0.440869096177814,0.459657251767436,2,3,0.310344827586207,0.333333333333333
"power a=4",4,1e+05,500,4.4,31.3867929403007,3.55725621607957,0.321122970121787,0.107570674963392,0.45598254321033,0.466418410156803,2,3,0.318181818181818,0.333333333333333
"power a=4",4,1e+05,500,4.45,31.7046985970209,3.56584575331714,0.328034603393293,0.11184425803745,0.471837188017724,0.473013841033437,2,3,0.325842696629214,0.333333333333333
"power a=4",4,1e+05,500,4.5,31.94700714324,3.57400980583281,0.334824660355117,0.1161756526011,0.487140158224722,0.479448944845898,2,3,0.333333333333333,0.333333333333333
"power a=4",4,1e+05,500,4.55,32.1818561768687,3.58177537838058,0.341494965453078,0.120206693443953,0.502788458214717,0.485728976525908,2,3,0.340659340659341,0.333333333333333
"power a=4",4,1e+05,500,4.6,32.4601348164734,3.58916749093331,0.348047451086868,0.124392427993561,0.519146593999842,0.491859036737243,2,3,0.347826086956522,0.333333333333333
"power a=4",4,1e+05,500,4.65,32.7276234380266,3.59620933227325,0.354484132486028,0.12914213593748,0.534848308537471,0.49784406624116,2,3,0.354838709677419,0.333333333333333
"power a=4",4,1e+05,500,4.7,32.9820982614743,3.60292240274347,0.360807086405354,0.134067500916251,0.544812156521435,0.503688842790443,2,3,0.361702127659575,0.333333333333333
"power a=4",4,1e+05,500,4.75,33.2105757493947,3.60932664655524,0.367018433103486,0.138561277375536,0.555034537197979,0.509397980057338,2,3,0.368421052631579,0.333333333333333
"power a=4",4,1e+05,500,4.8,33.4171550044862,3.6154405741297,0.373120321138564,0.14290529791329,0.56145475677733,0.514975928181063,2,3,0.375,0.333333333333333
"power a=4",4,1e+05,500,4.85,33.5955555758198,3.62128137500548,0.379114914577232,0.145663597560976,0.572150828567733,0.52042697558964,2,3,0.381443298969072,0.333333333333333
"power a=4",4,1e+05,500,4.9,33.7671661849471,3.62686502187344,0.385004382268332,0.149151223525442,0.579868859484229,0.525755251809703,2,3,0.387755102040816,0.333333333333333
"power a=4",4,1e+05,500,4.95,33.9904475300856,3.63220636631118,0.390790888880856,0.154154370808021,0.587275788423381,0.530964731027974,2,3,0.393939393939394,0.333333333333333
"power a=4",4,1e+05,500,5,34.2106391732942,3.6373192267878,0.396476587447845,0.158626261642028,0.593802610616204,0.536059236210376,2,3,0.4,0.333333333333333
"power a=4",4,1e+05,500,5.05,34.4073890176909,3.64221646949712,0.402063613194459,0.163050702962889,0.600739120164553,0.541042443620358,2,3,0.405940594059406,0.333333333333333
"power a=4",4,1e+05,500,5.1,34.5709091462282,3.646910082558,0.407554078460097,0.168389362517433,0.606961547010435,0.54591788760782,2,3,0.411764705882353,0.333333333333333
"power a=4",4,1e+05,500,5.15,34.7004643978591,3.65141124409596,0.412950068551742,0.173646148463362,0.616024423392174,0.55068896556495,2,3,0.41747572815534,0.333333333333333
"power a=4",4,1e+05,500,5.2,34.8799159123347,3.65573038469277,0.418253638389242,0.179054464312107,0.624220275562241,0.555358942965973,2,3,0.423076923076923,0.333333333333333
"power a=4",4,1e+05,500,5.25,35.0771550424236,3.65987724466136,0.423466809823418,0.184819944868253,0.635558085061135,0.55993095842503,2,3,0.428571428571429,0.333333333333333
"power a=4",4,1e+05,500,5.3,35.3060221467349,3.66386092657315,0.42859156952525,0.190084399968252,0.646591046924922,0.564408028720505,2,3,0.433962264150944,0.333333333333333
"power a=4",4,1e+05,500,5.35,35.5272656069872,3.66768994343502,0.433629867359234,0.194345840820191,0.656481539153989,0.568793053745832,2,3,0.439252336448598,0.333333333333333
"power a=4",4,1e+05,500,5.4,35.7053383159829,3.67137226288363,0.43858361516673,0.198029241032478,0.6674300801751,0.573088821356323,2,3,0.444444444444445,0.333333333333333
"power a=4",4,1e+05,500,5.45,35.8703361547267,3.67491534773658,0.443454685895969,0.202967416200324,0.677220168176229,0.577298012089326,2,3,0.44954128440367,0.333333333333333
"power a=4",4,1e+05,500,5.5,35.9852257488256,3.67832619321265,0.44824491302471,0.207303538379798,0.686860519271763,0.581423203741369,2,3,0.454545454545455,0.333333333333333
"power a=4",4,1e+05,500,5.55,36.0955390080494,3.68161136110796,0.452956090229436,0.21149715842575,0.69545836522157,0.585466875790996,2,3,0.45945945945946,0.333333333333333
"power a=4",4,1e+05,500,5.6,36.2014957322458,3.68477701119075,0.457589971261785,0.215658041854383,0.701878273738328,0.589431413660108,2,3,0.464285714285714,0.333333333333333
"power a=4",4,1e+05,500,5.65,36.3033037287333,3.68782893005542,0.462148269998656,0.21985720184314,0.708147948309928,0.593319112809877,2,3,0.469026548672566,0.333333333333333
"power a=4",4,1e+05,500,5.7,36.4011595144244,3.69077255765516,0.466632660637405,0.224592899462831,0.714270936967503,0.597132182669846,2,3,0.473684210526316,0.333333333333333
"power a=4",4,1e+05,500,5.75,36.4952489784175,3.69361301171409,0.471044778011701,0.229212601483816,0.720250734545169,0.600872750400859,2,3,0.478260869565217,0.333333333333333
"power a=4",4,1e+05,500,5.8,36.593531850751,3.69635511020136,0.475386218007256,0.233867098432346,0.725561157105097,0.604542864494011,2,3,0.482758620689655,0.333333333333333
"power a=4",4,1e+05,500,5.85,36.6996700465558,3.69900339203421,0.479658538059666,0.238109682876822,0.731698893385712,0.60814449820896,2,3,0.487179487179487,0.333333333333333
"power a=4",4,1e+05,500,5.9,36.8021296069773,3.70156213616158,0.483863257719228,0.243264724800546,0.738899907487645,0.611679552855851,2,3,0.491525423728814,0.333333333333333
"power a=4",4,1e+05,500,5.95,36.9202740315637,3.70403537916662,0.48800185926984,0.247663631522888,0.74589954235125,0.615149860925724,2,3,0.495798319327731,0.333333333333333
"power a=4",4,1e+05,500,6,37.0432921024833,3.7064269315139,0.492075788390988,0.253434407007068,0.752702815056114,0.618557189074681,2,3,0.5,0.333333333333333
"power a=4",4,1e+05,500,6.05,37.1416385455431,3.70874039255607,0.496086454853433,0.258677188254092,0.759213515417897,0.621903240967412,2,3,0.504132231404959,0.333333333333333
"power a=4",4,1e+05,500,6.1,37.2220816649382,3.71097916440409,0.500035233240647,0.263939678985316,0.765577294583832,0.625189659985811,2,3,0.508196721311476,0.333333333333333
"power a=4",4,1e+05,500,6.15,37.3217596776286,3.71314646475615,0.503923463689198,0.267396356248189,0.773462396613056,0.628418031808466,2,3,0.51219512195122,0.333333333333333
"power a=4",4,1e+05,500,6.2,37.4314421043437,3.71524533877181,0.507752452642305,0.270196547347539,0.780163968697799,0.631589886866791,2,3,0.516129032258065,0.333333333333333
"power a=4",4,1e+05,500,6.25,37.5373042603021,3.71727867007008,0.511523473611687,0.273055671983404,0.785325345995456,0.634706702683511,2,3,0.52,0.333333333333333
"power a=4",4,1e+05,500,6.3,37.6257900383577,3.71924919092327,0.515237767943536,0.276267339387253,0.789465143251624,0.637769906099062,2,3,0.523809523809524,0.333333333333333
"power a=4",4,1e+05,500,6.35,37.7012432390446,3.72115949171215,0.518896545585107,0.281311948292699,0.793028939778563,0.640780875391328,2,3,0.52755905511811,0.333333333333333
"power a=4",4,1e+05,500,6.4,37.7741727748798,3.72301202970193,0.522500985848956,0.283850003581011,0.796522844927853,0.64374094229397,2,3,0.53125,0.333333333333333
"power a=4",4,1e+05,500,6.45,37.8446808128618,3.72480913719374,0.526052238172344,0.286835398789104,0.799726287960387,0.646651393918387,2,3,0.534883720930233,0.333333333333333
"power a=4",4,1e+05,500,6.5,37.9128646442554,3.72655302910114,0.529551422869697,0.290632395027295,0.804295867864811,0.64951347458417,2,3,0.538461538461538,0.333333333333333
"power a=4",4,1e+05,500,6.55,37.967930725909,3.72824580999717,0.532999631876399,0.295290966664377,0.80846900610137,0.65232838756269,2,3,0.541984732824428,0.333333333333333
"power a=4",4,1e+05,500,6.6,38.0121851360255,3.7298894806733,0.536397929482446,0.298782909591913,0.811860075792819,0.65509729673825,2,3,0.545454545454545,0.333333333333333
"power a=4",4,1e+05,500,6.65,38.0548382004224,3.73148594424841,0.539747353054808,0.301622561146436,0.816050869279727,0.657821328191034,2,3,0.548872180451128,0.333333333333333
"power a=4",4,1e+05,500,6.7,38.1021620512783,3.73303701186226,0.543048913747486,0.303722601420934,0.820351970875135,0.660501571705865,2,3,0.552238805970149,0.333333333333333
"power a=4",4,1e+05,500,6.75,38.1544046258474,3.73454440798544,0.54630359719852,0.305808227939237,0.824545175144836,0.6631390822106,2,3,0.555555555555556,0.333333333333333
"power a=4",4,1e+05,500,6.8,38.2087490272336,3.73600977537468,0.549512364213316,0.309092734314105,0.828278886119493,0.66573488114778,2,3,0.558823529411765,0.333333333333333
"power a=4",4,1e+05,500,6.85,38.2705702380886,3.73743467970042,0.552676151433812,0.312051263248254,0.831825578204509,0.668289957782978,2,3,0.562043795620438,0.333333333333333
"power a=4",4,1e+05,500,6.9,38.337768624027,3.73882061387086,0.555795871993138,0.314277799785552,0.835290135224543,0.6708052704531,2,3,0.565217391304348,0.333333333333333
"power a=4",4,1e+05,500,6.95,38.4029517712971,3.74016900207513,0.558872416155513,0.316140933276088,0.838674791473307,0.673281747757725,2,3,0.568345323741007,0.333333333333333
"power a=4",4,1e+05,500,7,38.4661907053434,3.74148120356603,0.561906651941213,0.318161497627326,0.841920964781429,0.67572028969639,2,3,0.571428571428571,0.333333333333333
"power a=4",4,1e+05,500,7.05,38.5275535180558,3.74275851620148,0.564899425736532,0.321501410649499,0.845042961180216,0.678121768754609,2,3,0.574468085106383,0.333333333333333
"power a=4",4,1e+05,500,7.1,38.5871055028904,3.74400217976186,0.567851562888706,0.324245075581755,0.849259331859785,0.680487030941201,2,3,0.577464788732394,0.333333333333333
"power a=4",4,1e+05,500,7.15,38.6449092836147,3.74521337905947,0.570763868285852,0.327518339976707,0.85355537951204,0.68281689677943,2,3,0.58041958041958,0.333333333333333
"power a=4",4,1e+05,500,7.2,38.6997392793377,3.74639324685471,0.573637126921981,0.331707318520657,0.857726640626585,0.685112162254272,2,3,0.583333333333333,0.333333333333333
"power a=4",4,1e+05,500,7.25,38.7398323144909,3.74754286659274,0.576472104447237,0.335228569059922,0.861142095908088,0.687373599718018,2,3,0.586206896551724,0.333333333333333
"power a=4",4,1e+05,500,7.3,38.7785710113923,3.74866327497294,0.579269547703501,0.339868360156921,0.864317824574742,0.689601958756315,2,3,0.589041095890411,0.333333333333333
"power a=4",4,1e+05,500,7.35,38.8215923203251,3.74975546436298,0.582030185245556,0.342731515714817,0.867458423708046,0.691797967016594,2,3,0.591836734693878,0.333333333333333
"power a=4",4,1e+05,500,7.4,38.8703172487587,3.75082038506792,0.584754727848034,0.344610521211476,0.870039524259962,0.693962331000771,2,3,0.594594594594595,0.333333333333333
"power a=4",4,1e+05,500,7.45,38.9179335986491,3.75185894746445,0.587443868998355,0.346466713757671,0.872820485808289,0.69609573682398,2,3,0.597315436241611,0.333333333333333
"power a=4",4,1e+05,500,7.5,38.9644724762822,3.75287202400915,0.59009828537594,0.349712622985527,0.876269499855093,0.698198850940992,2,3,0.6,0.333333333333333
"power a=4",4,1e+05,500,7.55,39.013344710225,3.75386045112938,0.592718637317931,0.351183988890852,0.879559528966857,0.700272320841923,2,3,0.602649006622517,0.333333333333333
"power a=4",4,1e+05,500,7.6,39.0666707977282,3.75482503100448,0.595305569271714,0.35287829714701,0.882420867728024,0.702316775718701,2,3,0.605263157894737,0.333333333333333
"power a=4",4,1e+05,500,7.65,39.1187719369086,3.75576653324459,0.597859710234519,0.355680563770936,0.885673351371918,0.704332827103713,2,3,0.607843137254902,0.333333333333333
"power a=4",4,1e+05,500,7.7,39.1696811630297,3.7566856964737,0.600381674180387,0.358627391772956,0.8887173826805,0.706321069481971,2,3,0.61038961038961,0.333333333333333
"power a=4",4,1e+05,500,7.75,39.2194303757742,3.75758322982324,0.6028720604748,0.361552511314328,0.891607205935676,0.708282080878058,2,3,0.612903225806452,0.333333333333333
"power a=4",4,1e+05,500,7.8,39.2680503890608,3.75845981434183,0.605331454277266,0.363985664326361,0.894389000869175,0.710216423419051,2,3,0.615384615384615,0.333333333333333
"power a=4",4,1e+05,500,7.85,39.3155709783072,3.75931610432667,0.607760426932168,0.366256566035846,0.897031300092899,0.712124643874561,2,3,0.617834394904459,0.333333333333333
"power a=4",4,1e+05,500,7.9,39.361385759347,3.76015272858144,0.610159536348161,0.368610615544412,0.899604418880237,0.714007274174951,2,3,0.620253164556962,0.333333333333333
"power a=4",4,1e+05,500,7.95,39.401272137487,3.76097029160538,0.612529327366436,0.370941157776328,0.902110196405051,0.715864831908766,2,3,0.622641509433962,0.333333333333333
"power a=4",4,1e+05,500,8,39.4401780179524,3.76176937471776,0.614870332118118,0.374131582777367,0.904618273986243,0.717697820800334,2,3,0.625,0.333333333333333
"power a=4",4,1e+06,200,0,1,0,1e-06,1e-06,1e-06,1e-06,2,3,0,0
"power a=4",4,1e+06,200,0.05,1.00939549887155,0.00935696444975766,1.0002624962968e-06,1.00026180492068e-06,1.00026325543901e-06,1.26529823750672e-06,2,3,0,0
"power a=4",4,1e+06,200,0.1,1.01945420504521,0.019278137277275,1.00110742657025e-06,1.00110439935096e-06,1.00111083897895e-06,1.60139393356851e-06,2,3,0,0
"power a=4",4,1e+06,200,0.15,1.0302301362146,0.0298049125596216,1.00263161345769e-06,1.00262439514104e-06,1.00263965925772e-06,2.02728868008434e-06,2,3,0,0
"power a=4",4,1e+06,200,0.2,1.0417883110519,0.0409824134295363,1.00494837723202e-06,1.00493477159997e-06,1.0049637458155e-06,2.56711143415154e-06,2,3,0,0
"power a=4",4,1e+06,200,0.25,1.05420415912164,0.0528599029892698,1.0081909838148e-06,1.00816610701463e-06,1.00821848530879e-06,3.25150854354009e-06,2,3,0,0
"power a=4",4,1e+06,200,0.3,1.06758167680021,0.0654912488565233,1.01251699018753e-06,1.01247585974149e-06,1.01256229495936e-06,4.11941189583316e-06,2,3,0,0
"power a=4",4,1e+06,200,0.35,1.08199676842366,0.0789354486238153,1.01811377127827e-06,1.01804880503047e-06,1.01818189580806e-06,5.22028818652582e-06,2,3,0,0
"power a=4",4,1e+06,200,0.4,1.09757316419279,0.0932572239904671,1.02520561941302e-06,1.0251035061001e-06,1.02531146389586e-06,6.61700029529282e-06,2,3,0,0
"power a=4",4,1e+06,200,0.45,1.1143478211591,0.108527691384069,1.03406296155934e-06,1.03390326255912e-06,1.03422909142077e-06,8.38944730152825e-06,2,3,0,0
"power a=4",4,1e+06,200,0.5,1.13249800403439,0.12482511614622,1.04501446466325e-06,1.04477443714776e-06,1.04526096967734e-06,1.0639194758239e-05,2,3,0,0
"power a=4",4,1e+06,200,0.55,1.15214766528698,0.142235755210572,1.05846313269425e-06,1.0581074332525e-06,1.05883646305493e-06,1.34953639844967e-05,2,3,0,0
"power a=4",4,1e+06,200,0.6,1.17358489617645,0.160854788726407,1.07490799974474e-06,1.07437065190911e-06,1.07546686612755e-06,1.71221214659487e-05,2,3,0,0
"power a=4",4,1e+06,200,0.65,1.19691141072932,0.180787332944714,1.09497378666552e-06,1.09416530281211e-06,1.09576195801099e-06,2.17282008743335e-05,2,3,0,0
"power a=4",4,1e+06,200,0.7,1.22237267281194,0.202149513109713,1.11945206840505e-06,1.11824539095398e-06,1.12062215936331e-06,2.7579005566726e-05,2,3,0,0
"power a=4",4,1e+06,200,0.75,1.25020927421709,0.225069554015945,1.14935934814682e-06,1.1474461654388e-06,1.15108492909383e-06,3.50119846546723e-05,2,3,0,0
"power a=4",4,1e+06,200,0.8,1.28065467907406,0.249688815484101,1.18602037049466e-06,1.18303446413836e-06,1.18849494581561e-06,4.44561581031087e-05,2,3,0,0
"power a=4",4,1e+06,200,0.85,1.31408460755757,0.276162659958006,1.23118972621484e-06,1.22622739883497e-06,1.23440700554551e-06,5.64568945860264e-05,2,3,0,0
"power a=4",4,1e+06,200,0.9,1.35091108093153,0.304660993022105,1.2872324749516e-06,1.2792783033384e-06,1.29108340540464e-06,7.17073303872814e-05,2,3,0,0
"power a=4",4,1e+06,200,0.95,1.39126918920435,0.335368274370858,1.35739711304121e-06,1.34436255278012e-06,1.36310256943449e-06,9.10881705617014e-05,2,3,0,0
"power a=4",4,1e+06,200,1,1.43597265221192,0.368482773639021,1.44623508264481e-06,1.42460546422793e-06,1.45281213898894e-06,0.000115718048415077,2,3,0,0
"power a=4",4,1e+06,200,1.05,1.48554817992457,0.404214863784352,1.56025582739578e-06,1.52434674164219e-06,1.566510628507e-06,0.000147017150530523,2,3,0,0
"power a=4",4,1e+06,200,1.1,1.5406920476009,0.44278421895605,1.70896477835991e-06,1.64888081470931e-06,1.71303599582526e-06,0.00018678745593445,2,3,0,0
"power a=4",4,1e+06,200,1.15,1.6011890790502,0.484415905632258,1.90652992520334e-06,1.80544309347836e-06,1.90495714109104e-06,0.000237313700157734,2,3,0,0
"power a=4",4,1e+06,200,1.2,1.66956845601441,0.529335485408248,2.17448834240652e-06,2.00452683250755e-06,2.16283601214433e-06,0.000301490060234975,2,3,0,0
"power a=4",4,1e+06,200,1.25,1.7454402451514,0.577763329904354,2.54618335900341e-06,2.26295710953061e-06,2.49957630227203e-06,0.000382978550414541,2,3,0,0
"power a=4",4,1e+06,200,1.3,1.83118280036433,0.629908352627745,3.0740924229117e-06,2.58684664039722e-06,2.94545179124592e-06,0.00048640617407528,2,3,0,0
"power a=4",4,1e+06,200,1.35,1.92675709632858,0.685961316082816,3.84198950138256e-06,3.00550350381563e-06,3.57056759754604e-06,0.000617608892728064,2,3,0,0
"power a=4",4,1e+06,200,1.4,2.03450680387367,0.746087843169569,4.98518125259796e-06,3.55789562264677e-06,4.47462238814282e-06,0.000783931251773905,2,3,0,0
"power a=4",4,1e+06,200,1.45,2.15555299114899,0.810421301514405,6.72416361474217e-06,4.28346043625459e-06,5.75817860157368e-06,0.000994590697522171,2,3,0,0
"power a=4",4,1e+06,200,1.5,2.29147029784261,0.879055827427357,9.42039466066929e-06,5.22978912529153e-06,7.56256159975406e-06,0.00126111465205366,2,3,0,0
"power a=4",4,1e+06,200,1.55,2.44442543065763,0.952039851299968,1.3668021330529e-05,6.48724056442162e-06,1.01717232012735e-05,0.00159785537165498,2,3,0,0
"power a=4",4,1e+06,200,1.6,2.61843586813027,1.02937051767511,2.04428889085086e-05,8.1782950396372e-06,1.39403805175627e-05,0.00202258116360215,2,3,0,0
"power a=4",4,1e+06,200,1.65,2.81371883187546,1.11098934200812,3.13402001350322e-05,1.04556684079352e-05,1.9080322025682e-05,0.00255713089062169,2,3,0,0
"power a=4",4,1e+06,200,1.7,3.0395843211639,1.19677933704602,4.89437608874777e-05,1.35398667906749e-05,2.65174511426901e-05,0.00322809983390092,2,3,0,0
"power a=4",4,1e+06,200,1.75,3.29753999031787,1.28656371744056,7.73790294250086e-05,1.77020785555856e-05,3.74103970165075e-05,0.00406749739381775,2,3,0,0
"power a=4",4,1e+06,200,1.8,3.58500273045909,1.38010618675381,0.000123100277618972,2.32429848841551e-05,5.31334843430895e-05,0.00511328139974147,2,3,0,0
"power a=4",4,1e+06,200,1.85,3.8978031698364,1.47711274368511,0.00019593344071978,3.07286266092675e-05,7.58545154103866e-05,0.00640963551145056,2,3,0,0
"power a=4",4,1e+06,200,1.9,4.26181337342638,1.57723491543451,0.000310321144730816,4.07494190364183e-05,0.000110173541550037,0.00800682905185444,2,3,0,0
"power a=4",4,1e+06,200,1.95,4.67200142050309,1.68007432525539,0.000486585609957943,5.43173179251975e-05,0.000160342066037097,0.0099605055348001,2,3,0,0
"power a=4",4,1e+06,200,2,5.12198989778772,1.78518850897713,0.00075186876032845,7.26265016815584e-05,0.000232609084057306,0.0123303124653329,2,3,0,0
"power a=4",4,1e+06,200,2.05,5.64340298911981,1.89209788693752,0.00114032571122165,9.6770957809227e-05,0.000335989319246476,0.0151779186933306,2,3,0,0.0166666666666668
"power a=4",4,1e+06,200,2.1,6.22985356859424,2.00029375398695,0.00169228382404399,0.000129050415086664,0.000480837496014528,0.0185646301336729,2,3,0,0.0333333333333334
"power a=4",4,1e+06,200,2.15,6.90576762924598,2.10924707316222,0.00245250078483138,0.000171840945882165,0.000682037752360319,0.0225489211230895,2,3,0,0.05
"power a=4",4,1e+06,200,2.2,7.64838788704786,2.21841778132682,0.00346817036425483,0.000228555801470667,0.000961869411716084,0.0271841536217175,2,3,0,0.0666666666666667
"power a=4",4,1e+06,200,2.25,8.458096829121,2.32726428644274,0.00478749449361842,0.000302896905292908,0.0013473278800309,0.0325165574813298,2,3,0,0.0833333333333333
"power a=4",4,1e+06,200,2.3,9.35921880531874,2.43525288135167,0.00645915693681028,0.000400477270486746,0.00187265634657332,0.0385833319649807,2,3,0,0.1
"power a=4",4,1e+06,200,2.35,10.3513771385613,2.54186688788515,0.00853216825276054,0.000527596832793524,0.00258032500971826,0.0454106917687812,2,3,0,0.116666666666667
"power a=4",4,1e+06,200,2.4,11.4882974382667,2.64661540804998,0.0110550457783662,0.000690622491606218,0.0035892755144683,0.0530118774971689,2,3,0,0.133333333333333
"power a=4",4,1e+06,200,2.45,12.749282714333,2.7490415442902,0.014073640143466,0.000902246863789602,0.00496383587785456,0.0613854299829628,2,3,0,0.15
"power a=4",4,1e+06,200,2.5,14.0770326826097,2.84872986986949,0.0176278442772664,0.00116223264242194,0.00679592622364653,0.070514163906881,2,3,0,0.166666666666667
"power a=4",4,1e+06,200,2.55,15.4903194541971,2.9453128464554,0.0217481674171895,0.00148008830459148,0.00920423835561692,0.0803651684219061,2,3,0,0.183333333333333
"power a=4",4,1e+06,200,2.6,17.0012245362559,3.03847586218611,0.0264532187552424,0.00186808306009089,0.0123241142435618,0.0908908986633948,2,3,0,0.2
"power a=4",4,1e+06,200,2.65,18.6048885896448,3.12796062159934,0.0317486264191797,0.00234462011077861,0.0159919088090426,0.102031171541009,2,3,0,0.216666666666667
"power a=4",4,1e+06,200,2.7,20.2944232157581,3.21356673717145,0.0376272887657273,0.00293171988844831,0.0200262768181561,0.113715753441328,2,3,0,0.233333333333333
"power a=4",4,1e+06,200,2.75,22.0217236975828,3.29515151139733,0.0440705011474363,0.00363956576675138,0.0254844684075195,0.125867229303272,2,3,0,0.25
"power a=4",4,1e+06,200,2.8,23.8210592632639,3.37262802598074,0.0510494938946734,0.00448099413492768,0.0318984264204958,0.138403909709817,2,3,0,0.266666666666667
"power a=4",4,1e+06,200,2.85,25.804773942537,3.44596175452401,0.0585270989926777,0.00547482823933112,0.0397237709318202,0.151242604309772,2,3,0,0.283333333333333
"power a=4",4,1e+06,200,2.9,27.8550362140038,3.51516598299923,0.0664594469113536,0.00664129080876843,0.0490569261798638,0.164301139884655,2,3,0,0.3
"power a=4",4,1e+06,200,2.95,29.859064259005,3.58029635943495,0.0747976868546551,0.00801716143085762,0.0585709550397603,0.177500533052199,2,3,0,0.316666666666667
"power a=4",4,1e+06,200,3,31.8544741994397,3.6414449032885,0.0834897262312715,0.00960130932957477,0.0684277746649894,0.190766753910059,2,3,0,0.333333333333333
"power a=4",4,1e+06,200,3.05,33.68651110434,3.69873378937096,0.0924819462168222,0.0114068456223547,0.0801696750718841,0.204032046198256,2,3,0.016393442622951,0.333333333333333
"power a=4",4,1e+06,200,3.1,35.5601040151652,3.75230918576924,0.101720815035061,0.0132592226953649,0.0936606057538018,0.217235802064312,2,3,0.0322580645161291,0.333333333333333
"power a=4",4,1e+06,200,3.15,37.6549346294369,3.80233537613091,0.111154311307057,0.0154081830715249,0.107111156567947,0.230325020614294,2,3,0.0476190476190477,0.333333333333333
"power a=4",4,1e+06,200,3.2,39.5519778325673,3.84898934069335,0.120733087185691,0.0178135507362292,0.120360065690775,0.243254403936339,2,3,0.0625,0.333333333333333
"power a=4",4,1e+06,200,3.25,41.360591406396,3.89245591383965,0.130411334040448,0.020353227056483,0.134417510815157,0.255986159143396,2,3,0.0769230769230769,0.333333333333333
"power a=4",4,1e+06,200,3.3,43.1203550319939,3.93292358373882,0.140147349158164,0.0230572239782077,0.152634054017825,0.268489579919178,2,3,0.0909090909090909,0.333333333333333
"power a=4",4,1e+06,200,3.35,44.826148418523,3.97058095506508,0.149903830837482,0.0257617497165829,0.170905562223137,0.280740477853652,2,3,0.104477611940298,0.333333333333333
"power a=4",4,1e+06,200,3.4,46.5531329289036,4.00561386050289,0.159647947162636,0.0293575900659657,0.188674240072616,0.292720525250669,2,3,0.11764705882353,0.333333333333333
"power a=4",4,1e+06,200,3.45,48.3974470724699,4.03820308096861,0.169351230743773,0.0319249701902714,0.206291714301569,0.304416559795659,2,3,0.130434782608696,0.333333333333333
"power a=4",4,1e+06,200,3.5,50.1668727420485,4.06852261749467,0.178989350351114,0.0351765982486829,0.219884250328165,0.315819889634454,2,3,0.142857142857143,0.333333333333333
"power a=4",4,1e+06,200,3.55,51.7983659176168,4.09673844824379,0.188541803914961,0.0389165487339058,0.233159389136387,0.326925626443227,2,3,0.154929577464789,0.333333333333333
"power a=4",4,1e+06,200,3.6,53.4585853097622,4.12300770063763,0.197991568695124,0.0426427765850324,0.246094592259794,0.337732064702311,2,3,0.166666666666667,0.333333333333333
"power a=4",4,1e+06,200,3.65,55.1941481261838,4.14747816957845,0.207324735572831,0.0462764469204435,0.258782912519213,0.348240117868121,2,3,0.178082191780822,0.333333333333333
"power a=4",4,1e+06,200,3.7,56.5109737606915,4.17028811684179,0.216530146543535,0.050088191652838,0.274119652193942,0.358452816406021,2,3,0.189189189189189,0.333333333333333
"power a=4",4,1e+06,200,3.75,57.7944824476552,4.19156629276093,0.225599048070286,0.0540460108564416,0.29128742918789,0.368374868484013,2,3,0.2,0.333333333333333
"power a=4",4,1e+06,200,3.8,59.0535073915595,4.21143212838728,0.234524768042693,0.0580938567342205,0.309933789536418,0.378012281257404,2,3,0.210526315789474,0.333333333333333
"power a=4",4,1e+06,200,3.85,60.3069316295303,4.22999605369976,0.243302420501312,0.0622134685955653,0.320358519161197,0.387372038824068,2,3,0.220779220779221,0.333333333333333
"power a=4",4,1e+06,200,3.9,61.5732666263888,4.24735990466013,0.251928639776162,0.0663943301513526,0.33169325086011,0.396461831853875,2,3,0.230769230769231,0.333333333333333
"power a=4",4,1e+06,200,3.95,62.7854654321189,4.26361738864703,0.260401343995716,0.0711755592076496,0.350559913864593,0.405289833389016,2,3,0.240506329113924,0.333333333333333
"power a=4",4,1e+06,200,4,63.8931291726783,4.27885458386227,0.268719526830614,0.0763220569440222,0.366816499922225,0.413864515208747,2,3,0.25,0.333333333333333
"power a=4",4,1e+06,200,4.05,64.915880813598,4.29315045360021,0.276883075672461,0.0807810761719995,0.382591565980939,0.42219449932278,2,3,0.259259259259259,0.333333333333333
"power a=4",4,1e+06,200,4.1,65.8914221130265,4.30657736079032,0.284892614083722,0.0849214192026441,0.398007280577301,0.430288439503086,2,3,0.268292682926829,0.333333333333333
"power a=4",4,1e+06,200,4.15,66.8179961477762,4.3192015719955,0.292749366196591,0.0900153283583419,0.412033408294206,0.438154928210286,2,3,0.27710843373494,0.333333333333333
"power a=4",4,1e+06,200,4.2,67.5944409666384,4.33108374313704,0.300455040719724,0.095658102448972,0.423994457091001,0.445802424764352,2,3,0.285714285714286,0.333333333333333
"power a=4",4,1e+06,200,4.25,68.3278039696318,4.34227938169737,0.30801173228446,0.100559340935205,0.438281891490559,0.453239201112316,2,3,0.294117647058823,0.333333333333333
"power a=4",4,1e+06,200,4.3,69.0206147642207,4.35283928210736,0.31542183799267,0.10371591759317,0.449417579342315,0.460473302032726,2,3,0.302325581395349,0.333333333333333
"power a=4",4,1e+06,200,4.35,69.7681102172608,4.36280993253593,0.322687987192576,0.107498173742363,0.46105499069496,0.467512517071759,2,3,0.310344827586207,0.333333333333333
"power a=4",4,1e+06,200,4.4,70.4149920546413,4.37223389244327,0.329812982689744,0.112106654389426,0.473700018266487,0.4743643619201,2,3,0.318181818181818,0.333333333333333
"power a=4",4,1e+06,200,4.45,70.9753008718913,4.38115014110221,0.336799751785902,0.116726833547067,0.485990960542653,0.481036067309005,2,3,0.325842696629214,0.333333333333333
"power a=4",4,1e+06,200,4.5,71.5837888439306,4.38959439789501,0.343651305720192,0.121444703676055,0.496373671202567,0.487534573827699,2,3,0.333333333333333,0.333333333333333
"power a=4",4,1e+06,200,4.55,72.1800422681951,4.39759941560616,0.350370706260378,0.126652096140585,0.510416981917863,0.49386653134422,2,3,0.340659340659341,0.333333333333333
"power a=4",4,1e+06,200,4.6,72.7481717027954,4.40519524819751,0.356961038352149,0.130903149224173,0.518123938974137,0.500038301951044,2,3,0.347826086956522,0.333333333333333
"power a=4",4,1e+06,200,4.65,73.382379851532,4.41240949470569,0.363425387881178,0.134717714802654,0.526767450523015,0.5060559655592,2,3,0.354838709677419,0.333333333333333
"power a=4",4,1e+06,200,4.7,74.0297329890315,4.41926752097088,0.369766823734264,0.13848540656817,0.535744533444743,0.511925327434307,2,3,0.361702127659575,0.333333333333333
"power a=4",4,1e+06,200,4.75,74.5816625100268,4.42579266091392,0.375988383462849,0.142205727579837,0.544441938592672,0.517651927109101,2,3,0.368421052631579,0.333333333333333
"power a=4",4,1e+06,200,4.8,75.0841882045178,4.43200639904245,0.382093061955052,0.145878378599336,0.553279722377815,0.523241048223632,2,3,0.375,0.333333333333333
"power a=4",4,1e+06,200,4.85,75.5665242867165,4.43792853580075,0.388083802612016,0.149633489006518,0.563116637936277,0.528697728939967,2,3,0.381443298969072,0.333333333333333
"power a=4",4,1e+06,200,4.9,76.0297662847163,4.44357733729207,0.393963490601991,0.153525512851554,0.572851145973784,0.534026772656267,2,3,0.387755102040816,0.333333333333333
"power a=4",4,1e+06,200,4.95,76.4749437822851,4.44896967080539,0.399734947832346,0.157541740007652,0.584505617351396,0.539232758808297,2,3,0.393939393939394,0.333333333333333
"power a=4",4,1e+06,200,5,76.9030240290805,4.45412112747556,0.40540092933686,0.161524230568504,0.595873062721998,0.544320053597457,2,3,0.4,0.333333333333333
"power a=4",4,1e+06,200,5.05,77.3149154763599,4.45904613330182,0.410964120824343,0.165472571014142,0.606956485897694,0.549292820525195,2,3,0.405940594059406,0.333333333333333
"power a=4",4,1e+06,200,5.1,77.7114712085572,4.46375804964739,0.416427137175925,0.169386457459701,0.617759341215233,0.554155030646217,2,3,0.411764705882353,0.333333333333333
"power a=4",4,1e+06,200,5.15,78.0934922498393,4.46826926424448,0.421792521713385,0.173265682880461,0.628285469536962,0.558910472478648,2,3,0.41747572815534,0.333333333333333
"power a=4",4,1e+06,200,5.2,78.461730731661,4.47259127363534,0.42706274609031,0.177110125638763,0.638539040725462,0.563562761529506,2,3,0.423076923076923,0.333333333333333
"power a=4",4,1e+06,200,5.25,78.8168929127486,4.47673475789319,0.43224021068276,0.180919739191504,0.648524501999958,0.568115349409617,2,3,0.428571428571429,0.333333333333333
"power a=4",4,1e+06,200,5.3,79.1596420471327,4.4807096483852,0.437327245376942,0.184986862981489,0.658246531632779,0.572571532524301,2,3,0.433962264150944,0.333333333333333
"power a=4",4,1e+06,200,5.35,79.4906010990762,4.48452518926549,0.442326110668886,0.189166304658908,0.667709997490908,0.576934460335449,2,3,0.439252336448598,0.333333333333333
"power a=4",4,1e+06,200,5.4,79.8103553061699,4.48818999331778,0.447238999005768,0.193321217881363,0.676232691805402,0.581207143197639,2,3,0.444444444444445,0.333333333333333
"power a=4",4,1e+06,200,5.45,80.1194545936848,4.49171209270501,0.452068036310789,0.197451276156493,0.683201666696615,0.585392459776122,2,3,0.44954128440367,0.333333333333333
"power a=4",4,1e+06,200,5.5,80.3673650371327,4.49509898512719,0.456815283643728,0.201556212243898,0.690373124978689,0.589493164058299,2,3,0.454545454545455,0.333333333333333
"power a=4",4,1e+06,200,5.55,80.5873478059698,4.49835767583746,0.461482738957858,0.205904035531938,0.69558146371472,0.593511891972922,2,3,0.45945945945946,0.333333333333333
"power a=4",4,1e+06,200,5.6,80.7974721994923,4.50149471592066,0.466072338921048,0.210416997748196,0.701875634702242,0.597451167633021,2,3,0.464285714285714,0.333333333333333
"power a=4",4,1e+06,200,5.65,80.9982745004314,4.50451623719736,0.470585960774795,0.214918071757244,0.708030792461479,0.601313409219634,2,3,0.469026548672566,0.333333333333333
"power a=4",4,1e+06,200,5.7,81.2073049683968,4.50742798407895,0.475025424209915,0.219406840308491,0.714050531420734,0.605100934523972,2,3,0.473684210526316,0.333333333333333
"power a=4",4,1e+06,200,5.75,81.4641355175237,4.51023534266648,0.479392493241707,0.223882924660657,0.719938326900528,0.608815966165794,2,3,0.478260869565217,0.333333333333333
"power a=4",4,1e+06,200,5.8,81.7121840258922,4.5129433673557,0.483688878070868,0.228654760409361,0.72569753970569,0.612460636505666,2,3,0.482758620689655,0.333333333333333
"power a=4",4,1e+06,200,5.85,81.9629005854668,4.51555680518431,0.487916236919261,0.233632599478711,0.731331420608686,0.616036992268367,2,3,0.487179487179487,0.333333333333333
"power a=4",4,1e+06,200,5.9,82.2527981459311,4.51808011813339,0.492076177831999,0.238614952723153,0.736843114708583,0.619546998894235,2,3,0.491525423728814,0.333333333333333
"power a=4",4,1e+06,200,5.95,82.5341925700393,4.52051750357363,0.496170260439285,0.240890247755552,0.741763364928165,0.622992544634604,2,3,0.495798319327731,0.333333333333333
"power a=4",4,1e+06,200,6,82.8073860347609,4.52287291302774,0.500199997673046,0.244699999824092,0.746027292145001,0.626375444406786,2,3,0.5,0.333333333333333
"power a=4",4,1e+06,200,6.05,83.0726669463383,4.52515006940335,0.504166857434739,0.249551034550817,0.750220958881018,0.629697443423335,2,3,0.504132231404959,0.333333333333333
"power a=4",4,1e+06,200,6.1,83.3303107461093,4.52735248283547,0.508072264211813,0.254804310565646,0.754345810786885,0.632960220609542,2,3,0.508196721311476,0.333333333333333
"power a=4",4,1e+06,200,6.15,83.580580659979,4.52948346526367,0.511917600641196,0.259263812135406,0.758403234968278,0.636165391822379,2,3,0.51219512195122,0.333333333333333
"power a=4",4,1e+06,200,6.2,83.8237283957883,4.53154614385698,0.515704209018929,0.26403669136174,0.762394563913757,0.639314512883353,2,3,0.516129032258065,0.333333333333333
"power a=4",4,1e+06,200,6.25,84.0599947925205,4.5335434733885,0.519433392755642,0.26887150032235,0.766321079128039,0.642409082436962,2,3,0.52,0.333333333333333
"power a=4",4,1e+06,200,6.3,84.2896104250018,4.53547824765177,0.523106417778083,0.27385371123814,0.771071468543318,0.645450544645802,2,3,0.523809523809524,0.333333333333333
"power a=4",4,1e+06,200,6.35,84.5127961674768,4.53735311000231,0.526724513877248,0.278916253056369,0.776097708664705,0.648440291732606,2,3,0.52755905511811,0.333333333333333
"power a=4",4,1e+06,200,6.4,84.7297637191827,4.53917056309943,0.530288876004012,0.283602283868453,0.781080192154692,0.651379666378928,2,3,0.53125,0.333333333333333
"power a=4",4,1e+06,200,6.45,84.9407160948076,4.54093297791679,0.53380066551337,0.286054391655664,0.786400211179789,0.654269963989501,2,3,0.534883720930233,0.333333333333333
"power a=4",4,1e+06,200,6.5,85.1458480824903,4.5426426020833,0.537261011358591,0.288477836680667,0.792029096393195,0.657112434830739,2,3,0.538461538461538,0.333333333333333
"power a=4",4,1e+06,200,6.55,85.3453466718144,4.54430156761066,0.540671011236713,0.290873278201011,0.79751819476943,0.659908286051314,2,3,0.541984732824428,0.333333333333333
"power a=4",4,1e+06,200,6.6,85.539391454051,4.54591189805814,0.544031732686931,0.292927520832603,0.802870392069747,0.662658683592184,2,3,0.545454545454545,0.333333333333333
"power a=4",4,1e+06,200,6.65,85.7281549967309,4.54747551518122,0.547344214143457,0.295080488268608,0.808088552647844,0.66536475399298,2,3,0.548872180451128,0.333333333333333
"power a=4",4,1e+06,200,6.7,85.9118031944549,4.54899424510576,0.550609465944516,0.296925465224957,0.813175516826683,0.668027586101216,2,3,0.552238805970149,0.333333333333333
"power a=4",4,1e+06,200,6.75,86.0522345989732,4.55046982406621,0.553828471299127,0.300999118227543,0.818134098504529,0.670648232690316,2,3,0.555555555555556,0.333333333333333
"power a=4",4,1e+06,200,6.8,86.1830967262161,4.55190390374266,0.557002187213344,0.305578702904862,0.822967082977686,0.673227711992096,2,3,0.558823529411765,0.333333333333333
"power a=4",4,1e+06,200,6.85,86.3101027005563,4.55329805622843,0.560131545377605,0.30899859891871,0.827677224967875,0.675767009148939,2,3,0.562043795620438,0.333333333333333
"power a=4",4,1e+06,200,6.9,86.433389922189,4.55465377865724,0.563217453016828,0.311632894545094,0.83226724684274,0.678267077590553,2,3,0.565217391304348,0.333333333333333
"power a=4",4,1e+06,200,6.95,86.5530897846891,4.55597249751643,0.566260793704855,0.314358060452804,0.836739837018404,0.680728840339895,2,3,0.568345323741007,0.333333333333333
"power a=4",4,1e+06,200,7,86.669327994029,4.55725557267034,0.569262428144808,0.317061913343077,0.841097648533507,0.683153191252512,2,3,0.571428571428571,0.333333333333333
"power a=4",4,1e+06,200,7.05,86.7822248679043,4.55850430111605,0.57222319491688,0.320473513453192,0.845343297784553,0.685540996193298,2,3,0.574468085106383,0.333333333333333
"power a=4",4,1e+06,200,7.1,86.8918956167077,4.55971992049166,0.575143911195039,0.324497017213954,0.849479363412861,0.68789309415438,2,3,0.577464788732394,0.333333333333333
"power a=4",4,1e+06,200,7.15,86.998450607395,4.5609036123557,0.578025373434068,0.328513229322558,0.853508385333832,0.69021029831761,2,3,0.58041958041958,0.333333333333333
"power a=4",4,1e+06,200,7.2,87.1019956113969,4.56205650525457,0.580868358028319,0.332521878381241,0.857432863899631,0.692493397064915,2,3,0.583333333333333,0.333333333333333
"power a=4",4,1e+06,200,7.25,87.2026320376497,4.5631796775937,0.583673621943508,0.336522691573165,0.861255259186795,0.694743154939542,2,3,0.586206896551724,0.333333333333333
"power a=4",4,1e+06,200,7.3,87.3004571517396,4.56427416032672,0.586441903322809,0.340309218480383,0.864977990400672,0.696960313561027,2,3,0.589041095890411,0.333333333333333
"power a=4",4,1e+06,200,7.35,87.3955642820848,4.56534093947569,0.589173922068477,0.342274254296435,0.868603435388944,0.699145592496555,2,3,0.591836734693878,0.333333333333333
"power a=4",4,1e+06,200,7.4,87.4880430140145,4.56638095849469,0.591870380400163,0.34395093788594,0.872122703458966,0.701299690091186,2,3,0.594594594594595,0.333333333333333
"power a=4",4,1e+06,200,7.45,87.5779793725407,4.56739512048763,0.594531963391032,0.34561606957488,0.875314859741729,0.703423284259278,2,3,0.597315436241611,0.333333333333333
"power a=4",4,1e+06,200,7.5,87.6788570332513,4.56838429029076,0.597159339482743,0.347506763558818,0.878428337073223,0.705517033239273,2,3,0.6,0.333333333333333
"power a=4",4,1e+06,200,7.55,87.7905062577775,4.56934929642917,0.599753160980321,0.349385577846667,0.881464992013713,0.707581576313891,2,3,0.602649006622517,0.333333333333333
"power a=4",4,1e+06,200,7.6,87.8995293963789,4.57029093295605,0.602314064527865,0.351252988310949,0.884426642442998,0.709617534497639,2,3,0.605263157894737,0.333333333333333
"power a=4",4,1e+06,200,7.65,88.0059999434155,4.57120996118275,0.604842671566032,0.353109451901404,0.887315068065998,0.711625511193419,2,3,0.607843137254902,0.333333333333333
"power a=4",4,1e+06,200,7.7,88.1099889492197,4.57210711130696,0.60733958877216,0.354955407376794,0.890132010930737,0.71360609281992,2,3,0.61038961038961,0.333333333333333
"power a=4",4,1e+06,200,7.75,88.2115651196959,4.57298308394604,0.60980540848386,0.356791276007664,0.892879175957135,0.71555984941135,2,3,0.612903225806452,0.333333333333333
"power a=4",4,1e+06,200,7.8,88.3107949107202,4.57383855158162,0.612240709106881,0.358617462251106,0.895558231475149,0.717487335191011,2,3,0.615384615384615,0.333333333333333
"power a=4",4,1e+06,200,7.85,88.4077426176864,4.57467415992156,0.61464605550798,0.360434354398578,0.898170809770875,0.719389089120067,2,3,0.617834394904459,0.333333333333333
"power a=4",4,1e+06,200,7.9,88.5024704605097,4.5754905291845,0.617021999393521,0.362242325197809,0.900718507639317,0.721265635422832,2,3,0.620253164556962,0.333333333333333
"power a=4",4,1e+06,200,7.95,88.5950386643828,4.57628825531213,0.619369079674469,0.364041732449757,0.903202886942613,0.723117484089785,2,3,0.622641509433962,0.333333333333333
"power a=4",4,1e+06,200,8,88.6855055365517,4.57706791111387,0.621687822818429,0.365832919581638,0.905625475172602,0.724945131359465,2,3,0.625,0.333333333333333
"NSFG men 25-44",3.31,100,2000,0,1,0,0.01,0.01,0.01,0.01,1.31,2.31,0,0
"NSFG men 25-44",3.31,100,2000,0.05,1.02083645612763,0.0235981493684829,0.0100060068798698,0.0100045378708535,0.0100072048647667,0.0111351538566147,1.31,2.31,0,0
"NSFG men 25-44",3.31,100,2000,0.1,1.04320724800984,0.0485520015896905,0.0100257487257485,0.0100192692912605,0.0100309831751913,0.0124016539932471,1.31,2.31,0,0
"NSFG men 25-44",3.31,100,2000,0.15,1.06700158185798,0.0748836766078571,0.0100622093617654,0.0100461176499517,0.0100749223734668,0.0138145693163062,1.31,2.31,0,0
"NSFG men 25-44",3.31,100,2000,0.2,1.09235927533539,0.102605714893193,0.0101190126847928,0.0100868086720416,0.0101429182657173,0.0153905593965643,1.31,2.31,0,0
"NSFG men 25-44",3.31,100,2000,0.25,1.11984473808443,0.131719971032454,0.0102005844657111,0.0101433245203697,0.0102401651006784,0.0171479791025381,1.31,2.31,0,0
"NSFG men 25-44",3.31,100,2000,0.3,1.14920833932439,0.162216654166113,0.0103123619030506,0.0102185273142549,0.0103738757976322,0.0191069586056228,1.31,2.31,0,0
"NSFG men 25-44",3.31,100,2000,0.35,1.18072074355763,0.19407356550209,0.0104610626392972,0.0103149059878918,0.0105494519612115,0.0212894395310497,1.31,2.31,0,0
"NSFG men 25-44",3.31,100,2000,0.4,1.21423701782702,0.22725557086785,0.0106550214810403,0.0104359100846451,0.010776906094571,0.0237191405807053,1.31,2.31,0,0
"NSFG men 25-44",3.31,100,2000,0.45,1.24990054166715,0.261714336400592,0.0109045907508898,0.0105844349505061,0.011066947804483,0.0264214190781952,1.31,2.31,0,0
"NSFG men 25-44",3.31,100,2000,0.5,1.28808620322276,0.297388349293526,0.0112225735521243,0.0107658482635427,0.0114255997162208,0.0294229926678347,1.31,2.31,0,0
"NSFG men 25-44",3.31,100,2000,0.55,1.32904452996369,0.334203241448586,0.0116246171083488,0.0109761370990771,0.0118672361723531,0.032751494446001,1.31,2.31,0,0
"NSFG men 25-44",3.31,100,2000,0.6,1.37293877772877,0.372072427585242,0.0121294494522829,0.011226945035467,0.0124261307274733,0.0364348618243526,1.31,2.31,0,0
"NSFG men 25-44",3.31,100,2000,0.65,1.41755681937585,0.410898055063575,0.0127588348549864,0.0115293161207706,0.0130783429546328,0.0405006042863851,1.31,2.31,0,0
"NSFG men 25-44",3.31,100,2000,0.7,1.46562989471044,0.450572237022233,0.0135372004082432,0.0118870820026938,0.0138824871239362,0.0449750416924608,1.31,2.31,0,0
"NSFG men 25-44",3.31,100,2000,0.75,1.51743387765018,0.49097850781243,0.0144910537844844,0.0122876816894755,0.0148458010563657,0.0498826199539062,1.31,2.31,0,0
"NSFG men 25-44",3.31,100,2000,0.8,1.57368548993663,0.531993414517314,0.015648471591293,0.0127629738995997,0.0159969602328327,0.0552453663298958,1.31,2.31,0,0
"NSFG men 25-44",3.31,100,2000,0.85,1.62895258269026,0.573488157819775,0.0170389222300161,0.0132861406654766,0.0173730805920605,0.0610824542850687,1.31,2.31,0,0
"NSFG men 25-44",3.31,100,2000,0.9,1.68869686601904,0.615330224803558,0.0186934358186054,0.0138848413079413,0.0189353792992026,0.0674097697345557,1.31,2.31,0,0
"NSFG men 25-44",3.31,100,2000,0.95,1.75103649857048,0.65738499976252,0.0206448174719581,0.0145933082997788,0.020897546210792,0.0742393713241896,1.31,2.31,0,0
"NSFG men 25-44",3.31,100,2000,1,1.8133024691358,0.699517370060466,0.0229274831600716,0.0153596684834017,0.0231150891797162,0.0815788209247282,1.31,2.31,0,0
"NSFG men 25-44",3.31,100,2000,1.05,1.87983882812913,0.7415933458414,0.0255766640776087,0.0162085460393388,0.0258055499241771,0.08943046508372,1.31,2.31,0,0
"NSFG men 25-44",3.31,100,2000,1.1,1.95385349663663,0.783481689260764,0.0286270195215152,0.0171819623265001,0.028938228633047,0.0977908065077737,1.31,2.31,0,0
"NSFG men 25-44",3.31,100,2000,1.15,2.02747397316837,0.82505551853721,0.0321109146635501,0.0182760800013083,0.03230213086081,0.106650095967525,1.31,2.31,0,0
"NSFG men 25-44",3.31,100,2000,1.2,2.1021630349571,0.866193830632903,0.0360566777888296,0.0194846295925891,0.0362713178720082,0.115992222717542,1.31,2.31,0,0
"NSFG men 25-44",3.31,100,2000,1.25,2.18565700382958,0.906782880323048,0.0404870929963384,0.0208150209531656,0.0408763197682486,0.125794920119403,1.31,2.31,0,0
"NSFG men 25-44",3.31,100,2000,1.3,2.26482039084161,0.946717360971442,0.045418283144487,0.0223062769188887,0.0460059958762411,0.136030254809217,1.31,2.31,0,0
"NSFG men 25-44",3.31,100,2000,1.35,2.35644846319891,0.985901348038583,0.0508590431220418,0.0239426545756458,0.0517660227714352,0.146665339130869,1.31,2.31,0,0.0173160173160173
"NSFG men 25-44",3.31,100,2000,1.4,2.45244656180294,1.02424898486065,0.056810613612683,0.0256760063501957,0.0583623041656458,0.157663195365524,1.31,2.31,0,0.038961038961039
"NSFG men 25-44",3.31,100,2000,1.45,2.54757367266616,1.0616849077996,0.0632668416732041,0.0275331211405093,0.0654979709554299,0.168983701390344,1.31,2.31,0,0.0606060606060607
"NSFG men 25-44",3.31,100,2000,1.5,2.63473039904936,1.09814442241415,0.070214651997434,0.0296130156938553,0.0735836611691544,0.180584555851571,1.31,2.31,0,0.0822510822510822
"NSFG men 25-44",3.31,100,2000,1.55,2.73144174575851,1.13357345304653,0.0776347458933115,0.0319469348057569,0.0822393749135778,0.192422212923857,1.31,2.31,0,0.103896103896104
"NSFG men 25-44",3.31,100,2000,1.6,2.82808258570937,1.16792829517068,0.0855024484479021,0.0344516599733595,0.0920574308953172,0.20445274963166,1.31,2.31,0,0.125541125541126
"NSFG men 25-44",3.31,100,2000,1.65,2.91615461690878,1.20117520345442,0.0937886338279158,0.0371577829214648,0.10270831809337,0.216632640906454,1.31,2.31,0,0.147186147186147
"NSFG men 25-44",3.31,100,2000,1.7,3.01329191719665,1.2332898493907,0.102460671039504,0.04007903334899,0.113481699840692,0.228919428156301,1.31,2.31,0,0.168831168831169
"NSFG men 25-44",3.31,100,2000,1.75,3.10182774846155,1.2642566812319,0.111483345604592,0.0430971638101731,0.12466767436599,0.241272275744157,1.31,2.31,0,0.19047619047619
"NSFG men 25-44",3.31,100,2000,1.8,3.20141083134011,1.29406821644868,0.120819725090609,0.0462322088405577,0.137122801673287,0.253652416348617,1.31,2.31,0,0.212121212121212
"NSFG men 25-44",3.31,100,2000,1.85,3.2943720828712,1.32272429357464,0.13043194739527,0.049465440668318,0.150677943002,0.266023490862464,1.31,2.31,0,0.233766233766234
"NSFG men 25-44",3.31,100,2000,1.9,3.39501141392458,1.35023130652491,0.140281919708733,0.0528486636381683,0.163982517417311,0.278351791535879,1.31,2.31,0,0.255411255411255
"NSFG men 25-44",3.31,100,2000,1.95,3.49042884382252,1.37660144061768,0.150331923060125,0.0567940382626609,0.177550797428421,0.290606418809582,1.31,2.31,0,0.277056277056277
"NSFG men 25-44",3.31,100,2000,2,3.58342585526498,1.40185192581139,0.160545122451854,0.0608505993303047,0.192337134920003,0.302759363026857,1.31,2.31,0,0.298701298701299
"NSFG men 25-44",3.31,100,2000,2.05,3.67521364643009,1.42600431924071,0.170885986081776,0.0648207047326625,0.207660245956592,0.31478552224812,1.31,2.31,0,0.32034632034632
"NSFG men 25-44",3.31,100,2000,2.1,3.76893910037385,1.44908382607249,0.181320619391966,0.0691931952836886,0.22218592696867,0.326662666953139,1.31,2.31,0,0.341991341991342
"NSFG men 25-44",3.31,100,2000,2.15,3.86658760388433,1.47111866504018,0.191817020994792,0.0735636788904204,0.236229925655704,0.338371361684984,1.31,2.31,0,0.363636363636364
"NSFG men 25-44",3.31,100,2000,2.2,3.9568957112109,1.49213948275227,0.202345268194063,0.0777779997183404,0.251298475267016,0.349894852796499,1.31,2.31,0,0.385281385281385
"NSFG men 25-44",3.31,100,2000,2.25,4.04449150944386,1.51217881898661,0.212877640057568,0.0822364468005523,0.267701168724338,0.36121893049324,1.31,2.31,0,0.406926406926407
"NSFG men 25-44",3.31,100,2000,2.3,4.12336849952699,1.53127062364629,0.223388685958548,0.0868062586353039,0.283915843435384,0.372331772383837,1.31,2.31,0,0.428571428571429
"NSFG men 25-44",3.31,100,2000,2.35,4.2056559454206,1.54944982482869,0.233855247284029,0.091578475336253,0.301914242214663,0.38322377478581,1.31,2.31,0.0170212765957447,0.432900432900433
"NSFG men 25-44",3.31,100,2000,2.4,4.29059502823496,1.5667519465075,0.244256439664737,0.096456320785536,0.319152209806193,0.39388737711414,1.31,2.31,0.0375000000000001,0.432900432900433
"NSFG men 25-44",3.31,100,2000,2.45,4.36814259270613,1.58321277361298,0.25457360264705,0.101476132599719,0.334959406679971,0.404316883815627,1.31,2.31,0.0571428571428572,0.432900432900433
"NSFG men 25-44",3.31,100,2000,2.5,4.44217992861731,1.59886806178262,0.264790223222506,0.106814927061468,0.350532453091684,0.414508287513085,1.31,2.31,0.076,0.432900432900433
"NSFG men 25-44",3.31,100,2000,2.55,4.51589022727892,1.61375328871086,0.274891839070943,0.112271922859775,0.367476640405336,0.424459096295895,1.31,2.31,0.0941176470588236,0.432900432900433
"NSFG men 25-44",3.31,100,2000,2.6,4.58445252802156,1.62790344382382,0.284865926775389,0.117003295688833,0.382149604827028,0.43416816744075,1.31,2.31,0.111538461538462,0.432900432900433
"NSFG men 25-44",3.31,100,2000,2.65,4.64382825527351,1.64135285291704,0.294701779647714,0.122671452538253,0.398581357259027,0.443635549270205,1.31,2.31,0.128301886792453,0.432900432900433
"NSFG men 25-44",3.31,100,2000,2.7,4.70953526898637,1.65413503439763,0.304390379181522,0.12846635656469,0.412801329855776,0.452862332356398,1.31,2.31,0.144444444444444,0.432900432900433
"NSFG men 25-44",3.31,100,2000,2.75,4.78324886994286,1.66628258384683,0.313924263540011,0.134123851118335,0.426949943406827,0.461850510850734,1.31,2.31,0.16,0.432900432900433
"NSFG men 25-44",3.31,100,2000,2.8,4.85453591732947,1.6778270837475,0.323297395906477,0.139011379743735,0.440514243512656,0.470602854363576,1.31,2.31,0.175,0.432900432900433
"NSFG men 25-44",3.31,100,2000,2.85,4.91974890810029,1.68879903538835,0.332505034985851,0.144444853993356,0.456180010153935,0.479122790525966,1.31,2.31,0.189473684210526,0.432900432900433
"NSFG men 25-44",3.31,100,2000,2.9,4.97492099015033,1.69922781014969,0.341543609455657,0.149996348654924,0.469972414267635,0.487414298131978,1.31,2.31,0.203448275862069,0.432900432900433
"NSFG men 25-44",3.31,100,2000,2.95,5.0254085216258,1.70914161758506,0.350410597729174,0.155602652610312,0.483020169907142,0.49548181057902,1.31,2.31,0.216949152542373,0.432900432900433
"NSFG men 25-44",3.31,100,2000,3,5.0759496421371,1.71856748792958,0.359104414014355,0.161806358645297,0.498178672492036,0.503330129187417,1.31,2.31,0.23,0.432900432900433
"NSFG men 25-44",3.31,100,2000,3.05,5.12444378122593,1.72753126688329,0.367624301328632,0.167794417070507,0.512214616003278,0.51096434588343,1.31,2.31,0.242622950819672,0.432900432900433
"NSFG men 25-44",3.31,100,2000,3.1,5.17341750828484,1.73605762073105,0.37597023185953,0.173566532089284,0.526800439130529,0.518389774665025,1.31,2.31,0.254838709677419,0.432900432900433
"NSFG men 25-44",3.31,100,2000,3.15,5.21999517683935,1.74417005006597,0.38414281484008,0.179390762176824,0.541322241867091,0.525611891231611,1.31,2.31,0.266666666666667,0.432900432900433
"NSFG men 25-44",3.31,100,2000,3.2,5.26834569938205,1.75189091057752,0.392143211931534,0.184835715199533,0.55217604732049,0.532636280142188,1.31,2.31,0.278125,0.432900432900433
"NSFG men 25-44",3.31,100,2000,3.25,5.31953715692535,1.75924143954795,0.399973059968489,0.190628250339925,0.564503297594584,0.539468588866465,1.31,2.31,0.289230769230769,0.432900432900433
"NSFG men 25-44",3.31,100,2000,3.3,5.36637658762199,1.76624178686889,0.407634400818023,0.196837418449835,0.579247249538373,0.546114488106472,1.31,2.31,0.3,0.432900432900433
"NSFG men 25-44",3.31,100,2000,3.35,5.40076449005524,1.77291104954477,0.41512961802945,0.201835354092331,0.589796004531305,0.55257963778866,1.31,2.31,0.31044776119403,0.432900432900433
"NSFG men 25-44",3.31,100,2000,3.4,5.43388706318491,1.77926730879011,0.422461379900092,0.206871894620509,0.601141190360721,0.558869658155751,1.31,2.31,0.320588235294118,0.432900432900433
"NSFG men 25-44",3.31,100,2000,3.45,5.4662956381559,1.78532766895474,0.429632588550611,0.212518192377902,0.611633206879406,0.564990105421275,1.31,2.31,0.330434782608696,0.432900432900433
"NSFG men 25-44",3.31,100,2000,3.5,5.50097586037837,1.79110829762448,0.436646334587034,0.217947569909266,0.621963624506977,0.570946451486123,1.31,2.31,0.34,0.432900432900433
"NSFG men 25-44",3.31,100,2000,3.55,5.53568597318675,1.79662446634642,0.443505856922306,0.223319020072306,0.633850585108816,0.576744067254053,1.31,2.31,0.349295774647887,0.432900432900433
"NSFG men 25-44",3.31,100,2000,3.6,5.57525108691127,1.80189059151712,0.450214507335158,0.228432250789884,0.643340344795671,0.582388209120808,1.31,2.31,0.358333333333333,0.432900432900433
"NSFG men 25-44",3.31,100,2000,3.65,5.60903317539929,1.80692027505152,0.456775719355916,0.233355350195954,0.653848139726909,0.587884008248585,1.31,2.31,0.367123287671233,0.432900432900433
"NSFG men 25-44",3.31,100,2000,3.7,5.63649471894049,1.81172634451896,0.46319298108567,0.238270148901321,0.664858099510498,0.593236462273357,1.31,2.31,0.375675675675676,0.432900432900433
"NSFG men 25-44",3.31,100,2000,3.75,5.6637081464411,1.8163208924932,0.469469811575368,0.242045130111776,0.676389065521728,0.59845042912662,1.31,2.31,0.384,0.432900432900433
"NSFG men 25-44",3.31,100,2000,3.8,5.69524018157879,1.82071531491528,0.475609740413708,0.245835453087366,0.687145771648979,0.603530622685255,1.31,2.31,0.392105263157895,0.432900432900433
"NSFG men 25-44",3.31,100,2000,3.85,5.72293726328531,1.82492034831301,0.481616290196153,0.250648684235667,0.698122770694723,0.608481609993167,1.31,2.31,0.4,0.432900432900433
"NSFG men 25-44",3.31,100,2000,3.9,5.74963963460423,1.8289461057593,0.487492961571318,0.254868185511066,0.708784502866861,0.61330780982611,1.31,2.31,0.407692307692308,0.432900432900433
"NSFG men 25-44",3.31,100,2000,3.95,5.77353411521164,1.83280211148417,0.493243220584671,0.25931900636467,0.718543460358429,0.618013492396713,1.31,2.31,0.415189873417722,0.432900432900433
"NSFG men 25-44",3.31,100,2000,4,5.79647351964177,1.83649733408319,0.498870488062746,0.263412561919751,0.728207753836543,0.622602780020044,1.31,2.31,0.4225,0.432900432900433
"NSFG men 25-44",3.31,100,2000,4.05,5.81873341197333,1.84004021828796,0.504378130803374,0.268060615897896,0.737930940649422,0.627079648581395,1.31,2.31,0.42962962962963,0.432900432900433
"NSFG men 25-44",3.31,100,2000,4.1,5.8378197678607,1.84343871528399,0.509769454358721,0.272177080543989,0.747088420569861,0.631447929667207,1.31,2.31,0.436585365853659,0.432900432900433
"NSFG men 25-44",3.31,100,2000,4.15,5.85828952870315,1.84670031157698,0.515047697218062,0.276071059913613,0.755934962328297,0.635711313237495,1.31,2.31,0.443373493975904,0.432900432900433
"NSFG men 25-44",3.31,100,2000,4.2,5.8774898286759,1.84983205642178,0.520216026215986,0.280365679706045,0.76393146732185,0.639873350733721,1.31,2.31,0.45,0.432900432900433
"NSFG men 25-44",3.31,100,2000,4.25,5.90054955585152,1.85284058783871,0.525277533009295,0.284870440633791,0.770716003087805,0.643937458530109,1.31,2.31,0.456470588235294,0.432900432900433
"NSFG men 25-44",3.31,100,2000,4.3,5.92125479892513,1.85573215725026,0.530235231482064,0.289089890733267,0.778223070911151,0.647906921648839,1.31,2.31,0.462790697674419,0.432900432900433
"NSFG men 25-44",3.31,100,2000,4.35,5.93996482626037,1.85851265277774,0.535092055953244,0.293281323619675,0.785575869298975,0.651784897670676,1.31,2.31,0.468965517241379,0.432900432900433
"NSFG men 25-44",3.31,100,2000,4.4,5.96087705351308,1.86118762124236,0.539850860074878,0.297674846692324,0.792448563743893,0.655574420782443,1.31,2.31,0.475,0.432900432900433
"NSFG men 25-44",3.31,100,2000,4.45,5.9799847617456,1.86376228891864,0.544514416321501,0.302293669985188,0.800222616727987,0.659278405911401,1.31,2.31,0.480898876404494,0.432900432900433
"NSFG men 25-44",3.31,100,2000,4.5,5.99622728650982,1.86624158109076,0.549085415982622,0.306564618184553,0.805950676819747,0.66289965290428,1.31,2.31,0.486666666666667,0.432900432900433
"NSFG men 25-44",3.31,100,2000,4.55,6.01511796304791,1.86863014046376,0.553566469580472,0.311126598617408,0.812581399610138,0.666440850715422,1.31,2.31,0.492307692307692,0.432900432900433
"NSFG men 25-44",3.31,100,2000,4.6,6.03536890502377,1.8709323444823,0.557960107644504,0.314807701858004,0.81748985506315,0.669904581574346,1.31,2.31,0.497826086956522,0.432900432900433
"NSFG men 25-44",3.31,100,2000,4.65,6.05498785427223,1.8731523216098,0.562268781782453,0.318997862764283,0.822519076461054,0.673293325108216,1.31,2.31,0.503225806451613,0.432900432900433
"NSFG men 25-44",3.31,100,2000,4.7,6.06754734269663,1.8752939666204,0.56649486599528,0.322485737838061,0.829697484854277,0.676609462399104,1.31,2.31,0.508510638297872,0.432900432900433
"NSFG men 25-44",3.31,100,2000,4.75,6.07551243177609,1.87736095495513,0.570640658190028,0.327279609744868,0.836341347953495,0.679855279959837,1.31,2.31,0.513684210526316,0.432900432900433
"NSFG men 25-44",3.31,100,2000,4.8,6.08746140738309,1.8793567561929,0.574708381850576,0.330845805928362,0.841612409250936,0.683032973615531,1.31,2.31,0.51875,0.432900432900433
"NSFG men 25-44",3.31,100,2000,4.85,6.09955382372758,1.88128464668501,0.578700187831636,0.335166511042943,0.846786724531455,0.686144652280793,1.31,2.31,0.523711340206186,0.432900432900433
"NSFG men 25-44",3.31,100,2000,4.9,6.11323456758507,1.88314772140064,0.58261815624602,0.33887279478797,0.851708119568868,0.689192341625013,1.31,2.31,0.528571428571429,0.432900432900433
"NSFG men 25-44",3.31,100,2000,4.95,6.12644574097662,1.8849489050289,0.586464298419434,0.343926596180938,0.85655105589997,0.692177987620284,1.31,2.31,0.533333333333333,0.432900432900433
"NSFG men 25-44",3.31,100,2000,5,6.13920691424953,1.88669096238099,0.590240558890685,0.347100638687528,0.861119451977803,0.695103459968245,1.31,2.31,0.538,0.432900432900433
"NSFG men 25-44",3.31,100,2000,5.05,6.15424127202148,1.88837650813449,0.593948817438513,0.351263688199418,0.865522873442863,0.697970555403654,1.31,2.31,0.542574257425743,0.432900432900433
"NSFG men 25-44",3.31,100,2000,5.1,6.1685591853411,1.89000801595939,0.597590891119053,0.354231570976685,0.86982191026245,0.700781000873758,1.31,2.31,0.547058823529412,0.432900432900433
"NSFG men 25-44",3.31,100,2000,5.15,6.17961485545898,1.89158782706387,0.601168536300486,0.357934796919757,0.873287844532735,0.703536456593562,1.31,2.31,0.551456310679612,0.432900432900433
"NSFG men 25-44",3.31,100,2000,5.2,6.19022542506997,1.8931181581958,0.604683450683595,0.361648206229478,0.877155502091468,0.706238518977989,1.31,2.31,0.555769230769231,0.432900432900433
"NSFG men 25-44",3.31,100,2000,5.25,6.19925076393839,1.89460110913393,0.608137275298887,0.365585729597149,0.881840520343326,0.708888723452606,1.31,2.31,0.56,0.432900432900433
"NSFG men 25-44",3.31,100,2000,5.3,6.20849477320106,1.89603866970095,0.611531596472573,0.368691689459602,0.885479728546818,0.711488547145195,1.31,2.31,0.564150943396226,0.432900432900433
"NSFG men 25-44",3.31,100,2000,5.35,6.21623891820414,1.89743272632897,0.614867947755173,0.372396683595942,0.889557088059304,0.714039411460864,1.31,2.31,0.568224299065421,0.432900432900433
"NSFG men 25-44",3.31,100,2000,5.4,6.22374727446707,1.89878506820576,0.618147811807734,0.375926191974494,0.89364762629021,0.716542684543799,1.31,2.31,0.572222222222222,0.432900432900433
"NSFG men 25-44",3.31,100,2000,5.45,6.22866490917099,1.900097393029,0.621372622241758,0.380016951783495,0.896839133674636,0.718999683628986,1.31,2.31,0.576146788990826,0.432900432900433
"NSFG men 25-44",3.31,100,2000,5.5,6.23253177035713,1.90137131239368,0.624543765409832,0.383864069779258,0.899861689599603,0.721411677287464,1.31,2.31,0.58,0.432900432900433
"NSFG men 25-44",3.31,100,2000,5.55,6.23870542374697,1.90260835683651,0.627662582144778,0.387489414863185,0.902921134242076,0.72377988756878,1.31,2.31,0.583783783783784,0.432900432900433
"NSFG men 25-44",3.31,100,2000,5.6,6.24467985854838,1.90380998055973,0.630730369445793,0.391143635478502,0.906132897703292,0.726105492044428,1.31,2.31,0.5875,0.432900432900433
"NSFG men 25-44",3.31,100,2000,5.65,6.25093398843224,1.90497756585515,0.633748382110651,0.394158086854248,0.909382425792948,0.728389625756089,1.31,2.31,0.591150442477876,0.432900432900433
"NSFG men 25-44",3.31,100,2000,5.7,6.25888796536418,1.90611242724822,0.636717834313496,0.39688733248251,0.912518079535102,0.730633383072484,1.31,2.31,0.594736842105263,0.432900432900433
"NSFG men 25-44",3.31,100,2000,5.75,6.26499531291413,1.90721581538027,0.639639901128209,0.400813256078878,0.915350279851855,0.732837819458642,1.31,2.31,0.598260869565217,0.432900432900433
"NSFG men 25-44",3.31,100,2000,5.8,6.27093330414215,1.90828892064631,0.642515719997623,0.403402868539361,0.918185387097229,0.735003953161342,1.31,2.31,0.601724137931035,0.432900432900433
"NSFG men 25-44",3.31,100,2000,5.85,6.27994378235007,1.90933287660436,0.645346392149189,0.408207192443649,0.921042360600904,0.737132766814412,1.31,2.31,0.605128205128205,0.432900432900433
"NSFG men 25-44",3.31,100,2000,5.9,6.28839018893291,1.91034876317144,0.648132983957904,0.411312004603833,0.923734204094222,0.739225208967485,1.31,2.31,0.608474576271187,0.432900432900433
"NSFG men 25-44",3.31,100,2000,5.95,6.29522806169039,1.9113376096201,0.650876528257508,0.415521556330222,0.926201780640752,0.741282195541727,1.31,2.31,0.611764705882353,0.432900432900433
"NSFG men 25-44",3.31,100,2000,6,6.30291739796235,1.91230039738879,0.653578025601118,0.419223402794501,0.928557564870545,0.743304611215943,1.31,2.31,0.615,0.432900432900433
"NSFG men 25-44",3.31,100,2000,6.05,6.31068318472785,1.91323806271824,0.656238445472557,0.421986737753182,0.930885825538623,0.745293310746351,1.31,2.31,0.618181818181818,0.432900432900433
"NSFG men 25-44",3.31,100,2000,6.1,6.32009330786195,1.91415149912522,0.658858727449771,0.423947450396994,0.933114014211235,0.747249120223211,1.31,2.31,0.621311475409836,0.432900432900433
"NSFG men 25-44",3.31,100,2000,6.15,6.32968230408265,1.91504155972452,0.661439782321754,0.426641903486115,0.93524728574698,0.749172838267366,1.31,2.31,0.624390243902439,0.432900432900433
"NSFG men 25-44",3.31,100,2000,6.2,6.33640930409859,1.91590905940897,0.66398249316046,0.430183294406708,0.937237614139233,0.751065237169638,1.31,2.31,0.62741935483871,0.432900432900433
"NSFG men 25-44",3.31,100,2000,6.25,6.34279592468864,1.91675477689677,0.666487716349234,0.433805521535334,0.939166022175005,0.752927063975895,1.31,2.31,0.6304,0.432900432900433
"NSFG men 25-44",3.31,100,2000,6.3,6.34900362293078,1.91757945665499,0.668956282569257,0.437336320072237,0.941034451229355,0.7547590415205,1.31,2.31,0.633333333333333,0.432900432900433
"NSFG men 25-44",3.31,100,2000,6.35,6.35503857497244,1.91838381070709,0.671388997745554,0.441815399964855,0.942982731378925,0.756561869410703,1.31,2.31,0.636220472440945,0.432900432900433
"NSFG men 25-44",3.31,100,2000,6.4,6.36144745876401,1.91916852033214,0.673786643954087,0.444375294140827,0.945094937622971,0.758336224964472,1.31,2.31,0.6390625,0.432900432900433
"NSFG men 25-44",3.31,100,2000,6.45,6.36661388259291,1.91993423766277,0.676149980291408,0.4480577749866,0.946851056767654,0.760082764104076,1.31,2.31,0.641860465116279,0.432900432900433
"NSFG men 25-44",3.31,100,2000,6.5,6.37216554772046,1.9206815871883,0.678479743708387,0.450774358004134,0.948435266725982,0.761802122207692,1.31,2.31,0.644615384615385,0.432900432900433
"NSFG men 25-44",3.31,100,2000,6.55,6.37803060579893,1.92141116716928,0.680776649809436,0.453631480344666,0.950177664619124,0.763494914921144,1.31,2.31,0.647328244274809,0.432900432900433
"NSFG men 25-44",3.31,100,2000,6.6,6.3842605307702,1.92212355096914,0.683041393618662,0.456395684787587,0.951860510476246,0.765161738931819,1.31,2.31,0.65,0.432900432900433
"NSFG men 25-44",3.31,100,2000,6.65,6.38919189570713,1.92281928830811,0.685274650314322,0.458712253549906,0.953477104855686,0.766803172706674,1.31,2.31,0.652631578947368,0.432900432900433
"NSFG men 25-44",3.31,100,2000,6.7,6.3939859008591,1.92349890644461,0.687477075932911,0.461856468578526,0.955008499174026,0.768419777196162,1.31,2.31,0.655223880597015,0.432900432900433
"NSFG men 25-44",3.31,100,2000,6.75,6.39869142870105,1.9241629112885,0.689649308044196,0.466048671788788,0.956779420700212,0.770012096505831,1.31,2.31,0.657777777777778,0.432900432900433
"NSFG men 25-44",3.31,100,2000,6.8,6.40379407780553,1.92481178845071,0.69179196639844,0.470223253808578,0.958543930635112,0.771580658537218,1.31,2.31,0.660294117647059,0.432900432900433
"NSFG men 25-44",3.31,100,2000,6.85,6.41009160248793,1.92544600423312,0.693905653547017,0.472205533286696,0.960236625777179,0.773125975599627,1.31,2.31,0.662773722627737,0.432900432900433
"NSFG men 25-44",3.31,100,2000,6.9,6.41556298672038,1.92606600656246,0.695990955437607,0.473890192732613,0.961784254691769,0.774648544994243,1.31,2.31,0.665217391304348,0.432900432900433
"NSFG men 25-44",3.31,100,2000,6.95,6.4208128006762,1.92667222587191,0.698048441985062,0.475213144571966,0.963219609861522,0.776148849572016,1.31,2.31,0.667625899280575,0.432900432900433
"NSFG men 25-44",3.31,100,2000,7,6.42513256026433,1.92726507593338,0.700078667619046,0.476497847417126,0.9645444891286,0.777627358266616,1.31,2.31,0.67,0.432900432900433
"NSFG men 25-44",3.31,100,2000,7.05,6.42852923469763,1.92784495464381,0.702082171809463,0.478249179567449,0.965598497864276,0.77908452660374,1.31,2.31,0.672340425531915,0.432900432900433
"NSFG men 25-44",3.31,100,2000,7.1,6.43169614302637,1.92841224476807,0.704059479570668,0.480125212368948,0.966609727496771,0.780520797187947,1.31,2.31,0.674647887323944,0.432900432900433
"NSFG men 25-44",3.31,100,2000,7.15,6.43476106361772,1.92896731464139,0.706011101945418,0.482160942807555,0.96759085416096,0.781936600168158,1.31,2.31,0.676923076923077,0.432900432900433
"NSFG men 25-44",3.31,100,2000,7.2,6.43772756989606,1.92951051883355,0.707937536469453,0.484733872906641,0.96854279644357,0.783332353682891,1.31,2.31,0.679166666666667,0.432900432900433
"NSFG men 25-44",3.31,100,2000,7.25,6.44059910643612,1.93004219877738,0.709839267617584,0.48721232917142,0.96971259249983,0.784708464286235,1.31,2.31,0.681379310344828,0.432900432900433
"NSFG men 25-44",3.31,100,2000,7.3,6.44369391171954,1.93056268336348,0.711716767232117,0.489352054382384,0.970876585314326,0.786065327355522,1.31,2.31,0.683561643835616,0.432900432900433
"NSFG men 25-44",3.31,100,2000,7.35,6.44716691377425,1.93107228950352,0.713570494934399,0.490485309992943,0.971941170339844,0.787403327481605,1.31,2.31,0.685714285714286,0.432900432900433
"NSFG men 25-44",3.31,100,2000,7.4,6.45016369641615,1.93157132266365,0.715400898520238,0.491889335388914,0.972849787382522,0.788722838842603,1.31,2.31,0.687837837837838,0.432900432900433
"NSFG men 25-44",3.31,100,2000,7.45,6.45384535384006,1.93206007737004,0.717208414339931,0.494130942248618,0.973810429868639,0.790024225561911,1.31,2.31,0.68993288590604,0.432900432900433
"NSFG men 25-44",3.31,100,2000,7.5,6.4575426942633,1.93253883768817,0.718993467663563,0.496381954226727,0.974803824503232,0.791307842051258,1.31,2.31,0.692,0.432900432900433
"NSFG men 25-44",3.31,100,2000,7.55,6.46286506928285,1.9330078776773,0.720756473032259,0.49875330588377,0.975748754864613,0.79257403333953,1.31,2.31,0.694039735099338,0.432900432900433
"NSFG men 25-44",3.31,100,2000,7.6,6.46701291696703,1.93346746182171,0.722497834595984,0.5000303918299,0.976530767792006,0.793823135388041,1.31,2.31,0.696052631578947,0.432900432900433
"NSFG men 25-44",3.31,100,2000,7.65,6.47082205280478,1.93391784543994,0.72421794643851,0.502414807481945,0.977307856366856,0.795055475392928,1.31,2.31,0.698039215686274,0.432900432900433
"NSFG men 25-44",3.31,100,2000,7.7,6.47365099042648,1.93435927507346,0.725917192890104,0.50579764764839,0.978108312026633,0.79627137207525,1.31,2.31,0.7,0.432900432900433
"NSFG men 25-44",3.31,100,2000,7.75,6.47573669086697,1.93479198885573,0.727595948828468,0.508275149604069,0.978847260188349,0.797471135959405,1.31,2.31,0.701935483870968,0.432900432900433
"NSFG men 25-44",3.31,100,2000,7.8,6.47804711565016,1.93521621686304,0.729254579968467,0.510799998805083,0.979552964322961,0.7986550696404,1.31,2.31,0.703846153846154,0.432900432900433
"NSFG men 25-44",3.31,100,2000,7.85,6.48066355328013,1.9356321814479,0.730893443141114,0.513068856081752,0.980234305348184,0.79982346804051,1.31,2.31,0.705732484076433,0.432900432900433
"NSFG men 25-44",3.31,100,2000,7.9,6.48324334427165,1.93604009755621,0.732512886562282,0.514272113387317,0.980892156568782,0.80097661865581,1.31,2.31,0.707594936708861,0.432900432900433
"NSFG men 25-44",3.31,100,2000,7.95,6.48578749162262,1.93644017302888,0.734113250091596,0.51560148629055,0.981527358931464,0.802114801793058,1.31,2.31,0.709433962264151,0.432900432900433
"NSFG men 25-44",3.31,100,2000,8,6.4882969602875,1.93683260888898,0.735694865481914,0.51846510239614,0.982140722240704,0.803238290797374,1.31,2.31,0.71125,0.432900432900433
"NSFG men 25-44",3.31,1000,1000,0,1,0,0.001,0.001,0.001,0.001,1.31,2.31,0,0
"NSFG men 25-44",3.31,1000,1000,0.05,1.02460687886199,0.0255809007279092,0.00100060359236914,0.00100056034238126,0.00100064628327378,0.00117311155929983,1.31,2.31,0,0
"NSFG men 25-44",3.31,1000,1000,0.1,1.05139429043727,0.0530075665655182,0.0010025919428947,0.00100239944262646,0.00100277976771035,0.00137641905533649,1.31,2.31,0,0
"NSFG men 25-44",3.31,1000,1000,0.15,1.08055702534407,0.0823917166663606,0.0010062744911481,0.0010057844049743,0.00100673909293533,0.00161519192107062,1.31,2.31,0,0
"NSFG men 25-44",3.31,1000,1000,0.2,1.11250768941531,0.11384202494567,0.00101202977478044,0.00101101315601948,0.00101295754473726,0.00189560693871679,1.31,2.31,0,0
"NSFG men 25-44",3.31,1000,1000,0.25,1.14723875093194,0.147461122646782,0.00102032376939088,0.00101848869072563,0.00102194643327424,0.00222489779454456,1.31,2.31,0,0
"NSFG men 25-44",3.31,1000,1000,0.3,1.18517073835827,0.183342304850405,0.00103173417007953,0.00102859472925565,0.00103437971092515,0.00261152631230182,1.31,2.31,0,0
"NSFG men 25-44",3.31,1000,1000,0.35,1.22659520055431,0.221566107553232,0.00104698286472942,0.00104196439393299,0.00105111674030634,0.00306537717519127,1.31,2.31,0,0
"NSFG men 25-44",3.31,1000,1000,0.4,1.27164611154609,0.26219694117809,0.00106697977418218,0.0010590643357737,0.00107302025790442,0.00359797741468437,1.31,2.31,0,0
"NSFG men 25-44",3.31,1000,1000,0.45,1.32182492071492,0.305279959299596,0.00109288253448354,0.00108073081953189,0.00110161667020287,0.00422274096416833,1.31,2.31,0,0
"NSFG men 25-44",3.31,1000,1000,0.5,1.3761413110967,0.350838312539352,0.00112617829407672,0.00110758608029896,0.00113879069038596,0.0049552369301792,1.31,2.31,0,0
"NSFG men 25-44",3.31,1000,1000,0.55,1.43678674402888,0.39887089614881,0.00116879631995454,0.00114081118831851,0.00118579194356064,0.00581347763188998,1.31,2.31,0,0
"NSFG men 25-44",3.31,1000,1000,0.6,1.50288057543656,0.44935065559941,0.00122326323132242,0.00118157178688066,0.00124486066857219,0.00681821852814433,1.31,2.31,0,0
"NSFG men 25-44",3.31,1000,1000,0.65,1.5722106938463,0.502223475240613,0.00129291643458587,0.00123104535391307,0.00132132409104848,0.00799325645723568,1.31,2.31,0,0
"NSFG men 25-44",3.31,1000,1000,0.7,1.65137973134616,0.557407645316161,0.00138219529174525,0.00129162408394212,0.00141621971724184,0.00936570473641766,1.31,2.31,0,0
"NSFG men 25-44",3.31,1000,1000,0.75,1.73570284689842,0.614793884054447,0.00149703260140023,0.00136296428128433,0.00153511979522405,0.010966213367283,1.31,2.31,0,0
"NSFG men 25-44",3.31,1000,1000,0.8,1.82772218175313,0.67424588381705,0.00164536886214388,0.00145037104147463,0.00168232104281313,0.0128290901369261,1.31,2.31,0,0
"NSFG men 25-44",3.31,1000,1000,0.85,1.92875333735115,0.735601351712209,0.00183780475162161,0.00155513208077825,0.00186916095136381,0.0149922650738941,1.31,2.31,0,0
"NSFG men 25-44",3.31,1000,1000,0.9,2.04058248710976,0.798673523104947,0.00208838811237532,0.00168148254581196,0.00210045084617154,0.0174970294350462,1.31,2.31,0,0
"NSFG men 25-44",3.31,1000,1000,0.95,2.15995520308798,0.863253137809358,0.00241549536430921,0.00183355458768871,0.00239493898873009,0.0203874761951323,1.31,2.31,0,0
"NSFG men 25-44",3.31,1000,1000,1,2.28821849426977,0.929110879311747,0.00284271229976594,0.00201133703294382,0.00277235108407081,0.0237095787192771,1.31,2.31,0,0
"NSFG men 25-44",3.31,1000,1000,1.05,2.43216905123162,0.996000282123254,0.00339955382154976,0.00222232571075142,0.00324290285533122,0.0275098746713384,1.31,2.31,0,0
"NSFG men 25-44",3.31,1000,1000,1.1,2.5772268203798,1.0636611059584,0.00412180880538733,0.00246441722679487,0.00380557838861907,0.0318337760545369,1.31,2.31,0,0
"NSFG men 25-44",3.31,1000,1000,1.15,2.7407294009812,1.13182315389026,0.00505128897599841,0.00275476472263621,0.0045423427021304,0.036723597725909,1.31,2.31,0,0
"NSFG men 25-44",3.31,1000,1000,1.2,2.91222079990562,1.20021047473363,0.00623482949649163,0.00309155418049594,0.0054269555896486,0.042216468862862,1.31,2.31,0,0
"NSFG men 25-44",3.31,1000,1000,1.25,3.10155168778629,1.26854584310448,0.0077225353599305,0.00347773065551849,0.00653826350654922,0.0483423405714888,1.31,2.31,0,0
"NSFG men 25-44",3.31,1000,1000,1.3,3.30802454527024,1.33655536459026,0.0095654494779477,0.00394494178087143,0.00792334442941809,0.0551223073875743,1.31,2.31,0,0
"NSFG men 25-44",3.31,1000,1000,1.35,3.52577950602398,1.40397302078187,0.0118129636908332,0.00447279129702677,0.00953229924791612,0.0625674153460947,1.31,2.31,0,0.0173160173160173
"NSFG men 25-44",3.31,1000,1000,1.4,3.75071305235603,1.47054495897763,0.0145103418350865,0.00506914504196982,0.0115176753057643,0.0706780487636045,1.31,2.31,0,0.038961038961039
"NSFG men 25-44",3.31,1000,1000,1.45,3.99551940289511,1.53603334675239,0.0176966621387065,0.00576770495698141,0.013964657177878,0.0794438986157772,1.31,2.31,0,0.0606060606060607
"NSFG men 25-44",3.31,1000,1000,1.5,4.24527618842773,1.60021964768582,0.0214033542521101,0.00657003551243586,0.0167723583055897,0.088844442918962,1.31,2.31,0,0.0822510822510822
"NSFG men 25-44",3.31,1000,1000,1.55,4.51752666737088,1.66290722236762,0.0256533646041738,0.00746472880044258,0.0203301086699737,0.0988498274807063,1.31,2.31,0,0.103896103896104
"NSFG men 25-44",3.31,1000,1000,1.6,4.78535215279485,1.72392320882124,0.0304608772856437,0.00848870035240784,0.0245901853745297,0.109422023782988,1.31,2.31,0,0.125541125541126
"NSFG men 25-44",3.31,1000,1000,1.65,5.07478504082263,1.78311968146614,0.0358314615210065,0.00963177613168984,0.0292294096360978,0.120516151205735,1.31,2.31,0,0.147186147186147
"NSFG men 25-44",3.31,1000,1000,1.7,5.34496736407428,1.84037412367422,0.0417625055652304,0.010893374717277,0.034805235100827,0.132081872772155,1.31,2.31,0,0.168831168831169
"NSFG men 25-44",3.31,1000,1000,1.75,5.63798277122731,1.89558927473523,0.0482438178584485,0.0124196715566172,0.0409779974939774,0.14406479812504,1.31,2.31,0,0.19047619047619
"NSFG men 25-44",3.31,1000,1000,1.8,5.93991140343968,1.94869242845421,0.0552583151993756,0.0140003670931953,0.0478292279789969,0.156407848323317,1.31,2.31,0,0.212121212121212
"NSFG men 25-44",3.31,1000,1000,1.85,6.2603532866849,1.99963426949866,0.062782759445007,0.0157083316771917,0.0560182487538534,0.16905255121377,1.31,2.31,0,0.233766233766234
"NSFG men 25-44",3.31,1000,1000,1.9,6.5587511813897,2.04838733703244,0.0707885353806429,0.0177736930988894,0.0659420257945519,0.181940243611467,1.31,2.31,0,0.255411255411255
"NSFG men 25-44",3.31,1000,1000,1.95,6.88660157929414,2.09494420478631,0.0792424756412675,0.0199643118083934,0.0758025636221367,0.195013159640791,1.31,2.31,0,0.277056277056277
"NSFG men 25-44",3.31,1000,1000,2,7.24235940550843,2.13931546357723,0.0881077349311215,0.022151351327666,0.0866200081475111,0.208215386473922,1.31,2.31,0,0.298701298701299
"NSFG men 25-44",3.31,1000,1000,2.05,7.59261077824326,2.18152758692617,0.0973447024320454,0.0244059108313819,0.0998130980303193,0.221493671792632,1.31,2.31,0,0.32034632034632
"NSFG men 25-44",3.31,1000,1000,2.1,7.93000010953673,2.22162075309803,0.106911926859363,0.0272165922987211,0.112169683560521,0.234798072567024,1.31,2.31,0,0.341991341991342
"NSFG men 25-44",3.31,1000,1000,2.15,8.25038432475449,2.25964668786219,0.116767019392966,0.0301283299016206,0.125797060226302,0.248082441789707,1.31,2.31,0,0.363636363636364
"NSFG men 25-44",3.31,1000,1000,2.2,8.54522536752973,2.2956665819601,0.126867498107221,0.0332698502207245,0.140010142647533,0.261304757452665,1.31,2.31,0,0.385281385281385
"NSFG men 25-44",3.31,1000,1000,2.25,8.85186838088397,2.3297491262404,0.137171542721029,0.0366017606263383,0.153700886447531,0.27442730503008,1.31,2.31,0,0.406926406926407
"NSFG men 25-44",3.31,1000,1000,2.3,9.15389955460093,2.36196869632733,0.147638637926547,0.0401151809510242,0.167911361723599,0.287416730100533,1.31,2.31,0,0.428571428571429
"NSFG men 25-44",3.31,1000,1000,2.35,9.46302540232618,2.39240370813865,0.158230094372474,0.0435234013150827,0.185130747652333,0.300243981079167,1.31,2.31,0.0170212765957447,0.432900432900433
"NSFG men 25-44",3.31,1000,1000,2.4,9.7359741399894,2.42113515605675,0.168909446324223,0.0474292081105538,0.199848773074583,0.312884163361884,1.31,2.31,0.0375000000000001,0.432900432900433
"NSFG men 25-44",3.31,1000,1000,2.45,10.0888768041016,2.44824533740896,0.179642732789857,0.0513652208998312,0.215809161492144,0.325316325838488,1.31,2.31,0.0571428571428572,0.432900432900433
"NSFG men 25-44",3.31,1000,1000,2.5,10.4074772559036,2.47381676028712,0.190398674055772,0.0553764026182723,0.230575535230822,0.337523199174027,1.31,2.31,0.076,0.432900432900433
"NSFG men 25-44",3.31,1000,1000,2.55,10.6723733047602,2.49793122664355,0.201148758305397,0.0599189835911153,0.249154516670604,0.349490902957602,1.31,2.31,0.0941176470588236,0.432900432900433
"NSFG men 25-44",3.31,1000,1000,2.6,10.9786764411201,2.52066907894314,0.211867253806862,0.064672633722641,0.266271039646505,0.361208636174323,1.31,2.31,0.111538461538462,0.432900432900433
"NSFG men 25-44",3.31,1000,1000,2.65,11.2847668186115,2.54210859626306,0.222531161647855,0.0691549006321295,0.283688177412443,0.372668362765674,1.31,2.31,0.128301886792453,0.432900432900433
"NSFG men 25-44",3.31,1000,1000,2.7,11.5755326871012,2.56232552441071,0.233120122703547,0.0735774735096573,0.301376986791784,0.383864501501445,1.31,2.31,0.144444444444444,0.432900432900433
"NSFG men 25-44",3.31,1000,1000,2.75,11.8932751969609,2.58139272416938,0.243616290855655,0.0784358844488742,0.318546500221068,0.394793627104035,1.31,2.31,0.16,0.432900432900433
"NSFG men 25-44",3.31,1000,1000,2.8,12.0993565175098,2.59937992197931,0.254004182712246,0.0832649578743729,0.335645562209683,0.405454187592948,1.31,2.31,0.175,0.432900432900433
"NSFG men 25-44",3.31,1000,1000,2.85,12.3301622407385,2.61635354804238,0.264270512370336,0.0881827416111107,0.351419968017544,0.415846241162998,1.31,2.31,0.189473684210526,0.432900432900433
"NSFG men 25-44",3.31,1000,1000,2.9,12.5698266071671,2.63237664784879,0.274404018198434,0.0933960272711691,0.371045540226213,0.42597121455896,1.31,2.31,0.203448275862069,0.432900432900433
"NSFG men 25-44",3.31,1000,1000,2.95,12.8110514353795,2.6475088543383,0.28439528722497,0.0985535679378956,0.391361303911163,0.435831683834535,1.31,2.31,0.216949152542373,0.432900432900433
"NSFG men 25-44",3.31,1000,1000,3,12.9919400702078,2.66180640922784,0.294236581504975,0.103688357406061,0.409361172803519,0.445431177551215,1.31,2.31,0.23,0.432900432900433
"NSFG men 25-44",3.31,1000,1000,3.05,13.1487759295098,2.67532222338532,0.303921669792564,0.108758834843615,0.427676892640973,0.454774001848706,1.31,2.31,0.242622950819672,0.432900432900433
"NSFG men 25-44",3.31,1000,1000,3.1,13.3305506403159,2.68810596745012,0.313445666957443,0.113536677109343,0.445109124979148,0.463865086369881,1.31,2.31,0.254838709677419,0.432900432900433
"NSFG men 25-44",3.31,1000,1000,3.15,13.5168428779871,2.7002041851554,0.322804882835659,0.118060899291361,0.462424254488294,0.472709849719119,1.31,2.31,0.266666666666667,0.432900432900433
"NSFG men 25-44",3.31,1000,1000,3.2,13.6864452480191,2.7116604229696,0.331996681584894,0.122776841093739,0.475237563612674,0.481314082945763,1.31,2.31,0.278125,0.432900432900433
"NSFG men 25-44",3.31,1000,1000,3.25,13.8605555767281,2.72251537073116,0.341019352109701,0.128528397762179,0.48611373907063,0.489683849449781,1.31,2.31,0.289230769230769,0.432900432900433
"NSFG men 25-44",3.31,1000,1000,3.3,13.9758951087973,2.73280700889302,0.349871989720101,0.134198222798209,0.500686781879037,0.497825399683424,1.31,2.31,0.3,0.432900432900433
"NSFG men 25-44",3.31,1000,1000,3.35,14.1107084680412,2.74257075882332,0.358554388875538,0.140124645751245,0.512974950058069,0.505745099052643,1.31,2.31,0.31044776119403,0.432900432900433
"NSFG men 25-44",3.31,1000,1000,3.4,14.2686578069238,2.75183963332846,0.367066946633618,0.145448436351165,0.529375319345218,0.513449367490128,1.31,2.31,0.320588235294118,0.432900432900433
"NSFG men 25-44",3.31,1000,1000,3.45,14.3929408033637,2.7606443851818,0.375410576257465,0.150588982359264,0.545601926625419,0.520944629265754,1.31,2.31,0.330434782608696,0.432900432900433
"NSFG men 25-44",3.31,1000,1000,3.5,14.5542241076364,2.76901365196363,0.383586630326071,0.156712334725674,0.560335139633562,0.52823727170997,1.31,2.31,0.34,0.432900432900433
"NSFG men 25-44",3.31,1000,1000,3.55,14.7170141175607,2.7769740959555,0.391596832628054,0.162733591203062,0.572982109414963,0.535333611643499,1.31,2.31,0.349295774647887,0.432900432900433
"NSFG men 25-44",3.31,1000,1000,3.6,14.8306391745571,2.78455053819397,0.399443218091566,0.168451913417467,0.586239483963733,0.542239868426805,1.31,2.31,0.358333333333333,0.432900432900433
"NSFG men 25-44",3.31,1000,1000,3.65,14.9356495270921,2.79176608608483,0.407128080003113,0.175132066458204,0.597862225092699,0.548962142660601,1.31,2.31,0.367123287671233,0.432900432900433
"NSFG men 25-44",3.31,1000,1000,3.7,15.0442009762122,2.79864225421758,0.414653923788776,0.180359635444878,0.608512184094447,0.555506399681463,1.31,2.31,0.375675675675676,0.432900432900433
"NSFG men 25-44",3.31,1000,1000,3.75,15.157167173953,2.80519907821051,0.422023426666381,0.185734583559724,0.618223981094067,0.561878457102042,1.31,2.31,0.384,0.432900432900433
"NSFG men 25-44",3.31,1000,1000,3.8,15.2853148878803,2.81145522156541,0.429239402521873,0.19055288696784,0.628556265195484,0.568083975742539,1.31,2.31,0.392105263157895,0.432900432900433
"NSFG men 25-44",3.31,1000,1000,3.85,15.3926050543648,2.81742807562573,0.436304771413237,0.195313280316464,0.635477069026236,0.574128453388231,1.31,2.31,0.4,0.432900432900433
"NSFG men 25-44",3.31,1000,1000,3.9,15.4959276664009,2.82313385281805,0.443222533157897,0.199778747648435,0.648760877724794,0.580017220886959,1.31,2.31,0.407692307692308,0.432900432900433
"NSFG men 25-44",3.31,1000,1000,3.95,15.595450317375,2.82858767341919,0.449995744512201,0.203435578489864,0.66007107969531,0.585755440170731,1.31,2.31,0.415189873417722,0.432900432900433
"NSFG men 25-44",3.31,1000,1000,4,15.6891231888648,2.83380364613499,0.456627499502693,0.208936599513416,0.673843826210457,0.59134810384747,1.31,2.31,0.4225,0.432900432900433
"NSFG men 25-44",3.31,1000,1000,4.05,15.7856585188062,2.83879494280499,0.463120912517323,0.213529497745354,0.686506471992774,0.596800036063006,1.31,2.31,0.42962962962963,0.432900432900433
"NSFG men 25-44",3.31,1000,1000,4.1,15.8779700330888,2.84357386756365,0.469479103809747,0.218725990093729,0.697149918587667,0.602115894380356,1.31,2.31,0.436585365853659,0.432900432900433
"NSFG men 25-44",3.31,1000,1000,4.15,15.9662609146144,2.84815192079524,0.475705187111093,0.223404213636622,0.709254716737942,0.60730017246383,1.31,2.31,0.443373493975904,0.432900432900433
"NSFG men 25-44",3.31,1000,1000,4.2,16.0559408573285,2.85253985821909,0.481802259080889,0.229354267201213,0.720599997260282,0.612357203390287,1.31,2.31,0.45,0.432900432900433
"NSFG men 25-44",3.31,1000,1000,4.25,16.1389279166557,2.85674774543587,0.4877733903622,0.233616524532948,0.729647431038869,0.61729116343954,1.31,2.31,0.456470588235294,0.432900432900433
"NSFG men 25-44",3.31,1000,1000,4.3,16.2120042094947,2.86078500825532,0.493621618035714,0.237603984414072,0.737943326351685,0.622106076241208,1.31,2.31,0.462790697674419,0.432900432900433
"NSFG men 25-44",3.31,1000,1000,4.35,16.2719436158196,2.86466047911309,0.499349939293651,0.24271767762102,0.745417098389487,0.626805817176684,1.31,2.31,0.468965517241379,0.432900432900433
"NSFG men 25-44",3.31,1000,1000,4.4,16.3250971919125,2.86838243986931,0.504961306177289,0.247259086810728,0.752687432322825,0.631394117952956,1.31,2.31,0.475,0.432900432900433
"NSFG men 25-44",3.31,1000,1000,4.45,16.3822758658501,2.87195866126547,0.510458621241958,0.253251530723087,0.759523282120155,0.635874571280253,1.31,2.31,0.480898876404494,0.432900432900433
"NSFG men 25-44",3.31,1000,1000,4.5,16.4407033511335,2.87539643929957,0.515844734030729,0.257411123916335,0.766869364782298,0.640250635598171,1.31,2.31,0.486666666666667,0.432900432900433
"NSFG men 25-44",3.31,1000,1000,4.55,16.5064711720494,2.8787026287627,0.521122438253161,0.262759791376488,0.775996626628941,0.644525639805665,1.31,2.31,0.492307692307692,0.432900432900433
"NSFG men 25-44",3.31,1000,1000,4.6,16.5712516976003,2.88188367416346,0.526294469578569,0.268003443938496,0.784580675509113,0.648702787959114,1.31,2.31,0.497826086956522,0.432900432900433
"NSFG men 25-44",3.31,1000,1000,4.65,16.6335646481409,2.88494563825051,0.531363503964581,0.273607654586842,0.791652043872305,0.652785163910114,1.31,2.31,0.503225806451613,0.432900432900433
"NSFG men 25-44",3.31,1000,1000,4.7,16.693512342296,2.88789422832787,0.536332156451584,0.278967090865989,0.798558541337561,0.65677573586075,1.31,2.31,0.508510638297872,0.432900432900433
"NSFG men 25-44",3.31,1000,1000,4.75,16.7511929677179,2.89073482054279,0.541202980362155,0.284522424811233,0.806590800434155,0.660677360819173,1.31,2.31,0.513684210526316,0.432900432900433
"NSFG men 25-44",3.31,1000,1000,4.8,16.8067007134113,2.89347248231176,0.54597846685191,0.289434268852081,0.814700818374264,0.664492788942521,1.31,2.31,0.51875,0.432900432900433
"NSFG men 25-44",3.31,1000,1000,4.85,16.863744482371,2.89611199303714,0.550661044764637,0.292529264291278,0.820527961974028,0.668224667757618,1.31,2.31,0.523711340206186,0.432900432900433
"NSFG men 25-44",3.31,1000,1000,4.9,16.9220358747161,2.89865786325447,0.555253080750134,0.298161706683609,0.826697330669807,0.671875546252746,1.31,2.31,0.528571428571429,0.432900432900433
"NSFG men 25-44",3.31,1000,1000,4.95,16.9770879874197,2.90111435233892,0.559756879608021,0.302918856615905,0.832204470829373,0.675447878836077,1.31,2.31,0.533333333333333,0.432900432900433
"NSFG men 25-44",3.31,1000,1000,5,17.0199590231337,2.90348548488871,0.564174684825092,0.307718473966091,0.838418471817372,0.67894402915821,1.31,2.31,0.538,0.432900432900433
"NSFG men 25-44",3.31,1000,1000,5.05,17.0530238676497,2.90577506589342,0.568508679277471,0.312293169848416,0.843234294136989,0.682366273797811,1.31,2.31,0.542574257425743,0.432900432900433
"NSFG men 25-44",3.31,1000,1000,5.1,17.0847806836608,2.90798669478609,0.57276098607216,0.317535243645247,0.849837272822565,0.685716805810548,1.31,2.31,0.547058823529412,0.432900432900433
"NSFG men 25-44",3.31,1000,1000,5.15,17.107217348771,2.91012377846934,0.576933669505474,0.322165688178031,0.8559143575922,0.688997738142499,1.31,2.31,0.551456310679612,0.432900432900433
"NSFG men 25-44",3.31,1000,1000,5.2,17.1325311187858,2.91218954339847,0.581028736118427,0.327036859366832,0.861477372340914,0.692211106909997,1.31,2.31,0.555769230769231,0.432900432900433
"NSFG men 25-44",3.31,1000,1000,5.25,17.1582007056747,2.91418704679706,0.585048135831454,0.332184608948534,0.866706331047986,0.69535887454846,1.31,2.31,0.56,0.432900432900433
"NSFG men 25-44",3.31,1000,1000,5.3,17.1830351117571,2.91611918707433,0.588993763142878,0.335189894321825,0.871806829600622,0.698442932833247,1.31,2.31,0.564150943396226,0.432900432900433
"NSFG men 25-44",3.31,1000,1000,5.35,17.2070709596138,2.91798871350761,0.592867458377371,0.340630752490925,0.876516633187391,0.701465105775914,1.31,2.31,0.568224299065421,0.432900432900433
"NSFG men 25-44",3.31,1000,1000,5.4,17.2303429514858,2.9197982352477,0.596671008972297,0.345546187388379,0.880293874866169,0.70442715239951,1.31,2.31,0.572222222222222,0.432900432900433
"NSFG men 25-44",3.31,1000,1000,5.45,17.2562451511855,2.92155022970029,0.600406150791272,0.350096021317628,0.884417709025497,0.707330769396752,1.31,2.31,0.576146788990826,0.432900432900433
"NSFG men 25-44",3.31,1000,1000,5.5,17.2856698632548,2.92324705033173,0.60407456945562,0.355224803453237,0.888777724216476,0.71017759367501,1.31,2.31,0.58,0.432900432900433
"NSFG men 25-44",3.31,1000,1000,5.55,17.3104202421169,2.92489093394375,0.607677901685554,0.360024459991844,0.89297141479718,0.712969204792108,1.31,2.31,0.583783783783784,0.432900432900433
"NSFG men 25-44",3.31,1000,1000,5.6,17.3344450002027,2.92648400745756,0.611217736643994,0.364175784544589,0.896857937638067,0.715707127286998,1.31,2.31,0.5875,0.432900432900433
"NSFG men 25-44",3.31,1000,1000,5.65,17.3577800494522,2.92802829424476,0.614695617276866,0.368460190882406,0.900596797497496,0.718392832909319,1.31,2.31,0.591150442477876,0.432900432900433
"NSFG men 25-44",3.31,1000,1000,5.7,17.3804592766192,2.92952572003911,0.618113041644588,0.372201900048718,0.904766450323504,0.721027742751829,1.31,2.31,0.594736842105263,0.432900432900433
"NSFG men 25-44",3.31,1000,1000,5.75,17.4025146556532,2.93097811846045,0.621471464240213,0.37644993905525,0.908727351639214,0.723613229289654,1.31,2.31,0.598260869565217,0.432900432900433
"NSFG men 25-44",3.31,1000,1000,5.8,17.4239763543423,2.93238723617956,0.624772297290376,0.380688286274624,0.912345724501028,0.726150618330208,1.31,2.31,0.601724137931035,0.432900432900433
"NSFG men 25-44",3.31,1000,1000,5.85,17.4448728354438,2.93375473775037,0.628016912035798,0.385408282109835,0.915663557907929,0.728641190877542,1.31,2.31,0.605128205128205,0.432900432900433
"NSFG men 25-44",3.31,1000,1000,5.9,17.4644581296232,2.93508221013355,0.631206639988666,0.38892748859955,0.918854418505238,0.731086184914798,1.31,2.31,0.608474576271187,0.432900432900433
"NSFG men 25-44",3.31,1000,1000,5.95,17.4811387294709,2.93637116693402,0.634342774164657,0.391510945266424,0.921923099057447,0.733486797108329,1.31,2.31,0.611764705882353,0.432900432900433
"NSFG men 25-44",3.31,1000,1000,6,17.4971124450506,2.93762305237268,0.637426570287838,0.394459338481988,0.924874227084613,0.735844184436918,1.31,2.31,0.615,0.432900432900433
"NSFG men 25-44",3.31,1000,1000,6.05,17.5124159358507,2.93883924501127,0.640459247967018,0.39786505894717,0.92771226856975,0.738159465749445,1.31,2.31,0.618181818181818,0.432900432900433
"NSFG men 25-44",3.31,1000,1000,6.1,17.5270838540947,2.94002106124775,0.643441991842511,0.40052753231225,0.930441531824983,0.740433723254196,1.31,2.31,0.621311475409836,0.432900432900433
"NSFG men 25-44",3.31,1000,1000,6.15,17.5437090620481,2.94116975859814,0.646375952702495,0.404051363205719,0.933066171479653,0.74266800394291,1.31,2.31,0.624390243902439,0.432900432900433
"NSFG men 25-44",3.31,1000,1000,6.2,17.5635943382199,2.94228653877968,0.649262248568479,0.407272780363953,0.935590192557869,0.744863320952534,1.31,2.31,0.62741935483871,0.432900432900433
"NSFG men 25-44",3.31,1000,1000,6.25,17.5829764715833,2.94337255060878,0.65210196574957,0.409940889721227,0.938017454616871,0.747020654867539,1.31,2.31,0.6304,0.432900432900433
"NSFG men 25-44",3.31,1000,1000,6.3,17.6018745050207,2.94442889272649,0.654896159865433,0.412236926426713,0.940381752545694,0.749140954965522,1.31,2.31,0.633333333333333,0.432900432900433
"NSFG men 25-44",3.31,1000,1000,6.35,17.6130546591868,2.94545661616302,0.657645856838022,0.41598791634165,0.942867529885861,0.751225140408718,1.31,2.31,0.636220472440945,0.432900432900433
"NSFG men 25-44",3.31,1000,1000,6.4,17.6276292665896,2.94645672675208,0.660352053852275,0.418686196098803,0.945246914612345,0.753274101383926,1.31,2.31,0.6390625,0.432900432900433
"NSFG men 25-44",3.31,1000,1000,6.45,17.6418407254453,2.94743018740497,0.663015720286123,0.423404724405841,0.947524492357026,0.755288700193242,1.31,2.31,0.641860465116279,0.432900432900433
"NSFG men 25-44",3.31,1000,1000,6.5,17.6557030802195,2.94837792025365,0.665637798610223,0.426677694579054,0.949704660094921,0.757269772297875,1.31,2.31,0.644615384615385,0.432900432900433
"NSFG men 25-44",3.31,1000,1000,6.55,17.6692296902611,2.94930080867136,0.668219205257951,0.429154005425298,0.951791632342975,0.759218127317254,1.31,2.31,0.647328244274809,0.432900432900433
"NSFG men 25-44",3.31,1000,1000,6.6,17.6824332668521,2.95019969917853,0.670760831466231,0.431986833073956,0.953789447364834,0.761134549985482,1.31,2.31,0.65,0.432900432900433
"NSFG men 25-44",3.31,1000,1000,6.65,17.6953259081469,2.95107540324158,0.673263544087853,0.435683303221273,0.955657261000687,0.763019801067138,1.31,2.31,0.652631578947368,0.432900432900433
"NSFG men 25-44",3.31,1000,1000,6.7,17.7079191321242,2.95192869897121,0.675728186375963,0.438912743821755,0.957410477541666,0.764874618234323,1.31,2.31,0.655223880597015,0.432900432900433
"NSFG men 25-44",3.31,1000,1000,6.75,17.720223907667,2.95276033272658,0.678155578741449,0.444129515679017,0.959042431712001,0.766699716906735,1.31,2.31,0.657777777777778,0.432900432900433
"NSFG men 25-44",3.31,1000,1000,6.8,17.7337416125043,2.95357102063126,0.68054651948398,0.447831921577098,0.960454425135495,0.768495791056518,1.31,2.31,0.660294117647059,0.432900432900433
"NSFG men 25-44",3.31,1000,1000,6.85,17.7477712379944,2.95436145000652,0.682901785497457,0.45011633051764,0.961864989453201,0.770263513979493,1.31,2.31,0.662773722627737,0.432900432900433
"NSFG men 25-44",3.31,1000,1000,6.9,17.7615168656706,2.95513228072679,0.685222132950655,0.454045871854406,0.963468254284453,0.772003539034348,1.31,2.31,0.665217391304348,0.432900432900433
"NSFG men 25-44",3.31,1000,1000,6.95,17.7749882648164,2.95588414650238,0.687508297943845,0.457233411119778,0.965002989604356,0.773716500351261,1.31,2.31,0.667625899280575,0.432900432900433
"NSFG men 25-44",3.31,1000,1000,7,17.7881947306314,2.95661765609359,0.689760997142169,0.46045300435259,0.966472133205443,0.775403013511359,1.31,2.31,0.67,0.432900432900433
"NSFG men 25-44",3.31,1000,1000,7.05,17.8011451099963,2.95733339446046,0.691980928386558,0.463513454275762,0.96787850069085,0.777063676198369,1.31,2.31,0.672340425531915,0.432900432900433
"NSFG men 25-44",3.31,1000,1000,7.1,17.8142230966498,2.95803192385205,0.694168771282954,0.466080563232286,0.969224789978872,0.778699068823722,1.31,2.31,0.674647887323944,0.432900432900433
"NSFG men 25-44",3.31,1000,1000,7.15,17.8279235306211,2.95871378483866,0.696325187770598,0.469514860053838,0.97045534610368,0.780309755126334,1.31,2.31,0.676923076923077,0.432900432900433
"NSFG men 25-44",3.31,1000,1000,7.2,17.8425625079143,2.95937949729056,0.698450822670134,0.472564779689443,0.971601843772245,0.781896282748206,1.31,2.31,0.679166666666667,0.432900432900433
"NSFG men 25-44",3.31,1000,1000,7.25,17.8569769149069,2.9600295613062,0.700546304212255,0.474001883139519,0.97257716593936,0.783459183786956,1.31,2.31,0.681379310344828,0.432900432900433
"NSFG men 25-44",3.31,1000,1000,7.3,17.8711723379397,2.9606644580929,0.702612244547609,0.475343702334039,0.973475715157983,0.784998975326309,1.31,2.31,0.683561643835616,0.432900432900433
"NSFG men 25-44",3.31,1000,1000,7.35,17.8851541468711,2.96128465080272,0.704649240238651,0.477147962474023,0.974323536892485,0.786516159945557,1.31,2.31,0.685714285714286,0.432900432900433
"NSFG men 25-44",3.31,1000,1000,7.4,17.898927505545,2.9618905853261,0.706657872734131,0.479230829507737,0.975143163968887,0.788011226208907,1.31,2.31,0.687837837837838,0.432900432900433
"NSFG men 25-44",3.31,1000,1000,7.45,17.9124973816908,2.96248269104568,0.708638708826864,0.482062010150932,0.975935591612803,0.789484649135647,1.31,2.31,0.68993288590604,0.432900432900433
"NSFG men 25-44",3.31,1000,1000,7.5,17.9258685562906,2.96306138155249,0.71059230109541,0.485411436308301,0.976701776882989,0.790936890651953,1.31,2.31,0.692,0.432900432900433
"NSFG men 25-44",3.31,1000,1000,7.55,17.9390456324426,2.9636270553267,0.712519188330307,0.488432989924353,0.977442640292517,0.792368400025167,1.31,2.31,0.694039735099338,0.432900432900433
"NSFG men 25-44",3.31,1000,1000,7.6,17.952033043753,2.96418009638478,0.714419895945406,0.490976310185045,0.978159067353315,0.793779614281317,1.31,2.31,0.696052631578947,0.432900432900433
"NSFG men 25-44",3.31,1000,1000,7.65,17.9648350622813,2.96472087489513,0.716294936374931,0.492615272257923,0.978851910048043,0.795170958606612,1.31,2.31,0.698039215686274,0.432900432900433
"NSFG men 25-44",3.31,1000,1000,7.7,17.9774558060661,2.96524974776366,0.71814480945677,0.493747565670707,0.979521988233059,0.7965428467336,1.31,2.31,0.7,0.432900432900433
"NSFG men 25-44",3.31,1000,1000,7.75,17.9898992462549,2.96576705919114,0.719970002802564,0.496422370714943,0.980170090975997,0.797895681312684,1.31,2.31,0.701935483870968,0.432900432900433
"NSFG men 25-44",3.31,1000,1000,7.8,18.0040774038033,2.96627314120383,0.721770992155079,0.498381183884432,0.980838843896345,0.799229854269595,1.31,2.31,0.703846153846154,0.432900432900433
"NSFG men 25-44",3.31,1000,1000,7.85,18.0180427331519,2.96676831415874,0.723548241733374,0.499242662140633,0.98158421374514,0.800545747149451,1.31,2.31,0.705732484076433,0.432900432900433
"NSFG men 25-44",3.31,1000,1000,7.9,18.0317187603066,2.96725288722496,0.725302204566222,0.500096685795171,0.98229990680799,0.801843731447964,1.31,2.31,0.707594936708861,0.432900432900433
"NSFG men 25-44",3.31,1000,1000,7.95,18.0451120686277,2.96772715884232,0.727033322814242,0.501299316112698,0.982944739444934,0.803124168930344,1.31,2.31,0.709433962264151,0.432900432900433
"NSFG men 25-44",3.31,1000,1000,8,18.0582290830374,2.96819141715855,0.728742028081187,0.503421108549889,0.983575531517257,0.804387411938427,1.31,2.31,0.71125,0.432900432900433
"NSFG men 25-44",3.31,10000,1000,0,1,0,1e-04,1e-04,1e-04,1e-04,1.31,2.31,0,0
"NSFG men 25-44",3.31,10000,1000,0.05,1.0259154904461,0.0262354166433594,0.000100060538209239,0.000100059212856985,0.000100061861935613,0.000123473229254901,1.31,2.31,0,0
"NSFG men 25-44",3.31,10000,1000,0.1,1.05446538513143,0.0545087647610092,0.000100260041282844,0.000100254103737028,0.000100265959204568,0.000152500676881163,1.31,2.31,0,0
"NSFG men 25-44",3.31,10000,1000,0.15,1.08588181380341,0.0849791390391002,0.000100629732181126,0.000100614396905936,0.00010064492158259,0.000188406387857048,1.31,2.31,0,0
"NSFG men 25-44",3.31,10000,1000,0.2,1.12059499069619,0.117811372812242,0.000101207917472061,0.000101175279861673,0.00010123974953479,0.000232832432879583,1.31,2.31,0,0
"NSFG men 25-44",3.31,10000,1000,0.25,1.15897877170553,0.153175202282976,0.000102041962283563,0.000101980222152949,0.000102097709550254,0.00028781602993623,1.31,2.31,0,0
"NSFG men 25-44",3.31,10000,1000,0.3,1.20130536620597,0.19124405654734,0.000103190997271223,0.000103083489958972,0.000103284937185031,0.000355885649017054,1.31,2.31,0,0
"NSFG men 25-44",3.31,10000,1000,0.35,1.24827674259942,0.232192867993041,0.000104729730495039,0.000104550266958954,0.000104880103406233,0.000440180870962889,1.31,2.31,0,0
"NSFG men 25-44",3.31,10000,1000,0.4,1.30023790399345,0.27619461226226,0.000106753995471155,0.000106458968002578,0.000106974340923061,0.000544601967210271,1.31,2.31,0,0
"NSFG men 25-44",3.31,10000,1000,0.45,1.35815885520099,0.323415638909073,0.0001093891513613,0.000108916810305347,0.000109709827819293,0.000673996594517861,1.31,2.31,0,0
"NSFG men 25-44",3.31,10000,1000,0.5,1.4227713351197,0.374010048589514,0.000112803385837131,0.000112023936321208,0.000113218830767369,0.000834392586162166,1.31,2.31,0,0
"NSFG men 25-44",3.31,10000,1000,0.55,1.49450345588463,0.428113440207527,0.000117229798943048,0.000115941366053489,0.000117785263629569,0.00103328730609596,1.31,2.31,0,0
"NSFG men 25-44",3.31,10000,1000,0.6,1.5748541900669,0.485836380548475,0.000123004708023525,0.000120829456566787,0.000123696666761781,0.00128000472524534,1.31,2.31,0,0
"NSFG men 25-44",3.31,10000,1000,0.65,1.66356106499655,0.547257974605471,0.000130636359899595,0.000126972066490648,0.000131303842787771,0.00158612971762191,1.31,2.31,0,0
"NSFG men 25-44",3.31,10000,1000,0.7,1.76194164412448,0.612419923222603,0.00014093018129471,0.000134681391796788,0.000141237272689165,0.00196602191885907,1.31,2.31,0,0
"NSFG men 25-44",3.31,10000,1000,0.75,1.87165602181421,0.681321425692266,0.000155215027924119,0.000144260473415307,0.000154176415766402,0.00243739340137305,1.31,2.31,0,0
"NSFG men 25-44",3.31,10000,1000,0.8,1.99353729619248,0.753915218979067,0.000175734418268352,0.000156187310591663,0.000170964707302791,0.00302189822491687,1.31,2.31,0,0
"NSFG men 25-44",3.31,10000,1000,0.85,2.13228008129445,0.830104965544378,0.00020626202382555,0.000171078744567923,0.000192901436533313,0.0037456243462874,1.31,2.31,0,0
"NSFG men 25-44",3.31,10000,1000,0.9,2.2863829205041,0.909744137909713,0.000252907654288671,0.000189415759076549,0.000222988253402659,0.0046393171523304,1.31,2.31,0,0
"NSFG men 25-44",3.31,10000,1000,0.95,2.45826168170332,0.992636508550293,0.000324816666309218,0.000212553365647246,0.000261536166551653,0.00573816569177318,1.31,2.31,0,0
"NSFG men 25-44",3.31,10000,1000,1,2.64895776044388,1.0785382982374,0.00043409942732856,0.000241628755498756,0.000312884446789262,0.0070811621949496,1.31,2.31,0,0
"NSFG men 25-44",3.31,10000,1000,1.05,2.86723098765673,1.16716188039663,0.000594370719526167,0.000277441415690382,0.000380727544368108,0.00871043735590395,1.31,2.31,0,0
"NSFG men 25-44",3.31,10000,1000,1.1,3.11257164247042,1.25818064692445,0.000818460898345922,0.000321718321602385,0.000472172722953319,0.010671278902659,1.31,2.31,0,0
"NSFG men 25-44",3.31,10000,1000,1.15,3.37632609937737,1.35123437103344,0.00111761561230986,0.000377161297276615,0.000596942703546407,0.0130131823449978,1.31,2.31,0,0
"NSFG men 25-44",3.31,10000,1000,1.2,3.67125307885729,1.44593446578865,0.00150427982305072,0.000446238961669496,0.000762781503576011,0.0157912259930832,1.31,2.31,0,0
"NSFG men 25-44",3.31,10000,1000,1.25,3.992029100172,1.54186901121667,0.00199743933619884,0.000531218961019941,0.000988040140704287,0.0190663667928426,1.31,2.31,0,0
"NSFG men 25-44",3.31,10000,1000,1.3,4.34975286891281,1.63860792190288,0.00262706424250632,0.000636929764192526,0.00129249181154421,0.022903816576055,1.31,2.31,0,0
"NSFG men 25-44",3.31,10000,1000,1.35,4.74430265455115,1.73570872521137,0.00343544874784066,0.000767258645132498,0.00170222353124878,0.0273698228243779,1.31,2.31,0,0.0173160173160173
"NSFG men 25-44",3.31,10000,1000,1.4,5.16745375713523,1.8327231494035,0.00447595911712022,0.000932030343232365,0.0022492223998011,0.0325277388271124,1.31,2.31,0,0.038961038961039
"NSFG men 25-44",3.31,10000,1000,1.45,5.63607039938798,1.92920440796651,0.00581069605648968,0.00113197558593016,0.00298211180993781,0.0384340600567077,1.31,2.31,0,0.0606060606060607
"NSFG men 25-44",3.31,10000,1000,1.5,6.15086632333451,2.02471490368672,0.00750785393167192,0.00137839506100713,0.00393412269697536,0.0451347376684847,1.31,2.31,0,0.0822510822510822
"NSFG men 25-44",3.31,10000,1000,1.55,6.72112493549629,2.11883403252413,0.00963871178955356,0.00168627164630663,0.00513933867385993,0.0526619457953011,1.31,2.31,0,0.103896103896104
"NSFG men 25-44",3.31,10000,1000,1.6,7.32863050425587,2.21116575494791,0.0122740131660479,0.00206240958459576,0.00672943757750751,0.0610315244339514,1.31,2.31,0,0.125541125541126
"NSFG men 25-44",3.31,10000,1000,1.65,7.97349363618115,2.30134558751791,0.0154798094129176,0.00250195154094954,0.0087780362822422,0.070241359158612,1.31,2.31,0,0.147186147186147
"NSFG men 25-44",3.31,10000,1000,1.7,8.67972020371305,2.38904666666277,0.0193132236814003,0.0030283349471798,0.0113731991794005,0.0802708955268773,1.31,2.31,0,0.168831168831169
"NSFG men 25-44",3.31,10000,1000,1.75,9.43622399637483,2.47398457439495,0.0238187499714694,0.00367982136713491,0.0144256365387035,0.0910818349435531,1.31,2.31,0,0.19047619047619
"NSFG men 25-44",3.31,10000,1000,1.8,10.2543012146211,2.55592069851155,0.0290255785442154,0.00444785063032448,0.0183088906089946,0.102619890952961,1.31,2.31,0,0.212121212121212
"NSFG men 25-44",3.31,10000,1000,1.85,11.0655586127311,2.6346640131476,0.0349461685435448,0.00532972575964129,0.0230949616634885,0.114817364719557,1.31,2.31,0,0.233766233766234
"NSFG men 25-44",3.31,10000,1000,1.9,11.9498638438347,2.7100712854368,0.0415760470275421,0.00635604097278428,0.0288219550633313,0.127596247709828,1.31,2.31,0,0.255411255411255
"NSFG men 25-44",3.31,10000,1000,1.95,12.8562628982688,2.78204582017552,0.0488946834577306,0.00752118591442341,0.0350608363302042,0.140871562519779,1.31,2.31,0,0.277056277056277
"NSFG men 25-44",3.31,10000,1000,2,13.7297201593543,2.8505349360063,0.0568672422313055,0.00892651223791815,0.042994990800533,0.154554683573712,1.31,2.31,0,0.298701298701299
"NSFG men 25-44",3.31,10000,1000,2.05,14.6634136752448,2.91552642088791,0.065446991945799,0.0104841079242911,0.0521861924571776,0.168556422603947,1.31,2.31,0,0.32034632034632
"NSFG men 25-44",3.31,10000,1000,2.1,15.6012524279863,2.9770442424588,0.0745781222265249,0.0122163933493725,0.0623214134172011,0.182789715445913,1.31,2.31,0,0.341991341991342
"NSFG men 25-44",3.31,10000,1000,2.15,16.6301144713957,3.03514379261895,0.0841987010396247,0.0141641214874334,0.0733812102151119,0.197171805307255,1.31,2.31,0,0.363636363636364
"NSFG men 25-44",3.31,10000,1000,2.2,17.6630894734782,3.08990692858348,0.0942435198182345,0.0164394357900917,0.0864608669575969,0.211625878221921,1.31,2.31,0,0.385281385281385
"NSFG men 25-44",3.31,10000,1000,2.25,18.7230393232074,3.14143703951478,0.104646625424352,0.0189025646745782,0.100043448414496,0.226082160873173,1.31,2.31,0,0.406926406926407
"NSFG men 25-44",3.31,10000,1000,2.3,19.6785520606053,3.18985432447466,0.115343412542524,0.0213629200884834,0.113545030955407,0.240478532402067,1.31,2.31,0,0.428571428571429
"NSFG men 25-44",3.31,10000,1000,2.35,20.5879221310063,3.23529141992691,0.126272226312453,0.0243564891720636,0.129811591006905,0.25476072713984,1.31,2.31,0.0170212765957447,0.432900432900433
"NSFG men 25-44",3.31,10000,1000,2.4,21.5131915147289,3.27788946862585,0.137375486767521,0.0275978898539935,0.14610954609283,0.268882215410466,1.31,2.31,0.0375000000000001,0.432900432900433
"NSFG men 25-44",3.31,10000,1000,2.45,22.5268518750783,3.31779468023613,0.148600387374336,0.030901938128148,0.163521887528284,0.282803848146715,1.31,2.31,0.0571428571428572,0.432900432900433
"NSFG men 25-44",3.31,10000,1000,2.5,23.472971192792,3.35515539960894,0.159899240713627,0.034268431613988,0.180740156008233,0.296493342250352,1.31,2.31,0.076,0.432900432900433
"NSFG men 25-44",3.31,10000,1000,2.55,24.4133302326372,3.39011967205513,0.17122954986305,0.0382953939288986,0.198550455999979,0.309924671098897,1.31,2.31,0.0941176470588236,0.432900432900433
"NSFG men 25-44",3.31,10000,1000,2.6,25.3886013153977,3.4228332759553,0.182553879711795,0.0425363428198417,0.215465122565286,0.323077411063498,1.31,2.31,0.111538461538462,0.432900432900433
"NSFG men 25-44",3.31,10000,1000,2.65,26.3405948554309,3.45343818076183,0.193839592724778,0.0468897474994577,0.234974004342455,0.335936082067671,1.31,2.31,0.128301886792453,0.432900432900433
"NSFG men 25-44",3.31,10000,1000,2.7,27.256927683238,3.48207138171143,0.205058501773,0.0514404575934062,0.25558764330947,0.348489509005874,1.31,2.31,0.144444444444444,0.432900432900433
"NSFG men 25-44",3.31,10000,1000,2.75,28.0527519158625,3.50886406014426,0.216186480619033,0.0558443268247578,0.27322577906179,0.36073022162089,1.31,2.31,0.16,0.432900432900433
"NSFG men 25-44",3.31,10000,1000,2.8,28.7343675229658,3.53394101905819,0.227203061701255,0.0607632788883314,0.291660982431615,0.37265390322497,1.31,2.31,0.175,0.432900432900433
"NSFG men 25-44",3.31,10000,1000,2.85,29.442216551895,3.55742034640815,0.238091041599216,0.0654361089435135,0.309476725919943,0.384258893257649,1.31,2.31,0.189473684210526,0.432900432900433
"NSFG men 25-44",3.31,10000,1000,2.9,30.2080516615208,3.57941326286975,0.248836107174445,0.0706165590252907,0.328580670106232,0.395545744825428,1.31,2.31,0.203448275862069,0.432900432900433
"NSFG men 25-44",3.31,10000,1000,2.95,30.9509293923449,3.60002411568533,0.259426489790976,0.0759939136138603,0.347940691630513,0.406516835763014,1.31,2.31,0.216949152542373,0.432900432900433
"NSFG men 25-44",3.31,10000,1000,3,31.7551528138402,3.6193504853312,0.269852651004446,0.081809559322358,0.365576798238104,0.417176030106734,1.31,2.31,0.23,0.432900432900433
"NSFG men 25-44",3.31,10000,1000,3.05,32.447425928023,3.63748337675974,0.280107000380376,0.0872756442758016,0.386171667362556,0.427528385929817,1.31,2.31,0.242622950819672,0.432900432900433
"NSFG men 25-44",3.31,10000,1000,3.1,32.9564869394927,3.6545074716681,0.290183644368315,0.0930885457324641,0.399333482047769,0.437579905052976,1.31,2.31,0.254838709677419,0.432900432900433
"NSFG men 25-44",3.31,10000,1000,3.15,33.6676014763335,3.67050142250288,0.300078164154173,0.0988527036570551,0.414995872520711,0.447337320052732,1.31,2.31,0.266666666666667,0.432900432900433
"NSFG men 25-44",3.31,10000,1000,3.2,34.3370484920805,3.68553817266971,0.309787419918363,0.104431607047054,0.432344497884783,0.456807914124039,1.31,2.31,0.278125,0.432900432900433
"NSFG men 25-44",3.31,10000,1000,3.25,34.9434418753529,3.6996852906648,0.3193093787703,0.110214384818644,0.449320302033827,0.465999369625033,1.31,2.31,0.289230769230769,0.432900432900433
"NSFG men 25-44",3.31,10000,1000,3.3,35.5167501522062,3.71300530860177,0.328642963682768,0.117564401191172,0.464902842446568,0.474919641477973,1.31,2.31,0.3,0.432900432900433
"NSFG men 25-44",3.31,10000,1000,3.35,36.0676144681062,3.72555605790598,0.337787920922502,0.124025705718457,0.480376988281146,0.483576851978804,1.31,2.31,0.31044776119403,0.432900432900433
"NSFG men 25-44",3.31,10000,1000,3.4,36.6065317910225,3.73739099683904,0.346744703704826,0.130042582188647,0.496586114934576,0.491979203950019,1.31,2.31,0.320588235294118,0.432900432900433
"NSFG men 25-44",3.31,10000,1000,3.45,37.0310083299342,3.74855952604694,0.35551437005119,0.13519865997472,0.511803126982732,0.500134909539637,1.31,2.31,0.330434782608696,0.432900432900433
"NSFG men 25-44",3.31,10000,1000,3.5,37.3756962991016,3.75910728954791,0.364098493075251,0.141243312213711,0.530509554770313,0.508052132312671,1.31,2.31,0.34,0.432900432900433
"NSFG men 25-44",3.31,10000,1000,3.55,37.7021626739608,3.76907645953837,0.372499082152465,0.146207513327108,0.544012544063204,0.515738940594943,1.31,2.31,0.349295774647887,0.432900432900433
"NSFG men 25-44",3.31,10000,1000,3.6,38.1410583775677,3.77850600414036,0.380718513634097,0.152962128266251,0.55594885237652,0.523203270310372,1.31,2.31,0.358333333333333,0.432900432900433
"NSFG men 25-44",3.31,10000,1000,3.65,38.5506670980245,3.78743193778069,0.388759469947049,0.159516443969547,0.57075152587751,0.530452895802195,1.31,2.31,0.367123287671233,0.432900432900433
"NSFG men 25-44",3.31,10000,1000,3.7,38.850906693513,3.7958875543145,0.396624886076904,0.166041506172562,0.584083190511027,0.537495407347249,1.31,2.31,0.375675675675676,0.432900432900433
"NSFG men 25-44",3.31,10000,1000,3.75,39.1741100683935,3.80390364331224,0.404317902564949,0.171545996180928,0.597174818224258,0.544338194262945,1.31,2.31,0.384,0.432900432900433
"NSFG men 25-44",3.31,10000,1000,3.8,39.4657834171099,3.81150869014367,0.411841824263523,0.176614929095802,0.611571931005683,0.550988432671293,1.31,2.31,0.392105263157895,0.432900432900433
"NSFG men 25-44",3.31,10000,1000,3.85,39.7574370681622,3.8187290606352,0.41920008419043,0.181929633986307,0.621066506465059,0.557453077126256,1.31,2.31,0.4,0.432900432900433
"NSFG men 25-44",3.31,10000,1000,3.9,40.0474157200693,3.82558917116453,0.4263962119051,0.187046127183458,0.633151268252772,0.563738855432353,1.31,2.31,0.407692307692308,0.432900432900433
"NSFG men 25-44",3.31,10000,1000,3.95,40.2787595202155,3.83211164510135,0.433433805898981,0.193441374601749,0.646130032377856,0.569852266086415,1.31,2.31,0.415189873417722,0.432900432900433
"NSFG men 25-44",3.31,10000,1000,4,40.5294074831839,3.83831745651712,0.440316509552326,0.200611151419926,0.659431270236254,0.575799577863081,1.31,2.31,0.4225,0.432900432900433
"NSFG men 25-44",3.31,10000,1000,4.05,40.8462934029608,3.84422606207733,0.447047990260883,0.206483654003198,0.672372519845114,0.581586831140031,1.31,2.31,0.42962962962963,0.432900432900433
"NSFG men 25-44",3.31,10000,1000,4.1,41.1608196557266,3.84985552200434,0.453631921380332,0.210901746766189,0.68359328345456,0.587219840623042,1.31,2.31,0.436585365853659,0.432900432900433
"NSFG men 25-44",3.31,10000,1000,4.15,41.4409676876968,3.85522261096189,0.460071966674911,0.216197058836517,0.694308640892646,0.592704199185298,1.31,2.31,0.443373493975904,0.432900432900433
"NSFG men 25-44",3.31,10000,1000,4.2,41.6870031411247,3.86034291966877,0.466371766990403,0.220667238081353,0.704371697295306,0.598045282581472,1.31,2.31,0.45,0.432900432900433
"NSFG men 25-44",3.31,10000,1000,4.25,41.8828267233608,3.86523094800055,0.472534928901356,0.225952846248925,0.713623392536479,0.60324825483611,1.31,2.31,0.456470588235294,0.432900432900433
"NSFG men 25-44",3.31,10000,1000,4.3,42.0877366563771,3.86990019028855,0.478565015108634,0.23062609778946,0.722351580914031,0.608318074138866,1.31,2.31,0.462790697674419,0.432900432900433
"NSFG men 25-44",3.31,10000,1000,4.35,42.3625837908048,3.87436321347465,0.48446553638673,0.23547032120486,0.730160408018567,0.613259499107117,1.31,2.31,0.468965517241379,0.432900432900433
"NSFG men 25-44",3.31,10000,1000,4.4,42.6017135361291,3.87863172873114,0.490239944901035,0.241032370470784,0.738212718019277,0.618077095300074,1.31,2.31,0.475,0.432900432900433
"NSFG men 25-44",3.31,10000,1000,4.45,42.8192258799068,3.88271665710703,0.495891628733906,0.245839006129469,0.746320437993019,0.622775241888549,1.31,2.31,0.480898876404494,0.432900432900433
"NSFG men 25-44",3.31,10000,1000,4.5,43.0519190092485,3.88662818971676,0.501423907475028,0.24993427860555,0.754163906241779,0.627358138401377,1.31,2.31,0.486666666666667,0.432900432900433
"NSFG men 25-44",3.31,10000,1000,4.55,43.2179500408142,3.89037584294414,0.506840028746613,0.255958691033645,0.763357962605962,0.63182981148381,1.31,2.31,0.492307692307692,0.432900432900433
"NSFG men 25-44",3.31,10000,1000,4.6,43.3968141331327,3.8939685090946,0.512143165547502,0.262214025619376,0.77162996696208,0.636194121615218,1.31,2.31,0.497826086956522,0.432900432900433
"NSFG men 25-44",3.31,10000,1000,4.65,43.5869678262947,3.8974145028909,0.517336414312418,0.269758334590568,0.779239277259164,0.640454769743625,1.31,2.31,0.503225806451613,0.432900432900433
"NSFG men 25-44",3.31,10000,1000,4.7,43.7687275648672,3.9007216041736,0.522422793593681,0.275239304754493,0.785959613103043,0.64461530380316,1.31,2.31,0.508510638297872,0.432900432900433
"NSFG men 25-44",3.31,10000,1000,4.75,43.9358488475498,3.90389709713509,0.527405243282574,0.280878076039578,0.792308250242233,0.648679125087737,1.31,2.31,0.513684210526316,0.432900432900433
"NSFG men 25-44",3.31,10000,1000,4.8,44.0804585369624,3.90694780638737,0.532286624296598,0.285932199804716,0.797067632926614,0.652649494460339,1.31,2.31,0.51875,0.432900432900433
"NSFG men 25-44",3.31,10000,1000,4.85,44.2262604628195,3.9098801301366,0.537069718666902,0.289632928183088,0.802927828611708,0.656529538382355,1.31,2.31,0.523711340206186,0.432900432900433
"NSFG men 25-44",3.31,10000,1000,4.9,44.3544105956881,3.91270007071327,0.541757229967542,0.293414684052121,0.809972429645319,0.660322254751709,1.31,2.31,0.528571428571429,0.432900432900433
"NSFG men 25-44",3.31,10000,1000,4.95,44.4796443428854,3.91541326268448,0.546351784034767,0.297267765696683,0.817163111101701,0.664030518542038,1.31,2.31,0.533333333333333,0.432900432900433
"NSFG men 25-44",3.31,10000,1000,5,44.5996233019066,3.91802499875435,0.550855929930509,0.30183791615469,0.823750004624916,0.667657087238149,1.31,2.31,0.538,0.432900432900433
"NSFG men 25-44",3.31,10000,1000,5.05,44.7146195849932,3.92054025364058,0.55527214110959,0.306488329325581,0.829970570466655,0.671204606065429,1.31,2.31,0.542574257425743,0.432900432900433
"NSFG men 25-44",3.31,10000,1000,5.1,44.8452300498191,3.92296370609778,0.559602816754947,0.310132584148009,0.836430228734187,0.674675613012868,1.31,2.31,0.547058823529412,0.432900432900433
"NSFG men 25-44",3.31,10000,1000,5.15,44.9806699294261,3.92529975924346,0.563850283249512,0.313851613304118,0.842327548094175,0.678072543651026,1.31,2.31,0.551456310679612,0.432900432900433
"NSFG men 25-44",3.31,10000,1000,5.2,45.1087580798181,3.92755255932843,0.56801679575724,0.317590080840852,0.84738012798552,0.68139773574757,1.31,2.31,0.555769230769231,0.432900432900433
"NSFG men 25-44",3.31,10000,1000,5.25,45.2326542167878,3.92972601308083,0.572104539889236,0.321393728515117,0.853350327451639,0.684653433684104,1.31,2.31,0.56,0.432900432900433
"NSFG men 25-44",3.31,10000,1000,5.3,45.3623902020444,3.93182380374173,0.576115633434029,0.325354747807984,0.858969403427358,0.687841792678817,1.31,2.31,0.564150943396226,0.432900432900433
"NSFG men 25-44",3.31,10000,1000,5.35,45.4577090566484,3.93384940589957,0.580052128133801,0.32883654423543,0.864373819775585,0.69096488282015,1.31,2.31,0.568224299065421,0.432900432900433
"NSFG men 25-44",3.31,10000,1000,5.4,45.5363098911633,3.93580609922168,0.583916011490838,0.333842204769128,0.869571233596589,0.694024692917165,1.31,2.31,0.572222222222222,0.432900432900433
"NSFG men 25-44",3.31,10000,1000,5.45,45.6115587734403,3.93769698117223,0.587709208590649,0.338006829867923,0.873607608838049,0.697023134172641,1.31,2.31,0.576146788990826,0.432900432900433
"NSFG men 25-44",3.31,10000,1000,5.5,45.6836241919844,3.93952497879842,0.591433583930144,0.34127210587025,0.877301659468722,0.699962043685181,1.31,2.31,0.58,0.432900432900433
"NSFG men 25-44",3.31,10000,1000,5.55,45.762234871323,3.94129285965945,0.595090943240983,0.346324861229964,0.882417911028927,0.702843187786759,1.31,2.31,0.583783783783784,0.432900432900433
"NSFG men 25-44",3.31,10000,1000,5.6,45.8519311974192,3.94300324196672,0.598683035299725,0.35010816144768,0.88653374589982,0.70566826522219,1.31,2.31,0.5875,0.432900432900433
"NSFG men 25-44",3.31,10000,1000,5.65,45.9489361373191,3.94465860399746,0.602211553717735,0.354403474103381,0.889498158591723,0.708438910177052,1.31,2.31,0.591150442477876,0.432900432900433
"NSFG men 25-44",3.31,10000,1000,5.7,46.0428871328531,3.94626129283902,0.60567813870501,0.359689549717251,0.892783462254877,0.711156695160479,1.31,2.31,0.594736842105263,0.432900432900433
"NSFG men 25-44",3.31,10000,1000,5.75,46.1323987585876,3.94781353251611,0.609084378803096,0.363429502377355,0.896479708595813,0.713823133749243,1.31,2.31,0.598260869565217,0.432900432900433
"NSFG men 25-44",3.31,10000,1000,5.8,46.1966801335079,3.94931743154877,0.612431812583186,0.369229118299404,0.900882825190997,0.716439683199323,1.31,2.31,0.601724137931035,0.432900432900433
"NSFG men 25-44",3.31,10000,1000,5.85,46.2588518755043,3.95077498998511,0.615721930306287,0.371848286895962,0.904969730261447,0.719007746931102,1.31,2.31,0.605128205128205,0.432900432900433
"NSFG men 25-44",3.31,10000,1000,5.9,46.3190139781811,3.95218810594887,0.618956175543012,0.376061756307617,0.907712290539277,0.721528676894087,1.31,2.31,0.608474576271187,0.432900432900433
"NSFG men 25-44",3.31,10000,1000,5.95,46.3772608717957,3.95355858173886,0.622135946751179,0.380309247540213,0.910141966898291,0.724003775816924,1.31,2.31,0.611764705882353,0.432900432900433
"NSFG men 25-44",3.31,10000,1000,6,46.4336817566608,3.95488812951408,0.625262598809886,0.383958721031334,0.913365001912365,0.726434299348227,1.31,2.31,0.615,0.432900432900433
"NSFG men 25-44",3.31,10000,1000,6.05,46.4883609160158,3.9561783765956,0.628337444509198,0.387597459141358,0.916789190115101,0.728821458093587,1.31,2.31,0.618181818181818,0.432900432900433
"NSFG men 25-44",3.31,10000,1000,6.1,46.5413780095737,3.95743087041389,0.631361755994958,0.389335058103689,0.919215929395161,0.731166419553881,1.31,2.31,0.621311475409836,0.432900432900433
"NSFG men 25-44",3.31,10000,1000,6.15,46.5928083489006,3.95864708312769,0.634336766168546,0.39355786317607,0.921407397353748,0.733470309969805,1.31,2.31,0.624390243902439,0.432900432900433
"NSFG men 25-44",3.31,10000,1000,6.2,46.6427231557231,3.95982841593875,0.637263670041695,0.396350145997522,0.923536438681228,0.735734216077351,1.31,2.31,0.62741935483871,0.432900432900433
"NSFG men 25-44",3.31,10000,1000,6.25,46.6911898042088,3.96097620312462,0.640143626046721,0.398125302495642,0.925605025191883,0.737959186778723,1.31,2.31,0.6304,0.432900432900433
"NSFG men 25-44",3.31,10000,1000,6.3,46.738272048206,3.96209171580982,0.642977757302667,0.401400887542918,0.927615054202693,0.740146234732988,1.31,2.31,0.633333333333333,0.432900432900433
"NSFG men 25-44",3.31,10000,1000,6.35,46.7840302343774,3.96317616549453,0.645767152838086,0.405482501621131,0.929663791700302,0.742296337870565,1.31,2.31,0.636220472440945,0.432900432900433
"NSFG men 25-44",3.31,10000,1000,6.4,46.8285215021082,3.9642307073578,0.648512868771257,0.408800292839517,0.931894814799263,0.744410440835448,1.31,2.31,0.6390625,0.432900432900433
"NSFG men 25-44",3.31,10000,1000,6.45,46.8717999710211,3.96525644335168,0.651215929448778,0.411881907112157,0.93405051194189,0.746489456358865,1.31,2.31,0.641860465116279,0.432900432900433
"NSFG men 25-44",3.31,10000,1000,6.5,46.9139169168776,3.96625442510076,0.653877328543534,0.414231384770962,0.936133637890415,0.7485342665679,1.31,2.31,0.644615384615385,0.432900432900433
"NSFG men 25-44",3.31,10000,1000,6.55,46.9660365954199,3.96722565662083,0.656498030113105,0.417091343273614,0.938250888316626,0.750545724232431,1.31,2.31,0.647328244274809,0.432900432900433
"NSFG men 25-44",3.31,10000,1000,6.6,47.0260169350371,3.96817109686941,0.659078969619746,0.420992764634393,0.940282193299059,0.752524653953546,1.31,2.31,0.65,0.432900432900433
"NSFG men 25-44",3.31,10000,1000,6.65,47.0847985628151,3.96909166213954,0.661621054913074,0.423795429459248,0.942166880314521,0.754471853296446,1.31,2.31,0.652631578947368,0.432900432900433
"NSFG men 25-44",3.31,10000,1000,6.7,47.142414505196,3.96998822830775,0.664125167176626,0.426431561254823,0.944095742260435,0.756388093870707,1.31,2.31,0.655223880597015,0.432900432900433
"NSFG men 25-44",3.31,10000,1000,6.75,47.1988964891935,3.97086163294612,0.666592161839484,0.429262687429885,0.945956747419404,0.75827412236058,1.31,2.31,0.657777777777778,0.432900432900433
"NSFG men 25-44",3.31,10000,1000,6.8,47.2542750108689,3.9717126773076,0.669022869454129,0.432115882313738,0.947781937451758,0.760130661507898,1.31,2.31,0.660294117647059,0.432900432900433
"NSFG men 25-44",3.31,10000,1000,6.85,47.308579399463,3.97254212819315,0.67141809654169,0.434762675877185,0.949775871096102,0.761958411050017,1.31,2.31,0.662773722627737,0.432900432900433
"NSFG men 25-44",3.31,10000,1000,6.9,47.3618378774882,3.97335071970859,0.673778626405775,0.43746007709312,0.95162877227947,0.763758048615081,1.31,2.31,0.665217391304348,0.432900432900433
"NSFG men 25-44",3.31,10000,1000,6.95,47.4184798310372,3.9741391549184,0.676105219915989,0.439979836365717,0.953411575482156,0.765530230576773,1.31,2.31,0.667625899280575,0.432900432900433
"NSFG men 25-44",3.31,10000,1000,7,47.4752825672017,3.97490810740337,0.678398616262285,0.442877980046409,0.95504865279059,0.76727559287062,1.31,2.31,0.67,0.432900432900433
"NSFG men 25-44",3.31,10000,1000,7.05,47.5310000423499,3.97565822272828,0.680659533681234,0.445848804004294,0.956502168353328,0.768994751773778,1.31,2.31,0.672340425531915,0.432900432900433
"NSFG men 25-44",3.31,10000,1000,7.1,47.5703465738204,3.97639011982556,0.68288867015527,0.448141689409717,0.957934283265384,0.770688304650147,1.31,2.31,0.674647887323944,0.432900432900433
"NSFG men 25-44",3.31,10000,1000,7.15,47.605062277535,3.97710439230015,0.685086704085973,0.449293271121212,0.959707889598203,0.772356830662542,1.31,2.31,0.676923076923077,0.432900432900433
"NSFG men 25-44",3.31,10000,1000,7.2,47.6389406573198,3.97780160966086,0.687254294942364,0.450422320005819,0.961405634535746,0.774000891453579,1.31,2.31,0.679166666666667,0.432900432900433
"NSFG men 25-44",3.31,10000,1000,7.25,47.6720107435832,3.97848231848272,0.689392083885216,0.452394225170765,0.96303076382379,0.775621031796806,1.31,2.31,0.681379310344828,0.432900432900433
"NSFG men 25-44",3.31,10000,1000,7.3,47.7043003342978,3.97914704350467,0.691500694368305,0.454891605340484,0.964586389215353,0.777217780219576,1.31,2.31,0.683561643835616,0.432900432900433
"NSFG men 25-44",3.31,10000,1000,7.35,47.735836054258,3.97979628866676,0.693580732717515,0.457066242938488,0.966056821099916,0.77879164959903,1.31,2.31,0.685714285714286,0.432900432900433
"NSFG men 25-44",3.31,10000,1000,7.4,47.7666434112468,3.98043053809053,0.69563278868868,0.45861948205616,0.967368620109947,0.780343137732525,1.31,2.31,0.687837837837838,0.432900432900433
"NSFG men 25-44",3.31,10000,1000,7.45,47.7967468492834,3.98105025700611,0.697657436004994,0.460987075349599,0.968325670962614,0.781872727883735,1.31,2.31,0.68993288590604,0.432900432900433
"NSFG men 25-44",3.31,10000,1000,7.5,47.8261697991089,3.98165589262926,0.699655232874815,0.462586135759552,0.969239652644453,0.783380889305617,1.31,2.31,0.692,0.432900432900433
"NSFG men 25-44",3.31,10000,1000,7.55,47.8549347260617,3.98224787499146,0.701626722490635,0.463754715021337,0.970126842551947,0.784868077741343,1.31,2.31,0.694039735099338,0.432900432900433
"NSFG men 25-44",3.31,10000,1000,7.6,47.8830631754843,3.98282661772592,0.703572433509967,0.465417139658125,0.971049046507836,0.786334735904267,1.31,2.31,0.696052631578947,0.432900432900433
"NSFG men 25-44",3.31,10000,1000,7.65,47.9105758157955,3.983392518812,0.705492880518868,0.468321700567803,0.972097889695596,0.78778129393792,1.31,2.31,0.698039215686274,0.432900432900433
"NSFG men 25-44",3.31,10000,1000,7.7,47.9374924793563,3.98394596128071,0.70738856447879,0.470568852002161,0.973158463965205,0.789208169856979,1.31,2.31,0.7,0.432900432900433
"NSFG men 25-44",3.31,10000,1000,7.75,47.9638322012477,3.98448731388343,0.709259973157418,0.471942684953973,0.974191005316313,0.790615769970103,1.31,2.31,0.701935483870968,0.432900432900433
"NSFG men 25-44",3.31,10000,1000,7.8,47.989613256074,3.98501693172617,0.711107581544129,0.473557249844959,0.975182917141184,0.792004489285497,1.31,2.31,0.703846153846154,0.432900432900433
"NSFG men 25-44",3.31,10000,1000,7.85,48.0148531928997,3.98553515687123,0.712931852250685,0.474423975714574,0.976122102068608,0.793374711899996,1.31,2.31,0.705732484076433,0.432900432900433
"NSFG men 25-44",3.31,10000,1000,7.9,48.0395688684188,3.98604231890825,0.714733235897727,0.475642581758504,0.976996625886542,0.794726811372438,1.31,2.31,0.707594936708861,0.432900432900433
"NSFG men 25-44",3.31,10000,1000,7.95,48.0637764784537,3.98653873549637,0.71651217148765,0.477851952979332,0.977838107690856,0.796061151082051,1.31,2.31,0.709433962264151,0.432900432900433
"NSFG men 25-44",3.31,10000,1000,8,48.087491587872,3.98702471287921,0.718269086764364,0.480035015221053,0.978589249022206,0.797378084572535,1.31,2.31,0.71125,0.432900432900433
"NSFG men 25-44",3.31,1e+05,500,0,1,0,1e-05,1e-05,1e-05,1e-05,1.31,2.31,0,0
"NSFG men 25-44",3.31,1e+05,500,0.05,1.0262700108382,0.0260105204624179,1.00060470909087e-05,1.00060009452751e-05,1.00060884549068e-05,1.29463651406531e-05,1.31,2.31,0,0
"NSFG men 25-44",3.31,1e+05,500,0.1,1.05529466317255,0.0540191755864406,1.00259727199802e-05,1.00257696739917e-05,1.00261622381327e-05,1.67641134358866e-05,1.31,2.31,0,0
"NSFG men 25-44",3.31,1e+05,500,0.15,1.08742978064105,0.0841933383467776,1.00628888280519e-05,1.00623655909232e-05,1.00633516571784e-05,2.17116015253855e-05,1.31,2.31,0,0
"NSFG men 25-44",3.31,1e+05,500,0.2,1.12303189164309,0.116715053305904,1.01206074657628e-05,1.01195540489231e-05,1.01215807676312e-05,2.81238480981917e-05,1.31,2.31,0,0
"NSFG men 25-44",3.31,1e+05,500,0.25,1.16258932655824,0.151781551118228,1.02038304729678e-05,1.02019027535833e-05,1.02056962506887e-05,3.64352476813248e-05,1.31,2.31,0,0
"NSFG men 25-44",3.31,1e+05,500,0.3,1.20660065497926,0.189605039061673,1.0318404151547e-05,1.0315042678595e-05,1.03216850964426e-05,4.72089822719166e-05,1.31,2.31,0,0
"NSFG men 25-44",3.31,1e+05,500,0.35,1.25580212424682,0.230411457254773,1.04716669204172e-05,1.04662494015073e-05,1.04771026742725e-05,6.11750867042458e-05,1.31,2.31,0,0
"NSFG men 25-44",3.31,1e+05,500,0.4,1.31068049583257,0.274438044345741,1.06729327574747e-05,1.06643747478103e-05,1.06814381966764e-05,7.92796841375537e-05,1.31,2.31,0,0
"NSFG men 25-44",3.31,1e+05,500,0.45,1.37208359394543,0.321929814886657,1.09341774906703e-05,1.09196576654513e-05,1.09472754757246e-05,0.000102748622853082,1.31,2.31,0,0
"NSFG men 25-44",3.31,1e+05,500,0.5,1.44099687965084,0.373135212343889,1.12710357631306e-05,1.12461733805428e-05,1.12909550813369e-05,0.000133169652779777,1.31,2.31,0,0
"NSFG men 25-44",3.31,1e+05,500,0.55,1.51936162978108,0.428301069901695,1.17042868142682e-05,1.16628044498415e-05,1.17325069570352e-05,0.000172598423715944,1.31,2.31,0,0
"NSFG men 25-44",3.31,1e+05,500,0.6,1.60793358564732,0.487666680687601,1.2262131620604e-05,1.21931132654206e-05,1.23033529424345e-05,0.000223695013852184,1.31,2.31,0,0
"NSFG men 25-44",3.31,1e+05,500,0.65,1.70884439813845,0.551456619466727,1.29837891438226e-05,1.28691881315964e-05,1.30413319529098e-05,0.000289899448668123,1.31,2.31,0,0
"NSFG men 25-44",3.31,1e+05,500,0.7,1.82205679810916,0.619872199215497,1.39253550558593e-05,1.37284436563185e-05,1.39962687520035e-05,0.000375656764918614,1.31,2.31,0,0
"NSFG men 25-44",3.31,1e+05,500,0.75,1.9514852725814,0.693081921554485,1.51696442130711e-05,1.48225605271686e-05,1.52516693768365e-05,0.000486704567946937,1.31,2.31,0,0
"NSFG men 25-44",3.31,1e+05,500,0.8,2.09851320084385,0.771211656067464,1.68432044986384e-05,1.62227948337037e-05,1.69257473144187e-05,0.000630438536430262,1.31,2.31,0,0
"NSFG men 25-44",3.31,1e+05,500,0.85,2.26520317611466,0.854335392684482,1.914644803284e-05,1.80127079649289e-05,1.91630168701828e-05,0.0008163734643481,1.31,2.31,0,0
"NSFG men 25-44",3.31,1e+05,500,0.9,2.45359440960002,0.94246730338634,2.24079596382067e-05,2.03222484956551e-05,2.21639573272959e-05,0.00105671813709428,1.31,2.31,0,0
"NSFG men 25-44",3.31,1e+05,500,0.95,2.6743027817153,1.03555564412744,2.71832177840826e-05,2.33243156233637e-05,2.63142551033606e-05,0.0013670795185175,1.31,2.31,0,0
"NSFG men 25-44",3.31,1e+05,500,1,2.92325747128407,1.13347880329985,3.44334348513513e-05,2.72368839172518e-05,3.20247061870296e-05,0.00176730159256044,1.31,2.31,0,0
"NSFG men 25-44",3.31,1e+05,500,1.05,3.20912928165564,1.2360435900591,4.58434268204379e-05,3.23822531377177e-05,3.99321862498363e-05,0.00228242073954434,1.31,2.31,0,0
"NSFG men 25-44",3.31,1e+05,500,1.1,3.54472395593643,1.34298567428075,6.43643677251514e-05,3.91730893494505e-05,5.1258594715913e-05,0.00294367513119582,1.31,2.31,0,0
"NSFG men 25-44",3.31,1e+05,500,1.15,3.92635367129256,1.45397196686554,9.50777966819217e-05,4.81537079614417e-05,6.74492202842275e-05,0.00378943565390941,1.31,2.31,0,0
"NSFG men 25-44",3.31,1e+05,500,1.2,4.36761792528649,1.56860468830943,0.000146420030397141,5.997843010736e-05,9.07148927013192e-05,0.00486584125377971,1.31,2.31,0,0
"NSFG men 25-44",3.31,1e+05,500,1.25,4.85045010937896,1.68642691371476,0.000231604037023428,7.57135525706985e-05,0.000123581726699057,0.00622686988383704,1.31,2.31,0,0
"NSFG men 25-44",3.31,1e+05,500,1.3,5.40425725951298,1.80692946016278,0.000369716398494483,9.64448807615562e-05,0.00017255397818974,0.00793365051108825,1.31,2.31,0,0
"NSFG men 25-44",3.31,1e+05,500,1.35,6.03274087915024,1.92955901293106,0.000585714981149477,0.000123660444495885,0.000244282075748873,0.0100530999728737,1.31,2.31,0,0.0173160173160173
"NSFG men 25-44",3.31,1e+05,500,1.4,6.74406405854457,2.05372729261875,0.000909020546987913,0.000160988422720627,0.000347935349466623,0.0126563454940811,1.31,2.31,0,0.038961038961039
"NSFG men 25-44",3.31,1e+05,500,1.45,7.57699687187671,2.17882087703534,0.00137183868654944,0.000209295448609809,0.000498410444081852,0.01581747250662,1.31,2.31,0,0.0606060606060607
"NSFG men 25-44",3.31,1e+05,500,1.5,8.46593523435878,2.30421120320045,0.00200947300756624,0.00027264633335497,0.00071545985080218,0.0196125678201286,1.31,2.31,0,0.0822510822510822
"NSFG men 25-44",3.31,1e+05,500,1.55,9.52128216243459,2.4292644775431,0.00286362560627246,0.000358119839820317,0.00103695049083394,0.024118179485538,1.31,2.31,0,0.103896103896104
"NSFG men 25-44",3.31,1e+05,500,1.6,10.7422099304748,2.55335161744002,0.00398654573754502,0.000471234547037695,0.00147976627771392,0.0294081754957656,1.31,2.31,0,0.125541125541126
"NSFG men 25-44",3.31,1e+05,500,1.65,12.0877746248594,2.67585856171201,0.00544244711759154,0.000617269413848362,0.00208123213147684,0.0355489115026553,1.31,2.31,0,0.147186147186147
"NSFG men 25-44",3.31,1e+05,500,1.7,13.5625588211858,2.79619708955883,0.00730460957297313,0.000796667647056924,0.00290116271918737,0.0425937369583058,1.31,2.31,0,0.168831168831169
"NSFG men 25-44",3.31,1e+05,500,1.75,15.1741950697112,2.9138158426905,0.00964954473177833,0.0010325210383917,0.00400396788926047,0.0505781921587663,1.31,2.31,0,0.19047619047619
"NSFG men 25-44",3.31,1e+05,500,1.8,16.990544827805,3.02821088842957,0.0125506764218615,0.00133476490146005,0.0055325133315221,0.0595167684621818,1.31,2.31,0,0.212121212121212
"NSFG men 25-44",3.31,1e+05,500,1.85,18.9050369987271,3.13893506136095,0.0160731126575592,0.00172294747748324,0.00753835366762693,0.0694014566490764,1.31,2.31,0,0.233766233766234
"NSFG men 25-44",3.31,1e+05,500,1.9,21.009925954089,3.24560543035635,0.0202698649465521,0.00220997510851181,0.0100156473075132,0.080201931632801,1.31,2.31,0,0.255411255411255
"NSFG men 25-44",3.31,1e+05,500,1.95,23.332137940184,3.34790844007419,0.0251793273925273,0.00279960441454942,0.0135499456057132,0.0918671109335278,1.31,2.31,0,0.277056277056277
"NSFG men 25-44",3.31,1e+05,500,2,25.6834259782657,3.44560249719621,0.0308238721062123,0.00353573783078721,0.0177094350949996,0.104327799742957,1.31,2.31,0,0.298701298701299
"NSFG men 25-44",3.31,1e+05,500,2.05,28.0735882324242,3.53851798636535,0.0372095373769113,0.00444886609245698,0.0230132445031927,0.117500098897426,1.31,2.31,0,0.32034632034632
"NSFG men 25-44",3.31,1e+05,500,2.1,30.9085784850959,3.62655489642822,0.0443267166020246,0.0055283314435402,0.0297311995230164,0.131289221975662,1.31,2.31,0,0.341991341991342
"NSFG men 25-44",3.31,1e+05,500,2.15,33.8175296240142,3.70967839570575,0.0521515884095255,0.00672001640798929,0.0378342256949386,0.145593388212553,1.31,2.31,0,0.363636363636364
"NSFG men 25-44",3.31,1e+05,500,2.2,36.727982993113,3.78791279802435,0.0606479481882545,0.00816198227933268,0.0473454644066187,0.160307531168171,1.31,2.31,0,0.385281385281385
"NSFG men 25-44",3.31,1e+05,500,2.25,39.7664682227044,3.86133440391183,0.069769170122861,0.0098433673668008,0.0577205099509278,0.175326653868583,1.31,2.31,0,0.406926406926407
"NSFG men 25-44",3.31,1e+05,500,2.3,42.9269106454798,3.93006369246164,0.0794601715224902,0.0117984743465629,0.0702841326292324,0.19054873473701,1.31,2.31,0,0.428571428571429
"NSFG men 25-44",3.31,1e+05,500,2.35,46.0531207164018,3.99425729466268,0.0896593641780522,0.0140135726262099,0.0842670987688056,0.205877133958958,1.31,2.31,0.0170212765957447,0.432900432900433
"NSFG men 25-44",3.31,1e+05,500,2.4,49.2471569433367,4.05410011364424,0.100300612990809,0.0164054056536521,0.0995303329411684,0.221222475787546,1.31,2.31,0.0375000000000001,0.432900432900433
"NSFG men 25-44",3.31,1e+05,500,2.45,52.0863430895657,4.10979788240836,0.111315195714683,0.0189621319368618,0.116864165573324,0.236504002289396,1.31,2.31,0.0571428571428572,0.432900432900433
"NSFG men 25-44",3.31,1e+05,500,2.5,55.0025710349982,4.16157037256233,0.122633711563649,0.0219195609085028,0.131265638025706,0.251650415846906,1.31,2.31,0.076,0.432900432900433
"NSFG men 25-44",3.31,1e+05,500,2.55,57.6466570705587,4.20964539344963,0.134187855031248,0.0252029954661653,0.149184994327303,0.266600251373941,1.31,2.31,0.0941176470588236,0.432900432900433
"NSFG men 25-44",3.31,1e+05,500,2.6,60.313946964807,4.25425365388462,0.145911967830129,0.0286565215866908,0.170214273127992,0.281301840507858,1.31,2.31,0.111538461538462,0.432900432900433
"NSFG men 25-44",3.31,1e+05,500,2.65,63.5479381237374,4.29562450147025,0.157744302336306,0.0328035782386835,0.192461442074002,0.295712944768076,1.31,2.31,0.128301886792453,0.432900432900433
"NSFG men 25-44",3.31,1e+05,500,2.7,66.5920893846252,4.33398250912925,0.169627962608962,0.0365397279854466,0.212417841893056,0.309800140739193,1.31,2.31,0.144444444444444,0.432900432900433
"NSFG men 25-44",3.31,1e+05,500,2.75,69.2038187873529,4.36954484561413,0.181511522497579,0.0409810352205177,0.232755422523837,0.323538038106654,1.31,2.31,0.16,0.432900432900433
"NSFG men 25-44",3.31,1e+05,500,2.8,71.9542219390621,4.40251934575626,0.19334934711665,0.04518091862459,0.250754711533869,0.336908402836897,1.31,2.31,0.175,0.432900432900433
"NSFG men 25-44",3.31,1e+05,500,2.85,74.4975406728897,4.43310318552623,0.205101661109548,0.0496035210293858,0.273950747889628,0.349899245534532,1.31,2.31,0.189473684210526,0.432900432900433
"NSFG men 25-44",3.31,1e+05,500,2.9,76.6933598016396,4.4614820645422,0.2167344149425,0.0545738432616718,0.294169707152343,0.362503921416066,1.31,2.31,0.203448275862069,0.432900432900433
"NSFG men 25-44",3.31,1e+05,500,2.95,78.8922879092435,4.48782980228293,0.228219000975889,0.0586107884225343,0.31108482606421,0.374720275207665,1.31,2.31,0.216949152542373,0.432900432900433
"NSFG men 25-44",3.31,1e+05,500,3,81.1863865197035,4.51230826188709,0.239531866737226,0.0626783000437653,0.332006741469558,0.38654985271318,1.31,2.31,0.23,0.432900432900433
"NSFG men 25-44",3.31,1e+05,500,3.05,83.5959051666624,4.53506752532032,0.250654065901427,0.0676946407146974,0.353630017999056,0.397997191325644,1.31,2.31,0.242622950819672,0.432900432900433
"NSFG men 25-44",3.31,1e+05,500,3.1,85.6490783031476,4.55624625452147,0.26157077965215,0.0729843374855719,0.370351667401992,0.409069194461081,1.31,2.31,0.254838709677419,0.432900432900433
"NSFG men 25-44",3.31,1e+05,500,3.15,87.6244673369202,4.57597218393594,0.272270833452868,0.0780734243910307,0.392378179154228,0.419774589605147,1.31,2.31,0.266666666666667,0.432900432900433
"NSFG men 25-44",3.31,1e+05,500,3.2,89.5159582147922,4.59436269997508,0.282746227415404,0.0840387127403024,0.411142429815281,0.430123466077848,1.31,2.31,0.278125,0.432900432900433
"NSFG men 25-44",3.31,1e+05,500,3.25,91.3868381228527,4.61152547204214,0.292991692687761,0.0906445130817185,0.428346206231445,0.440126886396579,1.31,2.31,0.289230769230769,0.432900432900433
"NSFG men 25-44",3.31,1e+05,500,3.3,93.1791263510984,4.62755910767034,0.303004281642044,0.0966702856153872,0.446981002918993,0.449796563924939,1.31,2.31,0.3,0.432900432900433
"NSFG men 25-44",3.31,1e+05,500,3.35,94.7787490998748,4.64255381099801,0.312782996052335,0.103345698394612,0.464883587672696,0.459144599048543,1.31,2.31,0.31044776119403,0.432900432900433
"NSFG men 25-44",3.31,1e+05,500,3.4,96.2974584622885,4.65659202931928,0.322328454776763,0.110280898079602,0.480290235572217,0.46818326618583,1.31,2.31,0.320588235294118,0.432900432900433
"NSFG men 25-44",3.31,1e+05,500,3.45,97.6625005587581,4.6697490769053,0.331642600543929,0.116103530934171,0.499460067835009,0.47692484433965,1.31,2.31,0.330434782608696,0.432900432900433
"NSFG men 25-44",3.31,1e+05,500,3.5,98.8775242129789,4.6820937288233,0.34072844414105,0.122179005363261,0.516397399691166,0.485381484488046,1.31,2.31,0.34,0.432900432900433
"NSFG men 25-44",3.31,1e+05,500,3.55,100.148881112138,4.69368878022823,0.349589843474103,0.128615177886474,0.530533487417388,0.493565107802077,1.31,2.31,0.349295774647887,0.432900432900433
"NSFG men 25-44",3.31,1e+05,500,3.6,101.532657390928,4.70459156869636,0.358231314503108,0.134595389625975,0.546534850346411,0.501487329396986,1.31,2.31,0.358333333333333,0.432900432900433
"NSFG men 25-44",3.31,1e+05,500,3.65,102.744425804946,4.71485445873311,0.366657870852553,0.140650853458135,0.561044664408358,0.509159403025755,1.31,2.31,0.367123287671233,0.432900432900433
"NSFG men 25-44",3.31,1e+05,500,3.7,103.879260234343,4.72452528872457,0.374874888881017,0.146759673722956,0.576172769146325,0.516592182783583,1.31,2.31,0.375675675675676,0.432900432900433
"NSFG men 25-44",3.31,1e+05,500,3.75,105.021274728779,4.73364778140355,0.382887995104997,0.152758967495445,0.593640728302242,0.523796098492783,1.31,2.31,0.384,0.432900432900433
"NSFG men 25-44",3.31,1e+05,500,3.8,105.84432041429,4.74226191944198,0.390702973063836,0.158727398785276,0.609107565010537,0.530781141973221,1.31,2.31,0.392105263157895,0.432900432900433
"NSFG men 25-44",3.31,1e+05,500,3.85,106.887693960533,4.75040428812317,0.398325686951059,0.164170045757858,0.616428241814093,0.537556861872792,1.31,2.31,0.4,0.432900432900433
"NSFG men 25-44",3.31,1e+05,500,3.9,107.918209937511,4.75810838723988,0.405762019597524,0.170469433471696,0.627476919182993,0.544132365137924,1.31,2.31,0.407692307692308,0.432900432900433
"NSFG men 25-44",3.31,1e+05,500,3.95,108.891051533335,4.76540491444606,0.413017822656077,0.176991912511666,0.63959825615884,0.55051632355061,1.31,2.31,0.415189873417722,0.432900432900433
"NSFG men 25-44",3.31,1e+05,500,4,109.809345459893,4.77232202229269,0.420098877094063,0.183009524276826,0.651351672410114,0.556716984051617,1.31,2.31,0.4225,0.432900432900433
"NSFG men 25-44",3.31,1e+05,500,4.05,110.676105738098,4.77888555112487,0.427010862341686,0.188091411064182,0.662746089894188,0.562742181815586,1.31,2.31,0.42962962962963,0.432900432900433
"NSFG men 25-44",3.31,1e+05,500,4.1,111.373244291525,4.78511923992679,0.433759332666478,0.195058480051778,0.673896902082393,0.568599355248665,1.31,2.31,0.436585365853659,0.432900432900433
"NSFG men 25-44",3.31,1e+05,500,4.15,112.119276795726,4.79104491708675,0.440349699545032,0.201654270287226,0.686305988044296,0.574295562249058,1.31,2.31,0.443373493975904,0.432900432900433
"NSFG men 25-44",3.31,1e+05,500,4.2,112.835272712352,4.79668267292627,0.446787218982214,0.207792289038753,0.69730884996089,0.579837497210441,1.31,2.31,0.45,0.432900432900433
"NSFG men 25-44",3.31,1e+05,500,4.25,113.522724959535,4.80205101570356,0.453076982885853,0.212589396943482,0.709678606469146,0.585231508362487,1.31,2.31,0.456470588235294,0.432900432900433
"NSFG men 25-44",3.31,1e+05,500,4.3,114.182898474933,4.80716701266601,0.459223913742712,0.218053043920331,0.721546093171714,0.590483615135712,1.31,2.31,0.462790697674419,0.432900432900433
"NSFG men 25-44",3.31,1e+05,500,4.35,114.597353622213,4.81204641759513,0.46523276196092,0.223873151887101,0.731965797650308,0.595599525313142,1.31,2.31,0.468965517241379,0.432900432900433
"NSFG men 25-44",3.31,1e+05,500,4.4,114.991102605966,4.81670378615971,0.471108105346812,0.229387524541111,0.743302122730292,0.600584651791945,1.31,2.31,0.475,0.432900432900433
"NSFG men 25-44",3.31,1e+05,500,4.45,115.365467930392,4.82115258027394,0.476854350272129,0.234341165335856,0.751394389621834,0.60544412882667,1.31,2.31,0.480898876404494,0.432900432900433
"NSFG men 25-44",3.31,1e+05,500,4.5,115.721675966168,4.82540526254471,0.482475734162426,0.238471947796781,0.758267765985511,0.610182827664388,1.31,2.31,0.486666666666667,0.432900432900433
"NSFG men 25-44",3.31,1e+05,500,4.55,116.185960705597,4.82947338178881,0.487976329001189,0.242502235103735,0.764884931785792,0.614805371512503,1.31,2.31,0.492307692307692,0.432900432900433
"NSFG men 25-44",3.31,1e+05,500,4.6,116.675622750154,4.83336765050514,0.493360045597835,0.246657406745531,0.772140535747048,0.619316149803964,1.31,2.31,0.497826086956522,0.432900432900433
"NSFG men 25-44",3.31,1e+05,500,4.65,117.141066423218,4.83709801509967,0.498630638413081,0.251349101165974,0.780105568523022,0.623719331743136,1.31,2.31,0.503225806451613,0.432900432900433
"NSFG men 25-44",3.31,1e+05,500,4.7,117.583541976813,4.84067371958162,0.503791710773157,0.25660447332493,0.78663826177826,0.628018879129867,1.31,2.31,0.508510638297872,0.432900432900433
"NSFG men 25-44",3.31,1e+05,500,4.75,118.004239650791,4.84410336337653,0.508846720336149,0.262560297153549,0.791866013664788,0.63221855847006,1.31,2.31,0.513684210526316,0.432900432900433
"NSFG men 25-44",3.31,1e+05,500,4.8,118.434034552752,4.84739495383722,0.513798984700357,0.268625862808925,0.79726851854182,0.636321952389076,1.31,2.31,0.51875,0.432900432900433
"NSFG men 25-44",3.31,1e+05,500,4.85,118.782000039728,4.85055595397429,0.518651687066633,0.27300589950731,0.802312425817972,0.640332470370055,1.31,2.31,0.523711340206186,0.432900432900433
"NSFG men 25-44",3.31,1e+05,500,4.9,119.115963366106,4.8535933258747,0.523407881885055,0.277990877399659,0.807805080747139,0.644253358843317,1.31,2.31,0.528571428571429,0.432900432900433
"NSFG men 25-44",3.31,1e+05,500,4.95,119.436689969133,4.85651357022938,0.528070500431467,0.284181733694396,0.813629693859808,0.648087710655626,1.31,2.31,0.533333333333333,0.432900432900433
"NSFG men 25-44",3.31,1e+05,500,5,119.744895609636,4.85932276234773,0.532642356271959,0.288088264232203,0.820677812588666,0.651838473949712,1.31,2.31,0.538,0.432900432900433
"NSFG men 25-44",3.31,1e+05,500,5.05,120.041249896555,4.86202658499847,0.537126150583679,0.292039655821871,0.827511491327156,0.655508460485143,1.31,2.31,0.542574257425743,0.432900432900433
"NSFG men 25-44",3.31,1e+05,500,5.1,120.32637955896,4.86463035838161,0.541524477308763,0.296002273678998,0.833892757409511,0.659100353431809,1.31,2.31,0.547058823529412,0.432900432900433
"NSFG men 25-44",3.31,1e+05,500,5.15,120.600871481301,4.86713906750555,0.545839828125102,0.300315802795918,0.840031207225655,0.662616714666827,1.31,2.31,0.551456310679612,0.432900432900433
"NSFG men 25-44",3.31,1e+05,500,5.2,120.865275517293,4.86955738721547,0.550074597223193,0.30438423788353,0.845935875931019,0.666059991605008,1.31,2.31,0.555769230769231,0.432900432900433
"NSFG men 25-44",3.31,1e+05,500,5.25,121.151104706799,4.87188970509417,0.554231085882817,0.30917575769615,0.8516155270335,0.669432523591987,1.31,2.31,0.56,0.432900432900433
"NSFG men 25-44",3.31,1e+05,500,5.3,121.456983969704,4.8741401424347,0.558311506846892,0.315496869623837,0.857078650927065,0.672736547887982,1.31,2.31,0.564150943396226,0.432900432900433
"NSFG men 25-44",3.31,1e+05,500,5.35,121.753191677273,4.87631257346369,0.562317988492675,0.321900585103501,0.862333465018111,0.67597420526883,1.31,2.31,0.568224299065421,0.432900432900433
"NSFG men 25-44",3.31,1e+05,500,5.4,122.038185937588,4.87841064297675,0.566252578802689,0.325774452228368,0.867209667614073,0.679147545269617,1.31,2.31,0.572222222222222,0.432900432900433
"NSFG men 25-44",3.31,1e+05,500,5.45,122.309569492849,4.88043778253135,0.570117249139502,0.328560937810639,0.871893423023318,0.682258531094826,1.31,2.31,0.576146788990826,0.432900432900433
"NSFG men 25-44",3.31,1e+05,500,5.5,122.559075643753,4.88239722532793,0.573913897829739,0.331380766207187,0.877035699211182,0.685309044217527,1.31,2.31,0.58,0.432900432900433
"NSFG men 25-44",3.31,1e+05,500,5.55,122.739037419469,4.88429201989758,0.577644353563672,0.33540403184635,0.882178365657138,0.688300888688764,1.31,2.31,0.583783783783784,0.432900432900433
"NSFG men 25-44",3.31,1e+05,500,5.6,122.914121655282,4.8861250427028,0.581310378617389,0.338616359719762,0.88710258848189,0.691235795176988,1.31,2.31,0.5875,0.432900432900433
"NSFG men 25-44",3.31,1e+05,500,5.65,123.084563464203,4.88789900974767,0.584913671905007,0.341993945465087,0.891651073913446,0.694115424756039,1.31,2.31,0.591150442477876,0.432900432900433
"NSFG men 25-44",3.31,1e+05,500,5.7,123.250583302099,4.8896164872844,0.588455871868599,0.346016495031279,0.895896368712633,0.696941372458997,1.31,2.31,0.594736842105263,0.432900432900433
"NSFG men 25-44",3.31,1e+05,500,5.75,123.412387996517,4.89127990169504,0.59193855921368,0.350242413641031,0.899684190188438,0.699715170614011,1.31,2.31,0.598260869565217,0.432900432900433
"NSFG men 25-44",3.31,1e+05,500,5.8,123.570171697569,4.89289154861954,0.595363259498028,0.354460932511499,0.9026949254194,0.70243829197711,1.31,2.31,0.601724137931035,0.432900432900433
"NSFG men 25-44",3.31,1e+05,500,5.85,123.724116757109,4.89445360139457,0.598731445581552,0.358415171319956,0.905304838928117,0.705112152675954,1.31,2.31,0.605128205128205,0.432900432900433
"NSFG men 25-44",3.31,1e+05,500,5.9,123.874394541943,4.89596811886183,0.602044539944755,0.363326262948133,0.908701605062641,0.707738114977469,1.31,2.31,0.608474576271187,0.432900432900433
"NSFG men 25-44",3.31,1e+05,500,5.95,124.077650798752,4.89743705259855,0.605303916883083,0.367361868069799,0.911955502426019,0.710317489891424,1.31,2.31,0.611764705882353,0.432900432900433
"NSFG men 25-44",3.31,1e+05,500,6,124.273351514479,4.89886225361858,0.608510904584237,0.371175014312431,0.9146896957362,0.712851539621085,1.31,2.31,0.615,0.432900432900433
"NSFG men 25-44",3.31,1e+05,500,6.05,124.399039627617,4.90024547858767,0.611666787095199,0.374512248860979,0.917335449470613,0.715341479871335,1.31,2.31,0.618181818181818,0.432900432900433
"NSFG men 25-44",3.31,1e+05,500,6.1,124.520620382177,4.90158839559275,0.614772806185454,0.377574686098779,0.919892252298668,0.717788482023832,1.31,2.31,0.621311475409836,0.432900432900433
"NSFG men 25-44",3.31,1e+05,500,6.15,124.638276211984,4.90289258950135,0.617830163112535,0.380970552472936,0.922095025303232,0.720193675188134,1.31,2.31,0.624390243902439,0.432900432900433
"NSFG men 25-44",3.31,1e+05,500,6.2,124.75217982662,4.90415956694408,0.62084002029574,0.384469371030735,0.924236791915687,0.722558148137029,1.31,2.31,0.62741935483871,0.432900432900433
"NSFG men 25-44",3.31,1e+05,500,6.25,124.873630339879,4.90539076095026,0.623803502903524,0.388732947398303,0.92654274264189,0.724882951133728,1.31,2.31,0.6304,0.432900432900433
"NSFG men 25-44",3.31,1e+05,500,6.3,124.998099887848,4.90658753526398,0.626721700359779,0.392931396681763,0.928919904548441,0.727169097658012,1.31,2.31,0.633333333333333,0.432900432900433
"NSFG men 25-44",3.31,1e+05,500,6.35,125.130296812528,4.90775118836559,0.629595667773872,0.397101011488386,0.931216933001767,0.729417566037908,1.31,2.31,0.636220472440945,0.432900432900433
"NSFG men 25-44",3.31,1e+05,500,6.4,125.265841752663,4.90888295722146,0.632426427299074,0.399815891206187,0.933436651629018,0.731629300992996,1.31,2.31,0.6390625,0.432900432900433
"NSFG men 25-44",3.31,1e+05,500,6.45,125.397597682314,4.90998402078283,0.635214969423663,0.401950967915107,0.935597318645163,0.733805215095002,1.31,2.31,0.641860465116279,0.432900432900433
"NSFG men 25-44",3.31,1e+05,500,6.5,125.525714788742,4.91105550325287,0.637962254198769,0.405689439615453,0.938040988325958,0.735946190150927,1.31,2.31,0.644615384615385,0.432900432900433
"NSFG men 25-44",3.31,1e+05,500,6.55,125.650094793096,4.91209847713935,0.640669212406725,0.410174402979295,0.939948437696219,0.738053078513577,1.31,2.31,0.647328244274809,0.432900432900433
"NSFG men 25-44",3.31,1e+05,500,6.6,125.745843530019,4.91311396610898,0.643336746673478,0.41387256304675,0.942022170745059,0.740126704324037,1.31,2.31,0.65,0.432900432900433
"NSFG men 25-44",3.31,1e+05,500,6.65,125.858741172382,4.91410294765799,0.645965732528353,0.417189544822114,0.944086157499695,0.742167864690264,1.31,2.31,0.652631578947368,0.432900432900433
"NSFG men 25-44",3.31,1e+05,500,6.7,125.988094388056,4.91506635561262,0.648557019414266,0.422196933792327,0.946074097567525,0.744177330805727,1.31,2.31,0.655223880597015,0.432900432900433
"NSFG men 25-44",3.31,1e+05,500,6.75,126.116506508812,4.91600508247159,0.651111431651268,0.427230548448905,0.94798886313878,0.746155849011714,1.31,2.31,0.657777777777778,0.432900432900433
"NSFG men 25-44",3.31,1e+05,500,6.8,126.225578493666,4.91691998160216,0.653629769356101,0.430272207079599,0.949833218231895,0.748104141806688,1.31,2.31,0.660294117647059,0.432900432900433
"NSFG men 25-44",3.31,1e+05,500,6.85,126.331886578387,4.91781186930008,0.65611280932029,0.434077331023099,0.951609822468117,0.750022908805833,1.31,2.31,0.662773722627737,0.432900432900433
"NSFG men 25-44",3.31,1e+05,500,6.9,126.435534163056,4.91868152672311,0.658561305849095,0.437907636048847,0.953321234753704,0.751912827653724,1.31,2.31,0.665217391304348,0.432900432900433
"NSFG men 25-44",3.31,1e+05,500,6.95,126.536620034589,4.91952970170694,0.660975991563527,0.441256530855664,0.954969916867395,0.753774554892841,1.31,2.31,0.667625899280575,0.432900432900433
"NSFG men 25-44",3.31,1e+05,500,7,126.635238593584,4.92035711047164,0.663357578167456,0.443798334076483,0.956558236951511,0.755608726790481,1.31,2.31,0.67,0.432900432900433
"NSFG men 25-44",3.31,1e+05,500,7.05,126.731480069094,4.92116443922627,0.665706757181707,0.445495117866354,0.958088472905598,0.757415960126433,1.31,2.31,0.672340425531915,0.432900432900433
"NSFG men 25-44",3.31,1e+05,500,7.1,126.825430722014,4.92195234567845,0.668024200646947,0.446856156281297,0.959562815682109,0.759196852943639,1.31,2.31,0.674647887323944,0.432900432900433
"NSFG men 25-44",3.31,1e+05,500,7.15,126.917173037733,4.92272146045544,0.670310561796995,0.448267379558096,0.960983372484003,0.760951985263902,1.31,2.31,0.676923076923077,0.432900432900433
"NSFG men 25-44",3.31,1e+05,500,7.2,127.006785908657,4.92347238844257,0.672566475704124,0.450849291887792,0.962352169864607,0.762681919770588,1.31,2.31,0.679166666666667,0.432900432900433
"NSFG men 25-44",3.31,1e+05,500,7.25,127.094344807177,4.92420571004452,0.674792559897801,0.45457560335918,0.963671156730366,0.764387202460118,1.31,2.31,0.681379310344828,0.432900432900433
"NSFG men 25-44",3.31,1e+05,500,7.3,127.179921949611,4.92492198237463,0.676989414958223,0.458352542142804,0.96494220724747,0.766068363263955,1.31,2.31,0.683561643835616,0.432900432900433
"NSFG men 25-44",3.31,1e+05,500,7.35,127.263586451646,4.92562174037674,0.679157625085923,0.461702544966496,0.96612041916508,0.767725916642662,1.31,2.31,0.685714285714286,0.432900432900433
"NSFG men 25-44",3.31,1e+05,500,7.4,127.345404475733,4.92630549788411,0.681297758648629,0.465330761778905,0.96721824180305,0.769360362153524,1.31,2.31,0.687837837837838,0.432900432900433
"NSFG men 25-44",3.31,1e+05,500,7.45,127.425439370892,4.92697374861937,0.683410368706503,0.468241488396958,0.968279152395199,0.77097218499313,1.31,2.31,0.68993288590604,0.432900432900433
"NSFG men 25-44",3.31,1e+05,500,7.5,127.503751805348,4.92762696713924,0.685495993516802,0.470611204128043,0.96930444966937,0.772561856516204,1.31,2.31,0.692,0.432900432900433
"NSFG men 25-44",3.31,1e+05,500,7.55,127.580399892397,4.92826560972754,0.687555157018943,0.472306558193134,0.970295384247942,0.774129834731945,1.31,2.31,0.694039735099338,0.432900432900433
"NSFG men 25-44",3.31,1e+05,500,7.6,127.655439309859,4.92889011523973,0.689588369300903,0.474264926542011,0.971253160522935,0.775676564778994,1.31,2.31,0.696052631578947,0.432900432900433
"NSFG men 25-44",3.31,1e+05,500,7.65,127.731548238292,4.92950090590189,0.691596127047817,0.476107038162445,0.972178938455194,0.777202479380137,1.31,2.31,0.698039215686274,0.432900432900433
"NSFG men 25-44",3.31,1e+05,500,7.7,127.815942449272,4.93009838806714,0.693578913973598,0.47861890277966,0.973073835300712,0.77870799927775,1.31,2.31,0.7,0.432900432900433
"NSFG men 25-44",3.31,1e+05,500,7.75,127.933928871956,4.93068295293188,0.695537201236344,0.479354007943426,0.973938927267065,0.780193533650958,1.31,2.31,0.701935483870968,0.432900432900433
"NSFG men 25-44",3.31,1e+05,500,7.8,128.03899598715,4.9312549772144,0.697471447838266,0.48007077418665,0.974775251102806,0.781659480515397,1.31,2.31,0.703846153846154,0.432900432900433
"NSFG men 25-44",3.31,1e+05,500,7.85,128.125675433947,4.93181482379809,0.699382101010818,0.480899492907431,0.975583805622569,0.783106227106436,1.31,2.31,0.705732484076433,0.432900432900433
"NSFG men 25-44",3.31,1e+05,500,7.9,128.21035277419,4.93236284234142,0.701269596585682,0.48221380823953,0.976365553170526,0.784534150246675,1.31,2.31,0.707594936708861,0.432900432900433
"NSFG men 25-44",3.31,1e+05,500,7.95,128.265201606781,4.93289936985654,0.703134359352214,0.484100838858215,0.977121421024726,0.785943616698452,1.31,2.31,0.709433962264151,0.432900432900433
"NSFG men 25-44",3.31,1e+05,500,8,128.300120707328,4.9334247312584,0.704976803401935,0.485580900999558,0.977852302744766,0.787334983502095,1.31,2.31,0.71125,0.432900432900433
"NSFG men 25-44",3.31,1e+06,200,0,1,0,1e-06,1e-06,1e-06,1e-06,1.31,2.31,0,0
"NSFG men 25-44",3.31,1e+06,200,0.05,1.02635976543429,0.0260476540501663,1.00060492221631e-06,1.00060344843099e-06,1.00060628661425e-06,1.36162778037404e-06,1.31,2.31,0,0
"NSFG men 25-44",3.31,1e+06,200,0.1,1.0555074045959,0.054102276050216,1.00259822852969e-06,1.00259163229499e-06,1.00260431073045e-06,1.85437848143719e-06,1.31,2.31,0,0
"NSFG men 25-44",3.31,1e+06,200,0.15,1.08781266048448,0.084334003150186,1.00629134139388e-06,1.00627473455673e-06,1.00630675587287e-06,2.52586042374367e-06,1.31,2.31,0,0
"NSFG men 25-44",3.31,1e+06,200,0.2,1.12372648455704,0.116929262980731,1.01206584911562e-06,1.01203218678139e-06,1.01209780536725e-06,3.44095869254164e-06,1.31,2.31,0,0
"NSFG men 25-44",3.31,1e+06,200,0.25,1.16370257821132,0.152092617876495,1.0203925886689e-06,1.02033346262136e-06,1.02044753216685e-06,4.6880848580087e-06,1.31,2.31,0,0
"NSFG men 25-44",3.31,1e+06,200,0.3,1.20831976466934,0.190048762563216,1.03185730164994e-06,1.03176237319536e-06,1.03195115174273e-06,6.38767169778658e-06,1.31,2.31,0,0
"NSFG men 25-44",3.31,1e+06,200,0.35,1.25856592178532,0.231044587165016,1.04719569533573e-06,1.04704786928379e-06,1.04734872952058e-06,8.70370925169178e-06,1.31,2.31,0,0
"NSFG men 25-44",3.31,1e+06,200,0.4,1.31491225101073,0.275351125936948,1.06734221652973e-06,1.06709635469595e-06,1.06759927657572e-06,1.18593950762045e-05,1.31,2.31,0,0
"NSFG men 25-44",3.31,1e+06,200,0.45,1.37842818520675,0.323265076208565,1.09349922213702e-06,1.09306311002655e-06,1.09389417180912e-06,1.61583407973112e-05,1.31,2.31,0,0
"NSFG men 25-44",3.31,1e+06,200,0.5,1.45019139522191,0.37510939737734,1.1272371326632e-06,1.12644230969526e-06,1.12794258748997e-06,2.20132681937434e-05,1.31,2.31,0,0
"NSFG men 25-44",3.31,1e+06,200,0.55,1.5320030264365,0.431232324393703,1.1706426897046e-06,1.1692722342622e-06,1.17190817591147e-06,2.99847784313179e-05,1.31,2.31,0,0
"NSFG men 25-44",3.31,1e+06,200,0.6,1.62523756613019,0.492004037523443,1.22654359331804e-06,1.22417467924704e-06,1.22851621203841e-06,4.08336348297698e-05,1.31,2.31,0,0
"NSFG men 25-44",3.31,1e+06,200,0.65,1.73209294525245,0.5578103278879,1.29885718707277e-06,1.29419393513368e-06,1.30239266570385e-06,5.55911210348584e-05,1.31,2.31,0,0
"NSFG men 25-44",3.31,1e+06,200,0.7,1.85356752626197,0.629042936025971,1.39314514848886e-06,1.3842455943585e-06,1.39850313985776e-06,7.56534931522801e-05,1.31,2.31,0,0
"NSFG men 25-44",3.31,1e+06,200,0.75,1.99245871671476,0.706086713165367,1.51751771521045e-06,1.5016566985433e-06,1.52620309208797e-06,0.000102908418171105,1.31,2.31,0,0
"NSFG men 25-44",3.31,1e+06,200,0.8,2.15682867872756,0.789304133827044,1.68414302854192e-06,1.65309521604048e-06,1.69875218106231e-06,0.000139903671285803,1.31,2.31,0,0
"NSFG men 25-44",3.31,1e+06,200,0.85,2.34699975642321,0.879017847726376,1.91182334869607e-06,1.85390364698827e-06,1.93230417925183e-06,0.00019007133820859,1.31,2.31,0,0
"NSFG men 25-44",3.31,1e+06,200,0.9,2.56812294920676,0.975492047873783,2.23048240678995e-06,2.1216202646823e-06,2.26393511747228e-06,0.000258024396982476,1.31,2.31,0,0
"NSFG men 25-44",3.31,1e+06,200,0.95,2.82537178462122,1.07891369274817,2.68912144473646e-06,2.47951286662783e-06,2.7477704546912e-06,0.00034994682980458,1.31,2.31,0,0
"NSFG men 25-44",3.31,1e+06,200,1,3.12400421579569,1.18937503889133,3.37013324086016e-06,2.96208644124132e-06,3.46895263227852e-06,0.000474103179246097,1.31,2.31,0,0
"NSFG men 25-44",3.31,1e+06,200,1.05,3.47658021235887,1.3068592137012,4.41534100853809e-06,3.62620976995452e-06,4.53187654275672e-06,0.000641498251909254,1.31,2.31,0,0
"NSFG men 25-44",3.31,1e+06,200,1.1,3.8929664215351,1.43123040922814,6.0736930790646e-06,4.57057938173801e-06,6.1366981747292e-06,0.000866721456161474,1.31,2.31,0,0
"NSFG men 25-44",3.31,1e+06,200,1.15,4.38536466407947,1.5622296899019,8.78879683389292e-06,5.87308607073032e-06,8.61812983545365e-06,0.00116901100723003,1.31,2.31,0,0
"NSFG men 25-44",3.31,1e+06,200,1.2,4.96353748990567,1.69947658161489,1.33589363051306e-05,7.72732619293768e-06,1.252450967756e-05,0.00157356724807709,1.31,2.31,0,0
"NSFG men 25-44",3.31,1e+06,200,1.25,5.65226852151046,1.84247580441031,2.12262859051072e-05,1.03550891226409e-05,1.87676147013601e-05,0.00211312541242348,1.31,2.31,0,0
"NSFG men 25-44",3.31,1e+06,200,1.3,6.46416904798237,1.9906279289105,3.49887711728598e-05,1.41346401783386e-05,2.87692885903137e-05,0.00282975690130218,1.31,2.31,0,0
"NSFG men 25-44",3.31,1e+06,200,1.35,7.41718765424721,2.14324248351748,5.92758505934502e-05,1.95470484144979e-05,4.49066456299235e-05,0.00377679262215243,1.31,2.31,0,0.0173160173160173
"NSFG men 25-44",3.31,1e+06,200,1.4,8.54953817659459,2.29955212397206,0.000102171947386547,2.73907263365566e-05,7.07232143136222e-05,0.00502064229878438,1.31,2.31,0,0.038961038961039
"NSFG men 25-44",3.31,1e+06,200,1.45,9.89500635909143,2.45872683362851,0.000177360710833809,3.86255167877426e-05,0.000112928412982972,0.00664212481348887,1.31,2.31,0,0.0606060606060607
"NSFG men 25-44",3.31,1e+06,200,1.5,11.4678801027425,2.61988764256105,0.000307012543175049,5.4858005761705e-05,0.000179824360582851,0.00873676881141465,1.31,2.31,0,0.0822510822510822
"NSFG men 25-44",3.31,1e+06,200,1.55,13.3121616037075,2.78211990243409,0.000525064807370831,7.87939791831806e-05,0.000287194043994709,0.0114134895549684,1.31,2.31,0,0.103896103896104
"NSFG men 25-44",3.31,1e+06,200,1.6,15.4662044040474,2.94448658094075,0.000880025298181268,0.000111528065056304,0.00045158271580459,0.0147912297155866,1.31,2.31,0,0.125541125541126
"NSFG men 25-44",3.31,1e+06,200,1.65,18.0441628620694,3.10604220210332,0.00143618321308852,0.000157764942380854,0.000705790458336172,0.0189936119572849,1.31,2.31,0,0.147186147186147
"NSFG men 25-44",3.31,1e+06,200,1.7,20.8983289360564,3.26584789883555,0.00227271325750487,0.000222429513509705,0.00108193861068478,0.0241421760075227,1.31,2.31,0,0.168831168831169
"NSFG men 25-44",3.31,1e+06,200,1.75,24.1065187542199,3.42298767547586,0.00348146942628588,0.000312900381349323,0.00165585714473394,0.0303489401886253,1.31,2.31,0,0.19047619047619
"NSFG men 25-44",3.31,1e+06,200,1.8,27.9301430012356,3.57658564455702,0.00516485624566211,0.000435704504227578,0.00250683606050708,0.0377086767206742,1.31,2.31,0,0.212121212121212
"NSFG men 25-44",3.31,1e+06,200,1.85,32.311305242005,3.72582384712891,0.00743382195698333,0.000604587494372551,0.00368842807208526,0.046290931029237,1.31,2.31,0,0.233766233766234
"NSFG men 25-44",3.31,1e+06,200,1.9,37.1635281232284,3.86996015538281,0.0104040334607898,0.000834376673676242,0.00533077240511018,0.0561321311464974,1.31,2.31,0,0.255411255411255
"NSFG men 25-44",3.31,1e+06,200,1.95,42.5576351238094,4.00834545944736,0.0141883119558088,0.00114180227355109,0.00755824288956832,0.0672289939877127,1.31,2.31,0,0.277056277056277
"NSFG men 25-44",3.31,1e+06,200,2,48.5329274656112,4.14043887998669,0.0188856978259244,0.00154655626511709,0.0105025372329042,0.079534939483246,1.31,2.31,0,0.298701298701299
"NSFG men 25-44",3.31,1e+06,200,2.05,55.1348809070157,4.26581943291529,0.0245697087927686,0.00207327568854235,0.0142586471093302,0.092960798053579,1.31,2.31,0,0.32034632034632
"NSFG men 25-44",3.31,1e+06,200,2.1,62.0985588194983,4.38419268341593,0.0312787971604504,0.00274776967192358,0.0194882716466952,0.107380032877857,1.31,2.31,0,0.341991341991342
"NSFG men 25-44",3.31,1e+06,200,2.15,69.6364154612749,4.49539148300407,0.0390111202323115,0.00358884604262111,0.0262097219944116,0.122637625452071,1.31,2.31,0,0.363636363636364
"NSFG men 25-44",3.31,1e+06,200,2.2,77.6718721984442,4.59937068738355,0.047724487265771,0.0045814406783726,0.0342452364847332,0.138561084390226,1.31,2.31,0,0.385281385281385
"NSFG men 25-44",3.31,1e+06,200,2.25,86.3946740234384,4.69619655041012,0.0573411602158228,0.0057603450942159,0.0431207323399436,0.154971831465065,1.31,2.31,0,0.406926406926407
"NSFG men 25-44",3.31,1e+06,200,2.3,95.727702518592,4.78603208400468,0.0677562178883875,0.00713988941465949,0.0540844530891978,0.171695438834549,1.31,2.31,0,0.428571428571429
"NSFG men 25-44",3.31,1e+06,200,2.35,105.233307854947,4.86911996816756,0.0788476522131596,0.00900550901592451,0.0672523023177826,0.188569692953468,1.31,2.31,0.0170212765957447,0.432900432900433
"NSFG men 25-44",3.31,1e+06,200,2.4,114.98105562594,4.94576459127657,0.090486372918001,0.0111336902056157,0.0778969905220066,0.20545005237951,1.31,2.31,0.0375000000000001,0.432900432900433
"NSFG men 25-44",3.31,1e+06,200,2.45,124.550858834095,5.01631457183102,0.102544746428562,0.0133373164122903,0.092284641842572,0.222212577785619,1.31,2.31,0.0571428571428572,0.432900432900433
"NSFG men 25-44",3.31,1e+06,200,2.5,134.09275019173,5.08114676164639,0.114902936547669,0.0162147790322032,0.110729808030634,0.238754747605642,1.31,2.31,0.076,0.432900432900433
"NSFG men 25-44",3.31,1e+06,200,2.55,142.959623284936,5.14065235265948,0.127452912362013,0.0193182924800748,0.132773746867783,0.254994718904414,1.31,2.31,0.0941176470588236,0.432900432900433
"NSFG men 25-44",3.31,1e+06,200,2.6,151.507206876563,5.19522537204857,0.140100406651879,0.0227490040587464,0.156858376118203,0.270869591635286,1.31,2.31,0.111538461538462,0.432900432900433
"NSFG men 25-44",3.31,1e+06,200,2.65,160.205803237886,5.24525358775629,0.152765314494884,0.0261169891827559,0.181559768905362,0.286333145846406,1.31,2.31,0.128301886792453,0.432900432900433
"NSFG men 25-44",3.31,1e+06,200,2.7,168.710787205289,5.29111166676444,0.165381055265327,0.030195485806898,0.205828147877386,0.301353399825992,1.31,2.31,0.144444444444444,0.432900432900433
"NSFG men 25-44",3.31,1e+06,200,2.75,176.922472032999,5.33315632310842,0.177893348282523,0.0343044988688146,0.227907327903777,0.315910219258344,1.31,2.31,0.16,0.432900432900433
"NSFG men 25-44",3.31,1e+06,200,2.8,184.817517790783,5.37172314559938,0.190258735825297,0.038383363233941,0.247283981317447,0.329993111537536,1.31,2.31,0.175,0.432900432900433
"NSFG men 25-44",3.31,1e+06,200,2.85,192.721928363364,5.40712478923778,0.202443070777349,0.0429586968400705,0.265132718471751,0.343599270276282,1.31,2.31,0.189473684210526,0.432900432900433
"NSFG men 25-44",3.31,1e+06,200,2.9,200.315592986249,5.43965023418094,0.214420092059732,0.0472882926234961,0.28164567686324,0.356731889973123,1.31,2.31,0.203448275862069,0.432900432900433
"NSFG men 25-44",3.31,1e+06,200,2.95,207.704172694455,5.46956485011483,0.226170145281648,0.0516085227598743,0.301200278242933,0.369398744077764,1.31,2.31,0.216949152542373,0.432900432900433
"NSFG men 25-44",3.31,1e+06,200,3,214.895016319384,5.49711104367348,0.237679065566525,0.055995610204126,0.32105407232869,0.3816110055423,1.31,2.31,0.23,0.432900432900433
"NSFG men 25-44",3.31,1e+06,200,3.05,221.652941958247,5.52250930674936,0.248937217692782,0.0604310826307228,0.339057342675587,0.39338228271488,1.31,2.31,0.242622950819672,0.432900432900433
"NSFG men 25-44",3.31,1e+06,200,3.1,228.02288966875,5.54595952095109,0.25993867889994,0.0648984082146358,0.359759076923505,0.404727841846286,1.31,2.31,0.254838709677419,0.432900432900433
"NSFG men 25-44",3.31,1e+06,200,3.15,234.06428262128,5.56764240645284,0.270680546768847,0.069854090108449,0.379861542082116,0.41566398843107,1.31,2.31,0.266666666666667,0.432900432900433
"NSFG men 25-44",3.31,1e+06,200,3.2,239.787652397474,5.58772103143504,0.281162355024795,0.0751131584944373,0.399319658370715,0.426207581823029,1.31,2.31,0.278125,0.432900432900433
"NSFG men 25-44",3.31,1e+06,200,3.25,244.860117055626,5.60634232126889,0.291385581896476,0.0818022623764977,0.413607479186361,0.436375660320393,1.31,2.31,0.289230769230769,0.432900432900433
"NSFG men 25-44",3.31,1e+06,200,3.3,249.631098854556,5.62363852494227,0.301353237742103,0.0888025801169031,0.428048000016305,0.446185156804672,1.31,2.31,0.3,0.432900432900433
"NSFG men 25-44",3.31,1e+06,200,3.35,253.972240641649,5.63972861053289,0.311069520573874,0.0942375307247674,0.44479498534374,0.455652687820645,1.31,2.31,0.31044776119403,0.432900432900433
"NSFG men 25-44",3.31,1e+06,200,3.4,258.003356876572,5.65471957243349,0.320539529737018,0.099695656986613,0.462976628381779,0.464794401590205,1.31,2.31,0.320588235294118,0.432900432900433
"NSFG men 25-44",3.31,1e+06,200,3.45,261.800953783109,5.66870764113812,0.329769029337162,0.105890021548591,0.483699225570902,0.473625872805553,1.31,2.31,0.330434782608696,0.432900432900433
"NSFG men 25-44",3.31,1e+06,200,3.5,265.380030786646,5.68177939226547,0.338764254115088,0.113430943385528,0.505066970249095,0.482162034127487,1.31,2.31,0.34,0.432900432900433
"NSFG men 25-44",3.31,1e+06,200,3.55,268.754928157412,5.69401275561069,0.347531751400516,0.121315446556262,0.524832167777596,0.4904171361228,1.31,2.31,0.349295774647887,0.432900432900433
"NSFG men 25-44",3.31,1e+06,200,3.6,272.14598199737,5.70547792778875,0.356078253583266,0.128500376704495,0.543174899106608,0.498404728923761,1.31,2.31,0.358333333333333,0.432900432900433
"NSFG men 25-44",3.31,1e+06,200,3.65,275.881465338503,5.71623819379315,0.36441057625266,0.134609777751484,0.560911139421753,0.506137660202686,1.31,2.31,0.367123287671233,0.432900432900433
"NSFG men 25-44",3.31,1e+06,200,3.7,279.440213168735,5.72635066380956,0.372535537793529,0.139321845808878,0.578042629564739,0.513628085149691,1.31,2.31,0.375675675675676,0.432900432900433
"NSFG men 25-44",3.31,1e+06,200,3.75,282.832101795653,5.73586693210307,0.38045989680053,0.144373597498551,0.594574392152587,0.520887485047585,1.31,2.31,0.384,0.432900432900433
"NSFG men 25-44",3.31,1e+06,200,3.8,286.06648398038,5.74483366490086,0.388190304187386,0.149634386910679,0.610514130243175,0.527926691779916,1.31,2.31,0.392105263157895,0.432900432900433
"NSFG men 25-44",3.31,1e+06,200,3.85,289.130605763514,5.75329312404024,0.395733267327867,0.154255185456633,0.625210052481577,0.534755916210575,1.31,2.31,0.4,0.432900432900433
"NSFG men 25-44",3.31,1e+06,200,3.9,291.941572487952,5.76128363283521,0.403095123973348,0.160868804692967,0.635243190069399,0.541384778858227,1.31,2.31,0.407692307692308,0.432900432900433
"NSFG men 25-44",3.31,1e+06,200,3.95,294.382931361749,5.76883999019905,0.410282024050609,0.167857702794697,0.641813493587166,0.547822341675857,1.31,2.31,0.415189873417722,0.432900432900433
"NSFG men 25-44",3.31,1e+06,200,4,296.664428299986,5.77599383859374,0.417299917756109,0.175509777068916,0.654279376008805,0.554077140052233,1.31,2.31,0.4225,0.432900432900433
"NSFG men 25-44",3.31,1e+06,200,4.05,298.826395295005,5.78277399089055,0.424154548632972,0.182645708170255,0.665981142672138,0.56015721439282,1.31,2.31,0.42962962962963,0.432900432900433
"NSFG men 25-44",3.31,1e+06,200,4.1,300.87633570884,5.78920672074486,0.430851450548113,0.188143284282536,0.677300741401819,0.566070140825171,1.31,2.31,0.436585365853659,0.432900432900433
"NSFG men 25-44",3.31,1e+06,200,4.15,302.821245389677,5.79531602062427,0.437395947683336,0.196746174227032,0.688241095108348,0.571823060718608,1.31,2.31,0.443373493975904,0.432900432900433
"NSFG men 25-44",3.31,1e+06,200,4.2,304.667643605932,5.8011238311933,0.443793156819828,0.202903952091151,0.697529482128102,0.577422708818654,1.31,2.31,0.45,0.432900432900433
"NSFG men 25-44",3.31,1e+06,200,4.25,306.421603475327,5.8066502453543,0.450047991334105,0.208486742148617,0.708016109428232,0.582875439880281,1.31,2.31,0.456470588235294,0.432900432900433
"NSFG men 25-44",3.31,1e+06,200,4.3,308.08878148639,5.81191368987488,0.456165166438761,0.214022837452527,0.719088083367477,0.588187253746457,1.31,2.31,0.462790697674419,0.432900432900433
"NSFG men 25-44",3.31,1e+06,200,4.35,309.674445837407,5.81693108719791,0.462149205296642,0.219093814388844,0.729699560382094,0.593363818864198,1.31,2.31,0.468965517241379,0.432900432900433
"NSFG men 25-44",3.31,1e+06,200,4.4,311.183503415837,5.82171799972932,0.468004445715312,0.223613602469792,0.739868771076221,0.598410494263207,1.31,2.31,0.475,0.432900432900433
"NSFG men 25-44",3.31,1e+06,200,4.45,312.620525315645,5.82628875862992,0.473735047192595,0.228833666122495,0.749246123809108,0.603332350045108,1.31,2.31,0.480898876404494,0.432900432900433
"NSFG men 25-44",3.31,1e+06,200,4.5,313.989770845862,5.83065657889837,0.479344998135827,0.23533635535142,0.757493145070641,0.608134186446618,1.31,2.31,0.486666666666667,0.432900432900433
"NSFG men 25-44",3.31,1e+06,200,4.55,315.295210024842,5.83483366231986,0.48483812311932,0.240963834143683,0.76534062910414,0.612820551549617,1.31,2.31,0.492307692307692,0.432900432900433
"NSFG men 25-44",3.31,1e+06,200,4.6,316.540544584524,5.83883128966765,0.490218090078115,0.245230892006275,0.772893528902261,0.617395757716355,1.31,2.31,0.497826086956522,0.432900432900433
"NSFG men 25-44",3.31,1e+06,200,4.65,317.729227529944,5.84265990337896,0.495488417362868,0.248341441440011,0.780164725926989,0.621863896830227,1.31,2.31,0.503225806451613,0.432900432900433
"NSFG men 25-44",3.31,1e+06,200,4.7,318.864481313473,5.84632918178089,0.50065248060191,0.252026913553198,0.786956498373127,0.62622885442234,1.31,2.31,0.508510638297872,0.432900432900433
"NSFG men 25-44",3.31,1e+06,200,4.75,319.949314692263,5.84984810581367,0.505713519333154,0.257193815744623,0.792856415946102,0.630494322762375,1.31,2.31,0.513684210526316,0.432900432900433
"NSFG men 25-44",3.31,1e+06,200,4.8,320.986538342598,5.85322501908627,0.510674643381546,0.262098801287337,0.79855690275165,0.63466381298933,1.31,2.31,0.51875,0.432900432900433
"NSFG men 25-44",3.31,1e+06,200,4.85,321.978779307058,5.85646768199976,0.515538838967718,0.266169084230125,0.804529019756636,0.638740666354127,1.31,2.31,0.523711340206186,0.432900432900433
"NSFG men 25-44",3.31,1e+06,200,4.9,322.92849435063,5.85958332058777,0.520308974541219,0.269502275188909,0.810606139234629,0.64272806464204,1.31,2.31,0.528571428571429,0.432900432900433
"NSFG men 25-44",3.31,1e+06,200,4.95,323.837982300499,5.86257867064635,0.524987806337387,0.273554769100621,0.816469758361561,0.646629039838611,1.31,2.31,0.533333333333333,0.432900432900433
"NSFG men 25-44",3.31,1e+06,200,5,324.709395441865,5.86546001765942,0.529577983661234,0.277997701851098,0.82212865117923,0.650446483098435,1.31,2.31,0.538,0.432900432900433
"NSFG men 25-44",3.31,1e+06,200,5.05,325.544750038999,5.86823323296669,0.534082053904782,0.281580855552838,0.827413048619837,0.654183153071879,1.31,2.31,0.542574257425743,0.432900432900433
"NSFG men 25-44",3.31,1e+06,200,5.1,326.345936047206,5.87090380656966,0.538502467306419,0.287941831645188,0.832115595338245,0.657841683640708,1.31,2.31,0.547058823529412,0.432900432900433
"NSFG men 25-44",3.31,1e+06,200,5.15,327.11472607754,5.87347687692611,0.542841581462314,0.292150052513652,0.836667239236995,0.661424591109563,1.31,2.31,0.551456310679612,0.432900432900433
"NSFG men 25-44",3.31,1e+06,200,5.2,327.852783672206,5.87595725804348,0.547101665600799,0.294529075380125,0.84098895339745,0.664934280896558,1.31,2.31,0.555769230769231,0.432900432900433
"NSFG men 25-44",3.31,1e+06,200,5.25,328.5616709447,5.87834946414674,0.551284904631102,0.29800752337263,0.844696092909362,0.668373053762664,1.31,2.31,0.56,0.432900432900433
"NSFG men 25-44",3.31,1e+06,200,5.3,329.242855634902,5.88065773216545,0.555393402977963,0.302211180277222,0.849864828961622,0.671743111616345,1.31,2.31,0.564150943396226,0.432900432900433
"NSFG men 25-44",3.31,1e+06,200,5.35,329.897717625649,5.88288604225774,0.559429188213593,0.306332321329443,0.854642312898974,0.675046562926794,1.31,2.31,0.568224299065421,0.432900432900433
"NSFG men 25-44",3.31,1e+06,200,5.4,330.527554963817,5.88503813656493,0.563394214498184,0.310371760984532,0.859127143846487,0.678285427776361,1.31,2.31,0.572222222222222,0.432900432900433
"NSFG men 25-44",3.31,1e+06,200,5.45,331.133589425587,5.88711753636938,0.567290365839837,0.314330382830088,0.863457547770989,0.681461642580154,1.31,2.31,0.576146788990826,0.432900432900433
"NSFG men 25-44",3.31,1e+06,200,5.5,331.716971662464,5.88912755780989,0.571119459184292,0.318209132024131,0.86763952099118,0.684577064498423,1.31,2.31,0.58,0.432900432900433
"NSFG men 25-44",3.31,1e+06,200,5.55,332.278785961675,5.891071326292,0.57488324734441,0.322468612522077,0.872352227658573,0.687633475565156,1.31,2.31,0.583783783783784,0.432900432900433
"NSFG men 25-44",3.31,1e+06,200,5.6,332.820054651876,5.89295178971654,0.578583421778789,0.326237384392319,0.878240476858505,0.690632586554364,1.31,2.31,0.5875,0.432900432900433
"NSFG men 25-44",3.31,1e+06,200,5.65,333.341742182543,5.89477173063647,0.58222161522842,0.329521008199054,0.883861599370125,0.693576040603658,1.31,2.31,0.591150442477876,0.432900432900433
"NSFG men 25-44",3.31,1e+06,200,5.7,333.844758903122,5.89653377744094,0.585799404219721,0.332094158362724,0.889226619238434,0.696465416613131,1.31,2.31,0.594736842105263,0.432900432900433
"NSFG men 25-44",3.31,1e+06,200,5.75,334.329964565844,5.89824041465512,0.589318311441818,0.334898940429378,0.894346256564853,0.699302232436004,1.31,2.31,0.598260869565217,0.432900432900433
"NSFG men 25-44",3.31,1e+06,200,5.8,334.798171574137,5.89989399243558,0.592779808005419,0.338125984598211,0.89899994700404,0.702087947876142,1.31,2.31,0.601724137931035,0.432900432900433
"NSFG men 25-44",3.31,1e+06,200,5.85,335.25014799673,5.90149673533283,0.596185315590179,0.34157535369923,0.903165312673817,0.704823967506294,1.31,2.31,0.605128205128205,0.432900432900433
"NSFG men 25-44",3.31,1e+06,200,5.9,335.686620365922,5.90305075038557,0.599536208486993,0.345697408175233,0.907027225211492,0.707511643319777,1.31,2.31,0.608474576271187,0.432900432900433
"NSFG men 25-44",3.31,1e+06,200,5.95,336.108276276882,5.90455803460486,0.602833815541234,0.350420596513611,0.910554111180516,0.710152277227268,1.31,2.31,0.611764705882353,0.432900432900433
"NSFG men 25-44",3.31,1e+06,200,6,336.515766803522,5.90602048190071,0.606079422002567,0.353740498127702,0.913738345508307,0.712747123409457,1.31,2.31,0.615,0.432900432900433
"NSFG men 25-44",3.31,1e+06,200,6.05,336.909708745138,5.90743988949859,0.609274271286602,0.355973848692905,0.916252301264257,0.715297390535419,1.31,2.31,0.618181818181818,0.432900432900433
"NSFG men 25-44",3.31,1e+06,200,6.1,337.290686716877,5.90881796388882,0.61241956665328,0.358174828053,0.918539530168352,0.717804243855812,1.31,2.31,0.621311475409836,0.432900432900433
"NSFG men 25-44",3.31,1e+06,200,6.15,337.659255095989,5.91015632634762,0.615516472806597,0.36034435054008,0.920746810548452,0.720268807179268,1.31,2.31,0.624390243902439,0.432900432900433
"NSFG men 25-44",3.31,1e+06,200,6.2,338.015939834855,5.91145651806526,0.618566117419961,0.362483298164408,0.922762642726402,0.722692164739711,1.31,2.31,0.62741935483871,0.432900432900433
"NSFG men 25-44",3.31,1e+06,200,6.25,338.36124015087,5.91272000491313,0.621569592591183,0.364592521854048,0.924725433136705,0.725075362961731,1.31,2.31,0.6304,0.432900432900433
"NSFG men 25-44",3.31,1e+06,200,6.3,338.695630102441,5.91394818187894,0.624527956230882,0.366672842645732,0.926636764388748,0.727419412130611,1.31,2.31,0.633333333333333,0.432900432900433
"NSFG men 25-44",3.31,1e+06,200,6.35,339.019560059622,5.91514237719647,0.627442233387812,0.368725052828847,0.928498155970457,0.729725287973091,1.31,2.31,0.636220472440945,0.432900432900433
"NSFG men 25-44",3.31,1e+06,200,6.4,339.333458077183,5.91630385619384,0.630313417514423,0.370749917044366,0.930311067840924,0.731993933154512,1.31,2.31,0.6390625,0.432900432900433
"NSFG men 25-44",3.31,1e+06,200,6.45,339.637731177328,5.91743382488245,0.63314247167574,0.372748173340501,0.93207690376989,0.734226258697577,1.31,2.31,0.641860465116279,0.432900432900433
"NSFG men 25-44",3.31,1e+06,200,6.5,339.932766548663,5.9185334333064,0.635930329704492,0.374720534186788,0.934012544386108,0.736423145327556,1.31,2.31,0.644615384615385,0.432900432900433
"NSFG men 25-44",3.31,1e+06,200,6.55,340.218932667501,5.91960377867087,0.638677897305195,0.376667687448263,0.936374368636426,0.738585444748444,1.31,2.31,0.647328244274809,0.432900432900433
"NSFG men 25-44",3.31,1e+06,200,6.6,340.496580347122,5.92064590826596,0.64138605310979,0.378590297321315,0.938649163043332,0.740713980854235,1.31,2.31,0.65,0.432900432900433
"NSFG men 25-44",3.31,1e+06,200,6.65,340.76604372014,5.92166082220147,0.644055649687224,0.380489005232764,0.940840201727074,0.742809550879213,1.31,2.31,0.652631578947368,0.432900432900433
"NSFG men 25-44",3.31,1e+06,200,6.7,341.027641158738,5.92264947596654,0.646687514509276,0.38269544481862,0.94295063573502,0.744872926490852,1.31,2.31,0.655223880597015,0.432900432900433
"NSFG men 25-44",3.31,1e+06,200,6.75,341.28167613717,5.92361278282701,0.649282450874762,0.385639044260575,0.94498349741837,0.7469048548287,1.31,2.31,0.657777777777778,0.432900432900433
"NSFG men 25-44",3.31,1e+06,200,6.8,341.528438040564,5.92455161607219,0.651841238794148,0.387607188204319,0.946941704685996,0.748906059492372,1.31,2.31,0.660294117647059,0.432900432900433
"NSFG men 25-44",3.31,1e+06,200,6.85,341.768202923783,5.92546681112201,0.654364635836482,0.392335699179786,0.948828065135071,0.750877241481585,1.31,2.31,0.662773722627737,0.432900432900433
"NSFG men 25-44",3.31,1e+06,200,6.9,342.001234223772,5.92635916750438,0.656853377940448,0.396620595738232,0.950628112829985,0.752819080090954,1.31,2.31,0.665217391304348,0.432900432900433
"NSFG men 25-44",3.31,1e+06,200,6.95,342.2277834286,5.92722945071192,0.659308180191255,0.399794545349913,0.952334109978168,0.754732233762107,1.31,2.31,0.667625899280575,0.432900432900433
"NSFG men 25-44",3.31,1e+06,200,7,342.448090706146,5.92807839394651,0.661729737564967,0.402418333024672,0.95397945899378,0.756617340895482,1.31,2.31,0.67,0.432900432900433
"NSFG men 25-44",3.31,1e+06,200,7.05,342.662385495142,5.92890669975937,0.664118725641806,0.40532164958598,0.95533403461582,0.758475020624064,1.31,2.31,0.672340425531915,0.432900432900433
"NSFG men 25-44",3.31,1e+06,200,7.1,342.870887061111,5.92971504159389,0.666475801289876,0.408208721670426,0.956551713702403,0.760305873551117,1.31,2.31,0.674647887323944,0.432900432900433
"NSFG men 25-44",3.31,1e+06,200,7.15,343.073805019535,5.9305040652377,0.668801603320672,0.411778428053526,0.957711723374131,0.762110482453888,1.31,2.31,0.676923076923077,0.432900432900433
"NSFG men 25-44",3.31,1e+06,200,7.2,343.271339828418,5.93127439019025,0.671096753117681,0.41431260289423,0.958840052999087,0.763889412955103,1.31,2.31,0.679166666666667,0.432900432900433
"NSFG men 25-44",3.31,1e+06,200,7.25,343.463683252254,5.93202661095133,0.673361855239302,0.416210439378048,0.959937628452378,0.765643214163977,1.31,2.31,0.681379310344828,0.432900432900433
"NSFG men 25-44",3.31,1e+06,200,7.3,343.651018799255,5.93276129823589,0.675597497997259,0.418631414494877,0.961005343858985,0.767372419288353,1.31,2.31,0.683561643835616,0.432900432900433
"NSFG men 25-44",3.31,1e+06,200,7.35,343.833522133585,5.93347900011993,0.677804254011611,0.423078200478817,0.962044063004205,0.769077546219475,1.31,2.31,0.685714285714286,0.432900432900433
"NSFG men 25-44",3.31,1e+06,200,7.4,344.011361464183,5.93418024312197,0.67998268074342,0.427587012064059,0.963054620663498,0.770759098090835,1.31,2.31,0.687837837837838,0.432900432900433
"NSFG men 25-44",3.31,1e+06,200,7.45,344.184697911681,5.93486553322414,0.682133321006077,0.43173812295706,0.964037823857063,0.772417563812422,1.31,2.31,0.68993288590604,0.432900432900433
"NSFG men 25-44",3.31,1e+06,200,7.5,344.353685854796,5.93553535683687,0.684256703456239,0.434353285155358,0.964994453034101,0.774053418581625,1.31,2.31,0.692,0.432900432900433
"NSFG men 25-44",3.31,1e+06,200,7.55,344.518473257489,5.93619018171068,0.68635334306528,0.436955450554508,0.966147342834757,0.775667124371999,1.31,2.31,0.694039735099338,0.432900432900433
"NSFG men 25-44",3.31,1e+06,200,7.6,344.679201978084,5.9368304577983,0.688423741572122,0.440839525142379,0.967300928719448,0.777259130400988,1.31,2.31,0.696052631578947,0.432900432900433
"NSFG men 25-44",3.31,1e+06,200,7.65,344.83600806147,5.93745661807042,0.690468387918268,0.444888510803608,0.968414196400514,0.778829873577669,1.31,2.31,0.698039215686274,0.432900432900433
"NSFG men 25-44",3.31,1e+06,200,7.7,344.989022015415,5.9380690792877,0.692487758665814,0.448927273381199,0.969488590733261,0.780379778931509,1.31,2.31,0.7,0.432900432900433
"NSFG men 25-44",3.31,1e+06,200,7.75,345.138369071978,5.93866824273183,0.694482318399178,0.452955438217433,0.970525503696644,0.781909260023064,1.31,2.31,0.701935483870968,0.432900432900433
"NSFG men 25-44",3.31,1e+06,200,7.8,345.284169434901,5.93925449489814,0.696452520111271,0.456972630223208,0.97152627634536,0.78341871933752,1.31,2.31,0.703846153846154,0.432900432900433
"NSFG men 25-44",3.31,1e+06,200,7.85,345.42653851384,5.93982820815201,0.698398805574769,0.460978474412871,0.972393766075407,0.784908548661887,1.31,2.31,0.705732484076433,0.432900432900433
"NSFG men 25-44",3.31,1e+06,200,7.9,345.565587146213,5.94038974135122,0.700321605699138,0.464972596419706,0.973229652140806,0.786379129446658,1.31,2.31,0.707594936708861,0.432900432900433
"NSFG men 25-44",3.31,1e+06,200,7.95,345.701421807401,5.9409394404364,0.702221340874021,0.468954622992108,0.97403906090929,0.78783083315266,1.31,2.31,0.709433962264151,0.432900432900433
"NSFG men 25-44",3.31,1e+06,200,8,345.834144809989,5.94147763899124,0.704098421299575,0.472924182470504,0.974822888478994,0.789264021583814,1.31,2.31,0.71125,0.432900432900433
"NSFG men, capped 25",3.31,100,2000,0,1,0,0.01,0.01,0.01,0.01,1.31,2.31,0,0
"NSFG men, capped 25",3.31,100,2000,0.05,1.02029879952323,0.022036938927453,0.0100058607609908,0.0100044720923826,0.0100071148123755,0.0111055600064248,1.31,2.31,0,0
"NSFG men, capped 25",3.31,100,2000,0.1,1.04197986665705,0.0452856067216817,0.0100250562147569,0.0100189413149089,0.0100305194614469,0.0123327812303117,1.31,2.31,0,0
"NSFG men, capped 25",3.31,100,2000,0.15,1.06520495320749,0.0697704917684495,0.0100603388916525,0.0100451262928639,0.0100735236660812,0.0136943743356448,1.31,2.31,0,0
"NSFG men, capped 25",3.31,100,2000,0.2,1.09018857724538,0.0955091292974915,0.0101149692706617,0.010084835393855,0.0101404818780548,0.0152041636210401,1.31,2.31,0,0
"NSFG men, capped 25",3.31,100,2000,0.25,1.11667075181663,0.122511128024506,0.0101928072970215,0.010140489971863,0.0102359907031305,0.0168771277561109,1.31,2.31,0,0
"NSFG men, capped 25",3.31,100,2000,0.3,1.14475421123512,0.150777262241467,0.0102984186519193,0.010214567934996,0.0103659299761703,0.0187294262371436,1.31,2.31,0,0
"NSFG men, capped 25",3.31,100,2000,0.35,1.17521631195237,0.180298665096903,0.0104371971290238,0.0103106433291504,0.0105390330012869,0.020778406737408,1.31,2.31,0,0
"NSFG men, capped 25",3.31,100,2000,0.4,1.20742004093454,0.211056157754589,0.0106155040952404,0.0104309405479191,0.0107661999137947,0.0230425877758139,1.31,2.31,0,0
"NSFG men, capped 25",3.31,100,2000,0.45,1.24162170101097,0.243019745885074,0.0108408253582812,0.0105797023634945,0.0110544382766969,0.0255416104223077,1.31,2.31,0,0
"NSFG men, capped 25",3.31,100,2000,0.5,1.27783978057582,0.276148309667297,0.0111219447446181,0.010760153016617,0.0114088270323998,0.0282961521744771,1.31,2.31,0,0
"NSFG men, capped 25",3.31,100,2000,0.55,1.31671945339449,0.310389506539733,0.0114691322167803,0.0109784264486773,0.0118446204225333,0.0313277957764838,1.31,2.31,0,0
"NSFG men, capped 25",3.31,100,2000,0.6,1.35745517274328,0.345679897927973,0.0118943423446846,0.0112323752535488,0.012387359074554,0.034658845732296,1.31,2.31,0,0
"NSFG men, capped 25",3.31,100,2000,0.65,1.40155355552888,0.381945302790104,0.0124114163335684,0.0115355780064709,0.0130298489260504,0.0383120857352545,1.31,2.31,0,0
"NSFG men, capped 25",3.31,100,2000,0.7,1.44778070831224,0.419101372764663,0.0130362775954199,0.0118735319738288,0.013812059938321,0.0423104713534635,1.31,2.31,0,0
"NSFG men, capped 25",3.31,100,2000,0.75,1.49603749013193,0.45705437656204,0.0137871071123152,0.0122790027164324,0.0147373837438186,0.0466767542318079,1.31,2.31,0,0
"NSFG men, capped 25",3.31,100,2000,0.8,1.54633975447364,0.49570217538269,0.0146844807850611,0.01275133971475,0.0158185807832943,0.0514330369284005,1.31,2.31,0,0
"NSFG men, capped 25",3.31,100,2000,0.85,1.60025102942495,0.534935366696164,0.0157514469591866,0.0132750091481903,0.0171374832357871,0.0566002613721469,1.31,2.31,0,0
"NSFG men, capped 25",3.31,100,2000,0.9,1.65696366491526,0.574638570558601,0.0170135189344434,0.0138802842029579,0.0186580152227987,0.062197638791646,1.31,2.31,0,0
"NSFG men, capped 25",3.31,100,2000,0.95,1.71735883028378,0.614691830497692,0.0184985552497634,0.0145471852576633,0.0204659988694223,0.0682420346725201,1.31,2.31,0,0
"NSFG men, capped 25",3.31,100,2000,1,1.77731529656608,0.654972099494248,0.0202365008031804,0.0153202555260331,0.0225708215557691,0.0747473285287847,1.31,2.31,0,0
"NSFG men, capped 25",3.31,100,2000,1.05,1.83942133917227,0.695354780409642,0.0222589653774463,0.016196182234782,0.0250027229643995,0.0817237745099346,1.31,2.31,0,0
"NSFG men, capped 25",3.31,100,2000,1.1,1.91055507956239,0.735715289136081,0.0245986237339125,0.0171866782646877,0.0277503631492428,0.0891773944078622,1.31,2.31,0,0
"NSFG men, capped 25",3.31,100,2000,1.15,1.98369573467866,0.775930607739345,0.0272884335734305,0.0182677919892205,0.030975576370375,0.097109438633749,1.31,2.31,0,0
"NSFG men, capped 25",3.31,100,2000,1.2,2.06226807165762,0.815880794062004,0.0303606841447528,0.0194814194865268,0.0345995066860303,0.105515952315477,1.31,2.31,0,0
"NSFG men, capped 25",3.31,100,2000,1.25,2.14117848374984,0.855450413955232,0.0338459079843731,0.0208494212292711,0.0386369767466573,0.11438748203018,1.31,2.31,0,0
"NSFG men, capped 25",3.31,100,2000,1.3,2.22081517000745,0.894529862898547,0.0377717090156122,0.0223308176590008,0.0437001520187718,0.123708953322104,1.31,2.31,0,0
"NSFG men, capped 25",3.31,100,2000,1.35,2.3016926852044,0.933016545645433,0.0421615788942056,0.0239856845742542,0.0490542399593458,0.133459740010605,1.31,2.31,0,0.0173160173160173
"NSFG men, capped 25",3.31,100,2000,1.4,2.38421509968115,0.970815886005976,0.0470337864374054,0.0257919289560859,0.0549618868465913,0.143613933907349,1.31,2.31,0,0.038961038961039
"NSFG men, capped 25",3.31,100,2000,1.45,2.46622753315506,1.00784214407513,0.0524004288481174,0.0278494603185896,0.0619514423323901,0.154140809098438,1.31,2.31,0,0.0606060606060607
"NSFG men, capped 25",3.31,100,2000,1.5,2.55644976083444,1.04401902502766,0.0582667260646603,0.0300114186476142,0.0692417127405106,0.1650054600772,1.31,2.31,0,0.0822510822510822
"NSFG men, capped 25",3.31,100,2000,1.55,2.64618525333062,1.07928007166114,0.064630620745413,0.032411712398398,0.0771482554167402,0.176169579654179,1.31,2.31,0,0.103896103896104
"NSFG men, capped 25",3.31,100,2000,1.6,2.73126319528535,1.11356884158667,0.0714827183172938,0.0348965270906829,0.0851754059064257,0.187592332523019,1.31,2.31,0,0.125541125541126
"NSFG men, capped 25",3.31,100,2000,1.65,2.81911843565605,1.14683887861117,0.0788065684368112,0.0376298789642583,0.0940521620194905,0.199231274936011,1.31,2.31,0,0.147186147186147
"NSFG men, capped 25",3.31,100,2000,1.7,2.91219040472479,1.17905349567348,0.086579256531933,0.0404320198507311,0.103990989188035,0.211043270687957,1.31,2.31,0,0.168831168831169
"NSFG men, capped 25",3.31,100,2000,1.75,3.00699360569016,1.21018539303348,0.0947722470421049,0.0434174283321717,0.115001009822634,0.222985358211463,1.31,2.31,0,0.19047619047619
"NSFG men, capped 25",3.31,100,2000,1.8,3.10124460063632,1.24021613982029,0.103352402367378,0.0465859961592426,0.126411141083865,0.235015531997067,1.31,2.31,0,0.212121212121212
"NSFG men, capped 25",3.31,100,2000,1.85,3.19900488322655,1.26913554932857,0.112283095005024,0.050150069143205,0.138013335391616,0.247093412248858,1.31,2.31,0,0.233766233766234
"NSFG men, capped 25",3.31,100,2000,1.9,3.29430510357083,1.29694097868079,0.121525334244699,0.0539678185284233,0.150655276240444,0.259180788035787,1.31,2.31,0,0.255411255411255
"NSFG men, capped 25",3.31,100,2000,1.95,3.38694510968275,1.32363658193158,0.131038840705732,0.0575561648441536,0.163644394606322,0.271242029768656,1.31,2.31,0,0.277056277056277
"NSFG men, capped 25",3.31,100,2000,2,3.47030535434654,1.34923254280188,0.140783018635245,0.0615137213930636,0.176893500275887,0.283244375604493,1.31,2.31,0,0.298701298701299
"NSFG men, capped 25",3.31,100,2000,2.05,3.57038905642244,1.37374430947339,0.1507177939367,0.0656037302182608,0.19059042048568,0.295158102825411,1.31,2.31,0,0.32034632034632
"NSFG men, capped 25",3.31,100,2000,2.1,3.65948791682999,1.39719184970597,0.160804302699484,0.0700391919398128,0.203727428258909,0.306956599277338,1.31,2.31,0,0.341991341991342
"NSFG men, capped 25",3.31,100,2000,2.15,3.74238169580292,1.41959894034919,0.171005428840886,0.0744228245327995,0.2189986497386,0.318616351835808,1.31,2.31,0,0.363636363636364
"NSFG men, capped 25",3.31,100,2000,2.2,3.82615428734815,1.4409925013912,0.181286199604022,0.0789275017283242,0.230741285852086,0.33011686903198,1.31,2.31,0,0.385281385281385
"NSFG men, capped 25",3.31,100,2000,2.25,3.90441517145805,1.46140198120964,0.191614054098392,0.0835036853360236,0.246795390947125,0.341440553925152,1.31,2.31,0,0.406926406926407
"NSFG men, capped 25",3.31,100,2000,2.3,3.99047514902575,1.48085879675306,0.201959003334892,0.0883524845528851,0.260340292610635,0.352572541521276,1.31,2.31,0,0.428571428571429
"NSFG men, capped 25",3.31,100,2000,2.35,4.06615283796795,1.49939583000976,0.212293701034243,0.0933115897923469,0.27517461921818,0.363500512899614,1.31,2.31,0.0170212765957447,0.432900432900433
"NSFG men, capped 25",3.31,100,2000,2.4,4.14057221970863,1.51704698028584,0.222593443645104,0.0984366948159002,0.29104950636785,0.374214496008574,1.31,2.31,0.0375000000000001,0.432900432900433
"NSFG men, capped 25",3.31,100,2000,2.45,4.2204638493102,1.53384677045752,0.232836116169979,0.102940021235697,0.305035615864321,0.384706661014691,1.31,2.31,0.0571428571428572,0.432900432900433
"NSFG men, capped 25",3.31,100,2000,2.5,4.29681945397814,1.54983000441293,0.243002098088026,0.10792703684649,0.319464709987106,0.394971116241725,1.31,2.31,0.076,0.432900432900433
"NSFG men, capped 25",3.31,100,2000,2.55,4.35839534038645,1.56503147228063,0.253074141251952,0.1132156563646,0.336697059075321,0.405003709164538,1.31,2.31,0.0941176470588236,0.432900432900433
"NSFG men, capped 25",3.31,100,2000,2.6,4.42315242065555,1.57948569968613,0.263037229351546,0.11834259758316,0.353095037981672,0.414801835628894,1.31,2.31,0.111538461538462,0.432900432900433
"NSFG men, capped 25",3.31,100,2000,2.65,4.49618056365692,1.59322673712248,0.272878426503126,0.123974575954421,0.364241003662025,0.424364259433239,1.31,2.31,0.128301886792453,0.432900432900433
"NSFG men, capped 25",3.31,100,2000,2.7,4.56930677343136,1.60628798551305,0.282586720791353,0.129371726931744,0.380870684605757,0.433690943599549,1.31,2.31,0.144444444444444,0.432900432900433
"NSFG men, capped 25",3.31,100,2000,2.75,4.62816330196015,1.61870205414411,0.292152867159478,0.134561146975586,0.394760755777122,0.442782894041352,1.31,2.31,0.16,0.432900432900433
"NSFG men, capped 25",3.31,100,2000,2.8,4.68076933639091,1.63050064731553,0.30156923289129,0.139973042968977,0.409626360632808,0.451642015872939,1.31,2.31,0.175,0.432900432900433
"NSFG men, capped 25",3.31,100,2000,2.85,4.73774281903685,1.6417144762769,0.310829648016011,0.145382711975581,0.423014176305952,0.460270982263268,1.31,2.31,0.189473684210526,0.432900432900433
"NSFG men, capped 25",3.31,100,2000,2.9,4.79042148627239,1.65237319326186,0.319929262256049,0.15081205064435,0.435885597136661,0.46867311549426,1.31,2.31,0.203448275862069,0.432900432900433
"NSFG men, capped 25",3.31,100,2000,2.95,4.83968972790871,1.66250534469282,0.328864409589034,0.156112733278056,0.448445834259046,0.476852279714294,1.31,2.31,0.216949152542373,0.432900432900433
"NSFG men, capped 25",3.31,100,2000,3,4.89051397847289,1.67213834088959,0.337632481076634,0.161873200328502,0.460172164005627,0.484812784765999,1.31,2.31,0.23,0.432900432900433
"NSFG men, capped 25",3.31,100,2000,3.05,4.93874049850414,1.68129843987284,0.346231806295304,0.166950687013678,0.471312339688424,0.492559300399036,1.31,2.31,0.242622950819672,0.432900432900433
"NSFG men, capped 25",3.31,100,2000,3.1,4.97489542911855,1.69001074310018,0.354661543465908,0.172493361969242,0.48236866936493,0.500096780142692,1.31,2.31,0.254838709677419,0.432900432900433
"NSFG men, capped 25",3.31,100,2000,3.15,5.01283371418214,1.69829920120708,0.362921578202041,0.178351026982144,0.494955952313372,0.507430394101379,1.31,2.31,0.266666666666667,0.432900432900433
"NSFG men, capped 25",3.31,100,2000,3.2,5.05642255310724,1.70618662804336,0.371012430666978,0.183537861376099,0.509418293559938,0.514565469942088,1.31,2.31,0.278125,0.432900432900433
"NSFG men, capped 25",3.31,100,2000,3.25,5.09820202071795,1.71369472149916,0.378935170835741,0.188921402216706,0.522681992318195,0.521507441361649,1.31,2.31,0.289230769230769,0.432900432900433
"NSFG men, capped 25",3.31,100,2000,3.3,5.14936524405145,1.7208440897998,0.386691341493441,0.194430774868651,0.535242170364622,0.52826180334936,1.31,2.31,0.3,0.432900432900433
"NSFG men, capped 25",3.31,100,2000,3.35,5.18935610536334,1.72765428211896,0.394282888557545,0.199131372380844,0.547680436855759,0.534834073594498,1.31,2.31,0.31044776119403,0.432900432900433
"NSFG men, capped 25",3.31,100,2000,3.4,5.22843736428748,1.73414382251275,0.401712098285122,0.204203914763172,0.559270268975533,0.541229759425962,1.31,2.31,0.320588235294118,0.432900432900433
"NSFG men, capped 25",3.31,100,2000,3.45,5.25814879093215,1.74033024631545,0.408981540912644,0.209544086455582,0.568579873749338,0.547454329711335,1.31,2.31,0.330434782608696,0.432900432900433
"NSFG men, capped 25",3.31,100,2000,3.5,5.2913835503878,1.74623013826145,0.41609402027261,0.215027267292333,0.580577107929101,0.553513191183577,1.31,2.31,0.34,0.432900432900433
"NSFG men, capped 25",3.31,100,2000,3.55,5.32190804675221,1.75185917170793,0.423052528935812,0.219908493843206,0.593244046610301,0.559411668704465,1.31,2.31,0.349295774647887,0.432900432900433
"NSFG men, capped 25",3.31,100,2000,3.6,5.35177852333533,1.75723214843035,0.429860208438588,0.224353732486196,0.605010014256408,0.565154989014042,1.31,2.31,0.358333333333333,0.432900432900433
"NSFG men, capped 25",3.31,100,2000,3.65,5.38573418167642,1.76236303854928,0.436520314169451,0.228569009471838,0.615968713313001,0.57074826755416,1.31,2.31,0.367123287671233,0.432900432900433
"NSFG men, capped 25",3.31,100,2000,3.7,5.41872682296571,1.76726502022219,0.443036184507806,0.232723023170031,0.626857777373378,0.576196497991409,1.31,2.31,0.375675675675676,0.432900432900433
"NSFG men, capped 25",3.31,100,2000,3.75,5.44764903282986,1.77195051880033,0.44941121382811,0.237313669501887,0.639457806514194,0.581504544099904,1.31,2.31,0.384,0.432900432900433
"NSFG men, capped 25",3.31,100,2000,3.8,5.4722409919858,1.77643124520821,0.455648829004995,0.242373023334214,0.649807743840841,0.586677133697586,1.31,2.31,0.392105263157895,0.432900432900433
"NSFG men, capped 25",3.31,100,2000,3.85,5.50269722361362,1.78071823335279,0.461752469077872,0.247172867264016,0.657355022514212,0.591718854360583,1.31,2.31,0.4,0.432900432900433
"NSFG men, capped 25",3.31,100,2000,3.9,5.52373478137908,1.78482187641268,0.467725567756889,0.252610809387935,0.667053457159765,0.596634150668938,1.31,2.31,0.407692307692308,0.432900432900433
"NSFG men, capped 25",3.31,100,2000,3.95,5.54716889072309,1.78875196189423,0.473571538475364,0.257471100668093,0.677003162083304,0.601427322763465,1.31,2.31,0.415189873417722,0.432900432900433
"NSFG men, capped 25",3.31,100,2000,4,5.5686964905343,1.79251770537254,0.479293761716623,0.261875332621744,0.687672030234331,0.606102526017872,1.31,2.31,0.4225,0.432900432900433
"NSFG men, capped 25",3.31,100,2000,4.05,5.59855075151143,1.79612778286244,0.484895574365347,0.26712670263053,0.696459030622992,0.610663771652539,1.31,2.31,0.42962962962963,0.432900432900433
"NSFG men, capped 25",3.31,100,2000,4.1,5.62680531917535,1.7995903617862,0.490380260854741,0.271727396745396,0.706052814831345,0.615114928136575,1.31,2.31,0.436585365853659,0.432900432900433
"NSFG men, capped 25",3.31,100,2000,4.15,5.64626716014708,1.80291313052379,0.495751045901123,0.276401363947937,0.715512895744938,0.619459723243174,1.31,2.31,0.443373493975904,0.432900432900433
"NSFG men, capped 25",3.31,100,2000,4.2,5.66247859493475,1.80610332654668,0.501011088636633,0.280357716333178,0.722108914358952,0.623701746639892,1.31,2.31,0.45,0.432900432900433
"NSFG men, capped 25",3.31,100,2000,4.25,5.68231154002085,1.80916776314888,0.5061634779687,0.285189201225188,0.728537047193249,0.627844452910383,1.31,2.31,0.456470588235294,0.432900432900433
"NSFG men, capped 25",3.31,100,2000,4.3,5.69736283510763,1.81211285479905,0.511211229011702,0.289328322148702,0.736459287545149,0.631891164917574,1.31,2.31,0.462790697674419,0.432900432900433
"NSFG men, capped 25",3.31,100,2000,4.35,5.71400230543252,1.81494464114569,0.516157280451765,0.293498599434774,0.743862611873315,0.635845077430244,1.31,2.31,0.468965517241379,0.432900432900433
"NSFG men, capped 25",3.31,100,2000,4.4,5.73129168094698,1.81766880971363,0.521004492720044,0.298192257614441,0.749467148311615,0.639709260945649,1.31,2.31,0.475,0.432900432900433
"NSFG men, capped 25",3.31,100,2000,4.45,5.75176528484367,1.82029071733505,0.525755646863039,0.302715963390143,0.755665134114817,0.643486665650375,1.31,2.31,0.480898876404494,0.432900432900433
"NSFG men, capped 25",3.31,100,2000,4.5,5.77113720593438,1.82281541036159,0.530413444010616,0.306818059754043,0.76374615540938,0.647180125469999,1.31,2.31,0.486666666666667,0.432900432900433
"NSFG men, capped 25",3.31,100,2000,4.55,5.78730661940061,1.82524764370665,0.534980505353474,0.310771350552197,0.769870763529925,0.650792362165597,1.31,2.31,0.492307692307692,0.432900432900433
"NSFG men, capped 25",3.31,100,2000,4.6,5.80281864953145,1.82759189876852,0.539459372551821,0.314545441362417,0.775381159087391,0.654325989441697,1.31,2.31,0.497826086956522,0.432900432900433
"NSFG men, capped 25",3.31,100,2000,4.65,5.81831614622868,1.82985240028562,0.543852508506199,0.317827281403635,0.781678724681781,0.657783517036023,1.31,2.31,0.503225806451613,0.432900432900433
"NSFG men, capped 25",3.31,100,2000,4.7,5.83437600456024,1.83203313217546,0.548162298429593,0.321076825804513,0.787754065416366,0.661167354766434,1.31,2.31,0.508510638297872,0.432900432900433
"NSFG men, capped 25",3.31,100,2000,4.75,5.8467549210814,1.83413785240848,0.552391051167414,0.325351197813348,0.794015824749032,0.66447981651485,1.31,2.31,0.513684210526316,0.432900432900433
"NSFG men, capped 25",3.31,100,2000,4.8,5.85981906574119,1.83617010696698,0.556541000718629,0.327558950915798,0.799924166524536,0.667723124131794,1.31,2.31,0.51875,0.432900432900433
"NSFG men, capped 25",3.31,100,2000,4.85,5.87681361030577,1.83813324293866,0.560614307917267,0.33042647503263,0.806367912348218,0.670899411248483,1.31,2.31,0.523711340206186,0.432900432900433
"NSFG men, capped 25",3.31,100,2000,4.9,5.88777901952253,1.84003042079238,0.564613062238913,0.334428802000571,0.812659388709714,0.674010726986268,1.31,2.31,0.528571428571429,0.432900432900433
"NSFG men, capped 25",3.31,100,2000,4.95,5.89547485135043,1.8418646258828,0.568539283701536,0.338505662063318,0.818769533453909,0.6770590395557,1.31,2.31,0.533333333333333,0.432900432900433
"NSFG men, capped 25",3.31,100,2000,5,5.90477882287795,1.8436386792282,0.572394924834256,0.342011099215261,0.824493118045863,0.680046239739576,1.31,2.31,0.538,0.432900432900433
"NSFG men, capped 25",3.31,100,2000,5.05,5.915756512377,1.84535524760464,0.576181872691405,0.345232451287775,0.830100267881157,0.682974144256136,1.31,2.31,0.542574257425743,0.432900432900433
"NSFG men, capped 25",3.31,100,2000,5.1,5.92494749441963,1.84701685299723,0.579901950892542,0.348295828350824,0.835516312947544,0.685844499000094,1.31,2.31,0.547058823529412,0.432900432900433
"NSFG men, capped 25",3.31,100,2000,5.15,5.93489659476812,1.84862588144767,0.583556921672058,0.352173717687281,0.840409975975774,0.688658982160464,1.31,2.31,0.551456310679612,0.432900432900433
"NSFG men, capped 25",3.31,100,2000,5.2,5.94530320912732,1.85018459133529,0.58714848792451,0.35585354380616,0.845032320522481,0.691419207215217,1.31,2.31,0.555769230769231,0.432900432900433
"NSFG men, capped 25",3.31,100,2000,5.25,5.95590757697848,1.85169512112676,0.590678295234163,0.35871322673479,0.850692964229954,0.694126725803683,1.31,2.31,0.56,0.432900432900433
"NSFG men, capped 25",3.31,100,2000,5.3,5.9660858504368,1.85315949662799,0.594147933879137,0.361947981713844,0.854807685693111,0.696783030478346,1.31,2.31,0.564150943396226,0.432900432900433
"NSFG men, capped 25",3.31,100,2000,5.35,5.97460273458695,1.85457963776981,0.597558940802301,0.364863711506308,0.85874716219119,0.699389557338268,1.31,2.31,0.568224299065421,0.432900432900433
"NSFG men, capped 25",3.31,100,2000,5.4,5.98579486825765,1.85595736495714,0.600912801542567,0.367677886447838,0.863337184524221,0.701947688546848,1.31,2.31,0.572222222222222,0.432900432900433
"NSFG men, capped 25",3.31,100,2000,5.45,5.99449533947163,1.85729440500995,0.604210952121502,0.372176495736743,0.867783960775275,0.704458754736996,1.31,2.31,0.576146788990826,0.432900432900433
"NSFG men, capped 25",3.31,100,2000,5.5,6.00326697896941,1.85859239672227,0.607454780881334,0.376071947628546,0.872091441898772,0.706924037307077,1.31,2.31,0.58,0.432900432900433
"NSFG men, capped 25",3.31,100,2000,5.55,6.01171854902753,1.85985289606425,0.610645630271363,0.378784052287036,0.875994669422622,0.70934477061119,1.31,2.31,0.583783783783784,0.432900432900433
"NSFG men, capped 25",3.31,100,2000,5.6,6.0198637907753,1.86107738105055,0.613784798580641,0.381812839005265,0.880296620163885,0.711722144047494,1.31,2.31,0.5875,0.432900432900433
"NSFG men, capped 25",3.31,100,2000,5.65,6.02771577259415,1.86226725629697,0.61687354161545,0.387065331527819,0.883958235268786,0.714057304048382,1.31,2.31,0.591150442477876,0.432900432900433
"NSFG men, capped 25",3.31,100,2000,5.7,6.03528692551072,1.86342385728588,0.619913074320763,0.391306077709485,0.887517964467118,0.716351355976348,1.31,2.31,0.594736842105263,0.432900432900433
"NSFG men, capped 25",3.31,100,2000,5.75,6.0417077985666,1.86454845435972,0.622904572345311,0.394230846481348,0.890997283331156,0.718605365929403,1.31,2.31,0.598260869565217,0.432900432900433
"NSFG men, capped 25",3.31,100,2000,5.8,6.04705496397437,1.86564225646039,0.625849173550363,0.398415219356384,0.895128247299173,0.72082036245987,1.31,2.31,0.601724137931035,0.432900432900433
"NSFG men, capped 25",3.31,100,2000,5.85,6.05358272685434,1.86670641463161,0.628747979462623,0.40186159839827,0.898640126184125,0.72299733821035,1.31,2.31,0.605128205128205,0.432900432900433
"NSFG men, capped 25",3.31,100,2000,5.9,6.06168602941134,1.86774202529979,0.631602056671994,0.405994831531993,0.901553157253171,0.725137251470564,1.31,2.31,0.608474576271187,0.432900432900433
"NSFG men, capped 25",3.31,100,2000,5.95,6.06903910664676,1.86875013334817,0.634412438175137,0.409687383400002,0.904591881986807,0.727241027658721,1.31,2.31,0.611764705882353,0.432900432900433
"NSFG men, capped 25",3.31,100,2000,6,6.07544037196849,1.86973173499805,0.637180124665991,0.413295104412781,0.907933024653283,0.729309560730934,1.31,2.31,0.615,0.432900432900433
"NSFG men, capped 25",3.31,100,2000,6.05,6.08134688124956,1.87068778050971,0.639906085774544,0.416689514918262,0.910734669704417,0.731343714522112,1.31,2.31,0.618181818181818,0.432900432900433
"NSFG men, capped 25",3.31,100,2000,6.1,6.08705274656073,1.87161917671526,0.642591261255264,0.419388703106033,0.913849817469336,0.733344324021655,1.31,2.31,0.621311475409836,0.432900432900433
"NSFG men, capped 25",3.31,100,2000,6.15,6.09164737568907,1.87252678939432,0.645236562126704,0.422469086405731,0.916920500411443,0.735312196587136,1.31,2.31,0.624390243902439,0.432900432900433
"NSFG men, capped 25",3.31,100,2000,6.2,6.09615896500267,1.87341144550307,0.647842871763823,0.425327232419696,0.919497487465493,0.737248113099052,1.31,2.31,0.62741935483871,0.432900432900433
"NSFG men, capped 25",3.31,100,2000,6.25,6.10095932565856,1.8742739352664,0.650411046944635,0.428043946810173,0.921985707734796,0.739152829059583,1.31,2.31,0.6304,0.432900432900433
"NSFG men, capped 25",3.31,100,2000,6.3,6.10569613865612,1.87511501414208,0.652941918852819,0.430626875238069,0.924237545437886,0.741027075638198,1.31,2.31,0.633333333333333,0.432900432900433
"NSFG men, capped 25",3.31,100,2000,6.35,6.11055904361766,1.87593540466551,0.655436294037902,0.433650586519106,0.926063282828571,0.742871560666795,1.31,2.31,0.636220472440945,0.432900432900433
"NSFG men, capped 25",3.31,100,2000,6.4,6.11524326690529,1.87673579818278,0.65789495533466,0.436359198971734,0.927846408839103,0.744686969586971,1.31,2.31,0.6390625,0.432900432900433
"NSFG men, capped 25",3.31,100,2000,6.45,6.11975590381364,1.87751685647959,0.660318662743346,0.439615465163143,0.929702104850934,0.746473966351865,1.31,2.31,0.641860465116279,0.432900432900433
"NSFG men, capped 25",3.31,100,2000,6.5,6.12410374893249,1.87827921331246,0.662708154272326,0.443521331608888,0.931476013176648,0.748233194284931,1.31,2.31,0.644615384615385,0.432900432900433
"NSFG men, capped 25",3.31,100,2000,6.55,6.1285592745114,1.87902347584912,0.665064146744688,0.446735721965879,0.933596339125282,0.74996527689786,1.31,2.31,0.647328244274809,0.432900432900433
"NSFG men, capped 25",3.31,100,2000,6.6,6.13317958193028,1.87975022602342,0.667387336570357,0.448803635968134,0.935596475092153,0.751670818669783,1.31,2.31,0.65,0.432900432900433
"NSFG men, capped 25",3.31,100,2000,6.65,6.13720699046578,1.88046002181086,0.669678400485175,0.450510854392425,0.937131588908548,0.753350405789745,1.31,2.31,0.652631578947368,0.432900432900433
"NSFG men, capped 25",3.31,100,2000,6.7,6.14112862088751,1.88115339842937,0.671937996258411,0.452098412979359,0.938719083802694,0.755004606864384,1.31,2.31,0.655223880597015,0.432900432900433
"NSFG men, capped 25",3.31,100,2000,6.75,6.14561096105605,1.88183086947054,0.674166763370075,0.453749720434428,0.940707717983619,0.756633973592615,1.31,2.31,0.657777777777778,0.432900432900433
"NSFG men, capped 25",3.31,100,2000,6.8,6.15201680878823,1.88249292796551,0.676365323659402,0.455067914934668,0.942740591203202,0.758239041409027,1.31,2.31,0.660294117647059,0.432900432900433
"NSFG men, capped 25",3.31,100,2000,6.85,6.1571533816282,1.88314004738979,0.678534281945784,0.457025800821813,0.944704748754459,0.759820330097641,1.31,2.31,0.662773722627737,0.432900432900433
"NSFG men, capped 25",3.31,100,2000,6.9,6.16245005502306,1.88377268261095,0.680674226623418,0.459563884451681,0.946594640979393,0.761378344377545,1.31,2.31,0.665217391304348,0.432900432900433
"NSFG men, capped 25",3.31,100,2000,6.95,6.16750937261982,1.88439127078259,0.68278573023086,0.462493234997348,0.948262818512649,0.762913574461881,1.31,2.31,0.667625899280575,0.432900432900433
"NSFG men, capped 25",3.31,100,2000,7,6.17245829517449,1.88499623218828,0.684869349996637,0.464636176104706,0.949765948290559,0.764426496591555,1.31,2.31,0.67,0.432900432900433
"NSFG men, capped 25",3.31,100,2000,7.05,6.17715431598092,1.88558797103829,0.686925628362034,0.467522617900628,0.951256290177873,0.765917573544977,1.31,2.31,0.672340425531915,0.432900432900433
"NSFG men, capped 25",3.31,100,2000,7.1,6.1807396333617,1.88616687622235,0.688955093482091,0.46866230154514,0.952701219885367,0.767387255125063,1.31,2.31,0.674647887323944,0.432900432900433
"NSFG men, capped 25",3.31,100,2000,7.15,6.18426012011979,1.88673332202086,0.690958259705842,0.470109592365909,0.954102157645096,0.768835978624666,1.31,2.31,0.676923076923077,0.432900432900433
"NSFG men, capped 25",3.31,100,2000,7.2,6.18863257570887,1.88728766877746,0.692935628036748,0.472301384026322,0.955496855524742,0.770264169271546,1.31,2.31,0.679166666666667,0.432900432900433
"NSFG men, capped 25",3.31,100,2000,7.25,6.19306554289633,1.88783026353503,0.69488768657425,0.473982348607431,0.95694946186484,0.771672240653902,1.31,2.31,0.681379310344828,0.432900432900433
"NSFG men, capped 25",3.31,100,2000,7.3,6.19646849881147,1.88836144063755,0.696814910937326,0.47744439016944,0.958354349441415,0.773060595127482,1.31,2.31,0.683561643835616,0.432900432900433
"NSFG men, capped 25",3.31,100,2000,7.35,6.1993983228604,1.8888815222998,0.698717764670879,0.479780827624204,0.959655301475262,0.774429624205167,1.31,2.31,0.685714285714286,0.432900432900433
"NSFG men, capped 25",3.31,100,2000,7.4,6.20224426305087,1.8893908191469,0.70059669963577,0.482470516751653,0.96095808988234,0.77577970892994,1.31,2.31,0.687837837837838,0.432900432900433
"NSFG men, capped 25",3.31,100,2000,7.45,6.20498659301441,1.88988963072547,0.702452156383241,0.483877519155053,0.962270855074733,0.777111220232048,1.31,2.31,0.68993288590604,0.432900432900433
"NSFG men, capped 25",3.31,100,2000,7.5,6.20708308052032,1.89037824598808,0.704284564514463,0.485442925157371,0.963436058293936,0.778424519271165,1.31,2.31,0.692,0.432900432900433
"NSFG men, capped 25",3.31,100,2000,7.55,6.20911138755691,1.89085694375264,0.706094343025899,0.487853519235288,0.964495412856921,0.779719957764278,1.31,2.31,0.694039735099338,0.432900432900433
"NSFG men, capped 25",3.31,100,2000,7.6,6.2110739330305,1.89132599313822,0.707881900641128,0.490036135669914,0.96557993528345,0.780997878300011,1.31,2.31,0.696052631578947,0.432900432900433
"NSFG men, capped 25",3.31,100,2000,7.65,6.21330698344587,1.89178565397853,0.709647636129762,0.491387334866705,0.966641527863062,0.78225861464005,1.31,2.31,0.698039215686274,0.432900432900433
"NSFG men, capped 25",3.31,100,2000,7.7,6.21560772533424,1.8922361772146,0.711391938614047,0.49196493019923,0.967809492452483,0.783502492008294,1.31,2.31,0.7,0.432900432900433
"NSFG men, capped 25",3.31,100,2000,7.75,6.21784262295208,1.89267780526764,0.713115187863713,0.49304215752818,0.968926091402882,0.784729827368323,1.31,2.31,0.701935483870968,0.432900432900433
"NSFG men, capped 25",3.31,100,2000,7.8,6.22041231787484,1.8931107723934,0.714817754579602,0.494947754529833,0.9698686930949,0.785940929689749,1.31,2.31,0.703846153846154,0.432900432900433
"NSFG men, capped 25",3.31,100,2000,7.85,6.22315018790894,1.89353530501895,0.716500000666591,0.496441744925467,0.970740727567328,0.787136100203987,1.31,2.31,0.705732484076433,0.432900432900433
"NSFG men, capped 25",3.31,100,2000,7.9,6.22581054405236,1.89395162206298,0.718162279496297,0.496790045511487,0.971583584182831,0.788315632649927,1.31,2.31,0.707594936708861,0.432900432900433
"NSFG men, capped 25",3.31,100,2000,7.95,6.22839561156378,1.89435993524046,0.719804936160006,0.497400157336001,0.972375381546556,0.789479813510004,1.31,2.31,0.709433962264151,0.432900432900433
"NSFG men, capped 25",3.31,100,2000,8,6.23090755079026,1.89476044935269,0.721428307712288,0.497990891605139,0.973134720527119,0.790628922237113,1.31,2.31,0.71125,0.432900432900433
"NSFG men, capped 25",3.31,1000,1000,0,1,0,0.001,0.001,0.001,0.001,1.31,2.31,0,0
"NSFG men, capped 25",3.31,1000,1000,0.05,1.02370052389701,0.023518206163836,0.00100059779433578,0.00100055594768063,0.00100063721338841,0.0011557164416944,1.31,2.31,0,0
"NSFG men, capped 25",3.31,1000,1000,0.1,1.04947642232802,0.0484848263217091,0.00100256054933589,0.00100237385973832,0.0010027344870151,0.00133501926898716,1.31,2.31,0,0
"NSFG men, capped 25",3.31,1000,1000,0.15,1.07751311385997,0.074957480462165,0.0010061791265548,0.00100572861271136,0.00100661746400298,0.00154130969403672,1.31,2.31,0,0
"NSFG men, capped 25",3.31,1000,1000,0.2,1.10787019074567,0.102989847265883,0.00101180128141261,0.00101090484163869,0.00101267723948657,0.00177843636413618,1.31,2.31,0,0
"NSFG men, capped 25",3.31,1000,1000,0.25,1.14113242868192,0.132630508176867,0.0010198430964256,0.00101831542726969,0.00102135856378201,0.00205074357349025,1.31,2.31,0,0
"NSFG men, capped 25",3.31,1000,1000,0.3,1.17746385633641,0.163921726331961,0.00103080272803982,0.00102834537598349,0.00103319326296213,0.00236312200609293,1.31,2.31,0,0
"NSFG men, capped 25",3.31,1000,1000,0.35,1.21679135438973,0.1968981843052,0.00104527689930317,0.00104160430842922,0.00104889161800179,0.00272106140852677,1.31,2.31,0,0
"NSFG men, capped 25",3.31,1000,1000,0.4,1.25985055363953,0.231585709920121,0.00106398062885707,0.0010585667061644,0.0010692307739283,0.00313070434781158,1.31,2.31,0,0
"NSFG men, capped 25",3.31,1000,1000,0.45,1.30660032114168,0.268000024045886,0.00108777074226101,0.00107999582063649,0.001095226920278,0.00359889992222909,1.31,2.31,0,0
"NSFG men, capped 25",3.31,1000,1000,0.5,1.35787072211477,0.306145547924704,0.00111767375873402,0.00110695792780306,0.00112805095268779,0.00413325596255591,1.31,2.31,0,0
"NSFG men, capped 25",3.31,1000,1000,0.55,1.41412336442376,0.346014309808919,0.00115491877693002,0.00114040085080497,0.00116906234510257,0.00474218789075346,1.31,2.31,0,0
"NSFG men, capped 25",3.31,1000,1000,0.6,1.47482621518968,0.387584991216657,0.00120097598653385,0.00118137579449324,0.00122000307386763,0.00543496200064221,1.31,2.31,0,0
"NSFG men, capped 25",3.31,1000,1000,0.65,1.54066659265569,0.430822151755005,0.00125760139442662,0.00123138042946037,0.00128300379049191,0.00622173050377055,1.31,2.31,0,0
"NSFG men, capped 25",3.31,1000,1000,0.7,1.6123797368019,0.475675668157803,0.00132688825804517,0.00128989816327951,0.00136005800998805,0.00711355526376702,1.31,2.31,0,0
"NSFG men, capped 25",3.31,1000,1000,0.75,1.68987211424468,0.522080418042209,0.0014113255448915,0.00136136480293859,0.00145489073287197,0.00812241675203967,1.31,2.31,0,0
"NSFG men, capped 25",3.31,1000,1000,0.8,1.77255213222812,0.56995623215166,0.0015138634649993,0.00144907448354835,0.00157122896452816,0.00926120443342782,1.31,2.31,0,0
"NSFG men, capped 25",3.31,1000,1000,0.85,1.86374850640311,0.619208130891763,0.00163798573214047,0.00155438718909553,0.00171485889679507,0.0105436845774703,1.31,2.31,0,0
"NSFG men, capped 25",3.31,1000,1000,0.9,1.96117073508284,0.669726852229261,0.0017877876828755,0.00168170789572696,0.00188691179539053,0.0119844414417856,1.31,2.31,0,0
"NSFG men, capped 25",3.31,1000,1000,0.95,2.06791102638552,0.721389668991449,0.00196805871129665,0.00182750843282972,0.00209660057153815,0.0135987879457647,1.31,2.31,0,0
"NSFG men, capped 25",3.31,1000,1000,1,2.18232108914619,0.774061484731105,0.00218436666566974,0.00200670266349679,0.00235056252149842,0.0154026424026632,1.31,2.31,0,0
"NSFG men, capped 25",3.31,1000,1000,1.05,2.30405461011036,0.827596189000965,0.0024431409242567,0.00221388016882443,0.00265401454867288,0.0174123686573737,1.31,2.31,0,0
"NSFG men, capped 25",3.31,1000,1000,1.1,2.43280929873453,0.881838245407803,0.0027517498689539,0.00245284636203584,0.00302170818735889,0.019644578122407,1.31,2.31,0,0
"NSFG men, capped 25",3.31,1000,1000,1.15,2.57309406854053,0.936624479379731,0.00311856748296908,0.00274773817685762,0.00346127286252112,0.022115893728827,1.31,2.31,0,0
"NSFG men, capped 25",3.31,1000,1000,1.2,2.7215175065256,0.991786027275723,0.00355302291773169,0.00307818608939776,0.00399360704420018,0.0248426776914406,1.31,2.31,0,0
"NSFG men, capped 25",3.31,1000,1000,1.25,2.88358064952133,1.04715040431602,0.00406562623484431,0.00347569338679595,0.00462324485633669,0.0278407271658962,1.31,2.31,0,0
"NSFG men, capped 25",3.31,1000,1000,1.3,3.05238481842108,1.10254364580033,0.00466796327620098,0.00394381000025304,0.00535696199983621,0.0311249442398979,1.31,2.31,0,0
"NSFG men, capped 25",3.31,1000,1000,1.35,3.22810898943154,1.15779247418753,0.00537265289228611,0.00450002207205407,0.00623970918393975,0.0347089890949893,1.31,2.31,0,0.0173160173160173
"NSFG men, capped 25",3.31,1000,1000,1.4,3.41416461916615,1.21272644383876,0.00619326068300108,0.00512377649727455,0.00729103759256497,0.0386049274030833,1.31,2.31,0,0.038961038961039
"NSFG men, capped 25",3.31,1000,1000,1.45,3.61274351043487,1.26718001561368,0.00714416504413664,0.0058525114455857,0.00847624617048743,0.0428228848622304,1.31,2.31,0,0.0606060606060607
"NSFG men, capped 25",3.31,1000,1000,1.5,3.81911664094909,1.32099451512837,0.00824037365734056,0.00665313636479408,0.00981870164685209,0.047370723006058,1.31,2.31,0,0.0822510822510822
"NSFG men, capped 25",3.31,1000,1000,1.55,4.04010901960363,1.37401993141418,0.00949729151040806,0.0075702323931016,0.0113883839516398,0.0522537508437508,1.31,2.31,0,0.103896103896104
"NSFG men, capped 25",3.31,1000,1000,1.6,4.27198733816846,1.42611651702454,0.0109304448876162,0.00857149023304339,0.0131483553690152,0.0574744863606718,1.31,2.31,0,0.125541125541126
"NSFG men, capped 25",3.31,1000,1000,1.65,4.50564935499831,1.4771561563244,0.0125551692387468,0.00972756279912758,0.0151795040064132,0.0630324803738769,1.31,2.31,0,0.147186147186147
"NSFG men, capped 25",3.31,1000,1000,1.7,4.74668740665232,1.52702347568234,0.0143862720736314,0.0110189958895337,0.017478259097144,0.0689242127318393,1.31,2.31,0,0.168831168831169
"NSFG men, capped 25",3.31,1000,1000,1.75,4.99644881118485,1.57561667737006,0.0164376846744905,0.0125138994691597,0.020036317486985,0.0751430675188392,1.31,2.31,0,0.19047619047619
"NSFG men, capped 25",3.31,1000,1000,1.8,5.23749040168963,1.62284808784589,0.0187221181457728,0.0141444589040072,0.0228352742019779,0.0816793900122784,1.31,2.31,0,0.212121212121212
"NSFG men, capped 25",3.31,1000,1000,1.85,5.50377347340537,1.66864442034394,0.021250739893266,0.0159958376729265,0.0259793462976972,0.0885206239571867,1.31,2.31,0,0.233766233766234
"NSFG men, capped 25",3.31,1000,1000,1.9,5.77272348472651,1.71294676082793,0.0240328859315461,0.0180438887500341,0.0293675095431396,0.0956515236128665,1.31,2.31,0,0.255411255411255
"NSFG men, capped 25",3.31,1000,1000,1.95,6.03808055826298,1.75571029489798,0.0270758225005853,0.0202424375006741,0.0332196336555047,0.103054431331573,1.31,2.31,0,0.277056277056277
"NSFG men, capped 25",3.31,1000,1000,2,6.32244808494145,1.796903800691,0.0303845675129365,0.0228095260223657,0.037341733480367,0.110709608440215,1.31,2.31,0,0.298701298701299
"NSFG men, capped 25",3.31,1000,1000,2.05,6.58983833525978,1.83650893880266,0.0339617786548647,0.0253521424974628,0.0418038609293266,0.118595605124288,1.31,2.31,0,0.32034632034632
"NSFG men, capped 25",3.31,1000,1000,2.1,6.86372815145489,1.87451937451224,0.0378077109034888,0.0281679178652685,0.0465650562029361,0.126689653968307,1.31,2.31,0,0.341991341991342
"NSFG men, capped 25",3.31,1000,1000,2.15,7.13275391144753,1.91093976998306,0.0419202421913504,0.0311765633766904,0.0517364920093717,0.134968071792117,1.31,2.31,0,0.363636363636364
"NSFG men, capped 25",3.31,1000,1000,2.2,7.41159673898123,1.94578468465619,0.0462949623091043,0.0344282794406522,0.0575046487948543,0.143406655343636,1.31,2.31,0,0.385281385281385
"NSFG men, capped 25",3.31,1000,1000,2.25,7.68761797598216,1.97907742090137,0.050925317168193,0.0374112293984624,0.0631446785696436,0.15198105809611,1.31,2.31,0,0.406926406926407
"NSFG men, capped 25",3.31,1000,1000,2.3,7.96163235725993,2.01084884938874,0.055802798426782,0.0409414075613585,0.0691574760791393,0.16066713763417,1.31,2.31,0,0.428571428571429
"NSFG men, capped 25",3.31,1000,1000,2.35,8.22360327505255,2.04113624491922,0.0609171672812108,0.0448039647386622,0.0754518321720787,0.169441265662662,1.31,2.31,0.0170212765957447,0.432900432900433
"NSFG men, capped 25",3.31,1000,1000,2.4,8.48810791703507,2.06998215895507,0.0662567009072421,0.0489712038711465,0.0823084904947292,0.178280595309583,1.31,2.31,0.0375000000000001,0.432900432900433
"NSFG men, capped 25",3.31,1000,1000,2.45,8.7373231374551,2.09743335017712,0.0718084504858835,0.0531026709944836,0.0894486942991805,0.187163282924511,1.31,2.31,0.0571428571428572,0.432900432900433
"NSFG men, capped 25",3.31,1000,1000,2.5,8.99674825428966,2.12353978938384,0.0775585008010123,0.0573522766293784,0.0966255335620716,0.196068663845809,1.31,2.31,0.076,0.432900432900433
"NSFG men, capped 25",3.31,1000,1000,2.55,9.24135245434809,2.14835375021018,0.0834922228610211,0.0613593123306009,0.104073307275029,0.204977383522501,1.31,2.31,0.0941176470588236,0.432900432900433
"NSFG men, capped 25",3.31,1000,1000,2.6,9.47732909351084,2.17192899269212,0.0895945126872911,0.0655510806481803,0.112093206638464,0.213871486877499,1.31,2.31,0.111538461538462,0.432900432900433
"NSFG men, capped 25",3.31,1000,1000,2.65,9.70840830497419,2.19432004277941,0.0958500111628939,0.0702878214770346,0.120364807933916,0.222734469877662,1.31,2.31,0.128301886792453,0.432900432900433
"NSFG men, capped 25",3.31,1000,1000,2.7,9.9296104153566,2.21558156758889,0.102243301512968,0.0749248458853788,0.128350513306355,0.231551297956208,1.31,2.31,0.144444444444444,0.432900432900433
"NSFG men, capped 25",3.31,1000,1000,2.75,10.1624109909782,2.2357678435232,0.108759082498795,0.0795543737617846,0.136369998335937,0.240308396260637,1.31,2.31,0.16,0.432900432900433
"NSFG men, capped 25",3.31,1000,1000,2.8,10.3886563604622,2.25493231234131,0.115382316692602,0.0847789854065702,0.144644551989705,0.248993616734465,1.31,2.31,0.175,0.432900432900433
"NSFG men, capped 25",3.31,1000,1000,2.85,10.582325583372,2.27312721881419,0.122098354233631,0.0900598051152849,0.153041564687631,0.257596186848701,1.31,2.31,0.189473684210526,0.432900432900433
"NSFG men, capped 25",3.31,1000,1000,2.9,10.7775303652343,2.29040332266351,0.128893033247583,0.0942191725295845,0.161089835288083,0.266106644442749,1.31,2.31,0.203448275862069,0.432900432900433
"NSFG men, capped 25",3.31,1000,1000,2.95,10.9847365601778,2.30680967698799,0.135752758658953,0.0982697406584359,0.16991145997531,0.27451676267205,1.31,2.31,0.216949152542373,0.432900432900433
"NSFG men, capped 25",3.31,1000,1000,3,11.1789415688914,2.32239346524888,0.142664561468254,0.103777066376118,0.178922826403888,0.282819468540638,1.31,2.31,0.23,0.432900432900433
"NSFG men, capped 25",3.31,1000,1000,3.05,11.3580616958038,2.3371998890346,0.149616140738425,0.10792227819659,0.1885774378234,0.291008757960383,1.31,2.31,0.242622950819672,0.432900432900433
"NSFG men, capped 25",3.31,1000,1000,3.1,11.5329748646106,2.35127209918282,0.156595890572914,0.113224491545705,0.197125934808248,0.299079609755145,1.31,2.31,0.254838709677419,0.432900432900433
"NSFG men, capped 25",3.31,1000,1000,3.15,11.6961057428969,2.36465116334202,0.163592914306101,0.118503759959255,0.205314181138644,0.307027900538332,1.31,2.31,0.266666666666667,0.432900432900433
"NSFG men, capped 25",3.31,1000,1000,3.2,11.8390628221096,2.37737606365032,0.1705970279951,0.123569547633408,0.21347732698795,0.314850321949963,1.31,2.31,0.278125,0.432900432900433
"NSFG men, capped 25",3.31,1000,1000,3.25,11.9944112151838,2.38948371885273,0.177598755126138,0.127977547614703,0.222861373693947,0.322544301351366,1.31,2.31,0.289230769230769,0.432900432900433
"NSFG men, capped 25",3.31,1000,1000,3.3,12.14607812673,2.40100902583493,0.184589314249015,0.133466895896578,0.231652262186618,0.330107926744494,1.31,2.31,0.3,0.432900432900433
"NSFG men, capped 25",3.31,1000,1000,3.35,12.28662535061,2.4119849161964,0.191560601045316,0.137870002536589,0.240109005828807,0.337539876407238,1.31,2.31,0.31044776119403,0.432900432900433
"NSFG men, capped 25",3.31,1000,1000,3.4,12.4372990218539,2.42244242409905,0.198505166131409,0.142626480269161,0.247696709817993,0.344839353512525,1.31,2.31,0.320588235294118,0.432900432900433
"NSFG men, capped 25",3.31,1000,1000,3.45,12.5754079851071,2.43241076219789,0.205416189703618,0.147044136947494,0.255526167271191,0.352006025822283,1.31,2.31,0.330434782608696,0.432900432900433
"NSFG men, capped 25",3.31,1000,1000,3.5,12.7017512163588,2.44191740298017,0.212287453955089,0.151777543339654,0.263858311125406,0.359039970411787,1.31,2.31,0.34,0.432900432900433
"NSFG men, capped 25",3.31,1000,1000,3.55,12.8353960824401,2.45098816330485,0.219113314034352,0.155694112881221,0.272747738877171,0.365941623279435,1.31,2.31,0.349295774647887,0.432900432900433
"NSFG men, capped 25",3.31,1000,1000,3.6,12.9385156071042,2.45964729034545,0.225888668175323,0.15921660994952,0.282107514797228,0.372711733625808,1.31,2.31,0.358333333333333,0.432900432900433
"NSFG men, capped 25",3.31,1000,1000,3.65,13.0416834484632,2.46791754749761,0.232608927507151,0.163632856565675,0.28959558914425,0.37935132253857,1.31,2.31,0.367123287671233,0.432900432900433
"NSFG men, capped 25",3.31,1000,1000,3.7,13.144585521894,2.47582029912043,0.239269985948844,0.166973891717362,0.297806108489711,0.385861645791458,1.31,2.31,0.375675675675676,0.432900432900433
"NSFG men, capped 25",3.31,1000,1000,3.75,13.2548434507844,2.48337559324303,0.245868190506499,0.171170129529181,0.306147049893946,0.392244160452139,1.31,2.31,0.384,0.432900432900433
"NSFG men, capped 25",3.31,1000,1000,3.8,13.3557561775642,2.49060224158755,0.252400312218334,0.174903911675206,0.313968147205386,0.398500494991431,1.31,2.31,0.392105263157895,0.432900432900433
"NSFG men, capped 25",3.31,1000,1000,3.85,13.4573324576102,2.4975178964434,0.258863517932885,0.179343856362798,0.322066034195754,0.40463242259233,1.31,2.31,0.4,0.432900432900433
"NSFG men, capped 25",3.31,1000,1000,3.9,13.5468708970084,2.50413912407757,0.26525534305676,0.183572949530143,0.331253215128995,0.410641837369026,1.31,2.31,0.407692307692308,0.432900432900433
"NSFG men, capped 25",3.31,1000,1000,3.95,13.6312555473597,2.51048147448804,0.271573665368655,0.187856315309964,0.338261301132666,0.416530733221678,1.31,2.31,0.415189873417722,0.432900432900433
"NSFG men, capped 25",3.31,1000,1000,4,13.7153737276071,2.51655954740519,0.27781667996441,0.191653587382617,0.346083529885677,0.422301185070649,1.31,2.31,0.4225,0.432900432900433
"NSFG men, capped 25",3.31,1000,1000,4.05,13.7878664637459,2.52238705452292,0.283982875372327,0.195337691383149,0.352375230716152,0.427955332232989,1.31,2.31,0.42962962962963,0.432900432900433
"NSFG men, capped 25",3.31,1000,1000,4.1,13.8591480066156,2.52797687800114,0.290071010857749,0.19925632618538,0.357989648012959,0.433495363723374,1.31,2.31,0.436585365853659,0.432900432900433
"NSFG men, capped 25",3.31,1000,1000,4.15,13.9283423411391,2.53334112532638,0.296080094919939,0.20297894520305,0.365198094834515,0.438923505280818,1.31,2.31,0.443373493975904,0.432900432900433
"NSFG men, capped 25",3.31,1000,1000,4.2,14.0011698253028,2.53849118065064,0.302009364971796,0.206535428428279,0.372958833614942,0.444242007940809,1.31,2.31,0.45,0.432900432900433
"NSFG men, capped 25",3.31,1000,1000,4.25,14.0676665154673,2.54343775275205,0.307858268183328,0.209408357208619,0.380315812698426,0.449453137989916,1.31,2.31,0.456470588235294,0.432900432900433
"NSFG men, capped 25",3.31,1000,1000,4.3,14.1346026258583,2.54819091977672,0.313626443462324,0.213452902120744,0.386294841405455,0.454559168156016,1.31,2.31,0.462790697674419,0.432900432900433
"NSFG men, capped 25",3.31,1000,1000,4.35,14.2066352466226,2.55276017093046,0.319313704540119,0.217068158461688,0.391904168462646,0.459562369902212,1.31,2.31,0.468965517241379,0.432900432900433
"NSFG men, capped 25",3.31,1000,1000,4.4,14.2739412633631,2.55715444529343,0.324920024126134,0.220535374080859,0.399002496974432,0.464465006706131,1.31,2.31,0.475,0.432900432900433
"NSFG men, capped 25",3.31,1000,1000,4.45,14.3315217615208,2.56138216793164,0.330445519091879,0.224022488477416,0.404583138268567,0.469269328218598,1.31,2.31,0.480898876404494,0.432900432900433
"NSFG men, capped 25",3.31,1000,1000,4.5,14.3879079154633,2.56545128347646,0.335890436643043,0.227463373123497,0.411735406399693,0.47397756520687,1.31,2.31,0.486666666666667,0.432900432900433
"NSFG men, capped 25",3.31,1000,1000,4.55,14.447297282282,2.56936928733935,0.341255141436914,0.230420791214163,0.417319100912481,0.478591925197613,1.31,2.31,0.492307692307692,0.432900432900433
"NSFG men, capped 25",3.31,1000,1000,4.6,14.5048900585126,2.57314325472229,0.346540103601678,0.234082209144108,0.424004995022718,0.483114588743779,1.31,2.31,0.497826086956522,0.432900432900433
"NSFG men, capped 25",3.31,1000,1000,4.65,14.5614010151276,2.57677986757792,0.35174588761385,0.236885524444833,0.43063723750357,0.487547706247562,1.31,2.31,0.503225806451613,0.432900432900433
"NSFG men, capped 25",3.31,1000,1000,4.7,14.6085656710055,2.58028543966502,0.356873141990248,0.240160574350628,0.436807511238437,0.491893395278786,1.31,2.31,0.508510638297872,0.432900432900433
"NSFG men, capped 25",3.31,1000,1000,4.75,14.6626705841059,2.583665939837,0.361922589751364,0.243840673176189,0.442700021818907,0.496153738334422,1.31,2.31,0.513684210526316,0.432900432900433
"NSFG men, capped 25",3.31,1000,1000,4.8,14.7147447245164,2.58692701369271,0.366895019613688,0.247115464796188,0.448644941716396,0.500330780990657,1.31,2.31,0.51875,0.432900432900433
"NSFG men, capped 25",3.31,1000,1000,4.85,14.761619562533,2.5900740037103,0.371791277869471,0.250796083576412,0.453785724659599,0.504426530403964,1.31,2.31,0.523711340206186,0.432900432900433
"NSFG men, capped 25",3.31,1000,1000,4.9,14.8072326532949,2.59311196797708,0.376612260913497,0.254913258419491,0.460690668049427,0.508442954122154,1.31,2.31,0.528571428571429,0.432900432900433
"NSFG men, capped 25",3.31,1000,1000,4.95,14.8478575617056,2.59604569762005,0.381358908377635,0.257229703905946,0.4672946318391,0.512381979170399,1.31,2.31,0.533333333333333,0.432900432900433
"NSFG men, capped 25",3.31,1000,1000,5,14.8864207198814,2.59887973303438,0.386032196835283,0.25974084872819,0.471880278531331,0.51624549138083,1.31,2.31,0.538,0.432900432900433
"NSFG men, capped 25",3.31,1000,1000,5.05,14.929939048386,2.60161837899996,0.390633134039228,0.263032220668211,0.477436555884468,0.52003533493749,1.31,2.31,0.542574257425743,0.432900432900433
"NSFG men, capped 25",3.31,1000,1000,5.1,14.9732887408895,2.60426571876916,0.395162753657874,0.266177693000981,0.483506362857737,0.523753312111314,1.31,2.31,0.547058823529412,0.432900432900433
"NSFG men, capped 25",3.31,1000,1000,5.15,15.0112798045834,2.60682562720288,0.399622110476341,0.268780553140774,0.489535591127722,0.527401183162372,1.31,2.31,0.551456310679612,0.432900432900433
"NSFG men, capped 25",3.31,1000,1000,5.2,15.0460539163877,2.60930178302568,0.404012276030424,0.271535380904258,0.49651575560943,0.530980666388925,1.31,2.31,0.555769230769231,0.432900432900433
"NSFG men, capped 25",3.31,1000,1000,5.25,15.0756452732416,2.61169768026547,0.408334334642971,0.273827208851431,0.502714456924513,0.534493438304901,1.31,2.31,0.56,0.432900432900433
"NSFG men, capped 25",3.31,1000,1000,5.3,15.1019111284302,2.614016638938,0.41258937983376,0.277977061635104,0.510092659128903,0.537941133929269,1.31,2.31,0.564150943396226,0.432900432900433
"NSFG men, capped 25",3.31,1000,1000,5.35,15.132928214339,2.61626181503171,0.416778511075475,0.281141647593469,0.51735447456164,0.541325347172481,1.31,2.31,0.568224299065421,0.432900432900433
"NSFG men, capped 25",3.31,1000,1000,5.4,15.1643792456028,2.61843620984402,0.420902830869916,0.28362156571989,0.524262587085712,0.544647631306643,1.31,2.31,0.572222222222222,0.432900432900433
"NSFG men, capped 25",3.31,1000,1000,5.45,15.1902455585019,2.62054267871618,0.424963442119999,0.286602301605022,0.531002894223533,0.547909499507453,1.31,2.31,0.576146788990826,0.432900432900433
"NSFG men, capped 25",3.31,1000,1000,5.5,15.2222985929471,2.62258393921,0.428961445774601,0.289067358370677,0.53602295594651,0.551112425457185,1.31,2.31,0.58,0.432900432900433
"NSFG men, capped 25",3.31,1000,1000,5.55,15.2555207918014,2.62456257876644,0.432897938724648,0.291098668863412,0.539704629718718,0.554257843999091,1.31,2.31,0.583783783783784,0.432900432900433
"NSFG men, capped 25",3.31,1000,1000,5.6,15.2819365341547,2.62648106188281,0.436774011930229,0.29379763647921,0.54453637104236,0.557347151834642,1.31,2.31,0.5875,0.432900432900433
"NSFG men, capped 25",3.31,1000,1000,5.65,15.3131642219595,2.6283417368426,0.440590748759813,0.29610477851978,0.550599796849033,0.560381708255891,1.31,2.31,0.591150442477876,0.432900432900433
"NSFG men, capped 25",3.31,1000,1000,5.7,15.3439374483668,2.63014684202904,0.444349223523891,0.298717802808222,0.556056324598918,0.563362835906116,1.31,2.31,0.594736842105263,0.432900432900433
"NSFG men, capped 25",3.31,1000,1000,5.75,15.3694657397106,2.63189851185142,0.44805050018655,0.300975244224305,0.561109649848734,0.566291821562616,1.31,2.31,0.598260869565217,0.432900432900433
"NSFG men, capped 25",3.31,1000,1000,5.8,15.3942542744883,2.63359878231069,0.451695631239666,0.302850014835365,0.567582150840846,0.569169916936229,1.31,2.31,0.601724137931035,0.432900432900433
"NSFG men, capped 25",3.31,1000,1000,5.85,15.4194807570637,2.63524959622894,0.455285656725439,0.305367395155588,0.572782905384097,0.571998339482751,1.31,2.31,0.605128205128205,0.432900432900433
"NSFG men, capped 25",3.31,1000,1000,5.9,15.4481139069821,2.63685280816553,0.458821603394057,0.307992369092492,0.578834789179709,0.574778273221989,1.31,2.31,0.608474576271187,0.432900432900433
"NSFG men, capped 25",3.31,1000,1000,5.95,15.4718330748499,2.63841018904082,0.462304483984231,0.310873735980855,0.584592180943179,0.577510869560669,1.31,2.31,0.611764705882353,0.432900432900433
"NSFG men, capped 25",3.31,1000,1000,6,15.4992498664705,2.63992343048698,0.465735296615285,0.313610581498752,0.58887640781557,0.580197248115915,1.31,2.31,0.615,0.432900432900433
"NSFG men, capped 25",3.31,1000,1000,6.05,15.5206819783013,2.64139414894386,0.469115024280311,0.31539961675241,0.5939630510532,0.582838497536374,1.31,2.31,0.618181818181818,0.432900432900433
"NSFG men, capped 25",3.31,1000,1000,6.1,15.5453707482937,2.6428238895166,0.47244463443076,0.317709876923716,0.600093130802778,0.585435676318466,1.31,2.31,0.621311475409836,0.432900432900433
"NSFG men, capped 25",3.31,1000,1000,6.15,15.567957420759,2.64421412961042,0.475725078643559,0.319631493311726,0.606533087382928,0.587989813615565,1.31,2.31,0.624390243902439,0.432900432900433
"NSFG men, capped 25",3.31,1000,1000,6.2,15.5835178749448,2.64556628235697,0.478957292362593,0.321544044161029,0.613046086222126,0.590501910038212,1.31,2.31,0.62741935483871,0.432900432900433
"NSFG men, capped 25",3.31,1000,1000,6.25,15.5929194684208,2.64688169984548,0.482142194707034,0.323458414535374,0.617865723702164,0.592972938443731,1.31,2.31,0.6304,0.432900432900433
"NSFG men, capped 25",3.31,1000,1000,6.3,15.6100942164365,2.64816167617114,0.485280688339629,0.326085842648814,0.623437891413162,0.595403844713873,1.31,2.31,0.633333333333333,0.432900432900433
"NSFG men, capped 25",3.31,1000,1000,6.35,15.6278727411352,2.64940745031219,0.488373659388633,0.327737233013717,0.627850474563138,0.597795548519316,1.31,2.31,0.636220472440945,0.432900432900433
"NSFG men, capped 25",3.31,1000,1000,6.4,15.648596619012,2.65062020884642,0.491421977417624,0.32985400414457,0.633402255095203,0.600148944070057,1.31,2.31,0.6390625,0.432900432900433
"NSFG men, capped 25",3.31,1000,1000,6.45,15.6687760758149,2.65180108851696,0.494426495437917,0.33203405014546,0.638981732758327,0.602464900850895,1.31,2.31,0.641860465116279,0.432900432900433
"NSFG men, capped 25",3.31,1000,1000,6.5,15.6863167392706,2.65295117865672,0.497388049958762,0.334203744987185,0.644360245493759,0.604744264341372,1.31,2.31,0.644615384615385,0.432900432900433
"NSFG men, capped 25",3.31,1000,1000,6.55,15.7025574183159,2.65407152348013,0.500307461070954,0.336649994044,0.647532330656114,0.60698785671966,1.31,2.31,0.647328244274809,0.432900432900433
"NSFG men, capped 25",3.31,1000,1000,6.6,15.7205256293354,2.65516312425004,0.503185532559845,0.339689156759879,0.651533514536557,0.609196477550032,1.31,2.31,0.65,0.432900432900433
"NSFG men, capped 25",3.31,1000,1000,6.65,15.7381796731007,2.65622694132761,0.506023052044149,0.341675997969341,0.656012298337098,0.611370904453629,1.31,2.31,0.652631578947368,0.432900432900433
"NSFG men, capped 25",3.31,1000,1000,6.7,15.7533452379971,2.65726389611193,0.508820791137234,0.343922106166143,0.661667765200916,0.613511893762358,1.31,2.31,0.655223880597015,0.432900432900433
"NSFG men, capped 25",3.31,1000,1000,6.75,15.7680302835487,2.65827487287602,0.511579505627929,0.345749887561799,0.666539636798839,0.61562018115584,1.31,2.31,0.657777777777778,0.432900432900433
"NSFG men, capped 25",3.31,1000,1000,6.8,15.7823130796826,2.65926072050541,0.514299935678139,0.347818776618882,0.671094878120798,0.617696482281371,1.31,2.31,0.660294117647059,0.432900432900433
"NSFG men, capped 25",3.31,1000,1000,6.85,15.7958844141156,2.66022225414486,0.516982806034827,0.348624199476797,0.676070892130249,0.619741493356968,1.31,2.31,0.662773722627737,0.432900432900433
"NSFG men, capped 25",3.31,1000,1000,6.9,15.8097279301382,2.66116025675876,0.519628826254168,0.350509916187579,0.680931624394228,0.621755891757593,1.31,2.31,0.665217391304348,0.432900432900433
"NSFG men, capped 25",3.31,1000,1000,6.95,15.8228858897591,2.66207548061004,0.522238690935894,0.353236885106882,0.685525406899726,0.623740336584715,1.31,2.31,0.667625899280575,0.432900432900433
"NSFG men, capped 25",3.31,1000,1000,7,15.8374974438025,2.66296864866247,0.524813079966028,0.355802211321435,0.689984210175906,0.6256954692194,1.31,2.31,0.67,0.432900432900433
"NSFG men, capped 25",3.31,1000,1000,7.05,15.8496527718512,2.66384045591058,0.527352658766429,0.357694042897696,0.693840838531056,0.627621913859163,1.31,2.31,0.672340425531915,0.432900432900433
"NSFG men, capped 25",3.31,1000,1000,7.1,15.8636648466399,2.66469157064144,0.529858078549706,0.359817865675604,0.698610000051064,0.629520278038855,1.31,2.31,0.674647887323944,0.432900432900433
"NSFG men, capped 25",3.31,1000,1000,7.15,15.8750370969899,2.66552263563206,0.532329976578205,0.361814455580454,0.702990028925297,0.631391153135848,1.31,2.31,0.676923076923077,0.432900432900433
"NSFG men, capped 25",3.31,1000,1000,7.2,15.8863873251526,2.66633426928621,0.534768976425942,0.36370554141338,0.706064015187601,0.63323511485985,1.31,2.31,0.679166666666667,0.432900432900433
"NSFG men, capped 25",3.31,1000,1000,7.25,15.894187306622,2.6671270667138,0.537175688242454,0.366612265545847,0.70873610582648,0.635052723727657,1.31,2.31,0.681379310344828,0.432900432900433
"NSFG men, capped 25",3.31,1000,1000,7.3,15.9061738446185,2.66790160075626,0.539550709017663,0.368490052797517,0.712401659857578,0.63684452552319,1.31,2.31,0.683561643835616,0.432900432900433
"NSFG men, capped 25",3.31,1000,1000,7.35,15.9191423651552,2.66865842296082,0.541894622846954,0.370548502195711,0.716036319637054,0.638611051743161,1.31,2.31,0.685714285714286,0.432900432900433
"NSFG men, capped 25",3.31,1000,1000,7.4,15.9261214834234,2.66939806450644,0.544208001195751,0.372708989072241,0.72047373355688,0.640352820028722,1.31,2.31,0.687837837837838,0.432900432900433
"NSFG men, capped 25",3.31,1000,1000,7.45,15.9336915773633,2.67012103708417,0.546491403162984,0.375348342523662,0.72429903546256,0.642070334583465,1.31,2.31,0.68993288590604,0.432900432900433
"NSFG men, capped 25",3.31,1000,1000,7.5,15.9424409569574,2.67082783373435,0.548745375742882,0.37751837846982,0.727492298287458,0.643764086578125,1.31,2.31,0.692,0.432900432900433
"NSFG men, capped 25",3.31,1000,1000,7.55,15.9539967987355,2.67151892964298,0.55097045408463,0.379735939183454,0.731579256605558,0.645434554542365,1.31,2.31,0.694039735099338,0.432900432900433
"NSFG men, capped 25",3.31,1000,1000,7.6,15.9626780369367,2.67219478289952,0.55316716174947,0.382942643091845,0.735450188529343,0.647082204743996,1.31,2.31,0.696052631578947,0.432900432900433
"NSFG men, capped 25",3.31,1000,1000,7.65,15.9711899021164,2.67285583521817,0.555336010964884,0.384663625441149,0.739256116460178,0.648707491556001,1.31,2.31,0.698039215686274,0.432900432900433
"NSFG men, capped 25",3.31,1000,1000,7.7,15.9787186233488,2.67350251262454,0.557477502875561,0.385618325358684,0.742993429966677,0.650310857811725,1.31,2.31,0.7,0.432900432900433
"NSFG men, capped 25",3.31,1000,1000,7.75,15.9859137858109,2.67413522610963,0.559592127790881,0.386561085289575,0.746491840388614,0.651892735148576,1.31,2.31,0.701935483870968,0.432900432900433
"NSFG men, capped 25",3.31,1000,1000,7.8,15.9968239849542,2.67475437225278,0.561680365428698,0.388640342460149,0.749944559438521,0.653453544340609,1.31,2.31,0.703846153846154,0.432900432900433
"NSFG men, capped 25",3.31,1000,1000,7.85,16.0066533255839,2.67536033381523,0.563742685155237,0.391772565740427,0.753650552296322,0.65499369562031,1.31,2.31,0.705732484076433,0.432900432900433
"NSFG men, capped 25",3.31,1000,1000,7.9,16.0144837565089,2.67595348030591,0.565779546220949,0.394921700392842,0.757663123960114,0.656513588989949,1.31,2.31,0.707594936708861,0.432900432900433
"NSFG men, capped 25",3.31,1000,1000,7.95,16.0235901592229,2.67653416852077,0.567791397992219,0.396690353939212,0.761887265849884,0.658013614522813,1.31,2.31,0.709433962264151,0.432900432900433
"NSFG men, capped 25",3.31,1000,1000,8,16.029504880778,2.67710274305716,0.56977868017881,0.399063626178207,0.765288740555099,0.659494152654652,1.31,2.31,0.71125,0.432900432900433
"NSFG men, capped 25",3.31,10000,1000,0,1,0,1e-04,1e-04,1e-04,1e-04,1.31,2.31,0,0
"NSFG men, capped 25",3.31,10000,1000,0.05,1.02381291778999,0.0235513214301226,0.000100059762925391,0.000100058547428783,0.000100061049112979,0.000116326668498978,1.31,2.31,0,0
"NSFG men, capped 25",3.31,10000,1000,0.1,1.04973015669065,0.0485630995587455,0.000100255976782378,0.000100250566537286,0.000100261629732426,0.000135238125308506,1.31,2.31,0,0
"NSFG men, capped 25",3.31,10000,1000,0.15,1.0779023005355,0.0750959943064265,0.000100617706842069,0.000100604377143756,0.000100631898789885,0.000157123726916112,1.31,2.31,0,0
"NSFG men, capped 25",3.31,10000,1000,0.2,1.10856773510206,0.103207251648387,0.000101179705368321,0.000101153177423855,0.00010120662028527,0.000182426598759598,1.31,2.31,0,0
"NSFG men, capped 25",3.31,10000,1000,0.25,1.14204836634913,0.132949585802658,0.000101983558201438,0.000101937172525312,0.000102031073086207,0.000211649859546457,1.31,2.31,0,0
"NSFG men, capped 25",3.31,10000,1000,0.3,1.1784741460607,0.164369985213135,0.000103079066001381,0.000103003274791237,0.000103156267511462,0.000245363266577048,1.31,2.31,0,0
"NSFG men, capped 25",3.31,10000,1000,0.35,1.21818385150221,0.197508462439943,0.000104525905424038,0.000104411520482085,0.000104644260752041,0.00028421022987895,1.31,2.31,0,0
"NSFG men, capped 25",3.31,10000,1000,0.4,1.26137872623535,0.232396773422134,0.000106395622336881,0.000106223947996416,0.00010657161422167,0.00032891511532346,1.31,2.31,0,0
"NSFG men, capped 25",3.31,10000,1000,0.45,1.30830179860445,0.269057136607242,0.000108774016148534,0.000108530105672149,0.000109021697623233,0.000380290723594169,1.31,2.31,0,0
"NSFG men, capped 25",3.31,10000,1000,0.5,1.35953200671628,0.307500986781011,0.000111763980981957,0.000111418684314991,0.000112106880480378,0.000439245792667995,1.31,2.31,0,0
"NSFG men, capped 25",3.31,10000,1000,0.55,1.41521141395356,0.347727801703077,0.000115488875100567,0.000115005700253543,0.000115965240555608,0.000506792326414982,1.31,2.31,0,0
"NSFG men, capped 25",3.31,10000,1000,0.6,1.47615248037392,0.389724041513087,0.000120096493774716,0.000119445821939676,0.000120739043037567,0.000584052501527108,1.31,2.31,0,0
"NSFG men, capped 25",3.31,10000,1000,0.65,1.54226511162328,0.43346224103596,0.000125763721417306,0.000124897531058042,0.000126654284298301,0.000672264850341182,1.31,2.31,0,0
"NSFG men, capped 25",3.31,10000,1000,0.7,1.61350032901868,0.478900293407907,0.000132701934746317,0.000131545308842688,0.000133896415677725,0.00077278936007074,1.31,2.31,0,0
"NSFG men, capped 25",3.31,10000,1000,0.75,1.69128664627366,0.525980959820674,0.000141163218030343,0.000139654115862388,0.000142676577939836,0.00088711107226015,1.31,2.31,0,0
"NSFG men, capped 25",3.31,10000,1000,0.8,1.77554529693706,0.574631634740849,0.000151447431924998,0.000149421413319527,0.000153444792958304,0.00101684171371461,1.31,2.31,0,0
"NSFG men, capped 25",3.31,10000,1000,0.85,1.86718578785602,0.624764388946744,0.000163910146615176,0.00016124440393167,0.000166501263792667,0.00116371884664983,1.31,2.31,0,0
"NSFG men, capped 25",3.31,10000,1000,0.9,1.96525055849283,0.676276304501552,0.000178971405570599,0.000175437922378788,0.000182273801495995,0.00132960199734242,1.31,2.31,0,0
"NSFG men, capped 25",3.31,10000,1000,0.95,2.07178574576813,0.729050106795544,0.000197125226182157,0.000192534351992939,0.000201370546359306,0.00151646521606831,1.31,2.31,0,0
"NSFG men, capped 25",3.31,10000,1000,1,2.18584801209847,0.782955089525586,0.000218949666660144,0.000213064180796148,0.000224334383998007,0.00172638554408378,1.31,2.31,0,0
"NSFG men, capped 25",3.31,10000,1000,1.05,2.30844763789518,0.837848319405557,0.00024511719499918,0.000237623025573516,0.00025208525930628,0.00196152692331693,1.31,2.31,0,0
"NSFG men, capped 25",3.31,10000,1000,1.1,2.44002867241343,0.89357609892556,0.000276404987720484,0.000266913176100901,0.000285273243927171,0.00222411918794973,1.31,2.31,0,0
"NSFG men, capped 25",3.31,10000,1000,1.15,2.58209208697636,0.949975657918712,0.000313704668319594,0.000301850729379353,0.000325021738531776,0.00251643192896026,1.31,2.31,0,0
"NSFG men, capped 25",3.31,10000,1000,1.2,2.73486988644905,1.00687703826422,0.00035803087587708,0.000343320315583176,0.000372245078086579,0.00284074322465302,1.31,2.31,0,0
"NSFG men, capped 25",3.31,10000,1000,1.25,2.89721767359191,1.06410513086578,0.000410527944520514,0.000391758169295024,0.00042876859531563,0.00319930347960209,1.31,2.31,0,0
"NSFG men, capped 25",3.31,10000,1000,1.3,3.06795886967397,1.12148182012602,0.000472473888870865,0.000449216158488215,0.00049504150930027,0.003594294903226,1.31,2.31,0,0
"NSFG men, capped 25",3.31,10000,1000,1.35,3.2466548469131,1.17882818847242,0.000545280845977916,0.00051735859410886,0.000573042295384764,0.00402778747326633,1.31,2.31,0,0.0173160173160173
"NSFG men, capped 25",3.31,10000,1000,1.4,3.43738069246958,1.23596673204226,0.000630491137774856,0.000596977732549398,0.000664627577945132,0.00450169254847702,1.31,2.31,0,0.038961038961039
"NSFG men, capped 25",3.31,10000,1000,1.45,3.63864344984008,1.29272353838047,0.000729768205082991,0.000690223338205727,0.000771136659685544,0.00501771559327505,1.31,2.31,0,0.0606060606060607
"NSFG men, capped 25",3.31,10000,1000,1.5,3.84740611842347,1.34893037794837,0.000844881835146412,0.000796976629435738,0.000895308115949011,0.00557730972594313,1.31,2.31,0,0.0822510822510822
"NSFG men, capped 25",3.31,10000,1000,1.55,4.0701708513348,1.40442666341495,0.000977687362151243,0.000919741771986656,0.00103803526243543,0.00618163197159911,1.31,2.31,0,0.103896103896104
"NSFG men, capped 25",3.31,10000,1000,1.6,4.30226518391722,1.45906123415232,0.0011300988563194,0.00106088788633144,0.00120215608124051,0.0068315041649495,1.31,2.31,0,0.125541125541126
"NSFG men, capped 25",3.31,10000,1000,1.65,4.54179079287875,1.51269392811359,0.00130405671228169,0.00122327092940746,0.00138779883933761,0.00752738038613509,1.31,2.31,0,0.147186147186147
"NSFG men, capped 25",3.31,10000,1000,1.7,4.78756135796062,1.5651969093217,0.00150149047044308,0.00140624812670306,0.00159930868010756,0.00826932261658466,1.31,2.31,0,0.168831168831169
"NSFG men, capped 25",3.31,10000,1000,1.75,5.04017458880568,1.61645572644584,0.00172427811599717,0.00161415296767511,0.00183886720480207,0.00905698597467753,1.31,2.31,0,0.19047619047619
"NSFG men, capped 25",3.31,10000,1000,1.8,5.29724390829599,1.6663700861955,0.00197420345488104,0.00184738023259712,0.00210724231339638,0.00988961445125482,1.31,2.31,0,0.212121212121212
"NSFG men, capped 25",3.31,10000,1000,1.85,5.56150957369482,1.71485433421669,0.00225291342180148,0.0021072341854267,0.00240372901837686,0.0107660475438133,1.31,2.31,0,0.233766233766234
"NSFG men, capped 25",3.31,10000,1000,1.9,5.8301957012247,1.76183764543304,0.00256187729829745,0.00239849333721409,0.00273237814604588,0.0116847376268445,1.31,2.31,0,0.255411255411255
"NSFG men, capped 25",3.31,10000,1000,1.95,6.10159894574538,1.80726393487127,0.00290234978840027,0.00271970330027451,0.0030951385880617,0.0126437773409051,1.31,2.31,0,0.277056277056277
"NSFG men, capped 25",3.31,10000,1000,2,6.37303045390702,1.85109150845821,0.00327533971328086,0.00307166464698884,0.00349419942415262,0.0136409357810245,1.31,2.31,0,0.298701298701299
"NSFG men, capped 25",3.31,10000,1000,2.05,6.64870410347319,1.89329248061627,0.00368158576038398,0.00345884456187606,0.00392915389749828,0.0146737018564286,1.31,2.31,0,0.32034632034632
"NSFG men, capped 25",3.31,10000,1000,2.1,6.93042687182878,1.93385199133112,0.00412154028939909,0.00387098735413287,0.00439254555390466,0.0157393329081068,1.31,2.31,0,0.341991341991342
"NSFG men, capped 25",3.31,10000,1000,2.15,7.20589728343152,1.97276725945222,0.00459536170104822,0.00431318321371463,0.00489765424935952,0.0168349065245592,1.31,2.31,0,0.363636363636364
"NSFG men, capped 25",3.31,10000,1000,2.2,7.48081650823069,2.01004651118415,0.00510291536422737,0.00478973120567481,0.00543112558738537,0.0179573734905546,1.31,2.31,0,0.385281385281385
"NSFG men, capped 25",3.31,10000,1000,2.25,7.75082971109279,2.04570782305147,0.0056437826198975,0.00531660068310941,0.00600364516649859,0.0191036099267446,1.31,2.31,0,0.406926406926407
"NSFG men, capped 25",3.31,10000,1000,2.3,8.02399080849121,2.07977791722168,0.00621727697589375,0.00586463163666716,0.00660061969055332,0.0202704669065969,1.31,2.31,0,0.428571428571429
"NSFG men, capped 25",3.31,10000,1000,2.35,8.29127724183236,2.11229094420925,0.00682246630315736,0.00644134500248904,0.00723117721773547,0.0214548161414908,1.31,2.31,0.0170212765957447,0.432900432900433
"NSFG men, capped 25",3.31,10000,1000,2.4,8.54841199182947,2.14328728398827,0.00745819965458923,0.00705278103860077,0.0078880294035593,0.0226535906724413,1.31,2.31,0.0375000000000001,0.432900432900433
"NSFG men, capped 25",3.31,10000,1000,2.45,8.8042507058948,2.17281239177985,0.00812313725307026,0.00770044539914714,0.00858623236553081,0.0238638198664137,1.31,2.31,0.0571428571428572,0.432900432900433
"NSFG men, capped 25",3.31,10000,1000,2.5,9.05576492409557,2.20091570961685,0.00881578222415494,0.00836426085807876,0.00931346953729497,0.0250826583594037,1.31,2.31,0.076,0.432900432900433
"NSFG men, capped 25",3.31,10000,1000,2.55,9.30642543946522,2.2276496595567,0.00953451276244584,0.00902857977014357,0.0100643220594731,0.0263074088963999,1.31,2.31,0.0941176470588236,0.432900432900433
"NSFG men, capped 25",3.31,10000,1000,2.6,9.55335334369854,2.25306872939403,0.0102776135952733,0.00972200253985859,0.0108568263415428,0.0275355392760139,1.31,2.31,0.111538461538462,0.432900432900433
"NSFG men, capped 25",3.31,10000,1000,2.65,9.79233589408315,2.2772286571345,0.0110433058187021,0.010454146360544,0.0116494206359663,0.0287646938078234,1.31,2.31,0.128301886792453,0.432900432900433
"NSFG men, capped 25",3.31,10000,1000,2.7,10.03047500857,2.30018571647702,0.0118297744065893,0.0112137230358923,0.0124711288414586,0.0299926998321703,1.31,2.31,0.144444444444444,0.432900432900433
"NSFG men, capped 25",3.31,10000,1000,2.75,10.2484027467173,2.32199610219664,0.0126351929146624,0.0119871729918773,0.0133056333572947,0.0312175699388317,1.31,2.31,0.16,0.432900432900433
"NSFG men, capped 25",3.31,10000,1000,2.8,10.4658808354405,2.34271541164986,0.0134577451043111,0.0127590951836546,0.0141889724072073,0.0324375005594094,1.31,2.31,0.175,0.432900432900433
"NSFG men, capped 25",3.31,10000,1000,2.85,10.6790793003058,2.36239821662055,0.0142956433857521,0.0135407768636881,0.0150570799413612,0.0336508676070877,1.31,2.31,0.189473684210526,0.432900432900433
"NSFG men, capped 25",3.31,10000,1000,2.9,10.8723476083487,2.38109771833314,0.0151471441226801,0.0143325381611643,0.0159394850778964,0.0348562198058309,1.31,2.31,0.203448275862069,0.432900432900433
"NSFG men, capped 25",3.31,10000,1000,2.95,11.0704402037255,2.39886547760923,0.0160105599493497,0.0151167567318954,0.0168581089993628,0.0360522702981157,1.31,2.31,0.216949152542373,0.432900432900433
"NSFG men, capped 25",3.31,10000,1000,3,11.2659251768834,2.41575121174677,0.0168842693279241,0.0159070257055721,0.0177604746998924,0.0372378870539729,1.31,2.31,0.23,0.432900432900433
"NSFG men, capped 25",3.31,10000,1000,3.05,11.452503287008,2.43180264967136,0.0177667236223695,0.0166994036446208,0.0187120262666885,0.0384120825312351,1.31,2.31,0.242622950819672,0.432900432900433
"NSFG men, capped 25",3.31,10000,1000,3.1,11.6339729893511,2.44706543716128,0.018656451989697,0.0175055295246957,0.0196664948651604,0.0395740029628232,1.31,2.31,0.254838709677419,0.432900432900433
"NSFG men, capped 25",3.31,10000,1000,3.15,11.8040590236354,2.46158308440495,0.0195520643948183,0.0183086194381713,0.0205912550854618,0.040722917575636,1.31,2.31,0.266666666666667,0.432900432900433
"NSFG men, capped 25",3.31,10000,1000,3.2,11.9737623107674,2.47539694874463,0.020452253046443,0.0190904861300642,0.0215990219103515,0.041858207979835,1.31,2.31,0.278125,0.432900432900433
"NSFG men, capped 25",3.31,10000,1000,3.25,12.1303585604268,2.48854624613641,0.0213557925325911,0.0199047136372851,0.0225568170688655,0.0429793579087017,1.31,2.31,0.289230769230769,0.432900432900433
"NSFG men, capped 25",3.31,10000,1000,3.3,12.280134590628,2.50106808556986,0.0222615389090903,0.0207518241701053,0.0235645362000556,0.0440859434385424,1.31,2.31,0.3,0.432900432900433
"NSFG men, capped 25",3.31,10000,1000,3.35,12.4241295837419,2.51299752140503,0.0231684279658633,0.0215773510179538,0.0245377002606273,0.0451776237754828,1.31,2.31,0.31044776119403,0.432900432900433
"NSFG men, capped 25",3.31,10000,1000,3.4,12.5702889681299,2.52436761927581,0.0240754728661655,0.0224150777653579,0.0255339245905899,0.046254132661083,1.31,2.31,0.320588235294118,0.432900432900433
"NSFG men, capped 25",3.31,10000,1000,3.45,12.7036046531475,2.53520953185723,0.0249817613248949,0.0232135273617474,0.0265439676201567,0.0473152704208924,1.31,2.31,0.330434782608696,0.432900432900433
"NSFG men, capped 25",3.31,10000,1000,3.5,12.8358718094286,2.54555258139116,0.0258864524647919,0.0240091470779729,0.0275402390133306,0.0483608966585598,1.31,2.31,0.34,0.432900432900433
"NSFG men, capped 25",3.31,10000,1000,3.55,12.9602171628893,2.55542434640192,0.0267887734644957,0.0247852008312289,0.0285411912840532,0.0493909235820347,1.31,2.31,0.349295774647887,0.432900432900433
"NSFG men, capped 25",3.31,10000,1000,3.6,13.0764318014321,2.56485075050955,0.0276880160903753,0.0256070566395107,0.0295486371176666,0.0504053099368853,1.31,2.31,0.358333333333333,0.432900432900433
"NSFG men, capped 25",3.31,10000,1000,3.65,13.1961669471801,2.57385615166465,0.0285835331849276,0.0264006346441988,0.0305253832553966,0.0514040555139798,1.31,2.31,0.367123287671233,0.432900432900433
"NSFG men, capped 25",3.31,10000,1000,3.7,13.3094890899883,2.58246343048656,0.0294747351682613,0.0271834335968551,0.0314952332283001,0.052387196193988,1.31,2.31,0.375675675675676,0.432900432900433
"NSFG men, capped 25",3.31,10000,1000,3.75,13.4208678979781,2.59069407669177,0.0303610865955812,0.0279409691824069,0.0324679157827965,0.0533547994887024,1.31,2.31,0.384,0.432900432900433
"NSFG men, capped 25",3.31,10000,1000,3.8,13.5257416613492,2.59856827285522,0.0312421028023956,0.0286683822860329,0.03348768405474,0.0543069605384833,1.31,2.31,0.392105263157895,0.432900432900433
"NSFG men, capped 25",3.31,10000,1000,3.85,13.6322194200016,2.60610497495978,0.0321173466601092,0.029427098624626,0.0344445029656862,0.0552437985257342,1.31,2.31,0.4,0.432900432900433
"NSFG men, capped 25",3.31,10000,1000,3.9,13.7335815811621,2.61332198936336,0.0329864254574372,0.0301562849949527,0.0354129232516393,0.0561654534658289,1.31,2.31,0.407692307692308,0.432900432900433
"NSFG men, capped 25",3.31,10000,1000,3.95,13.8284222996101,2.62023604595416,0.0338489879173998,0.0308490601582826,0.0363462070033888,0.0570720833390339,1.31,2.31,0.415189873417722,0.432900432900433
"NSFG men, capped 25",3.31,10000,1000,4,13.9172193554674,2.62686286737696,0.0347047213552751,0.0316055065373026,0.0373105313921394,0.0579638615294521,1.31,2.31,0.4225,0.432900432900433
"NSFG men, capped 25",3.31,10000,1000,4.05,14.0032564332293,2.63321723430177,0.0355533489795532,0.0323500242318278,0.0382747239526401,0.0588409745396885,1.31,2.31,0.42962962962963,0.432900432900433
"NSFG men, capped 25",3.31,10000,1000,4.1,14.0872259905839,2.63931304677392,0.0363946273354587,0.0331119654586315,0.0392349589170672,0.0597036199526573,1.31,2.31,0.436585365853659,0.432900432900433
"NSFG men, capped 25",3.31,10000,1000,4.15,14.1702021656677,2.64516338173636,0.037228343888802,0.0338254425493852,0.0401588571189861,0.06055200461462,1.31,2.31,0.443373493975904,0.432900432900433
"NSFG men, capped 25",3.31,10000,1000,4.2,14.2504051974743,2.65078054685174,0.0380543147466432,0.0344291361276409,0.041095429544734,0.061386343016107,1.31,2.31,0.45,0.432900432900433
"NSFG men, capped 25",3.31,10000,1000,4.25,14.3242129579602,2.65617613077859,0.0388723825103843,0.035156884836324,0.0420617185749084,0.0622068558497704,1.31,2.31,0.456470588235294,0.432900432900433
"NSFG men, capped 25",3.31,10000,1000,4.3,14.3980985227076,2.66136105007266,0.0396824142563451,0.0358363845404456,0.0429981000394576,0.0630137687264416,1.31,2.31,0.462790697674419,0.432900432900433
"NSFG men, capped 25",3.31,10000,1000,4.35,14.4703667892105,2.66634559289477,0.0404842996385509,0.0364896679631676,0.0439203735731942,0.0638073110326921,1.31,2.31,0.468965517241379,0.432900432900433
"NSFG men, capped 25",3.31,10000,1000,4.4,14.5358927796333,2.67113945971085,0.0412779491083007,0.0371344056162064,0.0448235850497712,0.0645877149150312,1.31,2.31,0.475,0.432900432900433
"NSFG men, capped 25",3.31,10000,1000,4.45,14.6018817182682,2.6757518011702,0.0420632922450468,0.0377619910809426,0.0456770635584269,0.0653552143775227,1.31,2.31,0.480898876404494,0.432900432900433
"NSFG men, capped 25",3.31,10000,1000,4.5,14.6626714533551,2.68019125334468,0.0428402761931667,0.0384127852918891,0.0465689078351249,0.0661100444810696,1.31,2.31,0.486666666666667,0.432900432900433
"NSFG men, capped 25",3.31,10000,1000,4.55,14.7198244758465,2.6844659705065,0.0436088641993118,0.0390471734594753,0.0474311576256465,0.0668524406339207,1.31,2.31,0.492307692307692,0.432900432900433
"NSFG men, capped 25",3.31,10000,1000,4.6,14.7808700674364,2.68858365561486,0.0443690342451633,0.0397100170371199,0.0483376085950676,0.0675826379641073,1.31,2.31,0.497826086956522,0.432900432900433
"NSFG men, capped 25",3.31,10000,1000,4.65,14.8419926826541,2.69255158867389,0.0451207777705898,0.0402879002390694,0.0491796745580211,0.0683008707655324,1.31,2.31,0.503225806451613,0.432900432900433
"NSFG men, capped 25",3.31,10000,1000,4.7,14.8974293903095,2.69637665311507,0.0458640984823823,0.0408741972015289,0.0500648923165199,0.0690073720103322,1.31,2.31,0.508510638297872,0.432900432900433
"NSFG men, capped 25",3.31,10000,1000,4.75,14.94773977379,2.70006536034869,0.046599011243926,0.0414226060020774,0.0510155091459457,0.0697023729209159,1.31,2.31,0.513684210526316,0.432900432900433
"NSFG men, capped 25",3.31,10000,1000,4.8,14.9970553707122,2.70362387261901,0.0473255410413538,0.0419970836062449,0.0518949995798489,0.0703861025957818,1.31,2.31,0.51875,0.432900432900433
"NSFG men, capped 25",3.31,10000,1000,4.85,15.0494659553175,2.70705802428914,0.0480437220219107,0.0424853309053377,0.0527340607978799,0.0710587876838161,1.31,2.31,0.523711340206186,0.432900432900433
"NSFG men, capped 25",3.31,10000,1000,4.9,15.0988484374334,2.71037334167259,0.0487535966004371,0.0430522670227295,0.0536051608575806,0.071720652102318,1.31,2.31,0.528571428571429,0.432900432900433
"NSFG men, capped 25",3.31,10000,1000,4.95,15.1481346297502,2.7135750615198,0.0494552146300548,0.0436460739660172,0.0544810616501258,0.072371916794466,1.31,2.31,0.533333333333333,0.432900432900433
"NSFG men, capped 25",3.31,10000,1000,5,15.1967975659371,2.71666814825995,0.0501486326333097,0.0442164237051223,0.0552236075706518,0.0730127995223599,1.31,2.31,0.538,0.432900432900433
"NSFG men, capped 25",3.31,10000,1000,5.05,15.2429915616636,2.71965731009078,0.0508339130901882,0.0447695573484546,0.0560681179202584,0.0736435146921423,1.31,2.31,0.542574257425743,0.432900432900433
"NSFG men, capped 25",3.31,10000,1000,5.1,15.2852468006239,2.72254701400167,0.0515111237795866,0.0452503343449089,0.0568552746923347,0.0742642732080348,1.31,2.31,0.547058823529412,0.432900432900433
"NSFG men, capped 25",3.31,10000,1000,5.15,15.3294756525734,2.72534149980883,0.0521803371709672,0.045807042960656,0.0576542448140924,0.0748752823524146,1.31,2.31,0.551456310679612,0.432900432900433
"NSFG men, capped 25",3.31,10000,1000,5.2,15.3690909945406,2.72804479327509,0.0528416298630822,0.0463307776597642,0.0584056182276703,0.0754767456893237,1.31,2.31,0.555769230769231,0.432900432900433
"NSFG men, capped 25",3.31,10000,1000,5.25,15.4120853379687,2.73066071838099,0.053495082066801,0.0468230059190297,0.0592655372061733,0.0760688629890378,1.31,2.31,0.56,0.432900432900433
"NSFG men, capped 25",3.31,10000,1000,5.3,15.4503692052251,2.73319290880866,0.0541407771292086,0.0472865387672487,0.0600151828105632,0.0766518301715327,1.31,2.31,0.564150943396226,0.432900432900433
"NSFG men, capped 25",3.31,10000,1000,5.35,15.4895709984425,2.73564481869497,0.0547788010962898,0.0477527977163932,0.0606782473835238,0.0772258392668806,1.31,2.31,0.568224299065421,0.432900432900433
"NSFG men, capped 25",3.31,10000,1000,5.4,15.5293350376444,2.73801973270605,0.0554092423116451,0.0482432554603787,0.0614021131706981,0.0777910783907832,1.31,2.31,0.572222222222222,0.432900432900433
"NSFG men, capped 25",3.31,10000,1000,5.45,15.5635183516583,2.7403207754811,0.0560321910488143,0.048638041844236,0.0621541498372007,0.0783477317336034,1.31,2.31,0.576146788990826,0.432900432900433
"NSFG men, capped 25",3.31,10000,1000,5.5,15.5986621650394,2.74255092048959,0.0566477391749131,0.0491131540014436,0.062884932380784,0.0788959795614049,1.31,2.31,0.58,0.432900432900433
"NSFG men, capped 25",3.31,10000,1000,5.55,15.6334546726747,2.74471299834264,0.0572559798434114,0.0495641819769533,0.0635965922739948,0.0794359982276405,1.31,2.31,0.583783783783784,0.432900432900433
"NSFG men, capped 25",3.31,10000,1000,5.6,15.6642466841014,2.74680970459592,0.0578570072139995,0.0499737922651239,0.0643102145799117,0.0799679601942477,1.31,2.31,0.5875,0.432900432900433
"NSFG men, capped 25",3.31,10000,1000,5.65,15.6937115593692,2.74884360707899,0.0584509161976052,0.0504590977634356,0.0650040553248778,0.0804920340610238,1.31,2.31,0.591150442477876,0.432900432900433
"NSFG men, capped 25",3.31,10000,1000,5.7,15.7227966148707,2.7508171527827,0.0590378022247394,0.0508587077622821,0.0657057996839543,0.0810083846022522,1.31,2.31,0.594736842105263,0.432900432900433
"NSFG men, capped 25",3.31,10000,1000,5.75,15.7512054108972,2.75273267433446,0.0596177610354481,0.0513392225994868,0.0663822768313459,0.0815171728096449,1.31,2.31,0.598260869565217,0.432900432900433
"NSFG men, capped 25",3.31,10000,1000,5.8,15.7785639915398,2.75459239608868,0.0601908884892609,0.0517653860217918,0.0671306721427977,0.0820185559407514,1.31,2.31,0.601724137931035,0.432900432900433
"NSFG men, capped 25",3.31,10000,1000,5.85,15.8031088269427,2.7563984398575,0.0607572803936193,0.0521561111892644,0.0678200810545119,0.0825126875720649,1.31,2.31,0.605128205128205,0.432900432900433
"NSFG men, capped 25",3.31,10000,1000,5.9,15.8307489800692,2.75815283030542,0.0613170323493653,0.0524897027298131,0.0684269022246257,0.0829997176561246,1.31,2.31,0.608474576271187,0.432900432900433
"NSFG men, capped 25",3.31,10000,1000,5.95,15.8564620319,2.75985750002957,0.0618702396119621,0.0528986374778345,0.0689875401101233,0.0834797925819846,1.31,2.31,0.611764705882353,0.432900432900433
"NSFG men, capped 25",3.31,10000,1000,6,15.8829928461999,2.76151429434556,0.0624169969672055,0.053358320591412,0.0694735855567731,0.0839530552384766,1.31,2.31,0.615,0.432900432900433
"NSFG men, capped 25",3.31,10000,1000,6.05,15.9095696169089,2.76312497579789,0.0629573986202654,0.0537480208321613,0.0702077502702375,0.0844196450797529,1.31,2.31,0.618181818181818,0.432900432900433
"NSFG men, capped 25",3.31,10000,1000,6.1,15.9313693738899,2.76469122841215,0.0634915380969786,0.0541193504800564,0.0708619237916167,0.0848796981926444,1.31,2.31,0.621311475409836,0.432900432900433
"NSFG men, capped 25",3.31,10000,1000,6.15,15.9576999839636,2.76621466170525,0.064019508156384,0.0544684000017278,0.0713800896348334,0.0853333473654204,1.31,2.31,0.624390243902439,0.432900432900433
"NSFG men, capped 25",3.31,10000,1000,6.2,15.9799342486987,2.76769681446869,0.0645414007135675,0.0547778692609771,0.0719640908033243,0.0857807221575747,1.31,2.31,0.62741935483871,0.432900432900433
"NSFG men, capped 25",3.31,10000,1000,6.25,16.0023509211078,2.76913915833898,0.0650573067719439,0.055069583133524,0.0727427777388764,0.0862219489703073,1.31,2.31,0.6304,0.432900432900433
"NSFG men, capped 25",3.31,10000,1000,6.3,16.023483987915,2.77054310116818,0.065567316364171,0.0554053619921952,0.0733784463201262,0.0866571511174033,1.31,2.31,0.633333333333333,0.432900432900433
"NSFG men, capped 25",3.31,10000,1000,6.35,16.0445465407039,2.77190999020684,0.0660715185009483,0.0557780619444555,0.074110133996046,0.0870864488962469,1.31,2.31,0.636220472440945,0.432900432900433
"NSFG men, capped 25",3.31,10000,1000,6.4,16.065980084282,2.77324111511062,0.0665700011270073,0.0561075742025869,0.074619777134542,0.0875099596587379,1.31,2.31,0.6390625,0.432900432900433
"NSFG men, capped 25",3.31,10000,1000,6.45,16.085870874412,2.77453771078133,0.0670628510836533,0.0564737725872455,0.0752438838540132,0.0879277978819027,1.31,2.31,0.641860465116279,0.432900432900433
"NSFG men, capped 25",3.31,10000,1000,6.5,16.1046583610675,2.77580096005224,0.0675501540772681,0.0568240523371043,0.0758065841014531,0.0883400752380233,1.31,2.31,0.644615384615385,0.432900432900433
"NSFG men, capped 25",3.31,10000,1000,6.55,16.1225559831081,2.77703199622691,0.0680319946532274,0.0571366223023293,0.0764135070016075,0.0887469006641248,1.31,2.31,0.647328244274809,0.432900432900433
"NSFG men, capped 25",3.31,10000,1000,6.6,16.1388352952064,2.77823190548035,0.0685084561747292,0.0574338004788886,0.0770098536505402,0.0891483804306839,1.31,2.31,0.65,0.432900432900433
"NSFG men, capped 25",3.31,10000,1000,6.65,16.1556920093849,2.77940172913047,0.0689796208060715,0.057694164370706,0.0775803763118218,0.089544618209444,1.31,2.31,0.652631578947368,0.432900432900433
"NSFG men, capped 25",3.31,10000,1000,6.7,16.1742963534532,2.78054246578758,0.0694455694999508,0.0579696032511623,0.0780362632529454,0.0899357151402333,1.31,2.31,0.655223880597015,0.432900432900433
"NSFG men, capped 25",3.31,10000,1000,6.75,16.1923586354415,2.78165507338895,0.0699063819883908,0.0582476863200599,0.0786057241486596,0.0903217698967015,1.31,2.31,0.657777777777778,0.432900432900433
"NSFG men, capped 25",3.31,10000,1000,6.8,16.2078975178006,2.78274047112515,0.0703621367769413,0.058522189956113,0.0792721941596892,0.090702878750904,1.31,2.31,0.660294117647059,0.432900432900433
"NSFG men, capped 25",3.31,10000,1000,6.85,16.2233820909785,2.78379954126446,0.0708129111418168,0.0588092514345713,0.0798607496978192,0.0910791356366747,1.31,2.31,0.662773722627737,0.432900432900433
"NSFG men, capped 25",3.31,10000,1000,6.9,16.240156054357,2.78483313088113,0.0712587811296718,0.0590982551055355,0.0804736344464395,0.0914506322117383,1.31,2.31,0.665217391304348,0.432900432900433
"NSFG men, capped 25",3.31,10000,1000,6.95,16.2556867004696,2.78584205349313,0.0716998215597365,0.0593879644058178,0.0810730186861404,0.0918174579185266,1.31,2.31,0.667625899280575,0.432900432900433
"NSFG men, capped 25",3.31,10000,1000,7,16.2701060561567,2.78682709061443,0.0721361060280589,0.0596241946847792,0.0816086322094076,0.0921797000436675,1.31,2.31,0.67,0.432900432900433
"NSFG men, capped 25",3.31,10000,1000,7.05,16.2848093829221,2.78778899322673,0.0725677069136204,0.0598555040765537,0.0820807340536173,0.0925374437761272,1.31,2.31,0.672340425531915,0.432900432900433
"NSFG men, capped 25",3.31,10000,1000,7.1,16.298237437665,2.78872848317518,0.0729946953861159,0.060098365973718,0.082598353796364,0.0928907722639917,1.31,2.31,0.674647887323944,0.432900432900433
"NSFG men, capped 25",3.31,10000,1000,7.15,16.3127087118384,2.78964625449239,0.0734171414152026,0.0603533505828494,0.0829418931587523,0.0932397666698802,1.31,2.31,0.676923076923077,0.432900432900433
"NSFG men, capped 25",3.31,10000,1000,7.2,16.3254877764247,2.79054297465472,0.073835113781043,0.0605866724277521,0.0834429710893674,0.0935845062249867,1.31,2.31,0.679166666666667,0.432900432900433
"NSFG men, capped 25",3.31,10000,1000,7.25,16.3410279642106,2.79141928577464,0.0742486800859815,0.0608116607155086,0.0840252488916981,0.0939250682817555,1.31,2.31,0.681379310344828,0.432900432900433
"NSFG men, capped 25",3.31,10000,1000,7.3,16.3562137717851,2.79227580573276,0.0746579067672094,0.0610488876902035,0.0846026891385447,0.094261528365195,1.31,2.31,0.683561643835616,0.432900432900433
"NSFG men, capped 25",3.31,10000,1000,7.35,16.3685221458995,2.79311312925276,0.0750628591102847,0.0612774020310733,0.0851414034835444,0.094593960222842,1.31,2.31,0.685714285714286,0.432900432900433
"NSFG men, capped 25",3.31,10000,1000,7.4,16.3815039081654,2.79393182892254,0.0754636012633878,0.0615620540090181,0.0856595411884096,0.0949224358733899,1.31,2.31,0.687837837837838,0.432900432900433
"NSFG men, capped 25",3.31,10000,1000,7.45,16.3962182939133,2.79473245616435,0.0758601962522044,0.0619241212204507,0.0862205218121882,0.0952470256539984,1.31,2.31,0.68993288590604,0.432900432900433
"NSFG men, capped 25",3.31,10000,1000,7.5,16.409179636707,2.79551554215684,0.076252705995335,0.0622445623631795,0.086724886025024,0.0955677982663023,1.31,2.31,0.692,0.432900432900433
"NSFG men, capped 25",3.31,10000,1000,7.55,16.4192647475732,2.79628159871161,0.0766411913201442,0.0624710719379319,0.087165622635988,0.0958848208211413,1.31,2.31,0.694039735099338,0.432900432900433
"NSFG men, capped 25",3.31,10000,1000,7.6,16.4317070333687,2.79703111910663,0.0770257119789679,0.0627522324032382,0.0876642119126153,0.0961981588820339,1.31,2.31,0.696052631578947,0.432900432900433
"NSFG men, capped 25",3.31,10000,1000,7.65,16.4438538070746,2.79776457887901,0.0774063266656063,0.0630275793680785,0.0881296838962763,0.0965078765074195,1.31,2.31,0.698039215686274,0.432900432900433
"NSFG men, capped 25",3.31,10000,1000,7.7,16.4548435703231,2.79848243657925,0.0777830930320371,0.0633266241633875,0.0885844766048128,0.0968140362916914,1.31,2.31,0.7,0.432900432900433
"NSFG men, capped 25",3.31,10000,1000,7.75,16.4655090011491,2.79918513448894,0.0781560677052904,0.0635900793423867,0.089095653722942,0.0971166994050519,1.31,2.31,0.701935483870968,0.432900432900433
"NSFG men, capped 25",3.31,10000,1000,7.8,16.4767698481368,2.79987309930401,0.0785253063044324,0.0638159325839908,0.0895071522544349,0.0974159256322106,1.31,2.31,0.703846153846154,0.432900432900433
"NSFG men, capped 25",3.31,10000,1000,7.85,16.4878958783192,2.80054674278523,0.0788908634576102,0.0640029956968309,0.0898703963492567,0.097711773409957,1.31,2.31,0.705732484076433,0.432900432900433
"NSFG men, capped 25",3.31,10000,1000,7.9,16.499452274558,2.8012064623778,0.0792527928191167,0.064203238659922,0.0902240145301638,0.0980042998636341,1.31,2.31,0.707594936708861,0.432900432900433
"NSFG men, capped 25",3.31,10000,1000,7.95,16.5100392091487,2.8018526418016,0.0796111470864372,0.0644527548132746,0.090696589185615,0.0982935608425396,1.31,2.31,0.709433962264151,0.432900432900433
"NSFG men, capped 25",3.31,10000,1000,8,16.5212037069262,2.80248565161353,0.0799659780172434,0.0647429859557151,0.0910943836568403,0.0985796109542835,1.31,2.31,0.71125,0.432900432900433
"NSFG men, capped 25",3.31,1e+05,500,0,1,0,1e-05,1e-05,1e-05,1e-05,1.31,2.31,0,0
"NSFG men, capped 25",3.31,1e+05,500,0.05,1.02380275426037,0.0235418707431354,1.00059705593166e-05,1.0005933799046e-05,1.00060114001691e-05,1.16327252952697e-05,1.31,2.31,0,0
"NSFG men, capped 25",3.31,1e+05,500,0.1,1.04970475142111,0.0485459752206503,1.00255731796987e-05,1.00254092313228e-05,1.00257545559965e-05,1.35239553172228e-05,1.31,2.31,0,0
"NSFG men, capped 25",3.31,1e+05,500,0.15,1.0779013985566,0.0750735097334789,1.00617119899379e-05,1.00612972184618e-05,1.00621684321523e-05,1.57126339287367e-05,1.31,2.31,0,0
"NSFG men, capped 25",3.31,1e+05,500,0.2,1.10860303410655,0.103182333584848,1.01178598722015e-05,1.01170145922016e-05,1.0118741970627e-05,1.82430840145383e-05,1.31,2.31,0,0
"NSFG men, capped 25",3.31,1e+05,500,0.25,1.14202460784982,0.132925854047548,1.01981733425751e-05,1.01967015697348e-05,1.01996832367032e-05,2.11656303436072e-05,1.31,2.31,0,0
"NSFG men, capped 25",3.31,1e+05,500,0.3,1.1784621379481,0.164351833271262,1.03076310136457e-05,1.03052676807743e-05,1.03100517206792e-05,2.45372645767845e-05,1.31,2.31,0,0
"NSFG men, capped 25",3.31,1e+05,500,0.35,1.21813585809038,0.197501136770692,1.04522002130412e-05,1.0448666667901e-05,1.04558964181181e-05,2.8422347185336e-05,1.31,2.31,0,0
"NSFG men, capped 25",3.31,1e+05,500,0.4,1.26137845123018,0.232406448504197,1.06390370315632e-05,1.06336114343132e-05,1.06444680800905e-05,3.28933382700164e-05,1.31,2.31,0,0
"NSFG men, capped 25",3.31,1e+05,500,0.45,1.30842412585568,0.26909098263565,1.08767257929288e-05,1.08689109475274e-05,1.0884625881573e-05,3.80315459220567e-05,1.31,2.31,0,0
"NSFG men, capped 25",3.31,1e+05,500,0.5,1.35964258095492,0.307567226506116,1.11755646305753e-05,1.11649527812944e-05,1.11869744632295e-05,4.3927876821395e-05,1.31,2.31,0,0
"NSFG men, capped 25",3.31,1e+05,500,0.55,1.41544167618716,0.347835752751977,1.15479044605855e-05,1.15327122351079e-05,1.15636538814695e-05,5.06835692277801e-05,1.31,2.31,0,0
"NSFG men, capped 25",3.31,1e+05,500,0.6,1.47620229315575,0.389884140540636,1.20085490623257e-05,1.19879456442554e-05,1.2030287307748e-05,5.84108834351157e-05,1.31,2.31,0,0
"NSFG men, capped 25",3.31,1e+05,500,0.65,1.54217844086387,0.433686046264207,1.25752240974656e-05,1.25484813277171e-05,1.26054796378278e-05,6.72337192354571e-05,1.31,2.31,0,0
"NSFG men, capped 25",3.31,1e+05,500,0.7,1.61387371875491,0.479200462543974,1.3269122556677e-05,1.32335245116726e-05,1.33094070253208e-05,7.72881241585053e-05,1.31,2.31,0,0
"NSFG men, capped 25",3.31,1e+05,500,0.75,1.69173451648156,0.526371200990319,1.411553312914e-05,1.40690324091619e-05,1.41688644397537e-05,8.87226504887028e-05,1.31,2.31,0,0
"NSFG men, capped 25",3.31,1e+05,500,0.8,1.77605231567309,0.575126628914139,1.5144556119093e-05,1.50828668261827e-05,1.52148677413704e-05,0.000101698513693537,1.31,2.31,0,0
"NSFG men, capped 25",3.31,1e+05,500,0.85,1.86746916480113,0.625379683320395,1.63919085411379e-05,1.63105931352907e-05,1.6484351780631e-05,0.000116389500414868,1.31,2.31,0,0
"NSFG men, capped 25",3.31,1e+05,500,0.9,1.96646576856958,0.677028177380587,1.78998156658241e-05,1.7788572785679e-05,1.80213446150939e-05,0.0001329815711832,1.31,2.31,0,0
"NSFG men, capped 25",3.31,1e+05,500,0.95,2.07335881578907,0.729955405616881,1.97179803432863e-05,1.95712274941287e-05,1.98719136990471e-05,0.000151672102212079,1.31,2.31,0,0
"NSFG men, capped 25",3.31,1e+05,500,1,2.18880517036354,0.78403104471819,2.19046137636705e-05,2.17108841077856e-05,2.21046221002765e-05,0.000172668712777788,1.31,2.31,0,0
"NSFG men, capped 25",3.31,1e+05,500,1.05,2.31268492491536,0.83911233772281,2.45275019073963e-05,2.42697336260107e-05,2.47814530665139e-05,0.000196187630554858,1.31,2.31,0,0
"NSFG men, capped 25",3.31,1e+05,500,1.1,2.44605706254597,0.895045540665883,2.76650709799933e-05,2.73337954231661e-05,2.79861415349979e-05,0.00022245155755139,1.31,2.31,0,0
"NSFG men, capped 25",3.31,1e+05,500,1.15,2.58825115789871,0.951667603038952,3.14074030611824e-05,3.09972014042418e-05,3.18154463167092e-05,0.000251687014479482,1.31,2.31,0,0
"NSFG men, capped 25",3.31,1e+05,500,1.2,2.74031788957396,1.00880804677501,3.58571407896937e-05,3.53502275954077e-05,3.63700261303539e-05,0.000284121161711904,1.31,2.31,0,0
"NSFG men, capped 25",3.31,1e+05,500,1.25,2.90290402988721,1.06629100308487,4.11302082647171e-05,4.04982589979902e-05,4.17698838651103e-05,0.00031997812019314,1.31,2.31,0,0
"NSFG men, capped 25",3.31,1e+05,500,1.3,3.07528844477399,1.12393736237372,4.73562659131992e-05,4.65808835205238e-05,4.81483246096535e-05,0.000359474845023452,1.31,2.31,0,0
"NSFG men, capped 25",3.31,1e+05,500,1.35,3.25768087452929,1.18156698964817,5.46788115410706e-05,5.37425264732711e-05,5.56566226915305e-05,0.000402816636530675,1.31,2.31,0,0.0173160173160173
"NSFG men, capped 25",3.31,1e+05,500,1.4,3.45029395479444,1.23900095624951,6.32548399411391e-05,6.21114629560021e-05,6.44445521391309e-05,0.000450192406464199,1.31,2.31,0,0.038961038961039
"NSFG men, capped 25",3.31,1e+05,500,1.45,3.65283693188015,1.29606373838893,7.32539809159841e-05,7.18973439685672e-05,7.46949243175938e-05,0.000501769847908175,1.31,2.31,0,0.0606060606060607
"NSFG men, capped 25",3.31,1e+05,500,1.5,3.86575281374757,1.35258533381063,8.48570516024635e-05,8.32319514796751e-05,8.66176396528098e-05,0.000557690683653904,1.31,2.31,0,0.0822510822510822
"NSFG men, capped 25",3.31,1e+05,500,1.55,4.0880362967832,1.40840324999189,9.82539840186977e-05,9.62902678548555e-05,0.000100353708854358,0.000618066186031018,1.31,2.31,0,0.103896103896104
"NSFG men, capped 25",3.31,1e+05,500,1.6,4.31959631792332,1.4633643206447,0.000113641122230278,0.000111358071705646,0.000116139495661532,0.000682973168771793,1.31,2.31,0,0.125541125541126
"NSFG men, capped 25",3.31,1e+05,500,1.65,4.55963108653515,1.51732631194148,0.000131217923683184,0.000128519427697158,0.000134168565369622,0.000752450646235718,1.31,2.31,0,0.147186147186147
"NSFG men, capped 25",3.31,1e+05,500,1.7,4.80749820843492,1.57015928583592,0.000151183143101969,0.00014796764345168,0.000154694983546205,0.000826497336160927,1.31,2.31,0,0.168831168831169
"NSFG men, capped 25",3.31,1e+05,500,1.75,5.06299024754757,1.62174669500618,0.000173730620928586,0.000169943003520659,0.000177799686576546,0.000905070149277934,1.31,2.31,0,0.19047619047619
"NSFG men, capped 25",3.31,1e+05,500,1.8,5.32450180531551,1.67198619212918,0.000199044837029814,0.000194706623135672,0.000203655602657982,0.000988083764325801,1.31,2.31,0,0.212121212121212
"NSFG men, capped 25",3.31,1e+05,500,1.85,5.59216429699296,1.72079014511513,0.000227296419799739,0.00022233641920395,0.000232448799513748,0.0010754113333487,1.31,2.31,0,0.233766233766234
"NSFG men, capped 25",3.31,1e+05,500,1.9,5.86321328487577,1.76808585920539,0.000258637816992367,0.00025320352399004,0.00026447351425842,0.00116688630382271,1.31,2.31,0,0.255411255411255
"NSFG men, capped 25",3.31,1e+05,500,1.95,6.13774810433833,1.81381551600831,0.000293199335122468,0.00028672657408023,0.000299854441907917,0.00126230528600484,1.31,2.31,0,0.277056277056277
"NSFG men, capped 25",3.31,1e+05,500,2,6.41263753201681,1.85793584813194,0.000331085738325687,0.000323892364298099,0.000338333916345164,0.00136143184079899,1.31,2.31,0,0.298701298701299
"NSFG men, capped 25",3.31,1e+05,500,2.05,6.69037422371232,1.90041757560299,0.000372373566374664,0.000364666994079322,0.000380463126535512,0.00146400101974014,1.31,2.31,0,0.32034632034632
"NSFG men, capped 25",3.31,1e+05,500,2.1,6.96791299876909,1.94124463634243,0.000417109288114216,0.000408249695430153,0.00042589899114047,0.0015697244576922,1.31,2.31,0,0.341991341991342
"NSFG men, capped 25",3.31,1e+05,500,2.15,7.24485580234684,1.98041324731153,0.000465308355282491,0.000455975963940902,0.000475092465912474,0.00167829580240425,1.31,2.31,0,0.363636363636364
"NSFG men, capped 25",3.31,1e+05,500,2.2,7.52224248606707,2.0179308353984,0.000516955167629383,0.000506752350278603,0.000527958024396173,0.00178939626349668,1.31,2.31,0,0.385281385281385
"NSFG men, capped 25",3.31,1e+05,500,2.25,7.79392023093529,2.05381487767914,0.000572003908535039,0.000561135238488938,0.000584102719173126,0.00190270007561189,1.31,2.31,0,0.406926406926407
"NSFG men, capped 25",3.31,1e+05,500,2.3,8.06716844862327,2.08809168949125,0.000630380165412462,0.000619351696273381,0.000643551850229644,0.00201787969403898,1.31,2.31,0,0.428571428571429
"NSFG men, capped 25",3.31,1e+05,500,2.35,8.33880617730562,2.1207951960464,0.00069198321432602,0.000680304219363099,0.00070566772685387,0.00213461057299615,1.31,2.31,0.0170212765957447,0.432900432900433
"NSFG men, capped 25",3.31,1e+05,500,2.4,8.60442921944858,2.15196571940782,0.00075668882531418,0.00074402180263641,0.000771538775250287,0.00225257541347815,1.31,2.31,0.0375000000000001,0.432900432900433
"NSFG men, capped 25",3.31,1e+05,500,2.45,8.86145210333448,2.18164880793269,0.000824352434251418,0.000811110959883554,0.000839910366243897,0.00237146780578074,1.31,2.31,0.0571428571428572,0.432900432900433
"NSFG men, capped 25",3.31,1e+05,500,2.5,9.11550387825646,2.20989413009901,0.00089481252782478,0.000880077979845614,0.000911130882478931,0.00249099522855152,1.31,2.31,0.076,0.432900432900433
"NSFG men, capped 25",3.31,1e+05,500,2.55,9.36798189909256,2.23675444934539,0.000967894098485288,0.000951768883298602,0.000985764968553521,0.00261088139918492,1.31,2.31,0.0941176470588236,0.432900432900433
"NSFG men, capped 25",3.31,1e+05,500,2.6,9.61233463032704,2.26228469144045,0.00104341204364785,0.00102530682296469,0.00106260634186759,0.00273086799802242,1.31,2.31,0.111538461538462,0.432900432900433
"NSFG men, capped 25",3.31,1e+05,500,2.65,9.84974597853689,2.28654111119624,0.00112117440535365,0.00110140935770811,0.00114128146887818,0.00285071581032588,1.31,2.31,0.128301886792453,0.432900432900433
"NSFG men, capped 25",3.31,1e+05,500,2.7,10.0789807934769,2.30958056120523,0.0012009853706047,0.00117934534332156,0.00122187066916511,0.00297020534520518,1.31,2.31,0.144444444444444,0.432900432900433
"NSFG men, capped 25",3.31,1e+05,500,2.75,10.3033259429133,2.33145986180539,0.00128264797651754,0.00125964998565216,0.00130483914474239,0.00308913699996153,1.31,2.31,0.16,0.432900432900433
"NSFG men, capped 25",3.31,1e+05,500,2.8,10.5189298972113,2.35223526869658,0.00136596648669024,0.00134152688568593,0.00138931205499997,0.00320733084237772,1.31,2.31,0.175,0.432900432900433
"NSFG men, capped 25",3.31,1e+05,500,2.85,10.7294734167394,2.37196203252945,0.00145074842462792,0.0014252365864488,0.00147603830630107,0.00332462608327279,1.31,2.31,0.189473684210526,0.432900432900433
"NSFG men, capped 25",3.31,1e+05,500,2.9,10.9317042675374,2.39069404331576,0.00153680626610881,0.00150920151494709,0.00156406309087411,0.00344088030814671,1.31,2.31,0.203448275862069,0.432900432900433
"NSFG men, capped 25",3.31,1e+05,500,2.95,11.1296150522856,2.40848355159397,0.00162395880479963,0.00159429092211084,0.00165399860433148,0.0035559685309427,1.31,2.31,0.216949152542373,0.432900432900433
"NSFG men, capped 25",3.31,1e+05,500,3,11.3194224403565,2.42538095783971,0.0017120322143658,0.00168005638576379,0.00174508417548784,0.00366978212573156,1.31,2.31,0.23,0.432900432900433
"NSFG men, capped 25",3.31,1e+05,500,3.05,11.5019461064849,2.44143466154908,0.001800860836112,0.00176594741978456,0.00183435000001314,0.0037822276842079,1.31,2.31,0.242622950819672,0.432900432900433
"NSFG men, capped 25",3.31,1e+05,500,3.1,11.6793631377902,2.45669096165552,0.00189028772430035,0.00185296791703684,0.00192778726038596,0.00389322583886828,1.31,2.31,0.254838709677419,0.432900432900433
"NSFG men, capped 25",3.31,1e+05,500,3.15,11.8493339245909,2.47119400038998,0.00198016498224967,0.00194167418788977,0.00202192229524235,0.00400271008404418,1.31,2.31,0.266666666666667,0.432900432900433
"NSFG men, capped 25",3.31,1e+05,500,3.2,12.010755233681,2.48498574328869,0.00207035392163622,0.00203029672426164,0.00211293632241863,0.00411062561988098,1.31,2.31,0.278125,0.432900432900433
"NSFG men, capped 25",3.31,1e+05,500,3.25,12.1704155868054,2.49810598873543,0.00216072507556905,0.00211889611708842,0.00220529595088171,0.00421692823806081,1.31,2.31,0.289230769230769,0.432900432900433
"NSFG men, capped 25",3.31,1e+05,500,3.3,12.3201952106157,2.5105924011481,0.00225115809341112,0.00220367494303072,0.00229949896107942,0.00432158326264362,1.31,2.31,0.3,0.432900432900433
"NSFG men, capped 25",3.31,1e+05,500,3.35,12.4678386990544,2.52248056264655,0.00234154154229631,0.00229255665226263,0.00239287523741594,0.00442456455485597,1.31,2.31,0.31044776119403,0.432900432900433
"NSFG men, capped 25",3.31,1e+05,500,3.4,12.6093304110714,2.53380403874339,0.00243177263711244,0.00238166914738751,0.00248515370027317,0.0045258535869522,1.31,2.31,0.320588235294118,0.432900432900433
"NSFG men, capped 25",3.31,1e+05,500,3.45,12.7429859506365,2.54459445426206,0.00252175691757507,0.00246587008101349,0.00257773758728033,0.00462543858733478,1.31,2.31,0.330434782608696,0.432900432900433
"NSFG men, capped 25",3.31,1e+05,500,3.5,12.8781847272425,2.55488157629684,0.00261140788803766,0.00255214167512056,0.00267037244216213,0.00472331375686233,1.31,2.31,0.34,0.432900432900433
"NSFG men, capped 25",3.31,1e+05,500,3.55,13.0064485983809,2.56469340157907,0.0027006466329542,0.00263676556297497,0.00276189907865201,0.00481947855459709,1.31,2.31,0.349295774647887,0.432900432900433
"NSFG men, capped 25",3.31,1e+05,500,3.6,13.1312187542314,2.57405624610136,0.00278940141847719,0.00272164060068779,0.00285303719543806,0.00491393705005439,1.31,2.31,0.358333333333333,0.432900432900433
"NSFG men, capped 25",3.31,1e+05,500,3.65,13.2468649971476,2.58299483527799,0.00287760728855066,0.00280495874856262,0.00294291297668318,0.00500669733822343,1.31,2.31,0.367123287671233,0.432900432900433
"NSFG men, capped 25",3.31,1e+05,500,3.7,13.3610589925639,2.59153239328621,0.00296520566204283,0.00288727211970655,0.00303448884123065,0.00509777101315202,1.31,2.31,0.375675675675676,0.432900432900433
"NSFG men, capped 25",3.31,1e+05,500,3.75,13.4697319406934,2.59969073054571,0.00305214393593663,0.0029712218004814,0.003126926119736,0.00518717269565493,1.31,2.31,0.384,0.432900432900433
"NSFG men, capped 25",3.31,1e+05,500,3.8,13.5736944507158,2.60749032855563,0.00313837509833336,0.00305207098119274,0.00321455666163592,0.0052749196106575,1.31,2.31,0.392105263157895,0.432900432900433
"NSFG men, capped 25",3.31,1e+05,500,3.85,13.6731117745655,2.61495042152623,0.0032238573539946,0.00313316415743359,0.00330543814080314,0.00536103120977192,1.31,2.31,0.4,0.432900432900433
"NSFG men, capped 25",3.31,1e+05,500,3.9,13.7703901349923,2.62208907442097,0.00330855376431955,0.00321168604390977,0.00339341023444782,0.00544552883488229,1.31,2.31,0.407692307692308,0.432900432900433
"NSFG men, capped 25",3.31,1e+05,500,3.95,13.8654335148294,2.62892325716886,0.00339243190299836,0.0032924152097758,0.00348409148645465,0.00552843541875575,1.31,2.31,0.415189873417722,0.432900432900433
"NSFG men, capped 25",3.31,1e+05,500,4,13.9566312181587,2.63546891492255,0.00347546352806835,0.00337167932795426,0.00356787019003447,0.0056097752189724,1.31,2.31,0.4225,0.432900432900433
"NSFG men, capped 25",3.31,1e+05,500,4.05,14.0479583734824,2.6417410343277,0.0035576242707048,0.00344757667160638,0.00365291858942407,0.00568957358176119,1.31,2.31,0.42962962962963,0.432900432900433
"NSFG men, capped 25",3.31,1e+05,500,4.1,14.1339863929032,2.64775370583935,0.00363889334077795,0.0035233744963151,0.00373924682555897,0.00576785673262521,1.31,2.31,0.436585365853659,0.432900432900433
"NSFG men, capped 25",3.31,1e+05,500,4.15,14.217152430765,2.65352018217305,0.00371925324898428,0.00360000738529198,0.00382457825831923,0.00584465159093049,1.31,2.31,0.443373493975904,0.432900432900433
"NSFG men, capped 25",3.31,1e+05,500,4.2,14.2962976593968,2.65905293301738,0.00379868954519777,0.0036759786425282,0.00390645345361083,0.00591998560590914,1.31,2.31,0.45,0.432900432900433
"NSFG men, capped 25",3.31,1e+05,500,4.25,14.3723098273466,2.66436369616113,0.00387719057257106,0.0037511246710477,0.0039896993329025,0.00599388661178739,1.31,2.31,0.456470588235294,0.432900432900433
"NSFG men, capped 25",3.31,1e+05,500,4.3,14.4465034288658,2.66946352520628,0.00395474723683753,0.0038270493717464,0.00407227894221843,0.00606638269998866,1.31,2.31,0.462790697674419,0.432900432900433
"NSFG men, capped 25",3.31,1e+05,500,4.35,14.5167899224126,2.6743628340483,0.00403135279021449,0.00389924480847082,0.00415338040647981,0.00613750210658077,1.31,2.31,0.468965517241379,0.432900432900433
"NSFG men, capped 25",3.31,1e+05,500,4.4,14.5836727208662,2.67907143831033,0.00410700262927728,0.00397119343974032,0.00423270399762481,0.00620727311333464,1.31,2.31,0.475,0.432900432900433
"NSFG men, capped 25",3.31,1e+05,500,4.45,14.6497889185547,2.68359859391773,0.0041816941061597,0.00404076426252545,0.00431376711932245,0.00627572396093988,1.31,2.31,0.480898876404494,0.432900432900433
"NSFG men, capped 25",3.31,1e+05,500,4.5,14.7132990077101,2.68795303299708,0.00425542635243348,0.00411140354451985,0.00438962470485766,0.00634288277308194,1.31,2.31,0.486666666666667,0.432900432900433
"NSFG men, capped 25",3.31,1e+05,500,4.55,14.7753612999328,2.69214299727825,0.00432820011502413,0.00417930590703264,0.00446944472866238,0.00640877749022728,1.31,2.31,0.492307692307692,0.432900432900433
"NSFG men, capped 25",3.31,1e+05,500,4.6,14.8341129341015,2.69617626917099,0.0044000176035323,0.00424773937848612,0.00454573816356536,0.00647343581208866,1.31,2.31,0.497826086956522,0.432900432900433
"NSFG men, capped 25",3.31,1e+05,500,4.65,14.890734051494,2.70006020067972,0.00447088234834451,0.00431354309334173,0.00462066204445895,0.00653688514785396,1.31,2.31,0.503225806451613,0.432900432900433
"NSFG men, capped 25",3.31,1e+05,500,4.7,14.9456481817394,2.70380174031108,0.00454079906893522,0.00437727917391421,0.00469697232514087,0.0065991525733605,1.31,2.31,0.508510638297872,0.432900432900433
"NSFG men, capped 25",3.31,1e+05,500,4.75,14.9984445825705,2.70740745811988,0.00460977355178217,0.00444030311656735,0.00476796204287498,0.00666026479448354,1.31,2.31,0.513684210526316,0.432900432900433
"NSFG men, capped 25",3.31,1e+05,500,4.8,15.0503608967342,2.71088356902953,0.00467781253733742,0.00450394462170683,0.00484276435596978,0.0067202481160845,1.31,2.31,0.51875,0.432900432900433
"NSFG men, capped 25",3.31,1e+05,500,4.85,15.102808113594,2.71423595455425,0.00474492361551841,0.00456502576354069,0.00491735022573624,0.00677912841593264,1.31,2.31,0.523711340206186,0.432900432900433
"NSFG men, capped 25",3.31,1e+05,500,4.9,15.149247253833,2.71747018304113,0.00481111512920486,0.00462544785755748,0.00499146321916098,0.00683693112307347,1.31,2.31,0.528571428571429,0.432900432900433
"NSFG men, capped 25",3.31,1e+05,500,4.95,15.1971698447536,2.72059152854171,0.00487639608524947,0.00468575792273318,0.00506516700782323,0.00689368120017114,1.31,2.31,0.533333333333333,0.432900432900433
"NSFG men, capped 25",3.31,1e+05,500,5,15.2419113804265,2.72360498841454,0.00494077607253167,0.0047464358779375,0.00513593822197012,0.00694940312939875,1.31,2.31,0.538,0.432900432900433
"NSFG men, capped 25",3.31,1e+05,500,5.05,15.286071474919,2.72651529975269,0.00500426518660557,0.00480697398814451,0.0052047373264359,0.00700412090149311,1.31,2.31,0.542574257425743,0.432900432900433
"NSFG men, capped 25",3.31,1e+05,500,5.1,15.3286673218057,2.72932695472249,0.00506687396051407,0.00486411562537094,0.00527016383294435,0.007057858007628,1.31,2.31,0.547058823529412,0.432900432900433
"NSFG men, capped 25",3.31,1e+05,500,5.15,15.3693822441391,2.73204421489369,0.005128613301362,0.00492214847016359,0.00533361617772489,0.00711063743379328,1.31,2.31,0.551456310679612,0.432900432900433
"NSFG men, capped 25",3.31,1e+05,500,5.2,15.4099198971505,2.73467112463443,0.0051894944322613,0.00498076580468431,0.00539782677633941,0.00716248165739784,1.31,2.31,0.555769230769231,0.432900432900433
"NSFG men, capped 25",3.31,1e+05,500,5.25,15.4490894477083,2.73721152363887,0.00524952883928135,0.00503733604191575,0.00546124686284883,0.00721341264584124,1.31,2.31,0.56,0.432900432900433
"NSFG men, capped 25",3.31,1e+05,500,5.3,15.4880020393937,2.73966905865007,0.0053087282230565,0.00509342424503036,0.00552472974362059,0.00726345185682328,1.31,2.31,0.564150943396226,0.432900432900433
"NSFG men, capped 25",3.31,1e+05,500,5.35,15.5251740335347,2.74204719443543,0.00536710445472197,0.00514726068677293,0.00558691708934799,0.00731262024018289,1.31,2.31,0.568224299065421,0.432900432900433
"NSFG men, capped 25",3.31,1e+05,500,5.4,15.5619288956166,2.74434922406796,0.00542466953586745,0.00519745852049853,0.00564699358896618,0.00736093824107782,1.31,2.31,0.572222222222222,0.432900432900433
"NSFG men, capped 25",3.31,1e+05,500,5.45,15.5970413358786,2.74657827856201,0.00548143556221522,0.0052502336015835,0.00570483612772216,0.0074084258043344,1.31,2.31,0.576146788990826,0.432900432900433
"NSFG men, capped 25",3.31,1e+05,500,5.5,15.6307106902659,2.74873733590861,0.00553741469074677,0.00530231871056182,0.00576135732292337,0.00745510237981326,1.31,2.31,0.58,0.432900432900433
"NSFG men, capped 25",3.31,1e+05,500,5.55,15.663467796937,2.75082922955196,0.00559261911001857,0.00535188584037315,0.00581855261412921,0.0075009869286521,1.31,2.31,0.583783783783784,0.432900432900433
"NSFG men, capped 25",3.31,1e+05,500,5.6,15.6942818049118,2.75285665634537,0.00564706101342306,0.00540008541275337,0.00587679766111579,0.00754609793025954,1.31,2.31,0.5875,0.432900432900433
"NSFG men, capped 25",3.31,1e+05,500,5.65,15.7246235295881,2.75482218402201,0.00570075257516642,0.00544834562950985,0.0059347710995842,0.00759045338994717,1.31,2.31,0.591150442477876,0.432900432900433
"NSFG men, capped 25",3.31,1e+05,500,5.7,15.7546365783019,2.75672825821327,0.00575370592874926,0.00549684203413526,0.00598871921281471,0.00763407084709779,1.31,2.31,0.594736842105263,0.432900432900433
"NSFG men, capped 25",3.31,1e+05,500,5.75,15.7827080890613,2.75857720904496,0.00580593314774987,0.00554307406218883,0.00604112286840882,0.0076769673837783,1.31,2.31,0.598260869565217,0.432900432900433
"NSFG men, capped 25",3.31,1e+05,500,5.8,15.8113863297323,2.76037125733925,0.00585744622872365,0.00558758333039625,0.00609577005794648,0.00771915963371491,1.31,2.31,0.601724137931035,0.432900432900433
"NSFG men, capped 25",3.31,1e+05,500,5.85,15.8387903533487,2.76211252044843,0.00590825707604427,0.00563228852152368,0.00615390495469948,0.00776066379155729,1.31,2.31,0.605128205128205,0.432900432900433
"NSFG men, capped 25",3.31,1e+05,500,5.9,15.864662760607,2.76380301774431,0.00595837748852447,0.00567718169873495,0.0062129668679743,0.0078014956223656,1.31,2.31,0.608474576271187,0.432900432900433
"NSFG men, capped 25",3.31,1e+05,500,5.95,15.8912071842306,2.76544467578583,0.00600781914766575,0.00572686482465497,0.00626777613119841,0.0078416704712618,1.31,2.31,0.611764705882353,0.432900432900433
"NSFG men, capped 25",3.31,1e+05,500,6,15.9157543672169,2.76703933318523,0.00605659360739688,0.00577185877847773,0.00632259890599185,0.00788120327319307,1.31,2.31,0.615,0.432900432900433
"NSFG men, capped 25",3.31,1e+05,500,6.05,15.9394267800621,2.76858874519231,0.00610471228517132,0.0058151634825217,0.00637350583763876,0.00792010856276091,1.31,2.31,0.618181818181818,0.432900432900433
"NSFG men, capped 25",3.31,1e+05,500,6.1,15.9632088109444,2.77009458801438,0.00615218645430322,0.00585692173040822,0.00642513556461333,0.00795840048407506,1.31,2.31,0.621311475409836,0.432900432900433
"NSFG men, capped 25",3.31,1e+05,500,6.15,15.986630218857,2.77155846288874,0.00619902723743072,0.0058985508352125,0.00647249377550477,0.00799609280059613,1.31,2.31,0.624390243902439,0.432900432900433
"NSFG men, capped 25",3.31,1e+05,500,6.2,16.01019275181,2.77298189992296,0.00624524560100359,0.00594114769220827,0.00651954366293266,0.00803319890493534,1.31,2.31,0.62741935483871,0.432900432900433
"NSFG men, capped 25",3.31,1e+05,500,6.25,16.031932135595,2.77436636171753,0.0062908523507003,0.00598444483909847,0.0065704064457111,0.00806973182858365,1.31,2.31,0.6304,0.432900432900433
"NSFG men, capped 25",3.31,1e+05,500,6.3,16.0521766958937,2.7757132467842,0.00633585812768694,0.00602387150372078,0.00662123254793984,0.00810570425154634,1.31,2.31,0.633333333333333,0.432900432900433
"NSFG men, capped 25",3.31,1e+05,500,6.35,16.0729229143215,2.77702389277259,0.0063802734056374,0.00606189699387096,0.00667204889605481,0.00814112851186229,1.31,2.31,0.636220472440945,0.432900432900433
"NSFG men, capped 25",3.31,1e+05,500,6.4,16.0938212919261,2.77829957951676,0.00642410848844058,0.00609936003285676,0.00671767967890919,0.0081760166149903,1.31,2.31,0.6390625,0.432900432900433
"NSFG men, capped 25",3.31,1e+05,500,6.45,16.1131508275615,2.7795415319126,0.00646737350852647,0.00613627188907375,0.0067631208131632,0.00821038024304713,1.31,2.31,0.641860465116279,0.432900432900433
"NSFG men, capped 25",3.31,1e+05,500,6.5,16.133114021435,2.78075092263636,0.00651007842574868,0.00617294219834457,0.00681284925664968,0.00824423076388484,1.31,2.31,0.644615384615385,0.432900432900433
"NSFG men, capped 25",3.31,1e+05,500,6.55,16.1527939373654,2.78192887471365,0.00655223302676589,0.00620920370049549,0.00685748111601987,0.00827757923999674,1.31,2.31,0.647328244274809,0.432900432900433
"NSFG men, capped 25",3.31,1e+05,500,6.6,16.1720604812334,2.78307646394809,0.00659384692486977,0.00624586812017939,0.00689964877392138,0.00831043643724329,1.31,2.31,0.65,0.432900432900433
"NSFG men, capped 25",3.31,1e+05,500,6.65,16.1904762325361,2.78419472121769,0.00663492956021141,0.00628342308667237,0.00694106718541067,0.00834281283339131,1.31,2.31,0.652631578947368,0.432900432900433
"NSFG men, capped 25",3.31,1e+05,500,6.7,16.2085315380651,2.78528463464695,0.00667549020038216,0.00631959641684269,0.00698360315519655,0.00837471862646086,1.31,2.31,0.655223880597015,0.432900432900433
"NSFG men, capped 25",3.31,1e+05,500,6.75,16.2254424413629,2.78634715166193,0.00671553794130888,0.00635629736609167,0.00702576961787911,0.00840616374287601,1.31,2.31,0.657777777777778,0.432900432900433
"NSFG men, capped 25",3.31,1e+05,500,6.8,16.2427125731305,2.78738318093508,0.00675508170842718,0.0063922867293347,0.0070673951830631,0.0084371578454167,1.31,2.31,0.660294117647059,0.432900432900433
"NSFG men, capped 25",3.31,1e+05,500,6.85,16.25961912295,2.78839359422638,0.00679413025809908,0.00642784876041799,0.00710992877878917,0.00846771034096996,1.31,2.31,0.662773722627737,0.432900432900433
"NSFG men, capped 25",3.31,1e+05,500,6.9,16.2759036109844,2.78937922812666,0.006832692179245,0.00646326182936129,0.00715541002124657,0.00849783038807968,1.31,2.31,0.665217391304348,0.432900432900433
"NSFG men, capped 25",3.31,1e+05,500,6.95,16.2918849684222,2.79034088570889,0.00687077589516249,0.00649824315073467,0.00719627892150084,0.00852752690429525,1.31,2.31,0.667625899280575,0.432900432900433
"NSFG men, capped 25",3.31,1e+05,500,7,16.3073457131283,2.79127933809258,0.0069083896655068,0.00653138701515798,0.00723545561923977,0.00855680857331955,1.31,2.31,0.67,0.432900432900433
"NSFG men, capped 25",3.31,1e+05,500,7.05,16.3224384855364,2.79219532592644,0.00694554158841034,0.00656603390658701,0.0072764524628381,0.00858568385195792,1.31,2.31,0.672340425531915,0.432900432900433
"NSFG men, capped 25",3.31,1e+05,500,7.1,16.3370267061125,2.79308956079375,0.00698223960272104,0.00660028563504792,0.00731667156514634,0.00861416097687008,1.31,2.31,0.674647887323944,0.432900432900433
"NSFG men, capped 25",3.31,1e+05,500,7.15,16.3508605808758,2.79396272654503,0.00701849149034055,0.00663404419279923,0.00735740656935307,0.00864224797112738,1.31,2.31,0.676923076923077,0.432900432900433
"NSFG men, capped 25",3.31,1e+05,500,7.2,16.3643224873944,2.79481548056197,0.00705430487864583,0.0066670186569559,0.00739873837064046,0.00866995265057814,1.31,2.31,0.679166666666667,0.432900432900433
"NSFG men, capped 25",3.31,1e+05,500,7.25,16.3779978899509,2.79564845495656,0.00708968724297904,0.0066995983616735,0.00744027685835163,0.00869728263002451,1.31,2.31,0.681379310344828,0.432900432900433
"NSFG men, capped 25",3.31,1e+05,500,7.3,16.3907944289057,2.79646225770904,0.00712464590919202,0.00673148150562671,0.00748138026012368,0.00872424532921397,1.31,2.31,0.683561643835616,0.432900432900433
"NSFG men, capped 25",3.31,1e+05,500,7.35,16.4037430736176,2.79725747374806,0.00715918805623324,0.00676209853097862,0.00752205496254383,0.00875084797864942,1.31,2.31,0.685714285714286,0.432900432900433
"NSFG men, capped 25",3.31,1e+05,500,7.4,16.4163246803785,2.79803466597631,0.00719332071876625,0.00679221812750072,0.00756176856270795,0.00877709762522161,1.31,2.31,0.687837837837838,0.432900432900433
"NSFG men, capped 25",3.31,1e+05,500,7.45,16.4285139352537,2.79879437624454,0.00722705078980989,0.00682165502812324,0.00759676437627992,0.00880300113766792,1.31,2.31,0.68993288590604,0.432900432900433
"NSFG men, capped 25",3.31,1e+05,500,7.5,16.440339393726,2.79953712627699,0.00726038502339141,0.00685099945408711,0.0076299141823016,0.00882856521186168,1.31,2.31,0.692,0.432900432900433
"NSFG men, capped 25",3.31,1e+05,500,7.55,16.4521038115077,2.80026341855065,0.00729333003720476,0.00688073449477116,0.0076667484366752,0.00885379637593616,1.31,2.31,0.694039735099338,0.432900432900433
"NSFG men, capped 25",3.31,1e+05,500,7.6,16.4634840512717,2.80097373713112,0.00732589231526714,0.00691031002981935,0.00770525785864019,0.0088787009952476,1.31,2.31,0.696052631578947,0.432900432900433
"NSFG men, capped 25",3.31,1e+05,500,7.65,16.4744631292143,2.80166854846726,0.0073580782105676,0.00693943166061337,0.00774210150301376,0.00890328527718153,1.31,2.31,0.698039215686274,0.432900432900433
"NSFG men, capped 25",3.31,1e+05,500,7.7,16.4856276320348,2.80234830214694,0.00738989394770234,0.00696753019578145,0.00777508191833649,0.00892755527580657,1.31,2.31,0.7,0.432900432900433
"NSFG men, capped 25",3.31,1e+05,500,7.75,16.4971334007257,2.80301343161595,0.00742134562549187,0.00699568964518677,0.00780666510546293,0.00895151689638034,1.31,2.31,0.701935483870968,0.432900432900433
"NSFG men, capped 25",3.31,1e+05,500,7.8,16.5082077328419,2.80366435486211,0.00745243921957585,0.00702369774593932,0.0078378592096767,0.00897517589971129,1.31,2.31,0.703846153846154,0.432900432900433
"NSFG men, capped 25",3.31,1e+05,500,7.85,16.5187821596085,2.80430147506633,0.007483180584982,0.00705065379983544,0.00786926962618727,0.00899853790638116,1.31,2.31,0.705732484076433,0.432900432900433
"NSFG men, capped 25",3.31,1e+05,500,7.9,16.5294622024785,2.80492518122252,0.00751357545866581,0.0070771894565272,0.00790071891473744,0.00902160840083192,1.31,2.31,0.707594936708861,0.432900432900433
"NSFG men, capped 25",3.31,1e+05,500,7.95,16.5396781399843,2.80553584872788,0.00754362946201851,0.00710399923603429,0.00793179286507905,0.00904439273532153,1.31,2.31,0.709433962264151,0.432900432900433
"NSFG men, capped 25",3.31,1e+05,500,8,16.5502033522517,2.80613383994521,0.00757334810334061,0.00712827157955391,0.00796107029152007,0.00906689613375241,1.31,2.31,0.71125,0.432900432900433
"NSFG men, capped 25",3.31,1e+06,200,0,1,0,1e-06,1e-06,1e-06,1e-06,1.31,2.31,0,0
"NSFG men, capped 25",3.31,1e+06,200,0.05,1.02379856986104,0.0235222811433136,1.00059677522473e-06,1.00059555413434e-06,1.00059799466614e-06,1.16327601202098e-06,1.31,2.31,0,0
"NSFG men, capped 25",3.31,1e+06,200,0.1,1.04969430130068,0.0485049278406113,1.00255603745098e-06,1.00255047204972e-06,1.00256165559952e-06,1.35240399981882e-06,1.31,2.31,0,0
"NSFG men, capped 25",3.31,1e+06,200,0.15,1.07788280830184,0.0750090549861642,1.00616790359772e-06,1.00615411954911e-06,1.00618201472912e-06,1.57127885362542e-06,1.31,2.31,0,0
"NSFG men, capped 25",3.31,1e+06,200,0.2,1.10857876549195,0.103092456757278,1.01177926860728e-06,1.01175148204542e-06,1.01180798941253e-06,1.82433351976365e-06,1.31,2.31,0,0
"NSFG men, capped 25",3.31,1e+06,200,0.25,1.14201769922918,0.13280849574617,1.01980526623438e-06,1.01975800734529e-06,1.01985433884036e-06,2.1166013310671e-06,1.31,2.31,0,0
"NSFG men, capped 25",3.31,1e+06,200,0.3,1.17842985235383,0.164204914149131,1.0307430814896e-06,1.0306690294608e-06,1.03082473139758e-06,2.4537825635867e-06,1.31,2.31,0,0
"NSFG men, capped 25",3.31,1e+06,200,0.35,1.21810053611252,0.197322586501742,1.04518857091894e-06,1.04507833266924e-06,1.0453161598503e-06,2.84231469891825e-06,1.31,2.31,0,0
"NSFG men, capped 25",3.31,1e+06,200,0.4,1.26131461530385,0.232194238791051,1.06385621680425e-06,1.06369288479227e-06,1.0640437527837e-06,3.28944559435207e-06,1.31,2.31,0,0
"NSFG men, capped 25",3.31,1e+06,200,0.45,1.30838208578064,0.268843163838699,1.08760301321878e-06,1.0873723628933e-06,1.08788563317119e-06,3.80330842873976e-06,1.31,2.31,0,0
"NSFG men, capped 25",3.31,1e+06,200,0.5,1.35963376786653,0.307281967273006,1.11745695135265e-06,1.11713454800484e-06,1.11786506402258e-06,4.39299689785276e-06,1.31,2.31,0,0
"NSFG men, capped 25",3.31,1e+06,200,0.55,1.41543462544729,0.347511381820811,1.15465083221408e-06,1.15421647622091e-06,1.15523106691277e-06,5.06863867946018e-06,1.31,2.31,0,0
"NSFG men, capped 25",3.31,1e+06,200,0.6,1.47618678765559,0.389519189701447,1.20066217766962e-06,1.20006735791697e-06,1.20144641012928e-06,5.84146468010661e-06,1.31,2.31,0,0
"NSFG men, capped 25",3.31,1e+06,200,0.65,1.54224566844634,0.433279293306256,1.25726002367369e-06,1.25637854062814e-06,1.25828876520308e-06,6.72387102321123e-06,1.31,2.31,0,0
"NSFG men, capped 25",3.31,1e+06,200,0.7,1.61401745624386,0.478750972904789,1.32655934686931e-06,1.32538685726119e-06,1.32794683746518e-06,7.72947015971493e-06,1.31,2.31,0,0
"NSFG men, capped 25",3.31,1e+06,200,0.75,1.69189553783769,0.525878366766773,1.41108377840501e-06,1.40950837189153e-06,1.41282534335733e-06,8.87312690525568e-06,1.31,2.31,0,0
"NSFG men, capped 25",3.31,1e+06,200,0.8,1.77637637409191,0.574590203903005,1.51383707452589e-06,1.511746922335e-06,1.51601908309105e-06,1.01709746694082e-05,1.31,2.31,0,0
"NSFG men, capped 25",3.31,1e+06,200,0.85,1.86780476554911,0.624799812827235,1.63838351784823e-06,1.63559592932573e-06,1.6410809363913e-06,1.16404066918297e-05,1.31,2.31,0,0
"NSFG men, capped 25",3.31,1e+06,200,0.9,1.96670554403304,0.67640542166773,1.788936991624e-06,1.78539935162672e-06,1.79224332617207e-06,1.33000367973252e-05,1.31,2.31,0,0
"NSFG men, capped 25",3.31,1e+06,200,0.95,2.07361018406738,0.729290756045152,1.97045788005e-06,1.96587402318871e-06,1.9748169901885e-06,1.51696240966575e-05,1.31,2.31,0,0
"NSFG men, capped 25",3.31,1e+06,200,1,2.18871235579004,0.783325931860585,2.1887561863329e-06,2.18300147465798e-06,2.19438616946186e-06,1.72699562684404e-05,1.31,2.31,0,0
"NSFG men, capped 25",3.31,1e+06,200,1.05,2.31269016528327,0.838368630977302,2.45059832515604e-06,2.44349787238659e-06,2.45764080866788e-06,1.9622686636397e-05,1.31,2.31,0,0
"NSFG men, capped 25",3.31,1e+06,200,1.1,2.44543346169496,0.894265539154479,2.76381395504994e-06,2.75502475422186e-06,2.77238681900669e-06,2.22501212749446e-05,1.31,2.31,0,0
"NSFG men, capped 25",3.31,1e+06,200,1.15,2.58779274957293,0.950854017838065,3.13739801248962e-06,3.12600163439034e-06,3.14867668070356e-06,2.51749538859692e-05,1.31,2.31,0,0
"NSFG men, capped 25",3.31,1e+06,200,1.2,2.74003170183901,1.00796397476801,3.58160186840215e-06,3.56766301904219e-06,3.59650174565789e-06,2.84199482122293e-05,1.31,2.31,0,0
"NSFG men, capped 25",3.31,1e+06,200,1.25,2.90233767598892,1.06541989295448,4.10800635880435e-06,4.09093963269032e-06,4.12624295730261e-06,3.20075702668714e-05,1.31,2.31,0,0
"NSFG men, capped 25",3.31,1e+06,200,1.3,3.07461401246534,1.12304297345602,4.72956848725703e-06,4.70725411511046e-06,4.75149147821958e-06,3.59595755886589e-05,1.31,2.31,0,0
"NSFG men, capped 25",3.31,1e+06,200,1.35,3.25676538262957,1.18065334455027,5.46063302584686e-06,5.43350224411739e-06,5.48937237116599e-06,4.0296559941477e-05,1.31,2.31,0,0.0173160173160173
"NSFG men, capped 25",3.31,1e+06,200,1.4,3.44942859636701,1.23807228828969,6.31690023167354e-06,6.2838387585251e-06,6.3516653831522e-06,4.50374851638153e-05,1.31,2.31,0,0.038961038961039
"NSFG men, capped 25",3.31,1e+06,200,1.45,3.65186475727979,1.29512443505063,7.31534161257725e-06,7.27434783645758e-06,7.35699102068884e-06,5.01991949824195e-05,1.31,2.31,0,0.0606060606060607
"NSFG men, capped 25",3.31,1e+06,200,1.5,3.86420840075156,1.35163987750987,8.47405724236232e-06,8.4242354706023e-06,8.52537881685392e-06,5.57959382385487e-05,1.31,2.31,0,0.0822510822510822
"NSFG men, capped 25",3.31,1e+06,200,1.55,4.08598378575538,1.40745615753765,9.81207059197547e-06,9.75135753776887e-06,9.8732918333136e-06,6.18389188286811e-05,1.31,2.31,0,0.103896103896104
"NSFG men, capped 25",3.31,1e+06,200,1.6,4.31695824170966,1.46242008281931,1.13490601574546e-05,1.1277323899517e-05,1.14206154275183e-05,6.83358924525621e-05,1.31,2.31,0,0.125541125541126
"NSFG men, capped 25",3.31,1e+06,200,1.65,4.55642130584721,1.51638933463644,1.31050311570113e-05,1.30165433576679e-05,1.31873601364913e-05,7.52908297739107e-05,1.31,2.31,0,0.147186147186147
"NSFG men, capped 25",3.31,1e+06,200,1.7,4.80379550679669,1.56923383414192,1.50999349465502e-05,1.49989233333494e-05,1.51943903806554e-05,8.27036637201348e-05,1.31,2.31,0,0.168831168831169
"NSFG men, capped 25",3.31,1e+06,200,1.75,5.05809426146765,1.62083684156946,1.73532481723229e-05,1.72351312770251e-05,1.74673810051213e-05,9.05701353969539e-05,1.31,2.31,0,0.19047619047619
"NSFG men, capped 25",3.31,1e+06,200,1.8,5.31906778701974,1.67109577094759,1.98835275885048e-05,1.97481135783127e-05,2.00182405742627e-05,9.88817486381046e-05,1.31,2.31,0,0.212121212121212
"NSFG men, capped 25",3.31,1e+06,200,1.85,5.58571088437716,1.71992271175857,2.27079594624467e-05,2.25507160626777e-05,2.28590924976807e-05,0.000107625837855125,1.31,2.31,0,0.233766233766234
"NSFG men, capped 25",3.31,1e+06,200,1.9,5.85638870312226,1.76724465821333,2.58419241832548e-05,2.56688636313127e-05,2.60103998547816e-05,0.000116785748015127,1.31,2.31,0,0.255411255411255
"NSFG men, capped 25",3.31,1e+06,200,1.95,6.13060125395507,1.81300345595293,2.92985968211558e-05,2.91137745266417e-05,2.94896737459809e-05,0.000126341119738328,1.31,2.31,0,0.277056277056277
"NSFG men, capped 25",3.31,1e+06,200,2,6.40647333792897,1.85715548455369,3.30886028717369e-05,3.28904606999533e-05,3.33077852827743e-05,0.000136268267162318,1.31,2.31,0,0.298701298701299
"NSFG men, capped 25",3.31,1e+06,200,2.05,6.68401434913935,1.89967110174347,3.72197453707102e-05,3.70079794383647e-05,3.74717650131738e-05,0.000146540631804327,1.31,2.31,0,0.32034632034632
"NSFG men, capped 25",3.31,1e+06,200,2.1,6.96251842024147,1.94053388133358,4.16968152730707e-05,4.1459853926972e-05,4.19570927441304e-05,0.000157129292499223,1.31,2.31,0,0.341991341991342
"NSFG men, capped 25",3.31,1e+06,200,2.15,7.24077698715996,1.97973968124664,4.65214918867248e-05,4.62549925722209e-05,4.68222228624909e-05,0.000168003509792242,1.31,2.31,0,0.363636363636364
"NSFG men, capped 25",3.31,1e+06,200,2.2,7.51741946622355,2.01729558052095,5.16923347425426e-05,5.14039471440403e-05,5.20244762942095e-05,0.000179131282959026,1.31,2.31,0,0.385281385281385
"NSFG men, capped 25",3.31,1e+06,200,2.25,7.79147179597228,2.05321872478827,5.72048630823535e-05,5.68960911494285e-05,5.75583291237744e-05,0.000190479899002305,1.31,2.31,0,0.406926406926407
"NSFG men, capped 25",3.31,1e+06,200,2.3,8.06363936735216,2.08753511858101,6.30517146027994e-05,6.2717614661757e-05,6.34230409052629e-05,0.000202016455304909,1.31,2.31,0,0.428571428571429
"NSFG men, capped 25",3.31,1e+06,200,2.35,8.33244344920901,2.120278400168,6.92228715412572e-05,6.88574012688706e-05,6.96079159687839e-05,0.000213708340793221,1.31,2.31,0.0170212765957447,0.432900432900433
"NSFG men, capped 25",3.31,1e+06,200,2.4,8.59578889035735,2.15148863076578,7.57059398228978e-05,7.53237068717811e-05,7.60946336746292e-05,0.000225523664138099,1.31,2.31,0.0375000000000001,0.432900432900433
"NSFG men, capped 25",3.31,1e+06,200,2.45,8.85471565586734,2.18121112528711,8.2486465851672e-05,8.20820750184461e-05,8.29347929790776e-05,0.000237431621353263,1.31,2.31,0.0571428571428572,0.432900432900433
"NSFG men, capped 25",3.31,1e+06,200,2.5,9.10738398349739,2.2094953466397,8.95482755397689e-05,8.91391079697485e-05,9.00326843528949e-05,0.000249402798846387,1.31,2.31,0.076,0.432900432900433
"NSFG men, capped 25",3.31,1e+06,200,2.55,9.35552944393563,2.23639388031669,9.68738211495705e-05,9.64798576720446e-05,9.73952938983233e-05,0.000261409411302301,1.31,2.31,0.0941176470588236,0.432900432900433
"NSFG men, capped 25",3.31,1e+06,200,2.6,9.59769264718207,2.2619615009204,0.000104444523230164,0.000104039039355229,0.000105004679753975,0.000273425476571884,1.31,2.31,0.111538461538462,0.432900432900433
"NSFG men, capped 25",3.31,1e+06,200,2.65,9.83460274611398,2.28625433756017,0.000112241097107052,0.000111763616871244,0.000112818572018294,0.000285426931920374,1.31,2.31,0.128301886792453,0.432900432900433
"NSFG men, capped 25",3.31,1e+06,200,2.7,10.0634447210016,2.30932914092578,0.000120243855780202,0.000119737366262867,0.000120819908966071,0.000297391697537032,1.31,2.31,0.144444444444444,0.432900432900433
"NSFG men, capped 25",3.31,1e+06,200,2.75,10.2857945509127,2.33124265135269,0.00012843298348792,0.0001278196049275,0.000129089444180629,0.000309299694158942,1.31,2.31,0.16,0.432900432900433
"NSFG men, capped 25",3.31,1e+06,200,2.8,10.5023443123131,2.35205106440099,0.000136788776435927,0.000136119968241805,0.000137466112804798,0.000321132822086554,1.31,2.31,0.175,0.432900432900433
"NSFG men, capped 25",3.31,1e+06,200,2.85,10.7127426973219,2.37180958835222,0.000145291849158561,0.000144564052677803,0.0001460357061574,0.000332874908860126,1.31,2.31,0.189473684210526,0.432900432900433
"NSFG men, capped 25",3.31,1e+06,200,2.9,10.916420052512,2.39057208654084,0.000153923306607552,0.000153190558697486,0.000154696236316233,0.000344511632525019,1.31,2.31,0.203448275862069,0.432900432900433
"NSFG men, capped 25",3.31,1e+06,200,2.95,11.112796112976,2.4083907965065,0.000162664883331314,0.000161870451393658,0.000163429910688463,0.000356030426838044,1.31,2.31,0.216949152542373,0.432900432900433
"NSFG men, capped 25",3.31,1e+06,200,3,11.3020311704098,2.42531611749557,0.000171499052024505,0.00017063129449447,0.000172320483988521,0.000367420374045165,1.31,2.31,0.23,0.432900432900433
"NSFG men, capped 25",3.31,1e+06,200,3.05,11.4858989192463,2.4413964577662,0.00018040910432685,0.000179446922255812,0.000181341268947554,0.000378672090067522,1.31,2.31,0.242622950819672,0.432900432900433
"NSFG men, capped 25",3.31,1e+06,200,3.1,11.662703668623,2.45667813337409,0.000189379207078224,0.00018831698443721,0.000190372633577596,0.000389777606126872,1.31,2.31,0.254838709677419,0.432900432900433
"NSFG men, capped 25",3.31,1e+06,200,3.15,11.8335337093282,2.47120531055638,0.000198394437345864,0.000197285236603512,0.000199486270866371,0.000400730250067047,1.31,2.31,0.266666666666667,0.432900432900433
"NSFG men, capped 25",3.31,1e+06,200,3.2,11.9983749616078,2.48501998441939,0.000207440799481089,0.00020625369650186,0.000208642423552295,0.00041152452991437,1.31,2.31,0.278125,0.432900432900433
"NSFG men, capped 25",3.31,1e+06,200,3.25,12.157470696784,2.4981619873134,0.00021650522728493,0.000215261310297123,0.000217791054170388,0.00042215602158522,1.31,2.31,0.289230769230769,0.432900432900433
"NSFG men, capped 25",3.31,1e+06,200,3.3,12.3108316367361,2.5106690209971,0.000225575574106048,0.000224259777308431,0.000226900849034514,0.000432621262101271,1.31,2.31,0.3,0.432900432900433
"NSFG men, capped 25",3.31,1e+06,200,3.35,12.4591781531624,2.52257670741935,0.000234640593394201,0.000233163697604379,0.00023608610189845,0.000442917649213597,1.31,2.31,0.31044776119403,0.432900432900433
"NSFG men, capped 25",3.31,1e+06,200,3.4,12.6021912401899,2.53391865364861,0.000243689911915024,0.00024210596131331,0.000245213925955802,0.000453043347962035,1.31,2.31,0.320588235294118,0.432900432900433
"NSFG men, capped 25",3.31,1e+06,200,3.45,12.7393273964986,2.54472652714331,0.000252713997516492,0.000250973493819777,0.00025428439264818,0.000462997204398702,1.31,2.31,0.330434782608696,0.432900432900433
"NSFG men, capped 25",3.31,1e+06,200,3.5,12.8704990964721,2.55503013816571,0.000261704123037939,0.000259807140048248,0.00026339909253905,0.000472778666475569,1.31,2.31,0.34,0.432900432900433
"NSFG men, capped 25",3.31,1e+06,200,3.55,12.9980038151018,2.56485752669223,0.000270652327677487,0.000268652511245417,0.000272472943927322,0.000482387711925773,1.31,2.31,0.349295774647887,0.432900432900433
"NSFG men, capped 25",3.31,1e+06,200,3.6,13.1208321413668,2.57423505166147,0.000279551376887932,0.000277405447328106,0.000281410049935814,0.000491824782847307,1.31,2.31,0.358333333333333,0.432900432900433
"NSFG men, capped 25",3.31,1e+06,200,3.65,13.2385540450588,2.58318748082761,0.000288394721656371,0.000286134866676191,0.000290264666178508,0.000501090726616843,1.31,2.31,0.367123287671233,0.432900432900433
"NSFG men, capped 25",3.31,1e+06,200,3.7,13.3526945824771,2.59173807985508,0.000297176457838856,0.000294765604973948,0.000299181669431698,0.000510186742712454,1.31,2.31,0.375675675675676,0.432900432900433
"NSFG men, capped 25",3.31,1e+06,200,3.75,13.4629771026038,2.59990869960311,0.000305891286066328,0.000303293169060745,0.000307961613780223,0.000519114334999842,1.31,2.31,0.384,0.432900432900433
"NSFG men, capped 25",3.31,1e+06,200,3.8,13.5690222063443,2.60771986081229,0.000314534472609622,0.000311770927020299,0.000316712829869635,0.000527875269031175,1.31,2.31,0.392105263157895,0.432900432900433
"NSFG men, capped 25",3.31,1e+06,200,3.85,13.6706481030547,2.61519083562346,0.000323101811486304,0.000320235445762902,0.000325603729607935,0.000536471533913732,1.31,2.31,0.4,0.432900432900433
"NSFG men, capped 25",3.31,1e+06,200,3.9,13.769356804391,2.62233972553898,0.000331589588007508,0.000328655137218742,0.000334302545685399,0.000544905308323241,1.31,2.31,0.407692307692308,0.432900432900433
"NSFG men, capped 25",3.31,1e+06,200,3.95,13.8645041613646,2.62918353558106,0.000339994543895707,0.000336978895511378,0.000342804072795167,0.000553178930260593,1.31,2.31,0.415189873417722,0.432900432900433
"NSFG men, capped 25",3.31,1e+06,200,4,13.9552861540887,2.63573824451818,0.000348313844051604,0.000345078960746302,0.000351224012734653,0.000561294870178263,1.31,2.31,0.4225,0.432900432900433
"NSFG men, capped 25",3.31,1e+06,200,4.05,14.0423645555163,2.64201887112142,0.000356545045007609,0.000353235174433529,0.000359476813214134,0.000569255707132103,1.31,2.31,0.42962962962963,0.432900432900433
"NSFG men, capped 25",3.31,1e+06,200,4.1,14.1269121896998,2.64803953648292,0.000364686065074344,0.000361269101473216,0.000367670027914122,0.000577064107643928,1.31,2.31,0.436585365853659,0.432900432900433
"NSFG men, capped 25",3.31,1e+06,200,4.15,14.2088461640946,2.65381352248164,0.000372735156163404,0.000369098832458016,0.00037581190235174,0.000584722806989476,1.31,2.31,0.443373493975904,0.432900432900433
"NSFG men, capped 25",3.31,1e+06,200,4.2,14.2875726536788,2.65935332652046,0.00038069087725263,0.000376913618763072,0.000383795548328493,0.000592234592654117,1.31,2.31,0.45,0.432900432900433
"NSFG men, capped 25",3.31,1e+06,200,4.25,14.3641445496286,2.66467071268581,0.000388552069447952,0.000384663393536154,0.000391764282029649,0.000599602289724817,1.31,2.31,0.456470588235294,0.432900432900433
"NSFG men, capped 25",3.31,1e+06,200,4.3,14.4375494858525,2.66977675949938,0.000396317832587507,0.00039232247788748,0.000399673496831592,0.000606828748010955,1.31,2.31,0.462790697674419,0.432900432900433
"NSFG men, capped 25",3.31,1e+06,200,4.35,14.5085140313678,2.67468190444188,0.000403987503328191,0.000399929914407791,0.000407486501872041,0.000613916830708701,1.31,2.31,0.468965517241379,0.432900432900433
"NSFG men, capped 25",3.31,1e+06,200,4.4,14.5771322845541,2.67939598543404,0.000411560634651475,0.000407463651396208,0.000415180058246456,0.000620869404443573,1.31,2.31,0.475,0.432900432900433
"NSFG men, capped 25",3.31,1e+06,200,4.45,14.6439746690475,2.68392827946053,0.000419036976723612,0.000414874385131852,0.000422775216410477,0.000627689330543819,1.31,2.31,0.480898876404494,0.432900432900433
"NSFG men, capped 25",3.31,1e+06,200,4.5,14.7077477988999,2.68828753851983,0.000426416459044843,0.000422123911409082,0.000430272185055677,0.000634379457413329,1.31,2.31,0.486666666666667,0.432900432900433
"NSFG men, capped 25",3.31,1e+06,200,4.55,14.7684715461634,2.69248202307802,0.000433699173822578,0.000429227745133769,0.000437697300054402,0.000640942613887087,1.31,2.31,0.492307692307692,0.432900432900433
"NSFG men, capped 25",3.31,1e+06,200,4.6,14.8279850002655,2.69651953319732,0.00044088536050454,0.000436312268820864,0.000445009746050272,0.000647381603464904,1.31,2.31,0.497826086956522,0.432900432900433
"NSFG men, capped 25",3.31,1e+06,200,4.65,14.8862547926071,2.70040743750261,0.000447975391409277,0.000443249529929919,0.000452213007497607,0.000653699199330448,1.31,2.31,0.503225806451613,0.432900432900433
"NSFG men, capped 25",3.31,1e+06,200,4.7,14.942343499965,2.70415270014001,0.000454969758393209,0.000450115974399947,0.000459408413469574,0.000659898140072506,1.31,2.31,0.508510638297872,0.432900432900433
"NSFG men, capped 25",3.31,1e+06,200,4.75,14.9965970116333,2.70776190587299,0.00046186906049532,0.000456878512370381,0.000466396146781307,0.000665981126034293,1.31,2.31,0.513684210526316,0.432900432900433
"NSFG men, capped 25",3.31,1e+06,200,4.8,15.048522075362,2.71124128345162,0.000468673992502681,0.000463599750391136,0.000473441538037499,0.000671950816224339,1.31,2.31,0.51875,0.432900432900433
"NSFG men, capped 25",3.31,1e+06,200,4.85,15.0992921550336,2.71459672738233,0.000475385334382148,0.000470071008207569,0.000480337481242778,0.000677809825729434,1.31,2.31,0.523711340206186,0.432900432900433
"NSFG men, capped 25",3.31,1e+06,200,4.9,15.1480970683013,2.71783381821578,0.0004820039415258,0.000476665095342901,0.00048705886788678,0.000683560723576191,1.31,2.31,0.528571428571429,0.432900432900433
"NSFG men, capped 25",3.31,1e+06,200,4.95,15.1955517351443,2.72095784146276,0.000488530735759845,0.000483059579974763,0.000493675118170976,0.000689206030993201,1.31,2.31,0.533333333333333,0.432900432900433
"NSFG men, capped 25",3.31,1e+06,200,5,15.2414471030947,2.72397380523926,0.000494966697068994,0.00048923981764383,0.000500271374763668,0.000694748220030578,1.31,2.31,0.538,0.432900432900433
"NSFG men, capped 25",3.31,1e+06,200,5.05,15.2856435213694,2.7268864567346,0.000501312855990431,0.000495501053550898,0.000506747590296077,0.000700189712497967,1.31,2.31,0.542574257425743,0.432900432900433
"NSFG men, capped 25",3.31,1e+06,200,5.1,15.3279334869246,2.72970029758914,0.000507570286633712,0.000501726116425135,0.000513104737682316,0.000705532879185931,1.31,2.31,0.547058823529412,0.432900432900433
"NSFG men, capped 25",3.31,1e+06,200,5.15,15.3699659978468,2.73241959826148,0.000513740100285028,0.000507779592625828,0.000519424211179492,0.000710780039339039,1.31,2.31,0.551456310679612,0.432900432900433
"NSFG men, capped 25",3.31,1e+06,200,5.2,15.4106685185911,2.73504841145868,0.000519823439556329,0.000513747749514558,0.000525611647474878,0.000715933460352045,1.31,2.31,0.555769230769231,0.432900432900433
"NSFG men, capped 25",3.31,1e+06,200,5.25,15.4495509308014,2.73759058469745,0.000525821473041905,0.000519551965632863,0.000531712252510098,0.000720995357663359,1.31,2.31,0.56,0.432900432900433
"NSFG men, capped 25",3.31,1e+06,200,5.3,15.487669646438,2.74004977205869,0.000531735390446916,0.000525261991481862,0.000537727774077063,0.000725967894822406,1.31,2.31,0.564150943396226,0.432900432900433
"NSFG men, capped 25",3.31,1e+06,200,5.35,15.5248690616755,2.74242944519302,0.000537566398154355,0.000531008983732479,0.000543671034760093,0.000730853183709817,1.31,2.31,0.568224299065421,0.432900432900433
"NSFG men, capped 25",3.31,1e+06,200,5.4,15.5609610057997,2.74473290363044,0.000543315715198789,0.000536720402658363,0.000549538600139483,0.000735653284891359,1.31,2.31,0.572222222222222,0.432900432900433
"NSFG men, capped 25",3.31,1e+06,200,5.45,15.5959866967808,2.74696328444285,0.000548984569617009,0.000542297356664927,0.000555433521445661,0.000740370208088383,1.31,2.31,0.576146788990826,0.432900432900433
"NSFG men, capped 25",3.31,1e+06,200,5.5,15.6304454112023,2.7491235713047,0.000554574195147494,0.000547765490709547,0.000561189724955771,0.000745005912749224,1.31,2.31,0.58,0.432900432900433
"NSFG men, capped 25",3.31,1e+06,200,5.55,15.6637845398663,2.75121660299321,0.000560085828252293,0.000553142825543052,0.000566801515226643,0.00074956230870755,1.31,2.31,0.583783783783784,0.432900432900433
"NSFG men, capped 25",3.31,1e+06,200,5.6,15.6954430501552,2.75324508136675,0.000565520705436513,0.00055842223249209,0.0005723232376418,0.000754041256914963,1.31,2.31,0.5875,0.432900432900433
"NSFG men, capped 25",3.31,1e+06,200,5.65,15.7259552634674,2.75521157885661,0.000570880060842193,0.000563633271314296,0.000577841328591602,0.000758444570236491,1.31,2.31,0.591150442477876,0.432900432900433
"NSFG men, capped 25",3.31,1e+06,200,5.7,15.755602399789,2.75711854550516,0.000576165124094833,0.000568770084093346,0.000583271130749033,0.000762774014298722,1.31,2.31,0.594736842105263,0.432900432900433
"NSFG men, capped 25",3.31,1e+06,200,5.75,15.7846768637062,2.75896831558053,0.00058137711838224,0.000573833919151278,0.000588626765036256,0.000767031308381363,1.31,2.31,0.598260869565217,0.432900432900433
"NSFG men, capped 25",3.31,1e+06,200,5.8,15.8131371463231,2.760763113796,0.00058651725874675,0.000578826015773566,0.000593909426223021,0.000771218126343981,1.31,2.31,0.601724137931035,0.432900432900433
"NSFG men, capped 25",3.31,1e+06,200,5.85,15.840814151646,2.76250506115997,0.000591586750573157,0.000583773435688975,0.000599120301559924,0.000775336097580563,1.31,2.31,0.605128205128205,0.432900432900433
"NSFG men, capped 25",3.31,1e+06,200,5.9,15.867337810327,2.76419618048075,0.000596586788255898,0.000588652957842491,0.000604304595678979,0.000779386807995279,1.31,2.31,0.608474576271187,0.432900432900433
"NSFG men, capped 25",3.31,1e+06,200,5.95,15.8933703232637,2.76583840154831,0.000601518554030215,0.000593440555127094,0.00060940830373046,0.000783371800993593,1.31,2.31,0.611764705882353,0.432900432900433
"NSFG men, capped 25",3.31,1e+06,200,6,15.9188680069666,2.76743356601393,0.000606383216953124,0.000598171536723694,0.000614435548519959,0.000787292578483504,1.31,2.31,0.615,0.432900432900433
"NSFG men, capped 25",3.31,1e+06,200,6.05,15.943921990356,2.76898343198684,0.000611181932021018,0.000602887280722671,0.000619425664506524,0.000791150601882305,1.31,2.31,0.618181818181818,0.432900432900433
"NSFG men, capped 25",3.31,1e+06,200,6.1,15.9678908183064,2.77048967836595,0.00061591583941175,0.000607546254724044,0.000624345814439916,0.000794947293124769,1.31,2.31,0.621311475409836,0.432900432900433
"NSFG men, capped 25",3.31,1e+06,200,6.15,15.9914787219246,2.77195390892316,0.000620586063839922,0.000612142431032258,0.000629201679997328,0.000798684035669187,1.31,2.31,0.624390243902439,0.432900432900433
"NSFG men, capped 25",3.31,1e+06,200,6.2,16.0145459736807,2.77337765615389,0.000625193714015003,0.000616676901626021,0.00063397382323779,0.000802362175498133,1.31,2.31,0.62741935483871,0.432900432900433
"NSFG men, capped 25",3.31,1e+06,200,6.25,16.0369485518822,2.77476238490918,0.000629739882192652,0.000621150742491415,0.000638682974677823,0.000805983022111179,1.31,2.31,0.6304,0.432900432900433
"NSFG men, capped 25",3.31,1e+06,200,6.3,16.0583732652855,2.77610949582297,0.00063422564381043,0.0006255650132463,0.000643330189445799,0.000809547849507238,1.31,2.31,0.633333333333333,0.432900432900433
"NSFG men, capped 25",3.31,1e+06,200,6.35,16.0791925087024,2.77742032854692,0.000638652057199769,0.00062988830432092,0.000647885375855578,0.000813057897154462,1.31,2.31,0.636220472440945,0.432900432900433
"NSFG men, capped 25",3.31,1e+06,200,6.4,16.0995675644823,2.7786961648048,0.000643020163366687,0.000634137053630623,0.000652352291312067,0.000816514370945965,1.31,2.31,0.6390625,0.432900432900433
"NSFG men, capped 25",3.31,1e+06,200,6.45,16.1194988838511,2.77993823127702,0.00064733098583441,0.000638329720461524,0.00065673350377094,0.000819918444139883,1.31,2.31,0.641860465116279,0.432900432900433
"NSFG men, capped 25",3.31,1e+06,200,6.5,16.1388371104942,2.78114770232589,0.000651585530541584,0.000642467331268794,0.000661056443253824,0.000823271258282561,1.31,2.31,0.644615384615385,0.432900432900433
"NSFG men, capped 25",3.31,1e+06,200,6.55,16.1577772492884,2.78232570257095,0.000655784785790306,0.000646550893458934,0.000665322135972272,0.000826573924113813,1.31,2.31,0.647328244274809,0.432900432900433
"NSFG men, capped 25",3.31,1e+06,200,6.6,16.1761170178136,2.7834733093234,0.000659929722238683,0.00065058139542129,0.000669531590410043,0.000829827522453449,1.31,2.31,0.65,0.432900432900433
"NSFG men, capped 25",3.31,1e+06,200,6.65,16.1941082348931,2.78459155488797,0.000664021292933088,0.000654566384790804,0.000673685797294829,0.000833033105068413,1.31,2.31,0.652631578947368,0.432900432900433
"NSFG men, capped 25",3.31,1e+06,200,6.7,16.2114319579843,2.78568142874009,0.000668060433375707,0.000658491404272346,0.000677813940269905,0.000836191695520021,1.31,2.31,0.655223880597015,0.432900432900433
"NSFG men, capped 25",3.31,1e+06,200,6.75,16.2286113159938,2.7867438795857,0.000672048061623325,0.000662280403663235,0.000681921153126728,0.000839304289990934,1.31,2.31,0.657777777777778,0.432900432900433
"NSFG men, capped 25",3.31,1e+06,200,6.8,16.2456128455466,2.78777981731052,0.000675985078413711,0.000666019697384806,0.000685983642567023,0.000842371858091627,1.31,2.31,0.660294117647059,0.432900432900433
"NSFG men, capped 25",3.31,1e+06,200,6.85,16.2622107471218,2.78879011482525,0.000679872367316234,0.000669710195224488,0.000690001708482681,0.000845395343646213,1.31,2.31,0.662773722627737,0.432900432900433
"NSFG men, capped 25",3.31,1e+06,200,6.9,16.2781997588819,2.78977560981283,0.000683710794903686,0.000673440804158767,0.000693970294528588,0.00084837566545756,1.31,2.31,0.665217391304348,0.432900432900433
"NSFG men, capped 25",3.31,1e+06,200,6.95,16.2935391528621,2.79073710638322,0.000687501210942552,0.000677136085777546,0.000697890236954977,0.00085131371805176,1.31,2.31,0.667625899280575,0.432900432900433
"NSFG men, capped 25",3.31,1e+06,200,7,16.308867251103,2.7916753766412,0.000691244448599216,0.00068078572002519,0.000701762355975724,0.00085421037240205,1.31,2.31,0.67,0.432900432900433
"NSFG men, capped 25",3.31,1e+06,200,7.05,16.3239751455632,2.79259116217213,0.000694941324659838,0.000684406784998706,0.000705587455978191,0.000857066476632327,1.31,2.31,0.672340425531915,0.432900432900433
"NSFG men, capped 25",3.31,1e+06,200,7.1,16.3386805265962,2.7934851754502,0.00069859263976186,0.000687995104327052,0.000709325271490208,0.000859882856700525,1.31,2.31,0.674647887323944,0.432900432900433
"NSFG men, capped 25",3.31,1e+06,200,7.15,16.3528233287412,2.79435810117386,0.000702199178635277,0.000691540009694711,0.000713003392529609,0.00086266031706209,1.31,2.31,0.676923076923077,0.432900432900433
"NSFG men, capped 25",3.31,1e+06,200,7.2,16.366728777899,2.79521059753227,0.000705761710351996,0.000695042237678754,0.000716618404596499,0.00086539964131385,1.31,2.31,0.679166666666667,0.432900432900433
"NSFG men, capped 25",3.31,1e+06,200,7.25,16.3801468096558,2.79604329740676,0.000709280988581795,0.00069850250996942,0.000720208448440141,0.000868101592818663,1.31,2.31,0.681379310344828,0.432900432900433
"NSFG men, capped 25",3.31,1e+06,200,7.3,16.3933225467188,2.79685680951102,0.00071275775185351,0.000701829842845182,0.000723806420665108,0.000870766915311156,1.31,2.31,0.683561643835616,0.432900432900433
"NSFG men, capped 25",3.31,1e+06,200,7.35,16.4063938999401,2.79765171947332,0.000716192723820243,0.000705102842023637,0.000727402571206491,0.000873396333484981,1.31,2.31,0.685714285714286,0.432900432900433
"NSFG men, capped 25",3.31,1e+06,200,7.4,16.4191773655934,2.79842859086404,0.000719586613527489,0.000708335615601871,0.00073094366486072,0.00087599055356197,1.31,2.31,0.687837837837838,0.432900432900433
"NSFG men, capped 25",3.31,1e+06,200,7.45,16.431681265795,2.79918796617155,0.000722940115683231,0.000711528873647205,0.000734424694051641,0.000878550263843627,1.31,2.31,0.68993288590604,0.432900432900433
"NSFG men, capped 25",3.31,1e+06,200,7.5,16.4437932863443,2.79993036772921,0.000726253910929105,0.00071468331107714,0.000737857817752764,0.000881076135245375,1.31,2.31,0.692,0.432900432900433
"NSFG men, capped 25",3.31,1e+06,200,7.55,16.4557532966767,2.80065629859633,0.000729528666111881,0.000717799607970273,0.000741220140363751,0.000883568821813988,1.31,2.31,0.694039735099338,0.432900432900433
"NSFG men, capped 25",3.31,1e+06,200,7.6,16.4675516637989,2.80136624339541,0.000732765034554562,0.000720878429875867,0.00074452687246,0.000886028961228675,1.31,2.31,0.696052631578947,0.432900432900433
"NSFG men, capped 25",3.31,1e+06,200,7.65,16.4790576355689,2.80206066910821,0.000735963656326501,0.000723920428121463,0.000747764636547996,0.000888457175286231,1.31,2.31,0.698039215686274,0.432900432900433
"NSFG men, capped 25",3.31,1e+06,200,7.7,16.4902786814786,2.80274002583275,0.000739125158511984,0.000726926240118,0.000750913278582149,0.00089085407037072,1.31,2.31,0.7,0.432900432900433
"NSFG men, capped 25",3.31,1e+06,200,7.75,16.5011827968536,2.80340474750348,0.000742250155476835,0.00072989648966198,0.000754108748410614,0.000893220237908126,1.31,2.31,0.701935483870968,0.432900432900433
"NSFG men, capped 25",3.31,1e+06,200,7.8,16.5118412728947,2.80405525257646,0.000745339249132593,0.000732831787234256,0.000757285194811756,0.000895556254806407,1.31,2.31,0.703846153846154,0.432900432900433
"NSFG men, capped 25",3.31,1e+06,200,7.85,16.5223168117905,2.80469194468154,0.000748393029197933,0.000735732730295112,0.00076042527081108,0.000897862683881391,1.31,2.31,0.705732484076433,0.432900432900433
"NSFG men, capped 25",3.31,1e+06,200,7.9,16.5327122339102,2.80531521324321,0.000751412073457008,0.000738599903575319,0.000763517064978797,0.000900140074268957,1.31,2.31,0.707594936708861,0.432900432900433
"NSFG men, capped 25",3.31,1e+06,200,7.95,16.542897495,2.80592543407186,0.000754396948014438,0.000741433879362909,0.000766566372369416,0.000902388961823895,1.31,2.31,0.709433962264151,0.432900432900433
"NSFG men, capped 25",3.31,1e+06,200,8,16.5528781835797,2.80652296992691,0.000757348207546724,0.000744235217785455,0.000769580623326865,0.000904609869505893,1.31,2.31,0.71125,0.432900432900433
