"law","a","eta","n","gamma","log_mu_ratio"
"power a=3.31",3.31,0.5,100,0,0
"power a=3.31",3.31,0.5,100,0.05,0.00690987064345631
"power a=3.31",3.31,0.5,100,0.1,0.0142517872092125
"power a=3.31",3.31,0.5,100,0.15,0.0220536976317248
"power a=3.31",3.31,0.5,100,0.2,0.0303441243644731
"power a=3.31",3.31,0.5,100,0.25,0.0391516601859119
"power a=3.31",3.31,0.5,100,0.3,0.0485043118893891
"power a=3.31",3.31,0.5,100,0.35,0.0584286908713065
"power a=3.31",3.31,0.5,100,0.4,0.0689490669544308
"power a=3.31",3.31,0.5,100,0.45,0.080086322123543
"power a=3.31",3.31,0.5,100,0.5,0.091856860478552
"power a=3.31",3.31,0.5,100,0.55,0.104271545157546
"power a=3.31",3.31,0.5,100,0.6,0.117334738682056
"power a=3.31",3.31,0.5,100,0.65,0.131043518941276
"power a=3.31",3.31,0.5,100,0.7,0.145387130381772
"power a=3.31",3.31,0.5,100,0.75,0.160346712028402
"power a=3.31",3.31,0.5,100,0.8,0.175895323706912
"power a=3.31",3.31,0.5,100,0.85,0.191998270984666
"power a=3.31",3.31,0.5,100,0.9,0.208613708595361
"power a=3.31",3.31,0.5,100,0.95,0.225693482355367
"power a=3.31",3.31,0.5,100,1,0.243184152877404
"power a=3.31",3.31,0.5,100,1.05,0.261028133774601
"power a=3.31",3.31,0.5,100,1.1,0.2791648750932
"power a=3.31",3.31,0.5,100,1.15,0.297532029846162
"power a=3.31",3.31,0.5,100,1.2,0.316066555395557
"power a=3.31",3.31,0.5,100,1.25,0.334705717865473
"power a=3.31",3.31,0.5,100,1.3,0.353387982633362
"power a=3.31",3.31,0.5,100,1.35,0.37205378477758
"power a=3.31",3.31,0.5,100,1.4,0.390646179793704
"power a=3.31",3.31,0.5,100,1.45,0.409111378049002
"power a=3.31",3.31,0.5,100,1.5,0.427399167879745
"power a=3.31",3.31,0.5,100,1.55,0.445463233161484
"power a=3.31",3.31,0.5,100,1.6,0.463261372183639
"power a=3.31",3.31,0.5,100,1.65,0.480755625806187
"power a=3.31",3.31,0.5,100,1.7,0.497912323978429
"power a=3.31",3.31,0.5,100,1.75,0.514702060533899
"power a=3.31",3.31,0.5,100,1.8,0.531099606602468
"power a=3.31",3.31,0.5,100,1.85,0.547083772972276
"power a=3.31",3.31,0.5,100,1.9,0.56263723134675
"power a=3.31",3.31,0.5,100,1.95,0.577746303774243
"power a=3.31",3.31,0.5,100,2,0.592400728685016
"power a=3.31",3.31,0.5,100,2.05,0.606593411042469
"power a=3.31",3.31,0.5,100,2.1,0.620320163168961
"power a=3.31",3.31,0.5,100,2.15,0.633579441884056
"power a=3.31",3.31,0.5,100,2.2,0.646372086718928
"power a=3.31",3.31,0.5,100,2.25,0.658701063157243
"power a=3.31",3.31,0.5,100,2.3,0.670571214105184
"power a=3.31",3.31,0.5,100,2.35,0.68198902211305
"power a=3.31",3.31,0.5,100,2.4,0.692962384258741
"power a=3.31",3.31,0.5,100,2.45,0.703500401058925
"power a=3.31",3.31,0.5,100,2.5,0.713613180296471
"power a=3.31",3.31,0.5,100,2.55,0.723311656241132
"power a=3.31",3.31,0.5,100,2.6,0.732607424392573
"power a=3.31",3.31,0.5,100,2.65,0.741512591587026
"power a=3.31",3.31,0.5,100,2.7,0.750039641077193
"power a=3.31",3.31,0.5,100,2.75,0.758201312014361
"power a=3.31",3.31,0.5,100,2.8,0.766010492626471
"power a=3.31",3.31,0.5,100,2.85,0.773480126290616
"power a=3.31",3.31,0.5,100,2.9,0.780623129636833
"power a=3.31",3.31,0.5,100,2.95,0.78745232178721
"power a=3.31",3.31,0.5,100,3,0.793980363824621
"power a=3.31",3.31,0.5,100,3.05,0.80021970759416
"power a=3.31",3.31,0.5,100,3.1,0.806182552963781
"power a=3.31",3.31,0.5,100,3.15,0.811880812704763
"power a=3.31",3.31,0.5,100,3.2,0.817326084194533
"power a=3.31",3.31,0.5,100,3.25,0.822529627191631
"power a=3.31",3.31,0.5,100,3.3,0.827502346982912
"power a=3.31",3.31,0.5,100,3.35,0.832254782254954
"power a=3.31",3.31,0.5,100,3.4,0.836797097093673
"power a=3.31",3.31,0.5,100,3.45,0.84113907656731
"power a=3.31",3.31,0.5,100,3.5,0.845290125397609
"power a=3.31",3.31,0.5,100,3.55,0.849259269271401
"power a=3.31",3.31,0.5,100,3.6,0.853055158389849
"power a=3.31",3.31,0.5,100,3.65,0.856686072894687
"power a=3.31",3.31,0.5,100,3.7,0.860159929850164
"power a=3.31",3.31,0.5,100,3.75,0.86348429149572
"power a=3.31",3.31,0.5,100,3.8,0.866666374517915
"power a=3.31",3.31,0.5,100,3.85,0.869713060120638
"power a=3.31",3.31,0.5,100,3.9,0.872630904700592
"power a=3.31",3.31,0.5,100,3.95,0.875426150960117
"power a=3.31",3.31,0.5,100,4,0.878104739312352
"power a=3.31",3.31,0.5,100,4.05,0.880672319454031
"power a=3.31",3.31,0.5,100,4.1,0.883134261999541
"power a=3.31",3.31,0.5,100,4.15,0.885495670086195
"power a=3.31",3.31,0.5,100,4.2,0.887761390875079
"power a=3.31",3.31,0.5,100,4.25,0.889936026884647
"power a=3.31",3.31,0.5,100,4.3,0.892023947105469
"power a=3.31",3.31,0.5,100,4.35,0.894029297854446
"power a=3.31",3.31,0.5,100,4.4,0.895956013335342
"power a=3.31",3.31,0.5,100,4.45,0.897807825880107
"power a=3.31",3.31,0.5,100,4.5,0.899588275851796
"power a=3.31",3.31,0.5,100,4.55,0.90130072119559
"power a=3.31",3.31,0.5,100,4.6,0.902948346629111
"power a=3.31",3.31,0.5,100,4.65,0.904534172467397
"power a=3.31",3.31,0.5,100,4.7,0.906061063081206
"power a=3.31",3.31,0.5,100,4.75,0.907531734990313
"power a=3.31",3.31,0.5,100,4.8,0.90894876459576
"power a=3.31",3.31,0.5,100,4.85,0.910314595557133
"power a=3.31",3.31,0.5,100,4.9,0.911631545822301
"power a=3.31",3.31,0.5,100,4.95,0.91290181431858
"power a=3.31",3.31,0.5,100,5,0.914127487315093
"power a=3.31",3.31,0.5,100,5.05,0.91531054446693
"power a=3.31",3.31,0.5,100,5.1,0.916452864552233
"power a=3.31",3.31,0.5,100,5.15,0.917556230913733
"power a=3.31",3.31,0.5,100,5.2,0.918622336616401
"power a=3.31",3.31,0.5,100,5.25,0.919652789333091
"power a=3.31",3.31,0.5,100,5.3,0.920649115969928
"power a=3.31",3.31,0.5,100,5.35,0.921612767043156
"power a=3.31",3.31,0.5,100,5.4,0.922545120818999
"power a=3.31",3.31,0.5,100,5.45,0.923447487227768
"power a=3.31",3.31,0.5,100,5.5,0.924321111563335
"power a=3.31",3.31,0.5,100,5.55,0.925167177978583
"power a=3.31",3.31,0.5,100,5.6,0.925986812787293
"power a=3.31",3.31,0.5,100,5.65,0.926781087582396
"power a=3.31",3.31,0.5,100,5.7,0.927551022180302
"power a=3.31",3.31,0.5,100,5.75,0.928297587400491
"power a=3.31",3.31,0.5,100,5.8,0.929021707689308
"power a=3.31",3.31,0.5,100,5.85,0.929724263596333
"power a=3.31",3.31,0.5,100,5.9,0.930406094111556
"power a=3.31",3.31,0.5,100,5.95,0.931067998870954
"power a=3.31",3.31,0.5,100,6,0.931710740237842
"power a=3.31",3.31,1,100,0,0
"power a=3.31",3.31,1,100,0.05,0.0193245553224503
"power a=3.31",3.31,1,100,0.1,0.0397296654127168
"power a=3.31",3.31,1,100,0.15,0.0612403560944488
"power a=3.31",3.31,1,100,0.2,0.0838743942676936
"power a=3.31",3.31,1,100,0.25,0.107641511735762
"power a=3.31",3.31,1,100,0.3,0.132542775117749
"power a=3.31",3.31,1,100,0.35,0.158570101377421
"power a=3.31",3.31,1,100,0.4,0.18570591507124
"power a=3.31",3.31,1,100,0.45,0.213922944000357
"power a=3.31",3.31,1,100,0.5,0.243184152877404
"power a=3.31",3.31,1,100,0.55,0.273442818453595
"power a=3.31",3.31,1,100,0.6,0.304642753296703
"power a=3.31",3.31,1,100,0.65,0.336718688308886
"power a=3.31",3.31,1,100,0.7,0.369596825298777
"power a=3.31",3.31,1,100,0.75,0.403195569415323
"power a=3.31",3.31,1,100,0.8,0.437426445861722
"power a=3.31",3.31,1,100,0.85,0.472195195283695
"power a=3.31",3.31,1,100,0.9,0.507403027910514
"power a=3.31",3.31,1,100,0.95,0.542947999925815
"power a=3.31",3.31,1,100,1,0.578726460278597
"power a=3.31",3.31,1,100,1.05,0.614634506457536
"power a=3.31",3.31,1,100,1.1,0.650569386798285
"power a=3.31",3.31,1,100,1.15,0.686430795173797
"power a=3.31",3.31,1,100,1.2,0.722122018895433
"power a=3.31",3.31,1,100,1.25,0.757550917920822
"power a=3.31",3.31,1,100,1.3,0.792630728757281
"power a=3.31",3.31,1,100,1.35,0.827280697271306
"power a=3.31",3.31,1,100,1.4,0.8614265506619
"power a=3.31",3.31,1,100,1.45,0.895000821344693
"power a=3.31",3.31,1,100,1.5,0.92794303608621
"power a=3.31",3.31,1,100,1.55,0.960199783725405
"power a=3.31",3.31,1,100,1.6,0.991724674874046
"power a=3.31",3.31,1,100,1.65,1.02247820721169
"power a=3.31",3.31,1,100,1.7,1.0524275502188
"power a=3.31",3.31,1,100,1.75,1.08154626321259
"power a=3.31",3.31,1,100,1.8,1.1098139602291
"power a=3.31",3.31,1,100,1.85,1.13721593460677
"power a=3.31",3.31,1,100,1.9,1.16374275512694
"power a=3.31",3.31,1,100,1.95,1.18938984435461
"power a=3.31",3.31,1,100,2,1.21415704850294
"power a=3.31",3.31,1,100,2.05,1.23804820680505
"power a=3.31",3.31,1,100,2.1,1.26107072708298
"power a=3.31",3.31,1,100,2.15,1.28323517299253
"power a=3.31",3.31,1,100,2.2,1.30455486731757
"power a=3.31",3.31,1,100,2.25,1.32504551469305
"power a=3.31",3.31,1,100,2.3,1.3447248462531
"power a=3.31",3.31,1,100,2.35,1.36361228792511
"power a=3.31",3.31,1,100,2.4,1.38172865341702
"power a=3.31",3.31,1,100,2.45,1.39909586236758
"power a=3.31",3.31,1,100,2.5,1.41573668364254
"power a=3.31",3.31,1,100,2.55,1.43167450335674
"power a=3.31",3.31,1,100,2.6,1.4469331168778
"power a=3.31",3.31,1,100,2.65,1.46153654381323
"power a=3.31",3.31,1,100,2.7,1.47550886479317
"power a=3.31",3.31,1,100,2.75,1.48887407872744
"power a=3.31",3.31,1,100,2.8,1.50165597913083
"power a=3.31",3.31,1,100,2.85,1.51387804806702
"power a=3.31",3.31,1,100,2.9,1.52556336625195
"power a=3.31",3.31,1,100,2.95,1.53673453787597
"power a=3.31",3.31,1,100,3,1.54741362874368
"power a=3.31",3.31,1,100,3.05,1.55762211638701
"power a=3.31",3.31,1,100,3.1,1.56738085087508
"power a=3.31",3.31,1,100,3.15,1.5767100251209
"power a=3.31",3.31,1,100,3.2,1.58562915356615
"power a=3.31",3.31,1,100,3.25,1.5941570582088
"power a=3.31",3.31,1,100,3.3,1.60231186102227
"power a=3.31",3.31,1,100,3.35,1.61011098189704
"power a=3.31",3.31,1,100,3.4,1.61757114131571
"power a=3.31",3.31,1,100,3.45,1.62470836704888
"power a=3.31",3.31,1,100,3.5,1.63153800423141
"power a=3.31",3.31,1,100,3.55,1.63807472824688
"power a=3.31",3.31,1,100,3.6,1.64433255991084
"power a=3.31",3.31,1,100,3.65,1.65032488250233
"power a=3.31",3.31,1,100,3.7,1.65606446024669
"power a=3.31",3.31,1,100,3.75,1.66156345790181
"power a=3.31",3.31,1,100,3.8,1.66683346114483
"power a=3.31",3.31,1,100,3.85,1.67188549749653
"power a=3.31",3.31,1,100,3.9,1.67673005755738
"power a=3.31",3.31,1,100,3.95,1.68137711636167
"power a=3.31",3.31,1,100,4,1.6858361546856
"power a=3.31",3.31,1,100,4.05,1.69011618017107
"power a=3.31",3.31,1,100,4.1,1.6942257481501
"power a=3.31",3.31,1,100,4.15,1.69817298207503
"power a=3.31",3.31,1,100,4.2,1.70196559347773
"power a=3.31",3.31,1,100,4.25,1.70561090139641
"power a=3.31",3.31,1,100,4.3,1.70911585122268
"power a=3.31",3.31,1,100,4.35,1.71248703293303
"power a=3.31",3.31,1,100,4.4,1.71573069867909
"power a=3.31",3.31,1,100,4.45,1.71885277972013
"power a=3.31",3.31,1,100,4.5,1.72185890268834
"power a=3.31",3.31,1,100,4.55,1.72475440518397
"power a=3.31",3.31,1,100,4.6,1.72754435070279
"power a=3.31",3.31,1,100,4.65,1.73023354290257
"power a=3.31",3.31,1,100,4.7,1.73282653921906
"power a=3.31",3.31,1,100,4.75,1.73532766384485
"power a=3.31",3.31,1,100,4.8,1.73774102008714
"power a=3.31",3.31,1,100,4.85,1.74007050212174
"power a=3.31",3.31,1,100,4.9,1.74231980616275
"power a=3.31",3.31,1,100,4.95,1.7444924410678
"power a=3.31",3.31,1,100,5,1.74659173839987
"power a=3.31",3.31,1,100,5.05,1.74862086196696
"power a=3.31",3.31,1,100,5.1,1.75058281686098
"power a=3.31",3.31,1,100,5.15,1.75248045801757
"power a=3.31",3.31,1,100,5.2,1.75431649831815
"power a=3.31",3.31,1,100,5.25,1.75609351625503
"power a=3.31",3.31,1,100,5.3,1.75781396318068
"power a=3.31",3.31,1,100,5.35,1.75948017016094
"power a=3.31",3.31,1,100,5.4,1.761094354452
"power a=3.31",3.31,1,100,5.45,1.76265862562017
"power a=3.31",3.31,1,100,5.5,1.76417499132262
"power a=3.31",3.31,1,100,5.55,1.76564536276707
"power a=3.31",3.31,1,100,5.6,1.76707155986714
"power a=3.31",3.31,1,100,5.65,1.76845531610983
"power a=3.31",3.31,1,100,5.7,1.76979828315071
"power a=3.31",3.31,1,100,5.75,1.77110203515157
"power a=3.31",3.31,1,100,5.8,1.77236807287493
"power a=3.31",3.31,1,100,5.85,1.77359782754873
"power a=3.31",3.31,1,100,5.9,1.77479266451423
"power a=3.31",3.31,1,100,5.95,1.77595388666915
"power a=3.31",3.31,1,100,6,1.77708273771784
"power a=3.31",3.31,1.5,100,0,0
"power a=3.31",3.31,1.5,100,0.05,0.0371685362196473
"power a=3.31",3.31,1.5,100,0.1,0.0757103876285116
"power a=3.31",3.31,1.5,100,0.15,0.115588233063207
"power a=3.31",3.31,1.5,100,0.2,0.156756796785846
"power a=3.31",3.31,1.5,100,0.25,0.199163076723831
"power a=3.31",3.31,1.5,100,0.3,0.242746604873709
"power a=3.31",3.31,1.5,100,0.35,0.287439733277597
"power a=3.31",3.31,1.5,100,0.4,0.333167941987539
"power a=3.31",3.31,1.5,100,0.45,0.379850169171954
"power a=3.31",3.31,1.5,100,0.5,0.427399167879745
"power a=3.31",3.31,1.5,100,0.55,0.475721898737676
"power a=3.31",3.31,1.5,100,0.6,0.524719972602937
"power a=3.31",3.31,1.5,100,0.65,0.574290161237669
"power a=3.31",3.31,1.5,100,0.7,0.624324996399802
"power a=3.31",3.31,1.5,100,0.75,0.674713477071818
"power a=3.31",3.31,1.5,100,0.8,0.725341899586788
"power a=3.31",3.31,1.5,100,0.85,0.776094815378565
"power a=3.31",3.31,1.5,100,0.9,0.826856106379859
"power a=3.31",3.31,1.5,100,0.95,0.877510150822654
"power a=3.31",3.31,1.5,100,1,0.92794303608621
"power a=3.31",3.31,1.5,100,1.05,0.978043764622597
"power a=3.31",3.31,1.5,100,1.1,1.02770539708984
"power a=3.31",3.31,1.5,100,1.15,1.07682608418045
"power a=3.31",3.31,1.5,100,1.2,1.12530995273696
"power a=3.31",3.31,1.5,100,1.25,1.17306782820066
"power a=3.31",3.31,1.5,100,1.3,1.22001778998506
"power a=3.31",3.31,1.5,100,1.35,1.26608556650695
"power a=3.31",3.31,1.5,100,1.4,1.31120478204324
"power a=3.31",3.31,1.5,100,1.45,1.35531706952622
"power a=3.31",3.31,1.5,100,1.5,1.39837206350528
"power a=3.31",3.31,1.5,100,1.55,1.44032728708913
"power a=3.31",3.31,1.5,100,1.6,1.48114794638922
"power a=3.31",3.31,1.5,100,1.65,1.52080664592132
"power a=3.31",3.31,1.5,100,1.7,1.55928303841859
"power a=3.31",3.31,1.5,100,1.75,1.59656342234954
"power a=3.31",3.31,1.5,100,1.8,1.63264029997816
"power a=3.31",3.31,1.5,100,1.85,1.66751190801998
"power a=3.31",3.31,1.5,100,1.9,1.70118173188637
"power a=3.31",3.31,1.5,100,1.95,1.73365801326442
"power a=3.31",3.31,1.5,100,2,1.76495325945015
"power a=3.31",3.31,1.5,100,2.05,1.7950837615218
"power a=3.31",3.31,1.5,100,2.1,1.82406912716936
"power a=3.31",3.31,1.5,100,2.15,1.85193183281989
"power a=3.31",3.31,1.5,100,2.2,1.8786967986347
"power a=3.31",3.31,1.5,100,2.25,1.90439098900728
"power a=3.31",3.31,1.5,100,2.3,1.9290430403586
"power a=3.31",3.31,1.5,100,2.35,1.95268291730267
"power a=3.31",3.31,1.5,100,2.4,1.97534159763329
"power a=3.31",3.31,1.5,100,2.45,1.99705078605749
"power a=3.31",3.31,1.5,100,2.5,2.01784265616274
"power a=3.31",3.31,1.5,100,2.55,2.03774961975073
"power a=3.31",3.31,1.5,100,2.6,2.05680412239025
"power a=3.31",3.31,1.5,100,2.65,2.07503846383052
"power a=3.31",3.31,1.5,100,2.7,2.09248464176594
"power a=3.31",3.31,1.5,100,2.75,2.10917421734575
"power a=3.31",3.31,1.5,100,2.8,2.12513820077133
"power a=3.31",3.31,1.5,100,2.85,2.14040695531026
"power a=3.31",3.31,1.5,100,2.9,2.15501011807514
"power a=3.31",3.31,1.5,100,2.95,2.16897653595868
"power a=3.31",3.31,1.5,100,3,2.18233421517863
"power a=3.31",3.31,1.5,100,3.05,2.19511028296364
"power a=3.31",3.31,1.5,100,3.1,2.20733095999721
"power a=3.31",3.31,1.5,100,3.15,2.21902154232969
"power a=3.31",3.31,1.5,100,3.2,2.23020639156381
"power a=3.31",3.31,1.5,100,3.25,2.24090893221604
"power a=3.31",3.31,1.5,100,3.3,2.25115165525034
"power a=3.31",3.31,1.5,100,3.35,2.26095612687408
"power a=3.31",3.31,1.5,100,3.4,2.27034300177365
"power a=3.31",3.31,1.5,100,3.45,2.27933204005158
"power a=3.31",3.31,1.5,100,3.5,2.2879421272058
"power a=3.31",3.31,1.5,100,3.55,2.29619129656506
"power a=3.31",3.31,1.5,100,3.6,2.30409675366255
"power a=3.31",3.31,1.5,100,3.65,2.31167490209232
"power a=3.31",3.31,1.5,100,3.7,2.31894137045049
"power a=3.31",3.31,1.5,100,3.75,2.32591104001472
"power a=3.31",3.31,1.5,100,3.8,2.33259807286318
"power a=3.31",3.31,1.5,100,3.85,2.33901594017626
"power a=3.31",3.31,1.5,100,3.9,2.34517745050228
"power a=3.31",3.31,1.5,100,3.95,2.35109477780285
"power a=3.31",3.31,1.5,100,4,2.35677948912329
"power a=3.31",3.31,1.5,100,4.05,2.36224257176059
"power a=3.31",3.31,1.5,100,4.1,2.36749445982492
"power a=3.31",3.31,1.5,100,4.15,2.37254506011136
"power a=3.31",3.31,1.5,100,4.2,2.37740377721673
"power a=3.31",3.31,1.5,100,4.25,2.38207953785209
"power a=3.31",3.31,1.5,100,4.3,2.3865808143152
"power a=3.31",3.31,1.5,100,4.35,2.39091564709878
"power a=3.31",3.31,1.5,100,4.4,2.39509166662068
"power a=3.31",3.31,1.5,100,4.45,2.3991161140705
"power a=3.31",3.31,1.5,100,4.5,2.40299586137427
"power a=3.31",3.31,1.5,100,4.55,2.40673743028514
"power a=3.31",3.31,1.5,100,4.6,2.41034701061268
"power a=3.31",3.31,1.5,100,4.65,2.41383047760758
"power a=3.31",3.31,1.5,100,4.7,2.41719340852195
"power a=3.31",3.31,1.5,100,4.75,2.42044109836793
"power a=3.31",3.31,1.5,100,4.8,2.42357857489904
"power a=3.31",3.31,1.5,100,4.85,2.42661061284066
"power a=3.31",3.31,1.5,100,4.9,2.4295417473969
"power a=3.31",3.31,1.5,100,4.95,2.43237628706134
"power a=3.31",3.31,1.5,100,5,2.43511832576031
"power a=3.31",3.31,1.5,100,5.05,2.4377717543566
"power a=3.31",3.31,1.5,100,5.1,2.44034027154196
"power a=3.31",3.31,1.5,100,5.15,2.44282739414616
"power a=3.31",3.31,1.5,100,5.2,2.4452364668897
"power a=3.31",3.31,1.5,100,5.25,2.44757067160726
"power a=3.31",3.31,1.5,100,5.3,2.44983303596745
"power a=3.31",3.31,1.5,100,5.35,2.45202644171448
"power a=3.31",3.31,1.5,100,5.4,2.45415363245582
"power a=3.31",3.31,1.5,100,5.45,2.45621722101951
"power a=3.31",3.31,1.5,100,5.5,2.45821969640377
"power a=3.31",3.31,1.5,100,5.55,2.4601634303404
"power a=3.31",3.31,1.5,100,5.6,2.46205068349298
"power a=3.31",3.31,1.5,100,5.65,2.4638836113095
"power a=3.31",3.31,1.5,100,5.7,2.46566426954851
"power a=3.31",3.31,1.5,100,5.75,2.46739461949679
"power a=3.31",3.31,1.5,100,5.8,2.46907653289558
"power a=3.31",3.31,1.5,100,5.85,2.4707117965919
"power a=3.31",3.31,1.5,100,5.9,2.47230211693023
"power a=3.31",3.31,1.5,100,5.95,2.47384912389944
"power a=3.31",3.31,1.5,100,6,2.47535437504857
"power a=3.31",3.31,2,100,0,0
"power a=3.31",3.31,2,100,0.05,0.0552326015013859
"power a=3.31",3.31,2,100,0.1,0.111572591932404
"power a=3.31",3.31,2,100,0.15,0.168944690989647
"power a=3.31",3.31,2,100,0.2,0.227269952884529
"power a=3.31",3.31,2,100,0.25,0.286465969377983
"power a=3.31",3.31,2,100,0.3,0.34644704359643
"power a=3.31",3.31,2,100,0.35,0.407124338370127
"power a=3.31",3.31,2,100,0.4,0.468406005454542
"power a=3.31",3.31,2,100,0.45,0.530197305066452
"power a=3.31",3.31,2,100,0.5,0.592400728685016
"power a=3.31",3.31,2,100,0.55,0.654916141900398
"power a=3.31",3.31,2,100,0.6,0.717640967892151
"power a=3.31",3.31,2,100,0.65,0.78047043524198
"power a=3.31",3.31,2,100,0.7,0.843297915238983
"power a=3.31",3.31,2,100,0.75,0.906015372349315
"power a=3.31",3.31,2,100,0.8,0.968513945812227
"power a=3.31",3.31,2,100,0.85,1.03068466961187
"power a=3.31",3.31,2,100,0.9,1.09241932275885
"power a=3.31",3.31,2,100,0.95,1.15361138400183
"power a=3.31",3.31,2,100,1,1.21415704850294
"power a=3.31",3.31,2,100,1.05,1.27395625298399
"power a=3.31",3.31,2,100,1.1,1.33291365360267
"power a=3.31",3.31,2,100,1.15,1.39093950788773
"power a=3.31",3.31,2,100,1.2,1.44795042593441
"power a=3.31",3.31,2,100,1.25,1.50386997233527
"power a=3.31",3.31,2,100,1.3,1.55862911473178
"power a=3.31",3.31,2,100,1.35,1.61216652491783
"power a=3.31",3.31,2,100,1.4,1.66442874380033
"power a=3.31",3.31,2,100,1.45,1.71537022343368
"power a=3.31",3.31,2,100,1.5,1.76495325945015
"power a=3.31",3.31,2,100,1.55,1.81314782680354
"power a=3.31",3.31,2,100,1.6,1.85993133147325
"power a=3.31",3.31,2,100,1.65,1.90528829074633
"power a=3.31",3.31,2,100,1.7,1.94920995473338
"power a=3.31",3.31,2,100,1.75,1.99169388166143
"power a=3.31",3.31,2,100,1.8,2.03274347908133
"power a=3.31",3.31,2,100,1.85,2.0723675223952
"power a=3.31",3.31,2,100,1.9,2.11057966110029
"power a=3.31",3.31,2,100,1.95,2.14739792195199
"power a=3.31",3.31,2,100,2,2.18284421696801
"power a=3.31",3.31,2,100,2.05,2.21694386291346
"power a=3.31",3.31,2,100,2.1,2.24972511767945
"power a=3.31",3.31,2,100,2.15,2.28121873783483
"power a=3.31",3.31,2,100,2.2,2.31145756060512
"power a=3.31",3.31,2,100,2.25,2.34047611262325
"power a=3.31",3.31,2,100,2.3,2.36831024699677
"power a=3.31",3.31,2,100,2.35,2.39499680954356
"power a=3.31",3.31,2,100,2.4,2.42057333445414
"power a=3.31",3.31,2,100,2.45,2.44507776913786
"power a=3.31",3.31,2,100,2.5,2.46854822759535
"power a=3.31",3.31,2,100,2.55,2.49102277132502
"power a=3.31",3.31,2,100,2.6,2.51253921651004
"power a=3.31",3.31,2,100,2.65,2.53313496603697
"power a=3.31",3.31,2,100,2.7,2.55284686476126
"power a=3.31",3.31,2,100,2.75,2.57171107635066
"power a=3.31",3.31,2,100,2.8,2.58976297999706
"power a=3.31",3.31,2,100,2.85,2.60703708528495
"power a=3.31",3.31,2,100,2.9,2.62356696353073
"power a=3.31",3.31,2,100,2.95,2.63938519395904
"power a=3.31",3.31,2,100,3,2.65452332315068
"power a=3.31",3.31,2,100,3.05,2.66901183627948
"power a=3.31",3.31,2,100,3.1,2.68288013874657
"power a=3.31",3.31,2,100,3.15,2.69615654691734
"power a=3.31",3.31,2,100,3.2,2.70886828676527
"power a=3.31",3.31,2,100,3.25,2.72104149932661
"power a=3.31",3.31,2,100,3.3,2.73270125196636
"power a=3.31",3.31,2,100,3.35,2.74387155455146
"power a=3.31",3.31,2,100,3.4,2.7545753797162
"power a=3.31",3.31,2,100,3.45,2.76483468649041
"power a=3.31",3.31,2,100,3.5,2.77467044664115
"power a=3.31",3.31,2,100,3.55,2.78410267315225
"power a=3.31",3.31,2,100,3.6,2.79315045033503
"power a=3.31",3.31,2,100,3.65,2.80183196512631
"power a=3.31",3.31,2,100,3.7,2.81016453918715
"power a=3.31",3.31,2,100,3.75,2.81816466146807
"power a=3.31",3.31,2,100,3.8,2.82584802095337
"power a=3.31",3.31,2,100,3.85,2.83322953933968
"power a=3.31",3.31,2,100,3.9,2.84032340344153
"power a=3.31",3.31,2,100,3.95,2.84714309715087
"power a=3.31",3.31,2,100,4,2.85370143280688
"power a=3.31",3.31,2,100,4.05,2.86001058185944
"power a=3.31",3.31,2,100,4.1,2.86608210473247
"power a=3.31",3.31,2,100,4.15,2.87192697981403
"power a=3.31",3.31,2,100,4.2,2.87755563151728
"power a=3.31",3.31,2,100,4.25,2.88297795737283
"power a=3.31",3.31,2,100,4.3,2.88820335412476
"power a=3.31",3.31,2,100,4.35,2.89324074281536
"power a=3.31",3.31,2,100,4.4,2.89809859285249
"power a=3.31",3.31,2,100,4.45,2.90278494506171
"power a=3.31",3.31,2,100,4.5,2.90730743373236
"power a=3.31",3.31,2,100,4.55,2.91167330767244
"power a=3.31",3.31,2,100,4.6,2.91588945029133
"power a=3.31",3.31,2,100,4.65,2.91996239873381
"power a=3.31",3.31,2,100,4.7,2.92389836209117
"power a=3.31",3.31,2,100,4.75,2.92770323871782
"power a=3.31",3.31,2,100,4.8,2.93138263268347
"power a=3.31",3.31,2,100,4.85,2.93494186939187
"power a=3.31",3.31,2,100,4.9,2.93838601039837
"power a=3.31",3.31,2,100,4.95,2.94171986745835
"power a=3.31",3.31,2,100,5,2.94494801583912
"power a=3.31",3.31,2,100,5.05,2.94807480692758
"power a=3.31",3.31,2,100,5.1,2.95110438016547
"power a=3.31",3.31,2,100,5.15,2.95404067434348
"power a=3.31",3.31,2,100,5.2,2.95688743828517
"power a=3.31",3.31,2,100,5.25,2.95964824095014
"power a=3.31",3.31,2,100,5.3,2.96232648098576
"power a=3.31",3.31,2,100,5.35,2.96492539575531
"power a=3.31",3.31,2,100,5.4,2.96744806986949
"power a=3.31",3.31,2,100,5.45,2.96989744324745
"power a=3.31",3.31,2,100,5.5,2.97227631873217
"power a=3.31",3.31,2,100,5.55,2.97458736928389
"power a=3.31",3.31,2,100,5.6,2.97683314477491
"power a=3.31",3.31,2,100,5.65,2.9790160784069
"power a=3.31",3.31,2,100,5.7,2.98113849277201
"power a=3.31",3.31,2,100,5.75,2.98320260557716
"power a=3.31",3.31,2,100,5.8,2.98521053505062
"power a=3.31",3.31,2,100,5.85,2.98716430504832
"power a=3.31",3.31,2,100,5.9,2.98906584987714
"power a=3.31",3.31,2,100,5.95,2.99091701885095
"power a=3.31",3.31,2,100,6,2.99271958059472
"power a=3.31",3.31,0.5,1000,0,0
"power a=3.31",3.31,0.5,1000,0.05,0.00711947663019035
"power a=3.31",3.31,0.5,1000,0.1,0.0147131302646107
"power a=3.31",3.31,0.5,1000,0.15,0.0228195992698227
"power a=3.31",3.31,0.5,1000,0.2,0.0314810783751204
"power a=3.31",3.31,0.5,1000,0.25,0.0407435611972593
"power a=3.31",3.31,0.5,1000,0.3,0.0506570272682888
"power a=3.31",3.31,0.5,1000,0.35,0.0612755300111092
"power a=3.31",3.31,0.5,1000,0.4,0.0726571297210802
"power a=3.31",3.31,0.5,1000,0.45,0.0848636080401642
"power a=3.31",3.31,0.5,1000,0.5,0.0979599034017571
"power a=3.31",3.31,0.5,1000,0.55,0.112013224004767
"power a=3.31",3.31,0.5,1000,0.6,0.127091822404289
"power a=3.31",3.31,0.5,1000,0.65,0.143263441494946
"power a=3.31",3.31,0.5,1000,0.7,0.160593452248995
"power a=3.31",3.31,0.5,1000,0.75,0.179142698805508
"power a=3.31",3.31,0.5,1000,0.8,0.198965064764514
"power a=3.31",3.31,0.5,1000,0.85,0.22010479901873
"power a=3.31",3.31,0.5,1000,0.9,0.242593695769334
"power a=3.31",3.31,0.5,1000,0.95,0.266448291522536
"power a=3.31",3.31,0.5,1000,1,0.291667290007
"power a=3.31",3.31,0.5,1000,1.05,0.318229431958709
"power a=3.31",3.31,0.5,1000,1.1,0.346091991040599
"power a=3.31",3.31,0.5,1000,1.15,0.375190020666119
"power a=3.31",3.31,0.5,1000,1.2,0.405436425046763
"power a=3.31",3.31,0.5,1000,1.25,0.436722892575259
"power a=3.31",3.31,0.5,1000,1.3,0.468921699323564
"power a=3.31",3.31,0.5,1000,1.35,0.501888344609361
"power a=3.31",3.31,0.5,1000,1.4,0.535464912534204
"power a=3.31",3.31,0.5,1000,1.45,0.569483978445944
"power a=3.31",3.31,0.5,1000,1.5,0.603772822561359
"power a=3.31",3.31,0.5,1000,1.55,0.638157691728919
"power a=3.31",3.31,0.5,1000,1.6,0.672467866232606
"power a=3.31",3.31,0.5,1000,1.65,0.706539331752382
"power a=3.31",3.31,0.5,1000,1.7,0.740217913529596
"power a=3.31",3.31,0.5,1000,1.75,0.773361788847173
"power a=3.31",3.31,0.5,1000,1.8,0.80584334750983
"power a=3.31",3.31,0.5,1000,1.85,0.837550414094385
"power a=3.31",3.31,0.5,1000,1.9,0.868386878859344
"power a=3.31",3.31,0.5,1000,1.95,0.898272806474878
"power a=3.31",3.31,0.5,1000,2,0.927144104255886
"power a=3.31",3.31,0.5,1000,2.05,0.954951836011737
"power a=3.31",3.31,0.5,1000,2.1,0.981661265868026
"power a=3.31",3.31,0.5,1000,2.15,1.00725071034823
"power a=3.31",3.31,0.5,1000,2.2,1.03171026829279
"power a=3.31",3.31,0.5,1000,2.25,1.055040488185
"power a=3.31",3.31,0.5,1000,2.3,1.07725102214107
"power a=3.31",3.31,0.5,1000,2.35,1.09835930587927
"power a=3.31",3.31,0.5,1000,2.4,1.11838929482223
"power a=3.31",3.31,0.5,1000,2.45,1.13737027833031
"power a=3.31",3.31,0.5,1000,2.5,1.15533578700223
"power a=3.31",3.31,0.5,1000,2.55,1.17232260202215
"power a=3.31",3.31,0.5,1000,2.6,1.18836987063521
"power a=3.31",3.31,0.5,1000,2.65,1.20351832792179
"power a=3.31",3.31,0.5,1000,2.7,1.21780962202057
"power a=3.31",3.31,0.5,1000,2.75,1.2312857377169
"power a=3.31",3.31,0.5,1000,2.8,1.24398851175675
"power a=3.31",3.31,0.5,1000,2.85,1.25595923225964
"power a=3.31",3.31,0.5,1000,2.9,1.26723831408179
"power a=3.31",3.31,0.5,1000,2.95,1.27786504182768
"power a=3.31",3.31,0.5,1000,3,1.28787737233785
"power a=3.31",3.31,0.5,1000,3.05,1.29731178881819
"power a=3.31",3.31,0.5,1000,3.1,1.30620319925783
"power a=3.31",3.31,0.5,1000,3.15,1.31458487235683
"power a=3.31",3.31,0.5,1000,3.2,1.32248840480923
"power a=3.31",3.31,0.5,1000,3.25,1.3299437144293
"power a=3.31",3.31,0.5,1000,3.3,1.33697905424455
"power a=3.31",3.31,0.5,1000,3.35,1.34362104329052
"power a=3.31",3.31,0.5,1000,3.4,1.34989471041729
"power a=3.31",3.31,0.5,1000,3.45,1.35582354794869
"power a=3.31",3.31,0.5,1000,3.5,1.36142957251825
"power a=3.31",3.31,0.5,1000,3.55,1.36673339083886
"power a=3.31",3.31,0.5,1000,3.6,1.37175426854754
"power a=3.31",3.31,0.5,1000,3.65,1.37651020060362
"power a=3.31",3.31,0.5,1000,3.7,1.38101798201129
"power a=3.31",3.31,0.5,1000,3.75,1.38529327788926
"power a=3.31",3.31,0.5,1000,3.8,1.38935069212498
"power a=3.31",3.31,0.5,1000,3.85,1.39320383403217
"power a=3.31",3.31,0.5,1000,3.9,1.39686538258232
"power a=3.31",3.31,0.5,1000,3.95,1.40034714790653
"power a=3.31",3.31,0.5,1000,4,1.40366012986793
"power a=3.31",3.31,0.5,1000,4.05,1.40681457358833
"power a=3.31",3.31,0.5,1000,4.1,1.40982002188064
"power a=3.31",3.31,0.5,1000,4.15,1.41268536459177
"power a=3.31",3.31,0.5,1000,4.2,1.41541888490216
"power a=3.31",3.31,0.5,1000,4.25,1.41802830265977
"power a=3.31",3.31,0.5,1000,4.3,1.42052081484984
"power a=3.31",3.31,0.5,1000,4.35,1.42290313331822
"power a=3.31",3.31,0.5,1000,4.4,1.42518151987757
"power a=3.31",3.31,0.5,1000,4.45,1.42736181893227
"power a=3.31",3.31,0.5,1000,4.5,1.42944948776124
"power a=3.31",3.31,0.5,1000,4.55,1.43144962459853
"power a=3.31",3.31,0.5,1000,4.6,1.43336699464953
"power a=3.31",3.31,0.5,1000,4.65,1.43520605417791
"power a=3.31",3.31,0.5,1000,4.7,1.43697097279338
"power a=3.31",3.31,0.5,1000,4.75,1.43866565406553
"power a=3.31",3.31,0.5,1000,4.8,1.44029375458278
"power a=3.31",3.31,0.5,1000,4.85,1.44185870156932
"power a=3.31",3.31,0.5,1000,4.9,1.44336370916665
"power a=3.31",3.31,0.5,1000,4.95,1.44481179347954
"power a=3.31",3.31,0.5,1000,5,1.44620578648024
"power a=3.31",3.31,0.5,1000,5.05,1.44754834885811
"power a=3.31",3.31,0.5,1000,5.1,1.44884198189618
"power a=3.31",3.31,0.5,1000,5.15,1.4500890384501
"power a=3.31",3.31,0.5,1000,5.2,1.45129173309952
"power a=3.31",3.31,0.5,1000,5.25,1.45245215153684
"power a=3.31",3.31,0.5,1000,5.3,1.45357225925307
"power a=3.31",3.31,0.5,1000,5.35,1.45465390957632
"power a=3.31",3.31,0.5,1000,5.4,1.45569885111374
"power a=3.31",3.31,0.5,1000,5.45,1.4567087346441
"power a=3.31",3.31,0.5,1000,5.5,1.45768511950407
"power a=3.31",3.31,0.5,1000,5.55,1.45862947950829
"power a=3.31",3.31,0.5,1000,5.6,1.4595432084395
"power a=3.31",3.31,0.5,1000,5.65,1.46042762514271
"power a=3.31",3.31,0.5,1000,5.7,1.46128397825423
"power a=3.31",3.31,0.5,1000,5.75,1.46211345059386
"power a=3.31",3.31,0.5,1000,5.8,1.46291716324662
"power a=3.31",3.31,0.5,1000,5.85,1.46369617935772
"power a=3.31",3.31,0.5,1000,5.9,1.46445150766307
"power a=3.31",3.31,0.5,1000,5.95,1.46518410577538
"power a=3.31",3.31,0.5,1000,6,1.46589488324454
"power a=3.31",3.31,1,1000,0,0
"power a=3.31",3.31,1,1000,0.05,0.0211727972331999
"power a=3.31",3.31,1,1000,0.1,0.0438450492671426
"power a=3.31",3.31,1,1000,0.15,0.0681231373630115
"power a=3.31",3.31,1,1000,0.2,0.0941146272223584
"power a=3.31",3.31,1,1000,0.25,0.12192635660101
"power a=3.31",3.31,1,1000,0.3,0.151662188631045
"power a=3.31",3.31,1,1000,0.35,0.183420425628082
"power a=3.31",3.31,1,1000,0.4,0.217290922088657
"power a=3.31",3.31,1,1000,0.45,0.253351996160943
"power a=3.31",3.31,1,1000,0.5,0.291667290007001
"power a=3.31",3.31,1,1000,0.55,0.332282752561718
"power a=3.31",3.31,1,1000,0.6,0.375223910043132
"power a=3.31",3.31,1,1000,0.65,0.420493558759308
"power a=3.31",3.31,1,1000,0.7,0.468069973894
"power a=3.31",3.31,1,1000,0.75,0.51790568797901
"power a=3.31",3.31,1,1000,0.8,0.56992686068632
"power a=3.31",3.31,1,1000,0.85,0.624033240226335
"power a=3.31",3.31,1,1000,0.9,0.680098704901781
"power a=3.31",3.31,1,1000,0.95,0.737972366566725
"power a=3.31",3.31,1,1000,1,0.797480209166603
"power a=3.31",3.31,1,1000,1.05,0.85842722028587
"power a=3.31",3.31,1,1000,1.1,0.92059995387145
"power a=3.31",3.31,1,1000,1.15,0.983769449016747
"power a=3.31",3.31,1,1000,1.2,1.0476944351746
"power a=3.31",3.31,1,1000,1.25,1.11212477802068
"power a=3.31",3.31,1,1000,1.3,1.17680514343164
"power a=3.31",3.31,1,1000,1.35,1.24147885530199
"power a=3.31",3.31,1,1000,1.4,1.30589188799179
"power a=3.31",3.31,1,1000,1.45,1.36979688151906
"power a=3.31",3.31,1,1000,1.5,1.43295702341549
"power a=3.31",3.31,1,1000,1.55,1.4951496243389
"power a=3.31",3.31,1,1000,1.6,1.55616922869887
"power a=3.31",3.31,1,1000,1.65,1.61583013869885
"power a=3.31",3.31,1,1000,1.7,1.67396827842063
"power a=3.31",3.31,1,1000,1.75,1.73044237363041
"power a=3.31",3.31,1,1000,1.8,1.78513446624915
"power a=3.31",3.31,1,1000,1.85,1.83794981657189
"power a=3.31",3.31,1,1000,1.9,1.88881627027982
"power a=3.31",3.31,1,1000,1.95,1.93768318140343
"power a=3.31",3.31,1,1000,2,1.98451998785636
"power a=3.31",3.31,1,1000,2.05,2.02931453463213
"power a=3.31",3.31,1,1000,2.1,2.07207123310148
"power a=3.31",3.31,1,1000,2.15,2.11280913486826
"power a=3.31",3.31,1,1000,2.2,2.1515599869116
"power a=3.31",3.31,1,1000,2.25,2.18836632250014
"power a=3.31",3.31,1,1000,2.3,2.22327963049607
"power a=3.31",3.31,1,1000,2.35,2.25635863473715
"power a=3.31",3.31,1,1000,2.4,2.28766770550226
"power a=3.31",3.31,1,1000,2.45,2.31727541675623
"power a=3.31",3.31,1,1000,2.5,2.34525325593832
"power a=3.31",3.31,1,1000,2.55,2.37167448743858
"power a=3.31",3.31,1,1000,2.6,2.39661316649128
"power a=3.31",3.31,1,1000,2.65,2.42014329687686
"power a=3.31",3.31,1,1000,2.7,2.44233812342804
"power a=3.31",3.31,1,1000,2.75,2.46326954874444
"power a=3.31",3.31,1,1000,2.8,2.48300766259954
"power a=3.31",3.31,1,1000,2.85,2.5016203721484
"power a=3.31",3.31,1,1000,2.9,2.51917312109732
"power a=3.31",3.31,1,1000,2.95,2.53572868637461
"power a=3.31",3.31,1,1000,3,2.55134704145434
"power a=3.31",3.31,1,1000,3.05,2.56608527625529
"power a=3.31",3.31,1,1000,3.1,2.57999756440361
"power a=3.31",3.31,1,1000,3.15,2.59313516955869
"power a=3.31",3.31,1,1000,3.2,2.60554648341877
"power a=3.31",3.31,1,1000,3.25,2.6172770889168
"power a=3.31",3.31,1,1000,3.3,2.62836984296776
"power a=3.31",3.31,1,1000,3.35,2.63886497392094
"power a=3.31",3.31,1,1000,3.4,2.64880018959785
"power a=3.31",3.31,1,1000,3.45,2.65821079245346
"power a=3.31",3.31,1,1000,3.5,2.66712979898443
"power a=3.31",3.31,1,1000,3.55,2.67558806102543
"power a=3.31",3.31,1,1000,3.6,2.68361438702642
"power a=3.31",3.31,1,1000,3.65,2.69123566179363
"power a=3.31",3.31,1,1000,3.7,2.69847696351169
"power a=3.31",3.31,1,1000,3.75,2.70536167714728
"power a=3.31",3.31,1,1000,3.8,2.71191160357306
"power a=3.31",3.31,1,1000,3.85,2.71814706394864
"power a=3.31",3.31,1,1000,3.9,2.72408699905813
"power a=3.31",3.31,1,1000,3.95,2.72974906343704
"power a=3.31",3.31,1,1000,4,2.73514971422742
"power a=3.31",3.31,1,1000,4.05,2.7403042947851
"power a=3.31",3.31,1,1000,4.1,2.74522711312841
"power a=3.31",3.31,1,1000,4.15,2.74993151536792
"power a=3.31",3.31,1,1000,4.2,2.75442995429377
"power a=3.31",3.31,1,1000,4.25,2.75873405332354
"power a=3.31",3.31,1,1000,4.3,2.76285466603086
"power a=3.31",3.31,1,1000,4.35,2.76680193148579
"power a=3.31",3.31,1,1000,4.4,2.77058532564247
"power a=3.31",3.31,1,1000,4.45,2.77421370901006
"power a=3.31",3.31,1,1000,4.5,2.77769537083973
"power a=3.31",3.31,1,1000,4.55,2.78103807005488
"power a=3.31",3.31,1,1000,4.6,2.78424907314396
"power a=3.31",3.31,1,1000,4.65,2.78733518922625
"power a=3.31",3.31,1,1000,4.7,2.79030280249114
"power a=3.31",3.31,1,1000,4.75,2.79315790220061
"power a=3.31",3.31,1,1000,4.8,2.7959061104341
"power a=3.31",3.31,1,1000,4.85,2.79855270774389
"power a=3.31",3.31,1,1000,4.9,2.80110265687864
"power a=3.31",3.31,1,1000,4.95,2.80356062472188
"power a=3.31",3.31,1,1000,5,2.80593100258256
"power a=3.31",3.31,1,1000,5.05,2.80821792496465
"power a=3.31",3.31,1,1000,5.1,2.81042528693392
"power a=3.31",3.31,1,1000,5.15,2.81255676019105
"power a=3.31",3.31,1,1000,5.2,2.814615807952
"power a=3.31",3.31,1,1000,5.25,2.81660569872895
"power a=3.31",3.31,1,1000,5.3,2.81852951909794
"power a=3.31",3.31,1,1000,5.35,2.82039018553229
"power a=3.31",3.31,1,1000,5.4,2.82219045537506
"power a=3.31",3.31,1,1000,5.45,2.82393293701771
"power a=3.31",3.31,1,1000,5.5,2.82562009934686
"power a=3.31",3.31,1,1000,5.55,2.82725428051597
"power a=3.31",3.31,1,1000,5.6,2.82883769609444
"power a=3.31",3.31,1,1000,5.65,2.83037244664207
"power a=3.31",3.31,1,1000,5.7,2.83186052475321
"power a=3.31",3.31,1,1000,5.75,2.83330382161114
"power a=3.31",3.31,1,1000,5.8,2.83470413309018
"power a=3.31",3.31,1,1000,5.85,2.83606316543969
"power a=3.31",3.31,1,1000,5.9,2.83738254058169
"power a=3.31",3.31,1,1000,5.95,2.83866380105098
"power a=3.31",3.31,1,1000,6,2.83990841460464
"power a=3.31",3.31,1.5,1000,0,0
"power a=3.31",3.31,1.5,1000,0.05,0.0477349391849081
"power a=3.31",3.31,1.5,1000,0.1,0.0982697503007418
"power a=3.31",3.31,1.5,1000,0.15,0.15164586802213
"power a=3.31",3.31,1.5,1000,0.2,0.20788376226212
"power a=3.31",3.31,1.5,1000,0.25,0.266981959169269
"power a=3.31",3.31,1.5,1000,0.3,0.328916597947609
"power a=3.31",3.31,1.5,1000,0.35,0.393641480230444
"power a=3.31",3.31,1.5,1000,0.4,0.46108854461586
"power a=3.31",3.31,1.5,1000,0.45,0.531168684599887
"power a=3.31",3.31,1.5,1000,0.5,0.60377282256136
"power a=3.31",3.31,1.5,1000,0.55,0.678773154283636
"power a=3.31",3.31,1.5,1000,0.6,0.756024486268738
"power a=3.31",3.31,1.5,1000,0.65,0.835365600504692
"power a=3.31",3.31,1.5,1000,0.7,0.916620597416595
"power a=3.31",3.31,1.5,1000,0.75,0.999600186819181
"power a=3.31",3.31,1.5,1000,0.8,1.08410291818915
"power a=3.31",3.31,1.5,1000,0.85,1.16991636431372
"power a=3.31",3.31,1.5,1000,0.9,1.25681829375412
"power a=3.31",3.31,1.5,1000,0.95,1.3445778830346
"power a=3.31",3.31,1.5,1000,1,1.43295702341549
"power a=3.31",3.31,1.5,1000,1.05,1.5217117662906
"power a=3.31",3.31,1.5,1000,1.1,1.61059392973247
"power a=3.31",3.31,1.5,1000,1.15,1.69935286935797
"power a=3.31",3.31,1.5,1000,1.2,1.78773741346039
"power a=3.31",3.31,1.5,1000,1.25,1.87549797619867
"power a=3.31",3.31,1.5,1000,1.3,1.96238887556571
"power a=3.31",3.31,1.5,1000,1.35,2.04817087117426
"power a=3.31",3.31,1.5,1000,1.4,2.13261389280702
"power a=3.31",3.31,1.5,1000,1.45,2.21549986984237
"power a=3.31",3.31,1.5,1000,1.5,2.29662552041072
"power a=3.31",3.31,1.5,1000,1.55,2.37580493635405
"power a=3.31",3.31,1.5,1000,1.6,2.45287180932709
"power a=3.31",3.31,1.5,1000,1.65,2.52768117661365
"power a=3.31",3.31,1.5,1000,1.7,2.6001106104342
"power a=3.31",3.31,1.5,1000,1.75,2.67006082134031
"power a=3.31",3.31,1.5,1000,1.8,2.73745568799889
"power a=3.31",3.31,1.5,1000,1.85,2.80224175882453
"power a=3.31",3.31,1.5,1000,1.9,2.8643872943546
"power a=3.31",3.31,1.5,1000,1.95,2.9238809332241
"power a=3.31",3.31,1.5,1000,2,2.9807300701872
"power a=3.31",3.31,1.5,1000,2.05,3.03495903344331
"power a=3.31",3.31,1.5,1000,2.1,3.08660714235231
"power a=3.31",3.31,1.5,1000,2.15,3.13572671721809
"power a=3.31",3.31,1.5,1000,2.2,3.18238110171384
"power a=3.31",3.31,1.5,1000,2.25,3.22664274692243
"power a=3.31",3.31,1.5,1000,2.3,3.26859139473361
"power a=3.31",3.31,1.5,1000,2.35,3.30831238802067
"power a=3.31",3.31,1.5,1000,2.4,3.34589512591255
"power a=3.31",3.31,1.5,1000,2.45,3.38143167469792
"power a=3.31",3.31,1.5,1000,2.5,3.41501553844957
"power a=3.31",3.31,1.5,1000,2.55,3.44674058827044
"power a=3.31",3.31,1.5,1000,2.6,3.47670014503182
"power a=3.31",3.31,1.5,1000,2.65,3.50498620747348
"power a=3.31",3.31,1.5,1000,2.7,3.53168881543233
"power a=3.31",3.31,1.5,1000,2.75,3.5568955366267
"power a=3.31",3.31,1.5,1000,2.8,3.58069106471752
"power a=3.31",3.31,1.5,1000,2.85,3.60315691617358
"power a=3.31",3.31,1.5,1000,2.9,3.62437121367264
"power a=3.31",3.31,1.5,1000,2.95,3.64440854427413
"power a=3.31",3.31,1.5,1000,3,3.66333988131527
"power a=3.31",3.31,1.5,1000,3.05,3.68123255983661
"power a=3.31",3.31,1.5,1000,3.1,3.69815029627724
"power a=3.31",3.31,1.5,1000,3.15,3.71415324414346
"power a=3.31",3.31,1.5,1000,3.2,3.72929807831392
"power a=3.31",3.31,1.5,1000,3.25,3.74363810156957
"power a=3.31",3.31,1.5,1000,3.3,3.75722336781061
"power a=3.31",3.31,1.5,1000,3.35,3.77010081723216
"power a=3.31",3.31,1.5,1000,3.4,3.78231441946841
"power a=3.31",3.31,1.5,1000,3.45,3.79390532137873
"power a=3.31",3.31,1.5,1000,3.5,3.80491199673867
"power a=3.31",3.31,1.5,1000,3.55,3.81537039561696
"power a=3.31",3.31,1.5,1000,3.6,3.82531409166894
"power a=3.31",3.31,1.5,1000,3.65,3.83477442596453
"power a=3.31",3.31,1.5,1000,3.7,3.84378064629806
"power a=3.31",3.31,1.5,1000,3.75,3.85236004120581
"power a=3.31",3.31,1.5,1000,3.8,3.86053806814884
"power a=3.31",3.31,1.5,1000,3.85,3.86833847551096
"power a=3.31",3.31,1.5,1000,3.9,3.87578341821778
"power a=3.31",3.31,1.5,1000,3.95,3.88289356690958
"power a=3.31",3.31,1.5,1000,4,3.88968821070067
"power a=3.31",3.31,1.5,1000,4.05,3.89618535363621
"power a=3.31",3.31,1.5,1000,4.1,3.90240180501759
"power a=3.31",3.31,1.5,1000,4.15,3.90835326381101
"power a=3.31",3.31,1.5,1000,4.2,3.91405439738629
"power a=3.31",3.31,1.5,1000,4.25,3.91951891485339
"power a=3.31",3.31,1.5,1000,4.3,3.92475963527694
"power a=3.31",3.31,1.5,1000,4.35,3.92978855105511
"power a=3.31",3.31,1.5,1000,4.4,3.93461688674921
"power a=3.31",3.31,1.5,1000,4.45,3.93925515364715
"power a=3.31",3.31,1.5,1000,4.5,3.94371320033681
"power a=3.31",3.31,1.5,1000,4.55,3.94800025955617
"power a=3.31",3.31,1.5,1000,4.6,3.95212499157645
"power a=3.31",3.31,1.5,1000,4.65,3.95609552436196
"power a=3.31",3.31,1.5,1000,4.7,3.95991949073837
"power a=3.31",3.31,1.5,1000,4.75,3.96360406278747
"power a=3.31",3.31,1.5,1000,4.8,3.96715598367372
"power a=3.31",3.31,1.5,1000,4.85,3.97058159709461
"power a=3.31",3.31,1.5,1000,4.9,3.97388687453471
"power a=3.31",3.31,1.5,1000,4.95,3.97707744049026
"power a=3.31",3.31,1.5,1000,5,3.9801585958201
"power a=3.31",3.31,1.5,1000,5.05,3.98313533936708
"power a=3.31",3.31,1.5,1000,5.1,3.98601238798361
"power a=3.31",3.31,1.5,1000,5.15,3.98879419508516
"power a=3.31",3.31,1.5,1000,5.2,3.99148496784573
"power a=3.31",3.31,1.5,1000,5.25,3.99408868314098
"power a=3.31",3.31,1.5,1000,5.3,3.99660910233625
"power a=3.31",3.31,1.5,1000,5.35,3.99904978500901
"power a=3.31",3.31,1.5,1000,5.4,4.00141410168843
"power a=3.31",3.31,1.5,1000,5.45,4.00370524568808
"power a=3.31",3.31,1.5,1000,5.5,4.00592624410172
"power a=3.31",3.31,1.5,1000,5.55,4.00807996802646
"power a=3.31",3.31,1.5,1000,5.6,4.01016914207267
"power a=3.31",3.31,1.5,1000,5.65,4.01219635321487
"power a=3.31",3.31,1.5,1000,5.7,4.01416405903394
"power a=3.31",3.31,1.5,1000,5.75,4.01607459539644
"power a=3.31",3.31,1.5,1000,5.8,4.01793018361362
"power a=3.31",3.31,1.5,1000,5.85,4.01973293711895
"power a=3.31",3.31,1.5,1000,5.9,4.02148486770003
"power a=3.31",3.31,1.5,1000,5.95,4.02318789131794
"power a=3.31",3.31,1.5,1000,6,4.02484383354437
"power a=3.31",3.31,2,1000,0,0
"power a=3.31",3.31,2,1000,0.05,0.0821198083524664
"power a=3.31",3.31,2,1000,0.1,0.166964793971989
"power a=3.31",3.31,2,1000,0.15,0.254412377213154
"power a=3.31",3.31,2,1000,0.2,0.344328853230354
"power a=3.31",3.31,2,1000,0.25,0.436570925455081
"power a=3.31",3.31,2,1000,0.3,0.530987122896078
"power a=3.31",3.31,2,1000,0.35,0.627419071763468
"power a=3.31",3.31,2,1000,0.4,0.725702600913844
"power a=3.31",3.31,2,1000,0.45,0.825668668513404
"power a=3.31",3.31,2,1000,0.5,0.927144104255887
"power a=3.31",3.31,2,1000,0.55,1.02995216773401
"power a=3.31",3.31,2,1000,0.6,1.1339129295754
"power a=3.31",3.31,2,1000,0.65,1.23884348829156
"power a=3.31",3.31,2,1000,0.7,1.34455804314802
"power a=3.31",3.31,2,1000,0.75,1.45086785244282
"power a=3.31",3.31,2,1000,0.8,1.55758111776886
"power a=3.31",3.31,2,1000,0.85,1.66450284763163
"power a=3.31",3.31,2,1000,0.9,1.77143476601499
"power a=3.31",3.31,2,1000,0.95,1.87817533880355
"power a=3.31",3.31,2,1000,1,1.98451998785636
"power a=3.31",3.31,2,1000,1.05,2.09026154575139
"power a=3.31",3.31,2,1000,1.1,2.19519097780633
"power a=3.31",3.31,2,1000,1.15,2.29909837471841
"power a=3.31",3.31,2,1000,1.2,2.4017742129196
"power a=3.31",3.31,2,1000,1.25,2.50301089135421
"power a=3.31",3.31,2,1000,1.3,2.6026045647611
"power a=3.31",3.31,2,1000,1.35,2.70035728087253
"power a=3.31",3.31,2,1000,1.4,2.79607938432745
"power a=3.31",3.31,2,1000,1.45,2.88959208910869
"power a=3.31",3.31,2,1000,1.5,2.9807300701872
"power a=3.31",3.31,2,1000,1.55,3.06934390261088
"power a=3.31",3.31,2,1000,1.6,3.15530218602355
"power a=3.31",3.31,2,1000,1.65,3.23849322640911
"power a=3.31",3.31,2,1000,1.7,3.31882619268207
"power a=3.31",3.31,2,1000,1.75,3.39623171320825
"power a=3.31",3.31,2,1000,1.8,3.47066191968208
"power a=3.31",3.31,2,1000,1.85,3.5420899795537
"power a=3.31",3.31,2,1000,1.9,3.61050918221053
"power a=3.31",3.31,2,1000,1.95,3.67593165861144
"power a=3.31",3.31,2,1000,2,3.7383868201441
"power a=3.31",3.31,2,1000,2.05,3.79791960172081
"power a=3.31",3.31,2,1000,2.1,3.85458858833849
"power a=3.31",3.31,2,1000,2.15,3.90846409526035
"power a=3.31",3.31,2,1000,2.2,3.95962626116376
"power a=3.31",3.31,2,1000,2.25,4.00816320225034
"power a=3.31",3.31,2,1000,2.3,4.05416926429723
"power a=3.31",3.31,2,1000,2.35,4.09774339949149
"power a=3.31",3.31,2,1000,2.4,4.1389876859335
"power a=3.31",3.31,2,1000,2.45,4.17800600004309
"power a=3.31",3.31,2,1000,2.5,4.21490284575614
"power a=3.31",3.31,2,1000,2.55,4.2497823392974
"power a=3.31",3.31,2,1000,2.6,4.2827473443511
"power a=3.31",3.31,2,1000,2.65,4.31389874950389
"power a=3.31",3.31,2,1000,2.7,4.34333487777313
"power a=3.31",3.31,2,1000,2.75,4.37115101672511
"power a=3.31",3.31,2,1000,2.8,4.39743905700601
"power a=3.31",3.31,2,1000,2.85,4.42228722693044
"power a=3.31",3.31,2,1000,2.9,4.44577991098885
"power a=3.31",3.31,2,1000,2.95,4.46799754064504
"power a=3.31",3.31,2,1000,3,4.48901654651516
"power a=3.31",3.31,2,1000,3.05,4.50890936187379
"power a=3.31",3.31,2,1000,3.1,4.52774446836541
"power a=3.31",3.31,2,1000,3.15,4.54558647576
"power a=3.31",3.31,2,1000,3.2,4.56249622854593
"power a=3.31",3.31,2,1000,3.25,4.57853093307374
"power a=3.31",3.31,2,1000,3.3,4.59374429983203
"power a=3.31",3.31,2,1000,3.35,4.60818669624013
"power a=3.31",3.31,2,1000,3.4,4.6219053060737
"power a=3.31",3.31,2,1000,3.45,4.63494429229691
"power a=3.31",3.31,2,1000,3.5,4.64734496065755
"power a=3.31",3.31,2,1000,3.55,4.65914592191371
"power a=3.31",3.31,2,1000,3.6,4.67038325100377
"power a=3.31",3.31,2,1000,3.65,4.68109064185327
"power a=3.31",3.31,2,1000,3.7,4.69129955683623
"power a=3.31",3.31,2,1000,3.75,4.70103937018129
"power a=3.31",3.31,2,1000,3.8,4.71033750484056
"power a=3.31",3.31,2,1000,3.85,4.71921956252593
"power a=3.31",3.31,2,1000,3.9,4.72770944677016
"power a=3.31",3.31,2,1000,3.95,4.73582947899231
"power a=3.31",3.31,2,1000,4,4.74360050764338
"power a=3.31",3.31,2,1000,4.05,4.75104201058315
"power a=3.31",3.31,2,1000,4.1,4.75817219089572
"power a=3.31",3.31,2,1000,4.15,4.76500806639236
"power a=3.31",3.31,2,1000,4.2,4.77156555307916
"power a=3.31",3.31,2,1000,4.25,4.77785954288589
"power a=3.31",3.31,2,1000,4.3,4.7839039759622
"power a=3.31",3.31,2,1000,4.35,4.78971190785146
"power a=3.31",3.31,2,1000,4.4,4.79529557185091
"power a=3.31",3.31,2,1000,4.45,4.80066643686116
"power a=3.31",3.31,2,1000,4.5,4.80583526101999
"power a=3.31",3.31,2,1000,4.55,4.81081214140425
"power a=3.31",3.31,2,1000,4.6,4.81560656007179
"power a=3.31",3.31,2,1000,4.65,4.82022742670171
"power a=3.31",3.31,2,1000,4.7,4.82468311807774
"power a=3.31",3.31,2,1000,4.75,4.82898151464516
"power a=3.31",3.31,2,1000,4.8,4.83313003435767
"power a=3.31",3.31,2,1000,4.85,4.83713566401698
"power a=3.31",3.31,2,1000,4.9,4.84100498829372
"power a=3.31",3.31,2,1000,4.95,4.84474421660627
"power a=3.31",3.31,2,1000,5,4.8483592080206
"power a=3.31",3.31,2,1000,5.05,4.85185549432321
"power a=3.31",3.31,2,1000,5.1,4.85523830140749
"power a=3.31",3.31,2,1000,5.15,4.8585125691036
"power a=3.31",3.31,2,1000,5.2,4.8616829695721
"power a=3.31",3.31,2,1000,5.25,4.86475392437192
"power a=3.31",3.31,2,1000,5.3,4.86772962030534
"power a=3.31",3.31,2,1000,5.35,4.87061402413392
"power a=3.31",3.31,2,1000,5.4,4.87341089625241
"power a=3.31",3.31,2,1000,5.45,4.87612380340067
"power a=3.31",3.31,2,1000,5.5,4.87875613048708
"power a=3.31",3.31,2,1000,5.55,4.88131109159121
"power a=3.31",3.31,2,1000,5.6,4.88379174020839
"power a=3.31",3.31,2,1000,5.65,4.88620097879312
"power a=3.31",3.31,2,1000,5.7,4.8885415676545
"power a=3.31",3.31,2,1000,5.75,4.89081613325204
"power a=3.31",3.31,2,1000,5.8,4.89302717593654
"power a=3.31",3.31,2,1000,5.85,4.89517707717734
"power a=3.31",3.31,2,1000,5.9,4.89726810631368
"power a=3.31",3.31,2,1000,5.95,4.89930242686502
"power a=3.31",3.31,2,1000,6,4.90128210243257
"power a=3.31",3.31,0.5,10000,0,0
"power a=3.31",3.31,0.5,10000,0.05,0.0070384969285567
"power a=3.31",3.31,0.5,10000,0.1,0.0145426469440147
"power a=3.31",3.31,0.5,10000,0.15,0.0225507942278521
"power a=3.31",3.31,0.5,10000,0.2,0.0311051877611443
"power a=3.31",3.31,0.5,10000,0.25,0.0402524496629899
"power a=3.31",3.31,0.5,10000,0.3,0.0500440984863842
"power a=3.31",3.31,0.5,10000,0.35,0.0605371270194028
"power a=3.31",3.31,0.5,10000,0.4,0.0717946278173234
"power a=3.31",3.31,0.5,10000,0.45,0.083886448591723
"power a=3.31",3.31,0.5,10000,0.5,0.0968898414173424
"power a=3.31",3.31,0.5,10000,0.55,0.110890042168928
"power a=3.31",3.31,0.5,10000,0.6,0.125980678744966
"power a=3.31",3.31,0.5,10000,0.65,0.142263861749983
"power a=3.31",3.31,0.5,10000,0.7,0.159849770621736
"power a=3.31",3.31,0.5,10000,0.75,0.178855532748914
"power a=3.31",3.31,0.5,10000,0.8,0.199403227935257
"power a=3.31",3.31,0.5,10000,0.85,0.221616946784784
"power a=3.31",3.31,0.5,10000,0.9,0.245618965377805
"power a=3.31",3.31,0.5,10000,0.95,0.271525212506923
"power a=3.31",3.31,0.5,10000,1,0.299440249433979
"power a=3.31",3.31,0.5,10000,1.05,0.32945196151282
"power a=3.31",3.31,0.5,10000,1.1,0.361626136250577
"power a=3.31",3.31,0.5,10000,1.15,0.396001129627608
"power a=3.31",3.31,0.5,10000,1.2,0.432582903894944
"power a=3.31",3.31,0.5,10000,1.25,0.471340807002781
"power a=3.31",3.31,0.5,10000,1.3,0.512204493955456
"power a=3.31",3.31,0.5,10000,1.35,0.55506232594493
"power a=3.31",3.31,0.5,10000,1.4,0.599761437234048
"power a=3.31",3.31,0.5,10000,1.45,0.646109494831386
"power a=3.31",3.31,0.5,10000,1.5,0.693878059631254
"power a=3.31",3.31,0.5,10000,1.55,0.742807406769691
"power a=3.31",3.31,0.5,10000,1.6,0.792612636809446
"power a=3.31",3.31,0.5,10000,1.65,0.842990860371433
"power a=3.31",3.31,0.5,10000,1.7,0.893629157733425
"power a=3.31",3.31,0.5,10000,1.75,0.9442129276914
"power a=3.31",3.31,0.5,10000,1.8,0.994434179560995
"power a=3.31",3.31,0.5,10000,1.85,1.04399931045325
"power a=3.31",3.31,0.5,10000,1.9,1.09263595380564
"power a=3.31",3.31,0.5,10000,1.95,1.1400985774059
"power a=3.31",3.31,0.5,10000,2,1.18617263167748
"power a=3.31",3.31,0.5,10000,2.05,1.23067717896455
"power a=3.31",3.31,0.5,10000,2.1,1.27346605166255
"power a=3.31",3.31,0.5,10000,2.15,1.31442767833841
"power a=3.31",3.31,0.5,10000,2.2,1.35348377779006
"power a=3.31",3.31,0.5,10000,2.25,1.3905871529186
"power a=3.31",3.31,0.5,10000,2.3,1.42571882430738
"power a=3.31",3.31,0.5,10000,2.35,1.45888473347455
"power a=3.31",3.31,0.5,10000,2.4,1.49011222347723
"power a=3.31",3.31,0.5,10000,2.45,1.51944647462764
"power a=3.31",3.31,0.5,10000,2.5,1.54694703937317
"power a=3.31",3.31,0.5,10000,2.55,1.5726845859418
"power a=3.31",3.31,0.5,10000,2.6,1.59673792749975
"power a=3.31",3.31,0.5,10000,2.65,1.61919138399688
"power a=3.31",3.31,0.5,10000,2.7,1.64013249865585
"power a=3.31",3.31,0.5,10000,2.75,1.65965011070771
"power a=3.31",3.31,0.5,10000,2.8,1.67783277053189
"power a=3.31",3.31,0.5,10000,2.85,1.6947674725041
"power a=3.31",3.31,0.5,10000,2.9,1.71053867402974
"power a=3.31",3.31,0.5,10000,2.95,1.72522756575248
"power a=3.31",3.31,0.5,10000,3,1.73891155704966
"power a=3.31",3.31,0.5,10000,3.05,1.75166394196533
"power a=3.31",3.31,0.5,10000,3.1,1.76355371307474
"power a=3.31",3.31,0.5,10000,3.15,1.77464549391
"power a=3.31",3.31,0.5,10000,3.2,1.78499956410355
"power a=3.31",3.31,0.5,10000,3.25,1.79467195502413
"power a=3.31",3.31,0.5,10000,3.3,1.80371459718167
"power a=3.31",3.31,0.5,10000,3.35,1.8121755039257
"power a=3.31",3.31,0.5,10000,3.4,1.82009897888305
"power a=3.31",3.31,0.5,10000,3.45,1.82752583713845
"power a=3.31",3.31,0.5,10000,3.5,1.83449363235545
"power a=3.31",3.31,0.5,10000,3.55,1.84103688388023
"power a=3.31",3.31,0.5,10000,3.6,1.8471872993982
"power a=3.31",3.31,0.5,10000,3.65,1.85297398995558
"power a=3.31",3.31,0.5,10000,3.7,1.85842367515564
"power a=3.31",3.31,0.5,10000,3.75,1.86356087712556
"power a=3.31",3.31,0.5,10000,3.8,1.86840810246113
"power a=3.31",3.31,0.5,10000,3.85,1.8729860118225
"power a=3.31",3.31,0.5,10000,3.9,1.8773135772018
"power a=3.31",3.31,0.5,10000,3.95,1.88140822713651
"power a=3.31",3.31,0.5,10000,4,1.88528598032008
"power a=3.31",3.31,0.5,10000,4.05,1.88896156817982
"power a=3.31",3.31,0.5,10000,4.1,1.89244854706517
"power a=3.31",3.31,0.5,10000,4.15,1.89575940072819
"power a=3.31",3.31,0.5,10000,4.2,1.89890563379013
"power a=3.31",3.31,0.5,10000,4.25,1.9018978568823
"power a=3.31",3.31,0.5,10000,4.3,1.90474586412914
"power a=3.31",3.31,0.5,10000,4.35,1.90745870361287
"power a=3.31",3.31,0.5,10000,4.4,1.91004474142416
"power a=3.31",3.31,0.5,10000,4.45,1.91251171986521
"power a=3.31",3.31,0.5,10000,4.5,1.91486681033176
"power a=3.31",3.31,0.5,10000,4.55,1.91711666136087
"power a=3.31",3.31,0.5,10000,4.6,1.91926744229213
"power a=3.31",3.31,0.5,10000,4.65,1.92132488295234
"power a=3.31",3.31,0.5,10000,4.7,1.9232943097379
"power a=3.31",3.31,0.5,10000,4.75,1.92518067843586
"power a=3.31",3.31,0.5,10000,4.8,1.92698860409285
"power a=3.31",3.31,0.5,10000,4.85,1.92872238821284
"power a=3.31",3.31,0.5,10000,4.9,1.93038604353735
"power a=3.31",3.31,0.5,10000,4.95,1.93198331663813
"power a=3.31",3.31,0.5,10000,5,1.9335177085295
"power a=3.31",3.31,0.5,10000,5.05,1.93499249348776
"power a=3.31",3.31,0.5,10000,5.1,1.93641073624654
"power a=3.31",3.31,0.5,10000,5.15,1.93777530772052
"power a=3.31",3.31,0.5,10000,5.2,1.93908889939489
"power a=3.31",3.31,0.5,10000,5.25,1.94035403650456
"power a=3.31",3.31,0.5,10000,5.3,1.9415730901146
"power a=3.31",3.31,0.5,10000,5.35,1.94274828820304
"power a=3.31",3.31,0.5,10000,5.4,1.94388172583658
"power a=3.31",3.31,0.5,10000,5.45,1.9449753745215
"power a=3.31",3.31,0.5,10000,5.5,1.9460310908038
"power a=3.31",3.31,0.5,10000,5.55,1.94705062418531
"power a=3.31",3.31,0.5,10000,5.6,1.94803562441651
"power a=3.31",3.31,0.5,10000,5.65,1.94898764822044
"power a=3.31",3.31,0.5,10000,5.7,1.94990816549741
"power a=3.31",3.31,0.5,10000,5.75,1.95079856505515
"power a=3.31",3.31,0.5,10000,5.8,1.95166015990497
"power a=3.31",3.31,0.5,10000,5.85,1.95249419216085
"power a=3.31",3.31,0.5,10000,5.9,1.95330183757467
"power a=3.31",3.31,0.5,10000,5.95,1.95408420973791
"power a=3.31",3.31,0.5,10000,6,1.9548423639775
"power a=3.31",3.31,1,10000,0,0
"power a=3.31",3.31,1,10000,0.05,0.0210386976801424
"power a=3.31",3.31,1,10000,0.1,0.0436334842716383
"power a=3.31",3.31,1,10000,0.15,0.0679248145604928
"power a=3.31",3.31,1,10000,0.2,0.0940651169655381
"power a=3.31",3.31,1,10000,0.25,0.122218140994562
"power a=3.31",3.31,1,10000,0.3,0.152557485004299
"power a=3.31",3.31,1,10000,0.35,0.185264232386844
"power a=3.31",3.31,1,10000,0.4,0.220523751777786
"power a=3.31",3.31,1,10000,0.45,0.258521819681304
"power a=3.31",3.31,1,10000,0.5,0.299440249433979
"power a=3.31",3.31,1,10000,0.55,0.343452162264405
"power a=3.31",3.31,1,10000,0.6,0.390716973578201
"power a=3.31",3.31,1,10000,0.65,0.441375149960249
"power a=3.31",3.31,1,10000,0.7,0.495542833099337
"power a=3.31",3.31,1,10000,0.75,0.553306498334354
"power a=3.31",3.31,1,10000,0.8,0.61471788047337
"power a=3.31",3.31,1,10000,0.85,0.679789431312371
"power a=3.31",3.31,1,10000,0.9,0.74849056119451
"power a=3.31",3.31,1,10000,0.95,0.820744865920967
"power a=3.31",3.31,1,10000,1,0.896428467647891
"power a=3.31",3.31,1,10000,1.05,0.975369526865168
"power a=3.31",3.31,1,10000,1.1,1.05734893164268
"power a=3.31",3.31,1,10000,1.15,1.1421021485817
"power a=3.31",3.31,1,10000,1.2,1.22932222021103
"power a=3.31",3.31,1,10000,1.25,1.31866389327684
"power a=3.31",3.31,1,10000,1.3,1.40974883209911
"power a=3.31",3.31,1,10000,1.35,1.50217179498084
"power a=3.31",3.31,1,10000,1.4,1.59550754962235
"power a=3.31",3.31,1,10000,1.45,1.68931823081994
"power a=3.31",3.31,1,10000,1.5,1.78316084989139
"power a=3.31",3.31,1,10000,1.55,1.8765947443169
"power a=3.31",3.31,1,10000,1.6,1.96918884705465
"power a=3.31",3.31,1,10000,1.65,2.06052869729251
"power a=3.31",3.31,1,10000,1.7,2.15022309410615
"power a=3.31",3.31,1,10000,1.75,2.23791023919266
"power a=3.31",3.31,1,10000,1.8,2.32326316245103
"power a=3.31",3.31,1,10000,1.85,2.40599420251045
"power a=3.31",3.31,1,10000,1.9,2.48585833586553
"power a=3.31",3.31,1,10000,1.95,2.56265521061619
"power a=3.31",3.31,1,10000,2,2.63622982963331
"power a=3.31",3.31,1,10000,2.05,2.70647192348901
"power a=3.31",3.31,1,10000,2.1,2.77331413774495
"power a=3.31",3.31,1,10000,2.15,2.83672922091795
"power a=3.31",3.31,1,10000,2.2,2.89672643502858
"power a=3.31",3.31,1,10000,2.25,2.95334742220897
"power a=3.31",3.31,1,10000,2.3,3.00666175342193
"power a=3.31",3.31,1,10000,2.35,3.05676236456131
"power a=3.31",3.31,1,10000,2.4,3.10376105608963
"power a=3.31",3.31,1,10000,2.45,3.14778419896277
"power a=3.31",3.31,1,10000,2.5,3.18896875500549
"power a=3.31",3.31,1,10000,2.55,3.22745868648979
"power a=3.31",3.31,1,10000,2.6,3.26340179915714
"power a=3.31",3.31,1,10000,2.65,3.29694703648954
"power a=3.31",3.31,1,10000,2.7,3.32824222134206
"power a=3.31",3.31,1,10000,2.75,3.3574322243145
"power a=3.31",3.31,1,10000,2.8,3.38465752629622
"power a=3.31",3.31,1,10000,2.85,3.41005313501246
"power a=3.31",3.31,1,10000,2.9,3.43374781149544
"power a=3.31",3.31,1,10000,2.95,3.45586356147359
"power a=3.31",3.31,1,10000,3,3.47651534798776
"power a=3.31",3.31,1,10000,3.05,3.49581098442823
"power a=3.31",3.31,1,10000,3.1,3.51385117105559
"power a=3.31",3.31,1,10000,3.15,3.53072964244824
"power a=3.31",3.31,1,10000,3.2,3.54653339784184
"power a=3.31",3.31,1,10000,3.25,3.56134299073235
"power a=3.31",3.31,1,10000,3.3,3.57523285822546
"power a=3.31",3.31,1,10000,3.35,3.58827167433086
"power a=3.31",3.31,1,10000,3.4,3.6005227146675
"power a=3.31",3.31,1,10000,3.45,3.61204422285762
"power a=3.31",3.31,1,10000,3.5,3.62288977125819
"power a=3.31",3.31,1,10000,3.55,3.63310861064271
"power a=3.31",3.31,1,10000,3.6,3.64274600504603
"power a=3.31",3.31,1,10000,3.65,3.65184354926643
"power a=3.31",3.31,1,10000,3.7,3.66043946752843
"power a=3.31",3.31,1,10000,3.75,3.66856889259052
"power a=3.31",3.31,1,10000,3.8,3.67626412517293
"power a=3.31",3.31,1,10000,3.85,3.68355487401803
"power a=3.31",3.31,1,10000,3.9,3.69046847720862
"power a=3.31",3.31,1,10000,3.95,3.69703010558438
"power a=3.31",3.31,1,10000,4,3.70326294923451
"power a=3.31",3.31,1,10000,4.05,3.70918838812335
"power a=3.31",3.31,1,10000,4.1,3.71482614793997
"power a=3.31",3.31,1,10000,4.15,3.72019444226319
"power a=3.31",3.31,1,10000,4.2,3.7253101021107
"power a=3.31",3.31,1,10000,4.25,3.73018869390082
"power a=3.31",3.31,1,10000,4.3,3.73484462680465
"power a=3.31",3.31,1,10000,4.35,3.73929125040835
"power a=3.31",3.31,1,10000,4.4,3.74354094354417
"power a=3.31",3.31,1,10000,4.45,3.74760519508599
"power a=3.31",3.31,1,10000,4.5,3.75149467744392
"power a=3.31",3.31,1,10000,4.55,3.7552193134313
"power a=3.31",3.31,1,10000,4.6,3.75878833712133
"power a=3.31",3.31,1,10000,4.65,3.76221034925551
"power a=3.31",3.31,1,10000,4.7,3.76549336771545
"power a=3.31",3.31,1,10000,4.75,3.76864487352307
"power a=3.31",3.31,1,10000,4.8,3.77167185279011
"power a=3.31",3.31,1,10000,4.85,3.77458083499853
"power a=3.31",3.31,1,10000,4.9,3.77737792795658
"power a=3.31",3.31,1,10000,4.95,3.78006884974229
"power a=3.31",3.31,1,10000,5,3.78265895791595
"power a=3.31",3.31,1,10000,5.05,3.78515327625574
"power a=3.31",3.31,1,10000,5.1,3.78755651924571
"power a=3.31",3.31,1,10000,5.15,3.78987311452362
"power a=3.31",3.31,1,10000,5.2,3.79210722347496
"power a=3.31",3.31,1,10000,5.25,3.79426276014236
"power a=3.31",3.31,1,10000,5.3,3.79634340860223
"power a=3.31",3.31,1,10000,5.35,3.79835263894655
"power a=3.31",3.31,1,10000,5.4,3.8002937219939
"power a=3.31",3.31,1,10000,5.45,3.80216974284207
"power a=3.31",3.31,1,10000,5.5,3.80398361336395
"power a=3.31",3.31,1,10000,5.55,3.80573808373861
"power a=3.31",3.31,1,10000,5.6,3.80743575310061
"power a=3.31",3.31,1,10000,5.65,3.80907907938336
"power a=3.31",3.31,1,10000,5.7,3.81067038842447
"power a=3.31",3.31,1,10000,5.75,3.81221188239542
"power a=3.31",3.31,1,10000,5.8,3.81370564761169
"power a=3.31",3.31,1,10000,5.85,3.81515366177457
"power a=3.31",3.31,1,10000,5.9,3.81655780069126
"power a=3.31",3.31,1,10000,5.95,3.81791984451536
"power a=3.31",3.31,1,10000,6,3.8192414835465
"power a=3.31",3.31,1.5,10000,0,0
"power a=3.31",3.31,1.5,10000,0.05,0.0510504097589827
"power a=3.31",3.31,1.5,10000,0.1,0.105819371088236
"power a=3.31",3.31,1.5,10000,0.15,0.164485694754122
"power a=3.31",3.31,1.5,10000,0.2,0.227207771426503
"power a=3.31",3.31,1.5,10000,0.25,0.294118698563364
"power a=3.31",3.31,1.5,10000,0.3,0.365321729525776
"power a=3.31",3.31,1.5,10000,0.35,0.440886308897795
"power a=3.31",3.31,1.5,10000,0.4,0.520844939577855
"power a=3.31",3.31,1.5,10000,0.45,0.605191065078711
"power a=3.31",3.31,1.5,10000,0.5,0.693878059631254
"power a=3.31",3.31,1.5,10000,0.55,0.786819319600117
"power a=3.31",3.31,1.5,10000,0.6,0.883889360953668
"power a=3.31",3.31,1.5,10000,0.65,0.984925760897704
"power a=3.31",3.31,1.5,10000,0.7,1.08973174139878
"power a=3.31",3.31,1.5,10000,0.75,1.19807917659177
"power a=3.31",3.31,1.5,10000,0.8,1.30971181060039
"power a=3.31",3.31,1.5,10000,0.85,1.42434849233164
"power a=3.31",3.31,1.5,10000,0.9,1.54168626556617
"power a=3.31",3.31,1.5,10000,0.95,1.66140319389288
"power a=3.31",3.31,1.5,10000,1,1.78316084989139
"power a=3.31",3.31,1.5,10000,1.05,1.90660645639574
"power a=3.31",3.31,1.5,10000,1.1,2.03137473387125
"power a=3.31",3.31,1.5,10000,1.15,2.15708957748613
"power a=3.31",3.31,1.5,10000,1.2,2.28336574856711
"power a=3.31",3.31,1.5,10000,1.25,2.40981079676146
"power a=3.31",3.31,1.5,10000,1.3,2.53602740697251
"power a=3.31",3.31,1.5,10000,1.35,2.66161627902141
"power a=3.31",3.31,1.5,10000,1.4,2.7861795236656
"power a=3.31",3.31,1.5,10000,1.45,2.9093244560136
"power a=3.31",3.31,1.5,10000,1.5,3.03066763983059
"power a=3.31",3.31,1.5,10000,1.55,3.14983908082472
"power a=3.31",3.31,1.5,10000,1.6,3.26648652512042
"power a=3.31",3.31,1.5,10000,1.65,3.3802798318554
"power a=3.31",3.31,1.5,10000,1.7,3.49091534332802
"power a=3.31",3.31,1.5,10000,1.75,3.59812010046639
"power a=3.31",3.31,1.5,10000,1.8,3.70165568354895
"power a=3.31",3.31,1.5,10000,1.85,3.80132142558058
"power a=3.31",3.31,1.5,10000,1.9,3.89695676046129
"power a=3.31",3.31,1.5,10000,1.95,3.98844252693469
"power a=3.31",3.31,1.5,10000,2,4.07570113724899
"power a=3.31",3.31,1.5,10000,2.05,4.15869561602036
"power a=3.31",3.31,1.5,10000,2.1,4.23742760138571
"power a=3.31",3.31,1.5,10000,2.15,4.31193446539397
"power a=3.31",3.31,1.5,10000,2.2,4.38228574969814
"power a=3.31",3.31,1.5,10000,2.25,4.44857912779912
"power a=3.31",3.31,1.5,10000,2.3,4.51093610116963
"power a=3.31",3.31,1.5,10000,2.35,4.56949761905303
"power a=3.31",3.31,1.5,10000,2.4,4.6244197855387
"power a=3.31",3.31,1.5,10000,2.45,4.67586978666725
"power a=3.31",3.31,1.5,10000,2.5,4.72402213792696
"power a=3.31",3.31,1.5,10000,2.55,4.76905532093604
"power a=3.31",3.31,1.5,10000,2.6,4.81114884912136
"power a=3.31",3.31,1.5,10000,2.65,4.85048077701114
"power a=3.31",3.31,1.5,10000,2.7,4.88722564706372
"power a=3.31",3.31,1.5,10000,2.75,4.92155285200608
"power a=3.31",3.31,1.5,10000,2.8,4.95362537932337
"power a=3.31",3.31,1.5,10000,2.85,4.98359889740098
"power a=3.31",3.31,1.5,10000,2.9,5.01162113926326
"power a=3.31",3.31,1.5,10000,2.95,5.03783153917612
"power a=3.31",3.31,1.5,10000,3,5.06236107887387
"power a=3.31",3.31,1.5,10000,3.05,5.08533230317406
"power a=3.31",3.31,1.5,10000,3.1,5.10685946868679
"power a=3.31",3.31,1.5,10000,3.15,5.12704879374245
"power a=3.31",3.31,1.5,10000,3.2,5.145998782198
"power a=3.31",3.31,1.5,10000,3.25,5.16380059818068
"power a=3.31",3.31,1.5,10000,3.3,5.18053847292063
"power a=3.31",3.31,1.5,10000,3.35,5.19629012850975
"power a=3.31",3.31,1.5,10000,3.4,5.21112720665768
"power a=3.31",3.31,1.5,10000,3.45,5.22511569328887
"power a=3.31",3.31,1.5,10000,3.5,5.23831633215598
"power a=3.31",3.31,1.5,10000,3.55,5.2507850225696
"power a=3.31",3.31,1.5,10000,3.6,5.26257319790419
"power a=3.31",3.31,1.5,10000,3.65,5.27372818278479
"power a=3.31",3.31,1.5,10000,3.7,5.28429352783236
"power a=3.31",3.31,1.5,10000,3.75,5.2943093215924
"power a=3.31",3.31,1.5,10000,3.8,5.30381247983181
"power a=3.31",3.31,1.5,10000,3.85,5.31283701279688
"power a=3.31",3.31,1.5,10000,3.9,5.32141427131198
"power a=3.31",3.31,1.5,10000,3.95,5.32957317278853
"power a=3.31",3.31,1.5,10000,4,5.33734040833003
"power a=3.31",3.31,1.5,10000,4.05,5.34474063217713
"power a=3.31",3.31,1.5,10000,4.1,5.35179663475253
"power a=3.31",3.31,1.5,10000,4.15,5.35852950054973
"power a=3.31",3.31,1.5,10000,4.2,5.36495875207161
"power a=3.31",3.31,1.5,10000,4.25,5.37110248097139
"power a=3.31",3.31,1.5,10000,4.3,5.37697746748527
"power a=3.31",3.31,1.5,10000,4.35,5.38259928917743
"power a=3.31",3.31,1.5,10000,4.4,5.38798241994676
"power a=3.31",3.31,1.5,10000,4.45,5.39314032017352
"power a=3.31",3.31,1.5,10000,4.5,5.39808551881374
"power a=3.31",3.31,1.5,10000,4.55,5.40282968818262
"power a=3.31",3.31,1.5,10000,4.6,5.40738371210387
"power a=3.31",3.31,1.5,10000,4.65,5.41175774804198
"power a=3.31",3.31,1.5,10000,4.7,5.41596128377888
"power a=3.31",3.31,1.5,10000,4.75,5.42000318914424
"power a=3.31",3.31,1.5,10000,4.8,5.4238917632611
"power a=3.31",3.31,1.5,10000,4.85,5.42763477772541
"power a=3.31",3.31,1.5,10000,4.9,5.43123951609727
"power a=3.31",3.31,1.5,10000,4.95,5.43471281004621
"power a=3.31",3.31,1.5,10000,5,5.43806107245948
"power a=3.31",3.31,1.5,10000,5.05,5.44129032779239
"power a=3.31",3.31,1.5,10000,5.1,5.44440623991317
"power a=3.31",3.31,1.5,10000,5.15,5.4474141376699
"power a=3.31",3.31,1.5,10000,5.2,5.45031903838539
"power a=3.31",3.31,1.5,10000,5.25,5.453125669466
"power a=3.31",3.31,1.5,10000,5.3,5.45583848829231
"power a=3.31",3.31,1.5,10000,5.35,5.45846170054363
"power a=3.31",3.31,1.5,10000,5.4,5.46099927709386
"power a=3.31",3.31,1.5,10000,5.45,5.46345496960288
"power a=3.31",3.31,1.5,10000,5.5,5.46583232491632
"power a=3.31",3.31,1.5,10000,5.55,5.4681346983755
"power a=3.31",3.31,1.5,10000,5.6,5.47036526613019
"power a=3.31",3.31,1.5,10000,5.65,5.4725270365381
"power a=3.31",3.31,1.5,10000,5.7,5.47462286072706
"power a=3.31",3.31,1.5,10000,5.75,5.47665544238947
"power a=3.31",3.31,1.5,10000,5.8,5.47862734687147
"power a=3.31",3.31,1.5,10000,5.85,5.48054100961449
"power a=3.31",3.31,1.5,10000,5.9,5.48239874400093
"power a=3.31",3.31,1.5,10000,5.95,5.48420274865169
"power a=3.31",3.31,1.5,10000,6,5.48595511421876
"power a=3.31",3.31,2,10000,0,0
"power a=3.31",3.31,2,10000,0.05,0.099979756897419
"power a=3.31",3.31,2,10000,0.1,0.204553948266428
"power a=3.31",3.31,2,10000,0.15,0.313598495494302
"power a=3.31",3.31,2,10000,0.2,0.426958869528673
"power a=3.31",3.31,2,10000,0.25,0.544453566623509
"power a=3.31",3.31,2,10000,0.3,0.665877849455517
"power a=3.31",3.31,2,10000,0.35,0.791007559719789
"power a=3.31",3.31,2,10000,0.4,0.91960283375224
"power a=3.31",3.31,2,10000,0.45,1.05141158285335
"power a=3.31",3.31,2,10000,0.5,1.18617263167748
"power a=3.31",3.31,2,10000,0.55,1.32361843893342
"power a=3.31",3.31,2,10000,0.6,1.46347735298496
"power a=3.31",3.31,2,10000,0.65,1.60547537960486
"power a=3.31",3.31,2,10000,0.7,1.74933745955759
"power a=3.31",3.31,2,10000,0.75,1.89478826987912
"power a=3.31",3.31,2,10000,0.8,2.04155257527652
"power a=3.31",3.31,2,10000,0.85,2.18935516617493
"power a=3.31",3.31,2,10000,0.9,2.33792042941215
"power a=3.31",3.31,2,10000,0.95,2.48697160888927
"power a=3.31",3.31,2,10000,1,2.63622982963331
"power a=3.31",3.31,2,10000,1.05,2.78541298270629
"power a=3.31",3.31,2,10000,1.1,2.93423460173974
"power a=3.31",3.31,2,10000,1.15,3.08240290185176
"power a=3.31",3.31,2,10000,1.2,3.22962018759171
"power a=3.31",3.31,2,10000,1.25,3.37558284783792
"power a=3.31",3.31,2,10000,1.3,3.51998211787315
"power a=3.31",3.31,2,10000,1.35,3.66250569189425
"power a=3.31",3.31,2,10000,1.4,3.80284013806408
"power a=3.31",3.31,2,10000,1.45,3.94067396213482
"power a=3.31",3.31,2,10000,1.5,4.07570113724899
"power a=3.31",3.31,2,10000,1.55,4.2076249631588
"power a=3.31",3.31,2,10000,1.6,4.3361621785639
"power a=3.31",3.31,2,10000,1.65,4.46104726613416
"power a=3.31",3.31,2,10000,1.7,4.58203684780031
"power a=3.31",3.31,2,10000,1.75,4.69891399585927
"power a=3.31",3.31,2,10000,1.8,4.81149222109937
"power a=3.31",3.31,2,10000,1.85,4.91961886987503
"power a=3.31",3.31,2,10000,1.9,5.02317767971308
"power a=3.31",3.31,2,10000,1.95,5.12209030444189
"power a=3.31",3.31,2,10000,2,5.21631670997319
"power a=3.31",3.31,2,10000,2.05,5.30585444026934
"power a=3.31",3.31,2,10000,2.1,5.39073684115265
"power a=3.31",3.31,2,10000,2.15,5.4710303957183
"power a=3.31",3.31,2,10000,2.2,5.54683136522252
"power a=3.31",3.31,2,10000,2.25,5.61826194529343
"power a=3.31",3.31,2,10000,2.3,5.6854661439995
"power a=3.31",3.31,2,10000,2.35,5.74860557124427
"power a=3.31",3.31,2,10000,2.4,5.80785530310924
"power a=3.31",3.31,2,10000,2.45,5.8633999541725
"power a=3.31",3.31,2,10000,2.5,5.91543005861579
"power a=3.31",3.31,2,10000,2.55,5.96413882948461
"power a=3.31",3.31,2,10000,2.6,6.00971933655528
"power a=3.31",3.31,2,10000,2.65,6.05236211810808
"power a=3.31",3.31,2,10000,2.7,6.0922532212226
"power a=3.31",3.31,2,10000,2.75,6.12957264925713
"power a=3.31",3.31,2,10000,2.8,6.16449318382126
"power a=3.31",3.31,2,10000,2.85,6.19717954138259
"power a=3.31",3.31,2,10000,2.9,6.22778782105617
"power a=3.31",3.31,2,10000,2.95,6.25646519941008
"power a=3.31",3.31,2,10000,3,6.28334982957438
"power a=3.31",3.31,2,10000,3.05,6.30857090490367
"power a=3.31",3.31,2,10000,3.1,6.33224885134766
"power a=3.31",3.31,2,10000,3.15,6.35449561706354
"power a=3.31",3.31,2,10000,3.2,6.37541503230465
"power a=3.31",3.31,2,10000,3.25,6.39510321698529
"power a=3.31",3.31,2,10000,3.3,6.41364901738222
"power a=3.31",3.31,2,10000,3.35,6.43113445709133
"power a=3.31",3.31,2,10000,3.4,6.44763519056377
"power a=3.31",3.31,2,10000,3.45,6.46322095029572
"power a=3.31",3.31,2,10000,3.5,6.47795598105422
"power a=3.31",3.31,2,10000,3.55,6.49189945642612
"power a=3.31",3.31,2,10000,3.6,6.50510587451948
"power a=3.31",3.31,2,10000,3.65,6.51762543087405
"power a=3.31",3.31,2,10000,3.7,6.529504367596
"power a=3.31",3.31,2,10000,3.75,6.5407852984657
"power a=3.31",3.31,2,10000,3.8,6.55150751031515
"power a=3.31",3.31,2,10000,3.85,6.56170724136867
"power a=3.31",3.31,2,10000,3.9,6.5714179375173
"power a=3.31",3.31,2,10000,3.95,6.58067048767877
"power a=3.31",3.31,2,10000,4,6.58949343950257
"power a=3.31",3.31,2,10000,4.05,6.59791319673119
"power a=3.31",3.31,2,10000,4.1,6.60595419953779
"power a=3.31",3.31,2,10000,4.15,6.61363908913891
"power a=3.31",3.31,2,10000,4.2,6.62098885793777
"power a=3.31",3.31,2,10000,4.25,6.6280229863953
"power a=3.31",3.31,2,10000,4.3,6.634759567759
"power a=3.31",3.31,2,10000,4.35,6.64121542170703
"power a=3.31",3.31,2,10000,4.4,6.64740619789017
"power a=3.31",3.31,2,10000,4.45,6.65334647028017
"power a=3.31",3.31,2,10000,4.5,6.65904982315999
"power a=3.31",3.31,2,10000,4.55,6.66452892952201
"power a=3.31",3.31,2,10000,4.6,6.66979562257405
"power a=3.31",3.31,2,10000,4.65,6.67486096099098
"power a=3.31",3.31,2,10000,4.7,6.67973528849203
"power a=3.31",3.31,2,10000,4.75,6.6844282882706
"power a=3.31",3.31,2,10000,4.8,6.68894903275391
"power a=3.31",3.31,2,10000,4.85,6.69330602912522
"power a=3.31",3.31,2,10000,4.9,6.69750726099996
"power a=3.31",3.31,2,10000,4.95,6.70156022660975
"power a=3.31",3.31,2,10000,5,6.70547197381457
"power a=3.31",3.31,2,10000,5.05,6.709249132232
"power a=3.31",3.31,2,10000,5.1,6.71289794274549
"power a=3.31",3.31,2,10000,5.15,6.71642428462736
"power a=3.31",3.31,2,10000,5.2,6.71983370049069
"power a=3.31",3.31,2,10000,5.25,6.72313141926277
"power a=3.31",3.31,2,10000,5.3,6.72632237735482
"power a=3.31",3.31,2,10000,5.35,6.72941123818627
"power a=3.31",3.31,2,10000,5.4,6.73240241020625
"power a=3.31",3.31,2,10000,5.45,6.73530006354195
"power a=3.31",3.31,2,10000,5.5,6.7381081453913
"power a=3.31",3.31,2,10000,5.55,6.74083039426632
"power a=3.31",3.31,2,10000,5.6,6.7434703531836
"power a=3.31",3.31,2,10000,5.65,6.74603138188971
"power a=3.31",3.31,2,10000,5.7,6.74851666820099
"power a=3.31",3.31,2,10000,5.75,6.7509292385304
"power a=3.31",3.31,2,10000,5.8,6.75327196766705
"power a=3.31",3.31,2,10000,5.85,6.75554758786839
"power a=3.31",3.31,2,10000,5.9,6.75775869731998
"power a=3.31",3.31,2,10000,5.95,6.7599077680124
"power a=3.31",3.31,2,10000,6,6.76199715308094
"power a=3.31",3.31,0.5,1e+05,0,0
"power a=3.31",3.31,0.5,1e+05,0.05,0.00703654386374634
"power a=3.31",3.31,0.5,1e+05,0.1,0.0145386048351117
"power a=3.31",3.31,0.5,1e+05,0.15,0.0225447421984251
"power a=3.31",3.31,0.5,1e+05,0.2,0.0310975976846515
"power a=3.31",3.31,0.5,1e+05,0.25,0.0402444607294837
"power a=3.31",3.31,0.5,1e+05,0.3,0.0500379351063937
"power a=3.31",3.31,0.5,1e+05,0.35,0.0605367278610373
"power a=3.31",3.31,0.5,1e+05,0.4,0.0718065848045808
"power a=3.31",3.31,0.5,1e+05,0.45,0.0839213992501516
"power a=3.31",3.31,0.5,1e+05,0.5,0.09696452052545
"power a=3.31",3.31,0.5,1e+05,0.55,0.111030282987953
"power a=3.31",3.31,0.5,1e+05,0.6,0.12622575955644
"power a=3.31",3.31,0.5,1e+05,0.65,0.142672707966358
"power a=3.31",3.31,0.5,1e+05,0.7,0.1605096118776
"power a=3.31",3.31,0.5,1e+05,0.75,0.179893610734422
"power a=3.31",3.31,0.5,1e+05,0.8,0.201001956704418
"power a=3.31",3.31,0.5,1e+05,0.85,0.224032450461541
"power a=3.31",3.31,0.5,1e+05,0.9,0.249202147156441
"power a=3.31",3.31,0.5,1e+05,0.95,0.276743594082486
"power a=3.31",3.31,0.5,1e+05,1,0.306898077123052
"power a=3.31",3.31,0.5,1e+05,1.05,0.33990584593315
"power a=3.31",3.31,0.5,1e+05,1.1,0.375993917880988
"power a=3.31",3.31,0.5,1e+05,1.15,0.415362553022847
"power a=3.31",3.31,0.5,1e+05,1.2,0.458171628847967
"power a=3.31",3.31,0.5,1e+05,1.25,0.50452793755867
"power a=3.31",3.31,0.5,1e+05,1.3,0.554474096919274
"power a=3.31",3.31,0.5,1e+05,1.35,0.607979547716849
"power a=3.31",3.31,0.5,1e+05,1.4,0.664934111505794
"power a=3.31",3.31,0.5,1e+05,1.45,0.725144715166267
"power a=3.31",3.31,0.5,1e+05,1.5,0.788335928488328
"power a=3.31",3.31,0.5,1e+05,1.55,0.85415470694161
"power a=3.31",3.31,0.5,1e+05,1.6,0.922179194131029
"power a=3.31",3.31,0.5,1e+05,1.65,0.991930863132674
"power a=3.31",3.31,0.5,1e+05,1.7,1.06288894730314
"power a=3.31",3.31,0.5,1e+05,1.75,1.13450612565801
"power a=3.31",3.31,0.5,1e+05,1.8,1.20622466290094
"power a=3.31",3.31,0.5,1e+05,1.85,1.27749245545894
"power a=3.31",3.31,0.5,1e+05,1.9,1.34777855174033
"power a=3.31",3.31,0.5,1e+05,1.95,1.41658766173704
"power a=3.31",3.31,0.5,1e+05,2,1.48347302797494
"power a=3.31",3.31,0.5,1e+05,2.05,1.54804693481663
"power a=3.31",3.31,0.5,1e+05,2.1,1.60998819428982
"power a=3.31",3.31,0.5,1e+05,2.15,1.66904618350944
"power a=3.31",3.31,0.5,1e+05,2.2,1.72504135756658
"power a=3.31",3.31,0.5,1e+05,2.25,1.77786252299214
"power a=3.31",3.31,0.5,1e+05,2.3,1.82746144453454
"power a=3.31",3.31,0.5,1e+05,2.35,1.87384552543364
"power a=3.31",3.31,0.5,1e+05,2.4,1.91706934314341
"power a=3.31",3.31,0.5,1e+05,2.45,1.95722576187347
"power a=3.31",3.31,0.5,1e+05,2.5,1.99443721678618
"power a=3.31",3.31,0.5,1e+05,2.55,2.02884760888645
"power a=3.31",3.31,0.5,1e+05,2.6,2.06061509386115
"power a=3.31",3.31,0.5,1e+05,2.65,2.08990591142218
"power a=3.31",3.31,0.5,1e+05,2.7,2.11688929345107
"power a=3.31",3.31,0.5,1e+05,2.75,2.14173341140697
"power a=3.31",3.31,0.5,1e+05,2.8,2.16460227333906
"power a=3.31",3.31,0.5,1e+05,2.85,2.1856534534188
"power a=3.31",3.31,0.5,1e+05,2.9,2.20503652654019
"power a=3.31",3.31,0.5,1e+05,2.95,2.22289208198637
"power a=3.31",3.31,0.5,1e+05,3,2.23935119907
"power a=3.31",3.31,0.5,1e+05,3.05,2.25453528067733
"power a=3.31",3.31,0.5,1e+05,3.1,2.26855615538122
"power a=3.31",3.31,0.5,1e+05,3.15,2.28151637362523
"power a=3.31",3.31,0.5,1e+05,3.2,2.29350963742206
"power a=3.31",3.31,0.5,1e+05,3.25,2.30462131550391
"power a=3.31",3.31,0.5,1e+05,3.3,2.31492900667277
"power a=3.31",3.31,0.5,1e+05,3.35,2.32450312318979
"power a=3.31",3.31,0.5,1e+05,3.4,2.3334074735087
"power a=3.31",3.31,0.5,1e+05,3.45,2.34169982965772
"power a=3.31",3.31,0.5,1e+05,3.5,2.34943246930098
"power a=3.31",3.31,0.5,1e+05,3.55,2.35665268615959
"power a=3.31",3.31,0.5,1e+05,3.6,2.36340326523388
"power a=3.31",3.31,0.5,1e+05,3.65,2.36972292130887
"power a=3.31",3.31,0.5,1e+05,3.7,2.37564670069501
"power a=3.31",3.31,0.5,1e+05,3.75,2.38120634717886
"power a=3.31",3.31,0.5,1e+05,3.8,2.38643063383781
"power a=3.31",3.31,0.5,1e+05,3.85,2.39134566279435
"power a=3.31",3.31,0.5,1e+05,3.9,2.3959751352138
"power a=3.31",3.31,0.5,1e+05,3.95,2.40034059394028
"power a=3.31",3.31,0.5,1e+05,4,2.40446164115784
"power a=3.31",3.31,0.5,1e+05,4.05,2.40835613338928
"power a=3.31",3.31,0.5,1e+05,4.1,2.41204035602832
"power a=3.31",3.31,0.5,1e+05,4.15,2.41552917945715
"power a=3.31",3.31,0.5,1e+05,4.2,2.41883619864562
"power a=3.31",3.31,0.5,1e+05,4.25,2.42197385796797
"power a=3.31",3.31,0.5,1e+05,4.3,2.42495356281454
"power a=3.31",3.31,0.5,1e+05,4.35,2.42778577942416
"power a=3.31",3.31,0.5,1e+05,4.4,2.43048012421915
"power a=3.31",3.31,0.5,1e+05,4.45,2.43304544379214
"power a=3.31",3.31,0.5,1e+05,4.5,2.43548988657098
"power a=3.31",3.31,0.5,1e+05,4.55,2.43782096707711
"power a=3.31",3.31,0.5,1e+05,4.6,2.44004562359141
"power a=3.31",3.31,0.5,1e+05,4.65,2.44217026995116
"power a=3.31",3.31,0.5,1e+05,4.7,2.44420084212043
"power a=3.31",3.31,0.5,1e+05,4.75,2.44614284010362
"power a=3.31",3.31,0.5,1e+05,4.8,2.44800136570724
"power a=3.31",3.31,0.5,1e+05,4.85,2.44978115659809
"power a=3.31",3.31,0.5,1e+05,4.9,2.45148661705458
"power a=3.31",3.31,0.5,1e+05,4.95,2.45312184576348
"power a=3.31",3.31,0.5,1e+05,5,2.45469066097414
"power a=3.31",3.31,0.5,1e+05,5.05,2.45619662328743
"power a=3.31",3.31,0.5,1e+05,5.1,2.45764305632519
"power a=3.31",3.31,0.5,1e+05,5.15,2.45903306549875
"power a=3.31",3.31,0.5,1e+05,5.2,2.4603695550707
"power a=3.31",3.31,0.5,1e+05,5.25,2.4616552436827
"power a=3.31",3.31,0.5,1e+05,5.3,2.46289267850318
"power a=3.31",3.31,0.5,1e+05,5.35,2.46408424813188
"power a=3.31",3.31,0.5,1e+05,5.4,2.46523219438363
"power a=3.31",3.31,0.5,1e+05,5.45,2.46633862306038
"power a=3.31",3.31,0.5,1e+05,5.5,2.46740551380911
"power a=3.31",3.31,0.5,1e+05,5.55,2.46843472915265
"power a=3.31",3.31,0.5,1e+05,5.6,2.46942802277176
"power a=3.31",3.31,0.5,1e+05,5.65,2.47038704710826
"power a=3.31",3.31,0.5,1e+05,5.7,2.47131336035204
"power a=3.31",3.31,0.5,1e+05,5.75,2.47220843286844
"power a=3.31",3.31,0.5,1e+05,5.8,2.47307365311655
"power a=3.31",3.31,0.5,1e+05,5.85,2.47391033310415
"power a=3.31",3.31,0.5,1e+05,5.9,2.47471971342037
"power a=3.31",3.31,0.5,1e+05,5.95,2.47550296788304
"power a=3.31",3.31,0.5,1e+05,6,2.47626120783439
"power a=3.31",3.31,1,1e+05,0,0
"power a=3.31",3.31,1,1e+05,0.05,0.021102306326249
"power a=3.31",3.31,1,1e+05,0.1,0.0437998438661011
"power a=3.31",3.31,1,1e+05,0.15,0.0682529296393334
"power a=3.31",3.31,1,1e+05,0.2,0.0946426890368017
"power a=3.31",3.31,1,1e+05,0.25,0.123173550938455
"power a=3.31",3.31,1,1e+05,0.3,0.154075371285362
"power a=3.31",3.31,1,1e+05,0.35,0.187604657797129
"power a=3.31",3.31,1,1e+05,0.4,0.224044211435571
"power a=3.31",3.31,1,1e+05,0.45,0.263700472807188
"power a=3.31",3.31,1,1e+05,0.5,0.306898077123052
"power a=3.31",3.31,1,1e+05,0.55,0.353971608395652
"power a=3.31",3.31,1,1e+05,0.6,0.405255156911978
"power a=3.31",3.31,1,1e+05,0.65,0.461070740463755
"power a=3.31",3.31,1,1e+05,0.7,0.521716720200117
"power a=3.31",3.31,1,1e+05,0.75,0.587457027767641
"power a=3.31",3.31,1,1e+05,0.8,0.658511533098242
"power a=3.31",3.31,1,1e+05,0.85,0.73504747765294
"power a=3.31",3.31,1,1e+05,0.9,0.817171738136784
"power a=3.31",3.31,1,1e+05,0.95,0.904923788723302
"power a=3.31",3.31,1,1e+05,1,0.99826948508593
"power a=3.31",3.31,1,1e+05,1.05,1.09709603234931
"power a=3.31",3.31,1,1e+05,1.1,1.20120859148657
"power a=3.31",3.31,1,1e+05,1.15,1.31032889563007
"power a=3.31",3.31,1,1e+05,1.2,1.42409605562566
"power a=3.31",3.31,1,1e+05,1.25,1.54206954269123
"power a=3.31",3.31,1,1e+05,1.3,1.66373423929476
"power a=3.31",3.31,1,1e+05,1.35,1.78850748265033
"power a=3.31",3.31,1,1e+05,1.4,1.91574814272068
"power a=3.31",3.31,1,1e+05,1.45,2.04476785637786
"power a=3.31",3.31,1,1e+05,1.5,2.17484443593782
"power a=3.31",3.31,1,1e+05,1.55,2.30523712123279
"power a=3.31",3.31,1,1e+05,1.6,2.4352028678954
"power a=3.31",3.31,1,1e+05,1.65,2.56401252611666
"power a=3.31",3.31,1,1e+05,1.7,2.69096578434427
"power a=3.31",3.31,1,1e+05,1.75,2.8154041281247
"power a=3.31",3.31,1,1e+05,1.8,2.93672158691003
"power a=3.31",3.31,1,1e+05,1.85,3.05437346036712
"power a=3.31",3.31,1,1e+05,1.9,3.16788337435829
"power a=3.31",3.31,1,1e+05,1.95,3.27684890308505
"power a=3.31",3.31,1,1e+05,2,3.38094572423567
"power a=3.31",3.31,1,1e+05,2.05,3.47993002317763
"power a=3.31",3.31,1,1e+05,2.1,3.57363876762552
"power a=3.31",3.31,1,1e+05,2.15,3.66198757440617
"power a=3.31",3.31,1,1e+05,2.2,3.7449661304922
"power a=3.31",3.31,1,1e+05,2.25,3.82263141387365
"power a=3.31",3.31,1,1e+05,2.3,3.89509919734816
"power a=3.31",3.31,1,1e+05,2.35,3.96253445832699
"power a=3.31",3.31,1,1e+05,2.4,4.02514134915815
"power a=3.31",3.31,1,1e+05,2.45,4.08315332333439
"power a=3.31",3.31,1,1e+05,2.5,4.13682389533073
"power a=3.31",3.31,1,1e+05,2.55,4.18641836903833
"power a=3.31",3.31,1,1e+05,2.6,4.23220672871691
"power a=3.31",3.31,1,1e+05,2.65,4.27445776452196
"power a=3.31",3.31,1,1e+05,2.7,4.31343441034768
"power a=3.31",3.31,1,1e+05,2.75,4.34939020638543
"power a=3.31",3.31,1,1e+05,2.8,4.38256675948639
"power a=3.31",3.31,1,1e+05,2.85,4.41319205608315
"power a=3.31",3.31,1,1e+05,2.9,4.44147947952343
"power a=3.31",3.31,1,1e+05,2.95,4.46762739111865
"power a=3.31",3.31,1,1e+05,3,4.49181914784552
"power a=3.31",3.31,1,1e+05,3.05,4.51422344631147
"power a=3.31",3.31,1,1e+05,3.1,4.53499490008965
"power a=3.31",3.31,1,1e+05,3.15,4.55427477440865
"power a=3.31",3.31,1,1e+05,3.2,4.57219181759162
"power a=3.31",3.31,1,1e+05,3.25,4.58886314215732
"power a=3.31",3.31,1,1e+05,3.3,4.60439511998513
"power a=3.31",3.31,1,1e+05,3.35,4.61888426545869
"power a=3.31",3.31,1,1e+05,3.4,4.63241808819704
"power a=3.31",3.31,1,1e+05,3.45,4.64507590307255
"power a=3.31",3.31,1,1e+05,3.5,4.65692958993336
"power a=3.31",3.31,1,1e+05,3.55,4.66804429902342
"power a=3.31",3.31,1,1e+05,3.6,4.67847910073676
"power a=3.31",3.31,1,1e+05,3.65,4.68828758024057
"power a=3.31",3.31,1,1e+05,3.7,4.69751837881518
"power a=3.31",3.31,1,1e+05,3.75,4.70621568462137
"power a=3.31",3.31,1,1e+05,3.8,4.7144196761269
"power a=3.31",3.31,1,1e+05,3.85,4.72216692169306
"power a=3.31",3.31,1,1e+05,3.9,4.7294907389075
"power a=3.31",3.31,1,1e+05,3.95,4.73642151720697
"power a=3.31",3.31,1,1e+05,4,4.74298700720336
"power a=3.31",3.31,1,1e+05,4.05,4.74921257994094
"power a=3.31",3.31,1,1e+05,4.1,4.75512145909429
"power a=3.31",3.31,1,1e+05,4.15,4.76073492888285
"power a=3.31",3.31,1,1e+05,4.2,4.7660725202406
"power a=3.31",3.31,1,1e+05,4.25,4.77115217754613
"power a=3.31",3.31,1,1e+05,4.3,4.77599040799633
"power a=3.31",3.31,1,1e+05,4.35,4.7806024154968
"power a=3.31",3.31,1,1e+05,4.4,4.78500222074829
"power a=3.31",3.31,1,1e+05,4.45,4.78920276903016
"power a=3.31",3.31,1,1e+05,4.5,4.79321602701967
"power a=3.31",3.31,1,1e+05,4.55,4.79705306983909
"power a=3.31",3.31,1,1e+05,4.6,4.80072415939115
"power a=3.31",3.31,1,1e+05,4.65,4.80423881492446
"power a=3.31",3.31,1,1e+05,4.7,4.80760587666568
"power a=3.31",3.31,1,1e+05,4.75,4.81083356326087
"power a=3.31",3.31,1,1e+05,4.8,4.81392952368497
"power a=3.31",3.31,1,1e+05,4.85,4.81690088420452
"power a=3.31",3.31,1,1e+05,4.9,4.81975429091276
"power a=3.31",3.31,1,1e+05,4.95,4.82249594829841
"power a=3.31",3.31,1,1e+05,5,4.8251316542578
"power a=3.31",3.31,1,1e+05,5.05,4.82766683191463
"power a=3.31",3.31,1,1e+05,5.1,4.8301065585715
"power a=3.31",3.31,1,1e+05,5.15,4.83245559208156
"power a=3.31",3.31,1,1e+05,5.2,4.83471839489729
"power a=3.31",3.31,1,1e+05,5.25,4.83689915602569
"power a=3.31",3.31,1,1e+05,5.3,4.83900181109428
"power a=3.31",3.31,1,1e+05,5.35,4.84103006071058
"power a=3.31",3.31,1,1e+05,5.4,4.84298738727854
"power a=3.31",3.31,1,1e+05,5.45,4.84487707041797
"power a=3.31",3.31,1,1e+05,5.5,4.84670220111805
"power a=3.31",3.31,1,1e+05,5.55,4.84846569474226
"power a=3.31",3.31,1,1e+05,5.6,4.85017030299029
"power a=3.31",3.31,1,1e+05,5.65,4.85181862491158
"power a=3.31",3.31,1,1e+05,5.7,4.85341311705578
"power a=3.31",3.31,1,1e+05,5.75,4.85495610283678
"power a=3.31",3.31,1,1e+05,5.8,4.85644978117965
"power a=3.31",3.31,1,1e+05,5.85,4.85789623451281
"power a=3.31",3.31,1,1e+05,5.9,4.85929743616176
"power a=3.31",3.31,1,1e+05,5.95,4.86065525719552
"power a=3.31",3.31,1,1e+05,6,4.8619714727718
"power a=3.31",3.31,1.5,1e+05,0,0
"power a=3.31",3.31,1.5,1e+05,0.05,0.0541100751363471
"power a=3.31",3.31,1.5,1e+05,0.1,0.112895684624037
"power a=3.31",3.31,1.5,1e+05,0.15,0.176717405539129
"power a=3.31",3.31,1.5,1e+05,0.2,0.245916240761717
"power a=3.31",3.31,1.5,1e+05,0.25,0.320803411374073
"power a=3.31",3.31,1.5,1e+05,0.3,0.401651391081584
"power a=3.31",3.31,1.5,1e+05,0.35,0.488686128390926
"power a=3.31",3.31,1.5,1e+05,0.4,0.582080245818313
"power a=3.31",3.31,1.5,1e+05,0.45,0.681947110850403
"power a=3.31",3.31,1.5,1e+05,0.5,0.788335928488328
"power a=3.31",3.31,1.5,1e+05,0.55,0.901228238214211
"power a=3.31",3.31,1.5,1e+05,0.6,1.02053627391995
"power a=3.31",3.31,1.5,1e+05,0.65,1.14610352647338
"power a=3.31",3.31,1.5,1e+05,0.7,1.27770759038021
"power a=3.31",3.31,1.5,1e+05,0.75,1.4150650763026
"power a=3.31",3.31,1.5,1e+05,0.8,1.55783811887613
"power a=3.31",3.31,1.5,1e+05,0.85,1.70564185598882
"power a=3.31",3.31,1.5,1e+05,0.9,1.85805221275406
"power a=3.31",3.31,1.5,1e+05,0.95,2.01461337333729
"power a=3.31",3.31,1.5,1e+05,1,2.17484443593782
"power a=3.31",3.31,1.5,1e+05,1.05,2.33824489004288
"power a=3.31",3.31,1.5,1e+05,1.1,2.50429870865333
"power a=3.31",3.31,1.5,1e+05,1.15,2.67247700201646
"power a=3.31",3.31,1.5,1e+05,1.2,2.84223933606919
"power a=3.31",3.31,1.5,1e+05,1.25,3.01303398856032
"power a=3.31",3.31,1.5,1e+05,1.3,3.18429760670626
"power a=3.31",3.31,1.5,1e+05,1.35,3.35545493096092
"power a=3.31",3.31,1.5,1e+05,1.4,3.52591940874103
"power a=3.31",3.31,1.5,1e+05,1.45,3.69509554112827
"power a=3.31",3.31,1.5,1e+05,1.5,3.86238357560095
"power a=3.31",3.31,1.5,1e+05,1.55,4.02718665299619
"power a=3.31",3.31,1.5,1e+05,1.6,4.18891988463349
"power a=3.31",3.31,1.5,1e+05,1.65,4.34702036041579
"power a=3.31",3.31,1.5,1e+05,1.7,4.50095700067229
"power a=3.31",3.31,1.5,1e+05,1.75,4.65023946240862
"power a=3.31",3.31,1.5,1e+05,1.8,4.79442578312605
"power a=3.31",3.31,1.5,1e+05,1.85,4.93312883666287
"power a=3.31",3.31,1.5,1e+05,1.9,5.06602182377543
"power a=3.31",3.31,1.5,1e+05,1.95,5.19284290794838
"power a=3.31",3.31,1.5,1e+05,2,5.31339884618261
"power a=3.31",3.31,1.5,1e+05,2.05,5.4275672267319
"power a=3.31",3.31,1.5,1e+05,2.1,5.53529684588368
"power a=3.31",3.31,1.5,1e+05,2.15,5.63660587090835
"power a=3.31",3.31,1.5,1e+05,2.2,5.73157769079121
"power a=3.31",3.31,1.5,1e+05,2.25,5.82035465225451
"power a=3.31",3.31,1.5,1e+05,2.3,5.90313012689788
"power a=3.31",3.31,1.5,1e+05,2.35,5.98013950439373
"power a=3.31",3.31,1.5,1e+05,2.4,6.0516507455438
"power a=3.31",3.31,1.5,1e+05,2.45,6.11795507586906
"power a=3.31",3.31,1.5,1e+05,2.5,6.17935828750865
"power a=3.31",3.31,1.5,1e+05,2.55,6.23617297807487
"power a=3.31",3.31,1.5,1e+05,2.6,6.28871191682774
"power a=3.31",3.31,1.5,1e+05,2.65,6.33728260870778
"power a=3.31",3.31,1.5,1e+05,2.7,6.38218303391964
"power a=3.31",3.31,1.5,1e+05,2.75,6.42369847644123
"power a=3.31",3.31,1.5,1e+05,2.8,6.46209931620115
"power a=3.31",3.31,1.5,1e+05,2.85,6.49763964175444
"power a=3.31",3.31,1.5,1e+05,2.9,6.53055653761418
"power a=3.31",3.31,1.5,1e+05,2.95,6.56106990793587
"power a=3.31",3.31,1.5,1e+05,3,6.5893827118803
"power a=3.31",3.31,1.5,1e+05,3.05,6.6156815025777
"power a=3.31",3.31,1.5,1e+05,3.1,6.64013717899492
"power a=3.31",3.31,1.5,1e+05,3.15,6.66290587674275
"power a=3.31",3.31,1.5,1e+05,3.2,6.68412993911419
"power a=3.31",3.31,1.5,1e+05,3.25,6.70393892300223
"power a=3.31",3.31,1.5,1e+05,3.3,6.72245060567663
"power a=3.31",3.31,1.5,1e+05,3.35,6.7397719677598
"power a=3.31",3.31,1.5,1e+05,3.4,6.75600013529314
"power a=3.31",3.31,1.5,1e+05,3.45,6.77122326974164
"power a=3.31",3.31,1.5,1e+05,3.5,6.78552139938129
"power a=3.31",3.31,1.5,1e+05,3.55,6.79896718897748
"power a=3.31",3.31,1.5,1e+05,3.6,6.81162664720511
"power a=3.31",3.31,1.5,1e+05,3.65,6.82355977306867
"power a=3.31",3.31,1.5,1e+05,3.7,6.83482114381256
"power a=3.31",3.31,1.5,1e+05,3.75,6.84546044760193
"power a=3.31",3.31,1.5,1e+05,3.8,6.85552296471109
"power a=3.31",3.31,1.5,1e+05,3.85,6.86505000116809
"power a=3.31",3.31,1.5,1e+05,3.9,6.87407927883903
"power a=3.31",3.31,1.5,1e+05,3.95,6.8826452858474
"power a=3.31",3.31,1.5,1e+05,4,6.89077959105446
"power a=3.31",3.31,1.5,1e+05,4.05,6.89851112610532
"power a=3.31",3.31,1.5,1e+05,4.1,6.90586643829642
"power a=3.31",3.31,1.5,1e+05,4.15,6.91286991725855
"power a=3.31",3.31,1.5,1e+05,4.2,6.91954399818824
"power a=3.31",3.31,1.5,1e+05,4.25,6.92590934410578
"power a=3.31",3.31,1.5,1e+05,4.3,6.93198500937646
"power a=3.31",3.31,1.5,1e+05,4.35,6.93778858650563
"power a=3.31",3.31,1.5,1e+05,4.4,6.94333633800886
"power a=3.31",3.31,1.5,1e+05,4.45,6.9486433149675
"power a=3.31",3.31,1.5,1e+05,4.5,6.95372346370572
"power a=3.31",3.31,1.5,1e+05,4.55,6.95858972186869
"power a=3.31",3.31,1.5,1e+05,4.6,6.96325410503986
"power a=3.31",3.31,1.5,1e+05,4.65,6.96772778490967
"power a=3.31",3.31,1.5,1e+05,4.7,6.97202115989467
"power a=3.31",3.31,1.5,1e+05,4.75,6.97614391900626
"power a=3.31",3.31,1.5,1e+05,4.8,6.98010509967846
"power a=3.31",3.31,1.5,1e+05,4.85,6.98391314018562
"power a=3.31",3.31,1.5,1e+05,4.9,6.98757592721008
"power a=3.31",3.31,1.5,1e+05,4.95,6.99110083905841
"power a=3.31",3.31,1.5,1e+05,5,6.99449478496914
"power a=3.31",3.31,1.5,1e+05,5.05,6.99776424090664
"power a=3.31",3.31,1.5,1e+05,5.1,7.00091528219243
"power a=3.31",3.31,1.5,1e+05,5.15,7.00395361328729
"power a=3.31",3.31,1.5,1e+05,5.2,7.00688459500342
"power a=3.31",3.31,1.5,1e+05,5.25,7.00971326939643
"power a=3.31",3.31,1.5,1e+05,5.3,7.01244438255978
"power a=3.31",3.31,1.5,1e+05,5.35,7.01508240552164
"power a=3.31",3.31,1.5,1e+05,5.4,7.01763155342233
"power a=3.31",3.31,1.5,1e+05,5.45,7.02009580313285
"power a=3.31",3.31,1.5,1e+05,5.5,7.02247890945786
"power a=3.31",3.31,1.5,1e+05,5.55,7.02478442005235
"power a=3.31",3.31,1.5,1e+05,5.6,7.02701568916796
"power a=3.31",3.31,1.5,1e+05,5.65,7.02917589033326
"power a=3.31",3.31,1.5,1e+05,5.7,7.03126802806226
"power a=3.31",3.31,1.5,1e+05,5.75,7.03329494867583
"power a=3.31",3.31,1.5,1e+05,5.8,7.03525935031271
"power a=3.31",3.31,1.5,1e+05,5.85,7.03716379219936
"power a=3.31",3.31,1.5,1e+05,5.9,7.03901070324128
"power a=3.31",3.31,1.5,1e+05,5.95,7.04080238999247
"power a=3.31",3.31,1.5,1e+05,6,7.04254104405456
"power a=3.31",3.31,2,1e+05,0,0
"power a=3.31",3.31,2,1e+05,0.05,0.11992885358963
"power a=3.31",3.31,2,1e+05,0.1,0.246738950266738
"power a=3.31",3.31,2,1e+05,0.15,0.380312340183475
"power a=3.31",3.31,2,1e+05,0.2,0.520469259576531
"power a=3.31",3.31,2,1e+05,0.25,0.666973608543759
"power a=3.31",3.31,2,1e+05,0.3,0.819540125494197
"power a=3.31",3.31,2,1e+05,0.35,0.977842655361535
"power a=3.31",3.31,2,1e+05,0.4,1.14152286907032
"power a=3.31",3.31,2,1e+05,0.45,1.31019884409911
"power a=3.31",3.31,2,1e+05,0.5,1.48347302797494
"power a=3.31",3.31,2,1e+05,0.55,1.66093924454251
"power a=3.31",3.31,2,1e+05,0.6,1.84218853972145
"power a=3.31",3.31,2,1e+05,0.65,2.02681378149448
"power a=3.31",3.31,2,1e+05,0.7,2.21441301945846
"power a=3.31",3.31,2,1e+05,0.75,2.40459167080641
"power a=3.31",3.31,2,1e+05,0.8,2.59696363492235
"power a=3.31",3.31,2,1e+05,0.85,2.79115145293413
"power a=3.31",3.31,2,1e+05,0.9,2.98678562740915
"power a=3.31",3.31,2,1e+05,0.95,3.18350320672243
"power a=3.31",3.31,2,1e+05,1,3.38094572423567
"power a=3.31",3.31,2,1e+05,1.05,3.57875657044101
"power a=3.31",3.31,2,1e+05,1.1,3.77657787402616
"power a=3.31",3.31,2,1e+05,1.15,3.97404698495031
"power a=3.31",3.31,2,1e+05,1.2,4.17079270103193
"power a=3.31",3.31,2,1e+05,1.25,4.36643147147896
"power a=3.31",3.31,2,1e+05,1.3,4.56056395155699
"power a=3.31",3.31,2,1e+05,1.35,4.75277245589139
"power a=3.31",3.31,2,1e+05,1.4,4.9426200067929
"power a=3.31",3.31,2,1e+05,1.45,5.12965169462631
"power a=3.31",3.31,2,1e+05,1.5,5.31339884618261
"power a=3.31",3.31,2,1e+05,1.55,5.49338600518519
"power a=3.31",3.31,2,1e+05,1.6,5.66914011152638
"power a=3.31",3.31,2,1e+05,1.65,5.84020080555269
"power a=3.31",3.31,2,1e+05,1.7,6.00613070960602
"power a=3.31",3.31,2,1e+05,1.75,6.1665248494242
"power a=3.31",3.31,2,1e+05,1.8,6.32101886131049
"power a=3.31",3.31,2,1e+05,1.85,6.46929603136434
"power a=3.31",3.31,2,1e+05,1.9,6.6110933687958
"power a=3.31",3.31,2,1e+05,1.95,6.74620680911777
"power a=3.31",3.31,2,1e+05,2,6.87449538699527
"power a=3.31",3.31,2,1e+05,2.05,6.99588398440317
"power a=3.31",3.31,2,1e+05,2.1,7.11036418262924
"power a=3.31",3.31,2,1e+05,2.15,7.21799286372889
"power a=3.31",3.31,2,1e+05,2.2,7.31888846299789
"power a=3.31",3.31,2,1e+05,2.25,7.41322507094505
"power a=3.31",3.31,2,1e+05,2.3,7.50122483224737
"power a=3.31",3.31,2,1e+05,2.35,7.58314923869975
"power a=3.31",3.31,2,1e+05,2.4,7.65928995226926
"power a=3.31",3.31,2,1e+05,2.45,7.72995974132102
"power a=3.31",3.31,2,1e+05,2.5,7.79548400017816
"power a=3.31",3.31,2,1e+05,2.55,7.85619318297582
"power a=3.31",3.31,2,1e+05,2.6,7.91241634436774
"power a=3.31",3.31,2,1e+05,2.65,7.9644758596766
"power a=3.31",3.31,2,1e+05,2.7,8.01268330407693
"power a=3.31",3.31,2,1e+05,2.75,8.05733640592087
"power a=3.31",3.31,2,1e+05,2.8,8.09871695052736
"power a=3.31",3.31,2,1e+05,2.85,8.13708949269028
"power a=3.31",3.31,2,1e+05,2.9,8.17270073334501
"power a=3.31",3.31,2,1e+05,2.95,8.20577942323969
"power a=3.31",3.31,2,1e+05,3,8.23653666996296
"power a=3.31",3.31,2,1e+05,3.05,8.26516654116648
"power a=3.31",3.31,2,1e+05,3.1,8.291846874098
"power a=3.31",3.31,2,1e+05,3.15,8.31674021820558
"power a=3.31",3.31,2,1e+05,3.2,8.33999485274629
"power a=3.31",3.31,2,1e+05,3.25,8.36174583461752
"power a=3.31",3.31,2,1e+05,3.3,8.38211604289554
"power a=3.31",3.31,2,1e+05,3.35,8.40121719586957
"power a=3.31",3.31,2,1e+05,3.4,8.4191508238594
"power a=3.31",3.31,2,1e+05,3.45,8.43600918701679
"power a=3.31",3.31,2,1e+05,3.5,8.4518761318671
"power a=3.31",3.31,2,1e+05,3.55,8.46682788377658
"power a=3.31",3.31,2,1e+05,3.6,8.48093377504198
"power a=3.31",3.31,2,1e+05,3.65,8.49425691007909
"power a=3.31",3.31,2,1e+05,3.7,8.50685477039493
"power a=3.31",3.31,2,1e+05,3.75,8.5187797627963
"power a=3.31",3.31,2,1e+05,3.8,8.53007971472594
"power a=3.31",3.31,2,1e+05,3.85,8.54079832081164
"power a=3.31",3.31,2,1e+05,3.9,8.55097554473433
"power a=3.31",3.31,2,1e+05,3.95,8.56064798041945
"power a=3.31",3.31,2,1e+05,4,8.56984917637524
"power a=3.31",3.31,2,1e+05,4.05,8.57860992676965
"power a=3.31",3.31,2,1e+05,4.1,8.58695853257985
"power a=3.31",3.31,2,1e+05,4.15,8.59492103587849
"power a=3.31",3.31,2,1e+05,4.2,8.60252143005196
"power a=3.31",3.31,2,1e+05,4.25,8.60978184848589
"power a=3.31",3.31,2,1e+05,4.3,8.61672273400468
"power a=3.31",3.31,2,1e+05,4.35,8.62336299112145
"power a=3.31",3.31,2,1e+05,4.4,8.6297201229409
"power a=3.31",3.31,2,1e+05,4.45,8.63581035436222
"power a=3.31",3.31,2,1e+05,4.5,8.6416487430518
"power a=3.31",3.31,2,1e+05,4.55,8.64724927949542
"power a=3.31",3.31,2,1e+05,4.6,8.65262497729551
"power a=3.31",3.31,2,1e+05,4.65,8.65778795475012
"power a=3.31",3.31,2,1e+05,4.7,8.66274950863554
"power a=3.31",3.31,2,1e+05,4.75,8.66752018101171
"power a=3.31",3.31,2,1e+05,4.8,8.67210981977869
"power a=3.31",3.31,2,1e+05,4.85,8.6765276336314
"power a=3.31",3.31,2,1e+05,4.9,8.68078224198859
"power a=3.31",3.31,2,1e+05,4.95,8.684881720408
"power a=3.31",3.31,2,1e+05,5,8.68883364194367
"power a=3.31",3.31,2,1e+05,5.05,8.69264511485146
"power a=3.31",3.31,2,1e+05,5.1,8.69632281700482
"power a=3.31",3.31,2,1e+05,5.15,8.69987302734368
"power a=3.31",3.31,2,1e+05,5.2,8.70330165464463
"power a=3.31",3.31,2,1e+05,5.25,8.7066142638702
"power a=3.31",3.31,2,1e+05,5.3,8.70981610032756
"power a=3.31",3.31,2,1e+05,5.35,8.71291211184291
"power a=3.31",3.31,2,1e+05,5.4,8.71590696913657
"power a=3.31",3.31,2,1e+05,5.45,8.71880508456452
"power a=3.31",3.31,2,1e+05,5.5,8.72161062937535
"power a=3.31",3.31,2,1e+05,5.55,8.7243275496166
"power a=3.31",3.31,2,1e+05,5.6,8.7269595808109
"power a=3.31",3.31,2,1e+05,5.65,8.72951026151051
"power a=3.31",3.31,2,1e+05,5.7,8.73198294582803
"power a=3.31",3.31,2,1e+05,5.75,8.73438081503188
"power a=3.31",3.31,2,1e+05,5.8,8.73670688828609
"power a=3.31",3.31,2,1e+05,5.85,8.73896403260698
"power a=3.31",3.31,2,1e+05,5.9,8.7411549721018
"power a=3.31",3.31,2,1e+05,5.95,8.74328229654895
"power a=3.31",3.31,2,1e+05,6,8.74534846937337
"power a=3.31",3.31,0.5,1e+06,0,0
"power a=3.31",3.31,0.5,1e+06,0.05,0.00702851644418257
"power a=3.31",3.31,0.5,1e+06,0.1,0.0145208631204309
"power a=3.31",3.31,0.5,1e+06,0.15,0.0225150600259845
"power a=3.31",3.31,0.5,1e+06,0.2,0.0310529998131026
"power a=3.31",3.31,0.5,1e+06,0.25,0.0401809313033428
"power a=3.31",3.31,0.5,1e+06,0.3,0.049950014781238
"power a=3.31",3.31,0.5,1e+06,0.35,0.0604169609109657
"power a=3.31",3.31,0.5,1e+06,0.4,0.0716447669446746
"power a=3.31",3.31,0.5,1e+06,0.45,0.0837035657791156
"power a=3.31",3.31,0.5,1e+06,0.5,0.0966716051736003
"power a=3.31",3.31,0.5,1e+06,0.55,0.11063637569204
"power a=3.31",3.31,0.5,1e+06,0.6,0.125695905988941
"power a=3.31",3.31,0.5,1e+06,0.65,0.141960241714266
"power a=3.31",3.31,0.5,1e+06,0.7,0.159553117500729
"power a=3.31",3.31,0.5,1e+06,0.75,0.178613816822892
"power a=3.31",3.31,0.5,1e+06,0.8,0.199299186666425
"power a=3.31",3.31,0.5,1e+06,0.85,0.221785725226873
"power a=3.31",3.31,0.5,1e+06,0.9,0.246271581563424
"power a=3.31",3.31,0.5,1e+06,0.95,0.272978187237733
"power a=3.31",3.31,0.5,1e+06,1,0.302151080555014
"power a=3.31",3.31,0.5,1e+06,1.05,0.334059305306567
"power a=3.31",3.31,0.5,1e+06,1.1,0.36899262817851
"power a=3.31",3.31,0.5,1e+06,1.15,0.407255824159159
"power a=3.31",3.31,0.5,1e+06,1.2,0.449159527803467
"power a=3.31",3.31,0.5,1e+06,1.25,0.495007637907358
"power a=3.31",3.31,0.5,1e+06,1.3,0.545081802095547
"power a=3.31",3.31,0.5,1e+06,1.35,0.599623796495872
"power a=3.31",3.31,0.5,1e+06,1.4,0.658816537735967
"power a=3.31",3.31,0.5,1e+06,1.45,0.722764301484852
"power a=3.31",3.31,0.5,1e+06,1.5,0.79147293825681
"power a=3.31",3.31,0.5,1e+06,1.55,0.864831618755508
"power a=3.31",3.31,0.5,1e+06,1.6,0.942598511083267
"power a=3.31",3.31,0.5,1e+06,1.65,1.02439315039121
"power a=3.31",3.31,0.5,1e+06,1.7,1.10969770817298
"power a=3.31",3.31,0.5,1e+06,1.75,1.19786801305677
"power a=3.31",3.31,0.5,1e+06,1.8,1.28815357884734
"power a=3.31",3.31,0.5,1e+06,1.85,1.37972473985717
"power a=3.31",3.31,0.5,1e+06,1.9,1.47170461949506
"power a=3.31",3.31,0.5,1e+06,1.95,1.56320381878692
"power a=3.31",3.31,0.5,1e+06,2,1.65335584332922
"power a=3.31",3.31,0.5,1e+06,2.05,1.74135108386526
"power a=3.31",3.31,0.5,1e+06,2.1,1.82646684384411
"power a=3.31",3.31,0.5,1e+06,2.15,1.90809092746045
"power a=3.31",3.31,0.5,1e+06,2.2,1.98573692468834
"power a=3.31",3.31,0.5,1e+06,2.25,2.05905043836454
"power a=3.31",3.31,0.5,1e+06,2.3,2.1278067315832
"power a=3.31",3.31,0.5,1e+06,2.35,2.19190126937516
"power a=3.31",3.31,0.5,1e+06,2.4,2.25133518693684
"power a=3.31",3.31,0.5,1e+06,2.45,2.3061978274993
"power a=3.31",3.31,0.5,1e+06,2.5,2.35664827025848
"power a=3.31",3.31,0.5,1e+06,2.55,2.4028973635719
"power a=3.31",3.31,0.5,1e+06,2.6,2.44519131937089
"power a=3.31",3.31,0.5,1e+06,2.65,2.4837974959491
"power a=3.31",3.31,0.5,1e+06,2.7,2.51899264168699
"power a=3.31",3.31,0.5,1e+06,2.75,2.55105360665859
"power a=3.31",3.31,0.5,1e+06,2.8,2.58025034968691
"power a=3.31",3.31,0.5,1e+06,2.85,2.60684096318604
"power a=3.31",3.31,0.5,1e+06,2.9,2.63106839107944
"power a=3.31",3.31,0.5,1e+06,2.95,2.65315850984164
"power a=3.31",3.31,0.5,1e+06,3,2.67331926460173
"power a=3.31",3.31,0.5,1e+06,3.05,2.69174058936168
"power a=3.31",3.31,0.5,1e+06,3.1,2.70859488386042
"power a=3.31",3.31,0.5,1e+06,3.15,2.72403786343182
"power a=3.31",3.31,0.5,1e+06,3.2,2.73820963868703
"power a=3.31",3.31,0.5,1e+06,3.25,2.75123591709983
"power a=3.31",3.31,0.5,1e+06,3.3,2.76322924792187
"power a=3.31",3.31,0.5,1e+06,3.35,2.77429025542038
"power a=3.31",3.31,0.5,1e+06,3.4,2.78450882376663
"power a=3.31",3.31,0.5,1e+06,3.45,2.79396521076432
"power a=3.31",3.31,0.5,1e+06,3.5,2.80273107779054
"power a=3.31",3.31,0.5,1e+06,3.55,2.81087043058243
"power a=3.31",3.31,0.5,1e+06,3.6,2.81844047050192
"power a=3.31",3.31,0.5,1e+06,3.65,2.82549235920536
"power a=3.31",3.31,0.5,1e+06,3.7,2.83207190168368
"power a=3.31",3.31,0.5,1e+06,3.75,2.83822015377545
"power a=3.31",3.31,0.5,1e+06,3.8,2.8439739607608
"power a=3.31",3.31,0.5,1e+06,3.85,2.84936643372223
"power a=3.31",3.31,0.5,1e+06,3.9,2.85442737015826
"power a=3.31",3.31,0.5,1e+06,3.95,2.85918362496632
"power a=3.31",3.31,0.5,1e+06,4,2.86365943744723
"power a=3.31",3.31,0.5,1e+06,4.05,2.8678767194788
"power a=3.31",3.31,0.5,1e+06,4.1,2.8718553094939
"power a=3.31",3.31,0.5,1e+06,4.15,2.87561319640272
"power a=3.31",3.31,0.5,1e+06,4.2,2.87916671713232
"power a=3.31",3.31,0.5,1e+06,4.25,2.88253073102595
"power a=3.31",3.31,0.5,1e+06,4.3,2.88571877395501
"power a=3.31",3.31,0.5,1e+06,4.35,2.88874319464514
"power a=3.31",3.31,0.5,1e+06,4.4,2.89161527540663
"power a=3.31",3.31,0.5,1e+06,4.45,2.89434533918329
"power a=3.31",3.31,0.5,1e+06,4.5,2.89694284459125
"power a=3.31",3.31,0.5,1e+06,4.55,2.89941647040667
"power a=3.31",3.31,0.5,1e+06,4.6,2.90177419077548
"power a=3.31",3.31,0.5,1e+06,4.65,2.90402334225614
"power a=3.31",3.31,0.5,1e+06,4.7,2.90617068366553
"power a=3.31",3.31,0.5,1e+06,4.75,2.90822244957517
"power a=3.31",3.31,0.5,1e+06,4.8,2.91018439819856
"power a=3.31",3.31,0.5,1e+06,4.85,2.91206185431733
"power a=3.31",3.31,0.5,1e+06,4.9,2.91385974781382
"power a=3.31",3.31,0.5,1e+06,4.95,2.91558264830731
"power a=3.31",3.31,0.5,1e+06,5,2.91723479633027
"power a=3.31",3.31,0.5,1e+06,5.05,2.91882013142817
"power a=3.31",3.31,0.5,1e+06,5.1,2.92034231752
"power a=3.31",3.31,0.5,1e+06,5.15,2.9218047658166
"power a=3.31",3.31,0.5,1e+06,5.2,2.92321065555861
"power a=3.31",3.31,0.5,1e+06,5.25,2.92456295280528
"power a=3.31",3.31,0.5,1e+06,5.3,2.92586442747871
"power a=3.31",3.31,0.5,1e+06,5.35,2.92711766884427
"power a=3.31",3.31,0.5,1e+06,5.4,2.92832509958773
"power a=3.31",3.31,0.5,1e+06,5.45,2.92948898863137
"power a=3.31",3.31,0.5,1e+06,5.5,2.93061146281567
"power a=3.31",3.31,0.5,1e+06,5.55,2.93169451755892
"power a=3.31",3.31,0.5,1e+06,5.6,2.93274002659524
"power a=3.31",3.31,0.5,1e+06,5.65,2.93374975088035
"power a=3.31",3.31,0.5,1e+06,5.7,2.9347253467449
"power a=3.31",3.31,0.5,1e+06,5.75,2.93566837336693
"power a=3.31",3.31,0.5,1e+06,5.8,2.93658029962732
"power a=3.31",3.31,0.5,1e+06,5.85,2.93746251040558
"power a=3.31",3.31,0.5,1e+06,5.9,2.93831631236734
"power a=3.31",3.31,0.5,1e+06,5.95,2.93914293928998
"power a=3.31",3.31,0.5,1e+06,6,2.9399435569677
"power a=3.31",3.31,1,1e+06,0,0
"power a=3.31",3.31,1,1e+06,0.05,0.020993286962623
"power a=3.31",3.31,1,1e+06,0.1,0.043545163935772
"power a=3.31",3.31,1,1e+06,0.15,0.0678036965666504
"power a=3.31",3.31,1,1e+06,0.2,0.0939345121402316
"power a=3.31",3.31,1,1e+06,0.25,0.122123142952635
"power a=3.31",3.31,1,1e+06,0.3,0.152577596274063
"power a=3.31",3.31,1,1e+06,0.35,0.185531080964239
"power a=3.31",3.31,1,1e+06,0.4,0.221244743334499
"power a=3.31",3.31,1,1e+06,0.45,0.260010147843249
"power a=3.31",3.31,1,1e+06,0.5,0.302151080555015
"power a=3.31",3.31,1,1e+06,0.55,0.348024075825008
"power a=3.31",3.31,1,1e+06,0.6,0.39801692899385
"power a=3.31",3.31,1,1e+06,0.65,0.452544460699824
"power a=3.31",3.31,1,1e+06,0.7,0.512041040130595
"power a=3.31",3.31,1,1e+06,0.75,0.576949849556649
"power a=3.31",3.31,1,1e+06,0.8,0.647709383588372
"power a=3.31",3.31,1,1e+06,0.85,0.724737916549144
"power a=3.31",3.31,1,1e+06,0.9,0.808416514125791
"power a=3.31",3.31,1,1e+06,0.95,0.899070883548984
"power a=3.31",3.31,1,1e+06,1,0.996952413638223
"power a=3.31",3.31,1,1e+06,1.05,1.10221931888848
"power a=3.31",3.31,1,1e+06,1.1,1.21491953408818
"power a=3.31",3.31,1,1e+06,1.15,1.33497736937677
"power a=3.31",3.31,1,1e+06,1.2,1.46218563080285
"power a=3.31",3.31,1,1e+06,1.25,1.59620404579053
"power a=3.31",3.31,1,1e+06,1.3,1.73656377576929
"power a=3.31",3.31,1,1e+06,1.35,1.88267693117945
"power a=3.31",3.31,1,1e+06,1.4,2.03384955205743
"power a=3.31",3.31,1,1e+06,1.45,2.18929651509818
"power a=3.31",3.31,1,1e+06,1.5,2.34815717641243
"power a=3.31",3.31,1,1e+06,1.55,2.50951109744717
"power a=3.31",3.31,1,1e+06,1.6,2.67239374975378
"power a=3.31",3.31,1,1e+06,1.65,2.83581247267806
"power a=3.31",3.31,1,1e+06,1.7,2.99876302768772
"power a=3.31",3.31,1,1e+06,1.75,3.16024684624771
"power a=3.31",3.31,1,1e+06,1.8,3.31928870525694
"power a=3.31",3.31,1,1e+06,1.85,3.47495440405873
"power a=3.31",3.31,1,1e+06,1.9,3.6263682012583
"power a=3.31",3.31,1,1e+06,1.95,3.77273004111263
"power a=3.31",3.31,1,1e+06,2,3.9133325084141
"power a=3.31",3.31,1,1e+06,2.05,4.04757684226356
"power a=3.31",3.31,1,1e+06,2.1,4.17498655804141
"power a=3.31",3.31,1,1e+06,2.15,4.29521681823595
"power a=3.31",3.31,1,1e+06,2.2,4.40805796120173
"power a=3.31",3.31,1,1e+06,2.25,4.51343243984953
"power a=3.31",3.31,1,1e+06,2.3,4.61138547609651
"power a=3.31",3.31,1,1e+06,2.35,4.7020706273876
"power a=3.31",3.31,1,1e+06,2.4,4.78573197284268
"power a=3.31",3.31,1,1e+06,2.45,4.86268473216734
"power a=3.31",3.31,1,1e+06,2.5,4.9332959296866
"power a=3.31",3.31,1,1e+06,2.55,4.99796634775998
"power a=3.31",3.31,1,1e+06,2.6,5.05711459805772
"power a=3.31",3.31,1,1e+06,2.65,5.11116375420731
"power a=3.31",3.31,1,1e+06,2.7,5.16053067520042
"power a=3.31",3.31,1,1e+06,2.75,5.20561791858482
"power a=3.31",3.31,1,1e+06,2.8,5.24680799243519
"power a=3.31",3.31,1,1e+06,2.85,5.28445961343281
"power a=3.31",3.31,1,1e+06,2.9,5.31890560967247
"power a=3.31",3.31,1,1e+06,2.95,5.35045211543236
"power a=3.31",3.31,1,1e+06,3,5.37937873721867
"power a=3.31",3.31,1,1e+06,3.05,5.40593941477051
"power a=3.31",3.31,1,1e+06,3.1,5.43036374918874
"power a=3.31",3.31,1,1e+06,3.15,5.45285861746358
"power a=3.31",3.31,1,1e+06,3.2,5.47360993519712
"power a=3.31",3.31,1,1e+06,3.25,5.49278446570168
"power a=3.31",3.31,1,1e+06,3.3,5.51053160350907
"power a=3.31",3.31,1,1e+06,3.35,5.526985083969
"power a=3.31",3.31,1,1e+06,3.4,5.54226458875129
"power a=3.31",3.31,1,1e+06,3.45,5.55647723055704
"power a=3.31",3.31,1,1e+06,3.5,5.56971891006417
"power a=3.31",3.31,1,1e+06,3.55,5.58207554488763
"power a=3.31",3.31,1,1e+06,3.6,5.59362417482222
"power a=3.31",3.31,1,1e+06,3.65,5.60443395043449
"power a=3.31",3.31,1,1e+06,3.7,5.6145670136424
"power a=3.31",3.31,1,1e+06,3.75,5.6240792796278
"power a=3.31",3.31,1,1e+06,3.8,5.63302112954221
"power a=3.31",3.31,1,1e+06,3.85,5.64143802319376
"power a=3.31",3.31,1,1e+06,3.9,5.64937104039129
"power a=3.31",3.31,1,1e+06,3.95,5.65685735897601
"power a=3.31",3.31,1,1e+06,4,5.66393067686488
"power a=3.31",3.31,1,1e+06,4.05,5.67062158471188
"power a=3.31",3.31,1,1e+06,4.1,5.67695789509578
"power a=3.31",3.31,1,1e+06,4.15,5.68296493348527
"power a=3.31",3.31,1,1e+06,4.2,5.68866579562425
"power a=3.31",3.31,1,1e+06,4.25,5.69408157542752
"power a=3.31",3.31,1,1e+06,4.3,5.69923156697997
"power a=3.31",3.31,1,1e+06,4.35,5.70413344378887
"power a=3.31",3.31,1,1e+06,4.4,5.70880341804685
"power a=3.31",3.31,1,1e+06,4.45,5.713256382317
"power a=3.31",3.31,1,1e+06,4.5,5.71750603574792
"power a=3.31",3.31,1,1e+06,4.55,5.72156499666124
"power a=3.31",3.31,1,1e+06,4.6,5.72544490312189
"power a=3.31",3.31,1,1e+06,4.65,5.72915650289915
"power a=3.31",3.31,1,1e+06,4.7,5.73270973405053
"power a=3.31",3.31,1,1e+06,4.75,5.73611379720685
"power a=3.31",3.31,1,1e+06,4.8,5.73937722050367
"power a=3.31",3.31,1,1e+06,4.85,5.74250791798799
"power a=3.31",3.31,1,1e+06,4.9,5.74551324222795
"power a=3.31",3.31,1,1e+06,4.95,5.74840003176509
"power a=3.31",3.31,1,1e+06,5,5.75117465397234
"power a=3.31",3.31,1,1e+06,5.05,5.75384304381349
"power a=3.31",3.31,1,1e+06,5.1,5.75641073894164
"power a=3.31",3.31,1,1e+06,5.15,5.75888291152335
"power a=3.31",3.31,1,1e+06,5.2,5.76126439712991
"power a=3.31",3.31,1,1e+06,5.25,5.7635597209986
"power a=3.31",3.31,1,1e+06,5.3,5.76577312193244
"power a=3.31",3.31,1,1e+06,5.35,5.76790857407625
"power a=3.31",3.31,1,1e+06,5.4,5.76996980678147
"power a=3.31",3.31,1,1e+06,5.45,5.77196032274775
"power a=3.31",3.31,1,1e+06,5.5,5.77388341460977
"power a=3.31",3.31,1,1e+06,5.55,5.77574218011891
"power a=3.31",3.31,1,1e+06,5.6,5.77753953605423
"power a=3.31",3.31,1,1e+06,5.65,5.77927823098219
"power a=3.31",3.31,1,1e+06,5.7,5.78096085697286
"power a=3.31",3.31,1,1e+06,5.75,5.78258986036871
"power a=3.31",3.31,1,1e+06,5.8,5.7841675516926
"power a=3.31",3.31,1,1e+06,5.85,5.78569611477261
"power a=3.31",3.31,1,1e+06,5.9,5.78717761515374
"power a=3.31",3.31,1,1e+06,5.95,5.78861400785944
"power a=3.31",3.31,1,1e+06,6,5.79000714455997
"power a=3.31",3.31,1.5,1e+06,0,0
"power a=3.31",3.31,1.5,1e+06,0.05,0.0529015117141759
"power a=3.31",3.31,1.5,1e+06,0.1,0.110386711559267
"power a=3.31",3.31,1.5,1e+06,0.15,0.172908440170795
"power a=3.31",3.31,1.5,1e+06,0.2,0.240942959388683
"power a=3.31",3.31,1.5,1e+06,0.25,0.314979700304978
"power a=3.31",3.31,1.5,1e+06,0.3,0.395508317814596
"power a=3.31",3.31,1.5,1e+06,0.35,0.483003796905096
"power a=3.31",3.31,1.5,1e+06,0.4,0.577910200515452
"power a=3.31",3.31,1.5,1e+06,0.45,0.680623368773086
"power a=3.31",3.31,1.5,1e+06,0.5,0.79147293825681
"power a=3.31",3.31,1.5,1e+06,0.55,0.910704614025501
"power a=3.31",3.31,1.5,1e+06,0.6,1.0384643595221
"power a=3.31",3.31,1.5,1e+06,0.65,1.17478653053602
"power a=3.31",3.31,1.5,1e+06,0.7,1.31958766774856
"power a=3.31",3.31,1.5,1e+06,0.75,1.47266678205841
"power a=3.31",3.31,1.5,1e+06,0.8,1.6337118818807
"power a=3.31",3.31,1.5,1e+06,0.85,1.8023115758513
"power a=3.31",3.31,1.5,1e+06,0.9,1.97797005306584
"power a=3.31",3.31,1.5,1e+06,0.95,2.16012362178089
"power a=3.31",3.31,1.5,1e+06,1,2.34815717641243
"power a=3.31",3.31,1.5,1e+06,1.05,2.54141932219872
"power a=3.31",3.31,1.5,1e+06,1.1,2.73923529737727
"power a=3.31",3.31,1.5,1e+06,1.15,2.9409172162822
"power a=3.31",3.31,1.5,1e+06,1.2,3.14577147493617
"power a=3.31",3.31,1.5,1e+06,1.25,3.35310340360006
"power a=3.31",3.31,1.5,1e+06,1.3,3.56221942679748
"power a=3.31",3.31,1.5,1e+06,1.35,3.77242711999959
"power a=3.31",3.31,1.5,1e+06,1.4,3.98303365843926
"power a=3.31",3.31,1.5,1e+06,1.45,4.19334326204246
"power a=3.31",3.31,1.5,1e+06,1.5,4.40265436611589
"power a=3.31",3.31,1.5,1e+06,1.55,4.61025738046405
"power a=3.31",3.31,1.5,1e+06,1.6,4.81543398856966
"power a=3.31",3.31,1.5,1e+06,1.65,5.01745888807214
"power a=3.31",3.31,1.5,1e+06,1.7,5.21560458881969
"power a=3.31",3.31,1.5,1e+06,1.75,5.40914937235129
"power a=3.31",3.31,1.5,1e+06,1.8,5.59738797438884
"power a=3.31",3.31,1.5,1e+06,1.85,5.77964428668976
"power a=3.31",3.31,1.5,1e+06,1.9,5.95528551178273
"power a=3.31",3.31,1.5,1e+06,1.95,6.12373747039925
"power a=3.31",3.31,1.5,1e+06,2,6.28450069246081
"power a=3.31",3.31,1.5,1e+06,2.05,6.43716635107023
"power a=3.31",3.31,1.5,1e+06,2.1,6.58143036134681
"power a=3.31",3.31,1.5,1e+06,2.15,6.71710360111275
"power a=3.31",3.31,1.5,1e+06,2.2,6.84411651933375
"power a=3.31",3.31,1.5,1e+06,2.25,6.96251727639435
"power a=3.31",3.31,1.5,1e+06,2.3,7.07246364346337
"power a=3.31",3.31,1.5,1e+06,2.35,7.17420980225296
"power a=3.31",3.31,1.5,1e+06,2.4,7.26808971605429
"power a=3.31",3.31,1.5,1e+06,2.45,7.35449886237665
"power a=3.31",3.31,1.5,1e+06,2.5,7.43387592692213
"power a=3.31",3.31,1.5,1e+06,2.55,7.5066856977874
"power a=3.31",3.31,1.5,1e+06,2.6,7.57340398800462
"power a=3.31",3.31,1.5,1e+06,2.65,7.63450503285766
"power a=3.31",3.31,1.5,1e+06,2.7,7.69045149632909
"power a=3.31",3.31,1.5,1e+06,2.75,7.74168699180526
"power a=3.31",3.31,1.5,1e+06,2.8,7.78863087264097
"power a=3.31",3.31,1.5,1e+06,2.85,7.83167496660003
"power a=3.31",3.31,1.5,1e+06,2.9,7.87118189927571
"power a=3.31",3.31,1.5,1e+06,2.95,7.90748465984367
"power a=3.31",3.31,1.5,1e+06,3,7.94088709411088
"power a=3.31",3.31,1.5,1e+06,3.05,7.9716650536943
"power a=3.31",3.31,1.5,1e+06,3.1,8.00006797812763
"power a=3.31",3.31,1.5,1e+06,3.15,8.02632073331129
"power a=3.31",3.31,1.5,1e+06,3.2,8.05062557177442
"power a=3.31",3.31,1.5,1e+06,3.25,8.07316411617262
"power a=3.31",3.31,1.5,1e+06,3.3,8.09409929690907
"power a=3.31",3.31,1.5,1e+06,3.35,8.11357719805913
"power a=3.31",3.31,1.5,1e+06,3.4,8.13172878360291
"power a=3.31",3.31,1.5,1e+06,3.45,8.14867148918532
"power a=3.31",3.31,1.5,1e+06,3.5,8.16451067410041
"power a=3.31",3.31,1.5,1e+06,3.55,8.17934093473929
"power a=3.31",3.31,1.5,1e+06,3.6,8.19324728504268
"power a=3.31",3.31,1.5,1e+06,3.65,8.20630621213562
"power a=3.31",3.31,1.5,1e+06,3.7,8.21858661675291
"power a=3.31",3.31,1.5,1e+06,3.75,8.23015064864796
"power a=3.31",3.31,1.5,1e+06,3.8,8.24105444718576
"power a=3.31",3.31,1.5,1e+06,3.85,8.25134879695608
"power a=3.31",3.31,1.5,1e+06,3.9,8.2610797076501
"power a=3.31",3.31,1.5,1e+06,3.95,8.2702889267283
"power a=3.31",3.31,1.5,1e+06,4,8.27901439264014
"power a=3.31",3.31,1.5,1e+06,4.05,8.28729063558503
"power a=3.31",3.31,1.5,1e+06,4.1,8.29514913206076
"power a=3.31",3.31,1.5,1e+06,4.15,8.30261861874686
"power a=3.31",3.31,1.5,1e+06,4.2,8.30972537062783
"power a=3.31",3.31,1.5,1e+06,4.25,8.31649344767778
"power a=3.31",3.31,1.5,1e+06,4.3,8.32294491390366
"power a=3.31",3.31,1.5,1e+06,4.35,8.32910003207812
"power a=3.31",3.31,1.5,1e+06,4.4,8.33497743707957
"power a=3.31",3.31,1.5,1e+06,4.45,8.34059429039336
"power a=3.31",3.31,1.5,1e+06,4.5,8.34596641800858
"power a=3.31",3.31,1.5,1e+06,4.55,8.35110843366514
"power a=3.31",3.31,1.5,1e+06,4.6,8.35603384916211
"power a=3.31",3.31,1.5,1e+06,4.65,8.36075517322449
"power a=3.31",3.31,1.5,1e+06,4.7,8.36528400024041
"power a=3.31",3.31,1.5,1e+06,4.75,8.36963109001877
"power a=3.31",3.31,1.5,1e+06,4.8,8.37380643957598
"power a=3.31",3.31,1.5,1e+06,4.85,8.37781934783856
"power a=3.31",3.31,1.5,1e+06,4.9,8.38167847404027
"power a=3.31",3.31,1.5,1e+06,4.95,8.38539189050006
"power a=3.31",3.31,1.5,1e+06,5,8.38896713038503
"power a=3.31",3.31,1.5,1e+06,5.05,8.39241123099206
"power a=3.31",3.31,1.5,1e+06,5.1,8.39573077301921
"power a=3.31",3.31,1.5,1e+06,5.15,8.39893191624378
"power a=3.31",3.31,1.5,1e+06,5.2,8.40202043197645
"power a=3.31",3.31,1.5,1e+06,5.25,8.40500173261898
"power a=3.31",3.31,1.5,1e+06,5.3,8.4078808986163
"power a=3.31",3.31,1.5,1e+06,5.35,8.41066270306187
"power a=3.31",3.31,1.5,1e+06,5.4,8.41335163418644
"power a=3.31",3.31,1.5,1e+06,5.45,8.4159519159358
"power a=3.31",3.31,1.5,1e+06,5.5,8.41846752682063
"power a=3.31",3.31,1.5,1e+06,5.55,8.42090221720261
"power a=3.31",3.31,1.5,1e+06,5.6,8.42325952516324
"power a=3.31",3.31,1.5,1e+06,5.65,8.42554279108694
"power a=3.31",3.31,1.5,1e+06,5.7,8.42775517107623
"power a=3.31",3.31,1.5,1e+06,5.75,8.42989964930514
"power a=3.31",3.31,1.5,1e+06,5.8,8.43197904940577
"power a=3.31",3.31,1.5,1e+06,5.85,8.43399604497416
"power a=3.31",3.31,1.5,1e+06,5.9,8.43595316927243
"power a=3.31",3.31,1.5,1e+06,5.95,8.43785282419726
"power a=3.31",3.31,1.5,1e+06,6,8.43969728857755
"power a=3.31",3.31,2,1e+06,0,0
"power a=3.31",3.31,2,1e+06,0.05,0.126260192212874
"power a=3.31",3.31,2,1e+06,0.1,0.261512284385724
"power a=3.31",3.31,2,1e+06,0.15,0.405828652305195
"power a=3.31",3.31,2,1e+06,0.2,0.559167729304852
"power a=3.31",3.31,2,1e+06,0.25,0.72137477510494
"power a=3.31",3.31,2,1e+06,0.3,0.892188958405128
"power a=3.31",3.31,2,1e+06,0.35,1.07125559850546
"power a=3.31",3.31,2,1e+06,0.4,1.25814188175371
"power a=3.31",3.31,2,1e+06,0.45,1.4523542493032
"power a=3.31",3.31,2,1e+06,0.5,1.65335584332922
"power a=3.31",3.31,2,1e+06,0.55,1.86058275963395
"power a=3.31",3.31,2,1e+06,0.6,2.07345826510941
"power a=3.31",3.31,2,1e+06,0.65,2.29140451973966
"power a=3.31",3.31,2,1e+06,0.7,2.51385165418009
"power a=3.31",3.31,2,1e+06,0.75,2.74024428216614
"power a=3.31",3.31,2,1e+06,0.8,2.97004567520709
"power a=3.31",3.31,2,1e+06,0.85,3.20273990696966
"power a=3.31",3.31,2,1e+06,0.9,3.43783230174587
"power a=3.31",3.31,2,1e+06,0.95,3.67484851102338
"power a=3.31",3.31,2,1e+06,1,3.9133325084141
"power a=3.31",3.31,2,1e+06,1.05,4.15284374751381
"power a=3.31",3.31,2,1e+06,1.1,4.39295367849135
"power a=3.31",3.31,2,1e+06,1.15,4.63324177397449
"power a=3.31",3.31,2,1e+06,1.2,4.87329117836635
"power a=3.31",3.31,2,1e+06,1.25,5.11268407200184
"power a=3.31",3.31,2,1e+06,1.3,5.35099683822758
"power a=3.31",3.31,2,1e+06,1.35,5.58779514492882
"power a=3.31",3.31,2,1e+06,1.4,5.82262911126188
"power a=3.31",3.31,2,1e+06,1.45,6.0550288336273
"power a=3.31",3.31,2,1e+06,1.5,6.28450069246081
"power a=3.31",3.31,2,1e+06,1.55,6.51052503156893
"power a=3.31",3.31,2,1e+06,1.6,6.73255593417327
"power a=3.31",3.31,2,1e+06,1.65,6.95002381324715
"power a=3.31",3.31,2,1e+06,1.7,7.16234128924992
"power a=3.31",3.31,2,1e+06,1.75,7.36891235119431
"power a=3.31",3.31,2,1e+06,1.8,7.5691442840539
"power a=3.31",3.31,2,1e+06,1.85,7.76246160385332
"power a=3.31",3.31,2,1e+06,1.9,7.94832139729254
"power a=3.31",3.31,2,1e+06,1.95,8.12622974290677
"power a=3.31",3.31,2,1e+06,2,8.29575883199454
"power a=3.31",3.31,2,1e+06,2.05,8.45656384339585
"power a=3.31",3.31,2,1e+06,2.1,8.60839789359193
"power a=3.31",3.31,2,1e+06,2.15,8.7511230220613
"power a=3.31",3.31,2,1e+06,2.2,8.88471548276062
"power a=3.31",3.31,2,1e+06,2.25,9.00926449191299
"power a=3.31",3.31,2,1e+06,2.3,9.12496466596736
"power a=3.31",3.31,2,1e+06,2.35,9.23210329771837
"power a=3.31",3.31,2,1e+06,2.4,9.33104414795574
"power a=3.31",3.31,2,1e+06,2.45,9.42220954908616
"power a=3.31",3.31,2,1e+06,2.5,9.50606242611255
"power a=3.31",3.31,2,1e+06,2.55,9.58308947900939
"power a=3.31",3.31,2,1e+06,2.6,9.65378635924171
"power a=3.31",3.31,2,1e+06,2.65,9.71864529100358
"power a=3.31",3.31,2,1e+06,2.7,9.7781452752046
"power a=3.31",3.31,2,1e+06,2.75,9.8327447845744
"power a=3.31",3.31,2,1e+06,2.8,9.88287670833917
"power a=3.31",3.31,2,1e+06,2.85,9.92894522298835
"power a=3.31",3.31,2,1e+06,2.9,9.97132423642554
"power a=3.31",3.31,2,1e+06,2.95,10.0103570607701
"power a=3.31",3.31,2,1e+06,3,10.0463570004453
"power a=3.31",3.31,2,1e+06,3.05,10.0796085858442
"power a=3.31",3.31,2,1e+06,3.1,10.1103692306463
"power a=3.31",3.31,2,1e+06,3.15,10.1388711373106
"power a=3.31",3.31,2,1e+06,3.2,10.1653233171831
"power a=3.31",3.31,2,1e+06,3.25,10.189913627491
"power a=3.31",3.31,2,1e+06,3.3,10.2128107568508
"power a=3.31",3.31,2,1e+06,3.35,10.2341661141196
"power a=3.31",3.31,2,1e+06,3.4,10.2541155931599
"power a=3.31",3.31,2,1e+06,3.45,10.2727811992358
"power a=3.31",3.31,2,1e+06,3.5,10.2902725321739
"power a=3.31",3.31,2,1e+06,3.55,10.3066881279106
"power a=3.31",3.31,2,1e+06,3.6,10.3221166643059
"power a=3.31",3.31,2,1e+06,3.65,10.3366380396954
"power a=3.31",3.31,2,1e+06,3.7,10.3503243340547
"power a=3.31",3.31,2,1e+06,3.75,10.3632406631964
"power a=3.31",3.31,2,1e+06,3.8,10.3754459364077
"power a=3.31",3.31,2,1e+06,3.85,10.3869935275435
"power a=3.31",3.31,2,1e+06,3.9,10.397931868981
"power a=3.31",3.31,2,1e+06,3.95,10.4083049771029
"power a=3.31",3.31,2,1e+06,4,10.418152917199
"power a=3.31",3.31,2,1e+06,4.05,10.4275122148871
"power a=3.31",3.31,2,1e+06,4.1,10.4364162203992
"power a=3.31",3.31,2,1e+06,4.15,10.4448954313704
"power a=3.31",3.31,2,1e+06,4.2,10.4529777791159
"power a=3.31",3.31,2,1e+06,4.25,10.4606888827879
"power a=3.31",3.31,2,1e+06,4.3,10.4680522752742
"power a=3.31",3.31,2,1e+06,4.35,10.4750896042269
"power a=3.31",3.31,2,1e+06,4.4,10.4818208111901
"power a=3.31",3.31,2,1e+06,4.45,10.4882642914265
"power a=3.31",3.31,2,1e+06,4.5,10.4944370367195
"power a=3.31",3.31,2,1e+06,4.55,10.5003547631419
"power a=3.31",3.31,2,1e+06,4.6,10.5060320255379
"power a=3.31",3.31,2,1e+06,4.65,10.5114823202431
"power a=3.31",3.31,2,1e+06,4.7,10.5167181773852
"power a=3.31",3.31,2,1e+06,4.75,10.5217512439373
"power a=3.31",3.31,2,1e+06,4.8,10.526592358558
"power a=3.31",3.31,2,1e+06,4.85,10.5312516191224
"power a=3.31",3.31,2,1e+06,4.9,10.5357384437435
"power a=3.31",3.31,2,1e+06,4.95,10.5400616259863
"power a=3.31",3.31,2,1e+06,5,10.5442293848941
"power a=3.31",3.31,2,1e+06,5.05,10.548249410374
"power a=3.31",3.31,2,1e+06,5.1,10.5521289044264
"power a=3.31",3.31,2,1e+06,5.15,10.5558746186467
"power a=3.31",3.31,2,1e+06,5.2,10.559492888378
"power a=3.31",3.31,2,1e+06,5.25,10.5629896638536
"power a=3.31",3.31,2,1e+06,5.3,10.5663705386277
"power a=3.31",3.31,2,1e+06,5.35,10.5696407755616
"power a=3.31",3.31,2,1e+06,5.4,10.5728053306033
"power a=3.31",3.31,2,1e+06,5.45,10.5758688745718
"power a=3.31",3.31,2,1e+06,5.5,10.5788358131364
"power a=3.31",3.31,2,1e+06,5.55,10.5817103051604
"power a=3.31",3.31,2,1e+06,5.6,10.584496279561
"power a=3.31",3.31,2,1e+06,5.65,10.5871974508211
"power a=3.31",3.31,2,1e+06,5.7,10.5898173332768
"power a=3.31",3.31,2,1e+06,5.75,10.5923592542887
"power a=3.31",3.31,2,1e+06,5.8,10.5948263663973
"power a=3.31",3.31,2,1e+06,5.85,10.5972216585511
"power a=3.31",3.31,2,1e+06,5.9,10.5995479664889
"power a=3.31",3.31,2,1e+06,5.95,10.6018079823469
"power a=3.31",3.31,2,1e+06,6,10.6040042635589
"NSFG men 25-44",3.31,0.5,100,0,0
"NSFG men 25-44",3.31,0.5,100,0.05,0.00827052005976991
"NSFG men 25-44",3.31,0.5,100,0.1,0.0171126860051364
"NSFG men 25-44",3.31,0.5,100,0.15,0.0265616023452776
"NSFG men 25-44",3.31,0.5,100,0.2,0.0366521696208404
"NSFG men 25-44",3.31,0.5,100,0.25,0.047418271042585
"NSFG men 25-44",3.31,0.5,100,0.3,0.0588917929382996
"NSFG men 25-44",3.31,0.5,100,0.35,0.0711015048413828
"NSFG men 25-44",3.31,0.5,100,0.4,0.0840718448621381
"NSFG men 25-44",3.31,0.5,100,0.45,0.0978216711725801
"NSFG men 25-44",3.31,0.5,100,0.5,0.112363048228505
"NSFG men 25-44",3.31,0.5,100,0.55,0.127700137020681
"NSFG men 25-44",3.31,0.5,100,0.6,0.143828254712298
"NSFG men 25-44",3.31,0.5,100,0.65,0.160733162832389
"NSFG men 25-44",3.31,0.5,100,0.7,0.178390634930164
"NSFG men 25-44",3.31,0.5,100,0.75,0.196766342366821
"NSFG men 25-44",3.31,0.5,100,0.8,0.215816078880919
"NSFG men 25-44",3.31,0.5,100,0.85,0.235486321285583
"NSFG men 25-44",3.31,0.5,100,0.9,0.255715098916223
"NSFG men 25-44",3.31,0.5,100,0.95,0.276433123645481
"NSFG men 25-44",3.31,0.5,100,1,0.297565119499346
"NSFG men 25-44",3.31,0.5,100,1.05,0.319031286748311
"NSFG men 25-44",3.31,0.5,100,1.1,0.340748837183593
"NSFG men 25-44",3.31,0.5,100,1.15,0.362633541560235
"NSFG men 25-44",3.31,0.5,100,1.2,0.384601234761676
"NSFG men 25-44",3.31,0.5,100,1.25,0.406569229133192
"NSFG men 25-44",3.31,0.5,100,1.3,0.428457592862668
"NSFG men 25-44",3.31,0.5,100,1.35,0.450190259214954
"NSFG men 25-44",3.31,0.5,100,1.4,0.471695943701358
"NSFG men 25-44",3.31,0.5,100,1.45,0.492908858687575
"NSFG men 25-44",3.31,0.5,100,1.5,0.513769226866942
"NSFG men 25-44",3.31,0.5,100,1.55,0.534223605012249
"NSFG men 25-44",3.31,0.5,100,1.6,0.554225036624555
"NSFG men 25-44",3.31,0.5,100,1.65,0.573733056341645
"NSFG men 25-44",3.31,0.5,100,1.7,0.592713570587289
"NSFG men 25-44",3.31,0.5,100,1.75,0.611138638552452
"NSFG men 25-44",3.31,0.5,100,1.8,0.628986175886092
"NSFG men 25-44",3.31,0.5,100,1.85,0.646239601043717
"NSFG men 25-44",3.31,0.5,100,1.9,0.662887441556354
"NSFG men 25-44",3.31,0.5,100,1.95,0.678922914842832
"NSFG men 25-44",3.31,0.5,100,2,0.694343495760217
"NSFG men 25-44",3.31,0.5,100,2.05,0.709150480938945
"NSFG men 25-44",3.31,0.5,100,2.1,0.723348558086192
"NSFG men 25-44",3.31,0.5,100,2.15,0.736945386837632
"NSFG men 25-44",3.31,0.5,100,2.2,0.749951196355642
"NSFG men 25-44",3.31,0.5,100,2.25,0.762378403674286
"NSFG men 25-44",3.31,0.5,100,2.3,0.774241255747665
"NSFG men 25-44",3.31,0.5,100,2.35,0.785555497245906
"NSFG men 25-44",3.31,0.5,100,2.4,0.796338065347574
"NSFG men 25-44",3.31,0.5,100,2.45,0.806606812089226
"NSFG men 25-44",3.31,0.5,100,2.5,0.816380254245989
"NSFG men 25-44",3.31,0.5,100,2.55,0.825677350226739
"NSFG men 25-44",3.31,0.5,100,2.6,0.834517303068827
"NSFG men 25-44",3.31,0.5,100,2.65,0.842919388304867
"NSFG men 25-44",3.31,0.5,100,2.7,0.850902805240806
"NSFG men 25-44",3.31,0.5,100,2.75,0.858486550023037
"NSFG men 25-44",3.31,0.5,100,2.8,0.865689308773494
"NSFG men 25-44",3.31,0.5,100,2.85,0.872529369027021
"NSFG men 25-44",3.31,0.5,100,2.9,0.879024547705489
"NSFG men 25-44",3.31,0.5,100,2.95,0.885192133899522
"NSFG men 25-44",3.31,0.5,100,3,0.891048844793398
"NSFG men 25-44",3.31,0.5,100,3.05,0.896610793154228
"NSFG men 25-44",3.31,0.5,100,3.1,0.901893464906722
"NSFG men 25-44",3.31,0.5,100,3.15,0.906911705424103
"NSFG men 25-44",3.31,0.5,100,3.2,0.911679713279888
"NSFG men 25-44",3.31,0.5,100,3.25,0.916211040320241
"NSFG men 25-44",3.31,0.5,100,3.3,0.920518597030024
"NSFG men 25-44",3.31,0.5,100,3.35,0.924614662275064
"NSFG men 25-44",3.31,0.5,100,3.4,0.928510896607244
"NSFG men 25-44",3.31,0.5,100,3.45,0.932218358416396
"NSFG men 25-44",3.31,0.5,100,3.5,0.935747522303506
"NSFG men 25-44",3.31,0.5,100,3.55,0.939108299132538
"NSFG men 25-44",3.31,0.5,100,3.6,0.942310057293687
"NSFG men 25-44",3.31,0.5,100,3.65,0.945361644778815
"NSFG men 25-44",3.31,0.5,100,3.7,0.948271411730847
"NSFG men 25-44",3.31,0.5,100,3.75,0.951047233182997
"NSFG men 25-44",3.31,0.5,100,3.8,0.953696531751642
"NSFG men 25-44",3.31,0.5,100,3.85,0.956226300088668
"NSFG men 25-44",3.31,0.5,100,3.9,0.958643122935867
"NSFG men 25-44",3.31,0.5,100,3.95,0.960953198655843
"NSFG men 25-44",3.31,0.5,100,4,0.963162360141304
"NSFG men 25-44",3.31,0.5,100,4.05,0.965276095028265
"NSFG men 25-44",3.31,0.5,100,4.1,0.967299565158754
"NSFG men 25-44",3.31,0.5,100,4.15,0.969237625255598
"NSFG men 25-44",3.31,0.5,100,4.2,0.971094840786152
"NSFG men 25-44",3.31,0.5,100,4.25,0.972875505003752
"NSFG men 25-44",3.31,0.5,100,4.3,0.974583655165494
"NSFG men 25-44",3.31,0.5,100,4.35,0.976223087932949
"NSFG men 25-44",3.31,0.5,100,4.4,0.97779737396892
"NSFG men 25-44",3.31,0.5,100,4.45,0.979309871748507
"NSFG men 25-44",3.31,0.5,100,4.5,0.980763740606651
"NSFG men 25-44",3.31,0.5,100,4.55,0.982161953047518
"NSFG men 25-44",3.31,0.5,100,4.6,0.983507306343139
"NSFG men 25-44",3.31,0.5,100,4.65,0.984802433450346
"NSFG men 25-44",3.31,0.5,100,4.7,0.986049813275935
"NSFG men 25-44",3.31,0.5,100,4.75,0.98725178032056
"NSFG men 25-44",3.31,0.5,100,4.8,0.988410533731768
"NSFG men 25-44",3.31,0.5,100,4.85,0.989528145796586
"NSFG men 25-44",3.31,0.5,100,4.9,0.990606569903396
"NSFG men 25-44",3.31,0.5,100,4.95,0.991647648002252
"NSFG men 25-44",3.31,0.5,100,5,0.992653117591909
"NSFG men 25-44",3.31,0.5,100,5.05,0.99362461826095
"NSFG men 25-44",3.31,0.5,100,5.1,0.994563697809243
"NSFG men 25-44",3.31,0.5,100,5.15,0.995471817974988
"NSFG men 25-44",3.31,0.5,100,5.2,0.996350359791388
"NSFG men 25-44",3.31,0.5,100,5.25,0.997200628595901
"NSFG men 25-44",3.31,0.5,100,5.3,0.998023858713821
"NSFG men 25-44",3.31,0.5,100,5.35,0.998821217836838
"NSFG men 25-44",3.31,0.5,100,5.4,0.999593811116096
"NSFG men 25-44",3.31,0.5,100,5.45,1.00034268498818
"NSFG men 25-44",3.31,0.5,100,5.5,1.00106883075136
"NSFG men 25-44",3.31,0.5,100,5.55,1.00177318790849
"NSFG men 25-44",3.31,0.5,100,5.6,1.00245664729182
"NSFG men 25-44",3.31,0.5,100,5.65,1.00312005398435
"NSFG men 25-44",3.31,0.5,100,5.7,1.00376421005093
"NSFG men 25-44",3.31,0.5,100,5.75,1.00438987709204
"NSFG men 25-44",3.31,0.5,100,5.8,1.00499777863202
"NSFG men 25-44",3.31,0.5,100,5.85,1.00558860235282
"NSFG men 25-44",3.31,0.5,100,5.9,1.00616300218359
"NSFG men 25-44",3.31,0.5,100,5.95,1.00672160025594
"NSFG men 25-44",3.31,0.5,100,6,1.0072649887338
"NSFG men 25-44",3.31,1,100,0,0
"NSFG men 25-44",3.31,1,100,0.05,0.0236076088519456
"NSFG men 25-44",3.31,1,100,0.1,0.0485778924889294
"NSFG men 25-44",3.31,1,100,0.15,0.0749317169491615
"NSFG men 25-44",3.31,1,100,0.2,0.102679756322499
"NSFG men 25-44",3.31,1,100,0.25,0.131821565180901
"NSFG men 25-44",3.31,1,100,0.3,0.162344823590713
"NSFG men 25-44",3.31,1,100,0.35,0.19422477789846
"NSFG men 25-44",3.31,1,100,0.4,0.227423895549857
"NSFG men 25-44",3.31,1,100,0.45,0.261891746589556
"NSFG men 25-44",3.31,1,100,0.5,0.297565119499346
"NSFG men 25-44",3.31,1,100,0.55,0.334368375540488
"NSFG men 25-44",3.31,1,100,0.6,0.372214043667385
"NSFG men 25-44",3.31,1,100,0.65,0.411003656164118
"NSFG men 25-44",3.31,1,100,0.7,0.450628821463334
"NSFG men 25-44",3.31,1,100,0.75,0.49097252327151
"NSFG men 25-44",3.31,1,100,0.8,0.531910623515082
"NSFG men 25-44",3.31,1,100,0.85,0.573313532272033
"NSFG men 25-44",3.31,1,100,0.9,0.615047994389078
"NSFG men 25-44",3.31,1,100,0.95,0.65697893410455
"NSFG men 25-44",3.31,1,100,1,0.698971298137782
"NSFG men 25-44",3.31,1,100,1.05,0.740891843532055
"NSFG men 25-44",3.31,1,100,1.1,0.782610825579643
"NSFG men 25-44",3.31,1,100,1.15,0.824003549673374
"NSFG men 25-44",3.31,1,100,1.2,0.864951757120457
"NSFG men 25-44",3.31,1,100,1.25,0.905344819457139
"NSFG men 25-44",3.31,1,100,1.3,0.945080720520255
"NSFG men 25-44",3.31,1,100,1.35,0.984066812030166
"NSFG men 25-44",3.31,1,100,1.4,1.02222033702921
"NSFG men 25-44",3.31,1,100,1.45,1.0594687253019
"NSFG men 25-44",3.31,1,100,1.5,1.09574967439865
"NSFG men 25-44",3.31,1,100,1.55,1.13101103772269
"NSFG men 25-44",3.31,1,100,1.6,1.16521054648224
"NSFG men 25-44",3.31,1,100,1.65,1.19831539495077
"NSFG men 25-44",3.31,1,100,1.7,1.23030171871443
"NSFG men 25-44",3.31,1,100,1.75,1.26115399399823
"NSFG men 25-44",3.31,1,100,1.8,1.29086438340525
"NSFG men 25-44",3.31,1,100,1.85,1.31943205006112
"NSFG men 25-44",3.31,1,100,1.9,1.34686245867543
"NSFG men 25-44",3.31,1,100,1.95,1.37316667870355
"NSFG men 25-44",3.31,1,100,2,1.3983607017777
"NSFG men 25-44",3.31,1,100,2.05,1.42246478293718
"NSFG men 25-44",3.31,1,100,2.1,1.44550281292651
"NSFG men 25-44",3.31,1,100,2.15,1.46750172691399
"NSFG men 25-44",3.31,1,100,2.2,1.48849095336794
"NSFG men 25-44",3.31,1,100,2.25,1.50850190546882
"NSFG men 25-44",3.31,1,100,2.3,1.52756751629265
"NSFG men 25-44",3.31,1,100,2.35,1.54572181804442
"NSFG men 25-44",3.31,1,100,2.4,1.56299956482456
"NSFG men 25-44",3.31,1,100,2.45,1.57943589776025
"NSFG men 25-44",3.31,1,100,2.5,1.59506605081088
"NSFG men 25-44",3.31,1,100,2.55,1.60992509515246
"NSFG men 25-44",3.31,1,100,2.6,1.62404771974704
"NSFG men 25-44",3.31,1,100,2.65,1.63746804550047
"NSFG men 25-44",3.31,1,100,2.7,1.65021947029219
"NSFG men 25-44",3.31,1,100,2.75,1.66233454211478
"NSFG men 25-44",3.31,1,100,2.8,1.67384485757501
"NSFG men 25-44",3.31,1,100,2.85,1.68478098307358
"NSFG men 25-44",3.31,1,100,2.9,1.69517239608422
"NSFG men 25-44",3.31,1,100,2.95,1.70504744408741
"NSFG men 25-44",3.31,1,100,3,1.71443331886839
"NSFG men 25-44",3.31,1,100,3.05,1.72335604405826
"NSFG men 25-44",3.31,1,100,3.1,1.7318404739719
"NSFG men 25-44",3.31,1,100,3.15,1.73991030197441
"NSFG men 25-44",3.31,1,100,3.2,1.74758807678223
"NSFG men 25-44",3.31,1,100,3.25,1.75489522527474
"NSFG men 25-44",3.31,1,100,3.3,1.76185208055316
"NSFG men 25-44",3.31,1,100,3.35,1.76847791413523
"NSFG men 25-44",3.31,1,100,3.4,1.7747909713146
"NSFG men 25-44",3.31,1,100,3.45,1.78080850884374
"NSFG men 25-44",3.31,1,100,3.5,1.7865468342163
"NSFG men 25-44",3.31,1,100,3.55,1.7920213459323
"NSFG men 25-44",3.31,1,100,3.6,1.79724657422394
"NSFG men 25-44",3.31,1,100,3.65,1.80223622180591
"NSFG men 25-44",3.31,1,100,3.7,1.80700320428849
"NSFG men 25-44",3.31,1,100,3.75,1.81155968995824
"NSFG men 25-44",3.31,1,100,3.8,1.81591713868863
"NSFG men 25-44",3.31,1,100,3.85,1.82008633979311
"NSFG men 25-44",3.31,1,100,3.9,1.82407744867628
"NSFG men 25-44",3.31,1,100,3.95,1.82790002217584
"NSFG men 25-44",3.31,1,100,4,1.83156305251945
"NSFG men 25-44",3.31,1,100,4.05,1.83507499984728
"NSFG men 25-44",3.31,1,100,4.1,1.83844382327339
"NSFG men 25-44",3.31,1,100,4.15,1.84167701047744
"NSFG men 25-44",3.31,1,100,4.2,1.84478160583358
"NSFG men 25-44",3.31,1,100,4.25,1.8477642370958
"NSFG men 25-44",3.31,1,100,4.3,1.85063114066876
"NSFG men 25-44",3.31,1,100,4.35,1.85338818550102
"NSFG men 25-44",3.31,1,100,4.4,1.85604089564381
"NSFG men 25-44",3.31,1,100,4.45,1.85859447152225
"NSFG men 25-44",3.31,1,100,4.5,1.86105380997005
"NSFG men 25-44",3.31,1,100,4.55,1.86342352307996
"NSFG men 25-44",3.31,1,100,4.6,1.86570795592388
"NSFG men 25-44",3.31,1,100,4.65,1.86791120319683
"NSFG men 25-44",3.31,1,100,4.7,1.87003712483882
"NSFG men 25-44",3.31,1,100,4.75,1.87208936068796
"NSFG men 25-44",3.31,1,100,4.8,1.87407134421708
"NSFG men 25-44",3.31,1,100,4.85,1.87598631540492
"NSFG men 25-44",3.31,1,100,4.9,1.87783733279099
"NSFG men 25-44",3.31,1,100,4.95,1.87962728476193
"NSFG men 25-44",3.31,1,100,5,1.88135890011477
"NSFG men 25-44",3.31,1,100,5.05,1.88303475794093
"NSFG men 25-44",3.31,1,100,5.1,1.88465729687256
"NSFG men 25-44",3.31,1,100,5.15,1.88622882373084
"NSFG men 25-44",3.31,1,100,5.2,1.88775152161381
"NSFG men 25-44",3.31,1,100,5.25,1.88922745745943
"NSFG men 25-44",3.31,1,100,5.3,1.89065858911734
"NSFG men 25-44",3.31,1,100,5.35,1.89204677196115
"NSFG men 25-44",3.31,1,100,5.4,1.89339376507118
"NSFG men 25-44",3.31,1,100,5.45,1.89470123701561
"NSFG men 25-44",3.31,1,100,5.5,1.89597077125666
"NSFG men 25-44",3.31,1,100,5.55,1.89720387120631
"NSFG men 25-44",3.31,1,100,5.6,1.89840196495506
"NSFG men 25-44",3.31,1,100,5.65,1.89956640969529
"NSFG men 25-44",3.31,1,100,5.7,1.90069849585972
"NSFG men 25-44",3.31,1,100,5.75,1.90179945099388
"NSFG men 25-44",3.31,1,100,5.8,1.90287044338049
"NSFG men 25-44",3.31,1,100,5.85,1.90391258543235
"NSFG men 25-44",3.31,1,100,5.9,1.90492693686923
"NSFG men 25-44",3.31,1,100,5.95,1.90591450769327
"NSFG men 25-44",3.31,1,100,6,1.90687626097641
"NSFG men 25-44",3.31,1.5,100,0,0
"NSFG men 25-44",3.31,1.5,100,0.05,0.0450737761009112
"NSFG men 25-44",3.31,1.5,100,0.1,0.0917616101731764
"NSFG men 25-44",3.31,1.5,100,0.15,0.140000139010051
"NSFG men 25-44",3.31,1.5,100,0.2,0.189715871584829
"NSFG men 25-44",3.31,1.5,100,0.25,0.240825674814749
"NSFG men 25-44",3.31,1.5,100,0.3,0.293237296954036
"NSFG men 25-44",3.31,1.5,100,0.35,0.346849917614068
"NSFG men 25-44",3.31,1.5,100,0.4,0.401554719751869
"NSFG men 25-44",3.31,1.5,100,0.45,0.457235485777785
"NSFG men 25-44",3.31,1.5,100,0.5,0.513769226866942
"NSFG men 25-44",3.31,1.5,100,0.55,0.571026861053391
"NSFG men 25-44",3.31,1.5,100,0.6,0.628873960792596
"NSFG men 25-44",3.31,1.5,100,0.65,0.687171593006417
"NSFG men 25-44",3.31,1.5,100,0.7,0.745777272551277
"NSFG men 25-44",3.31,1.5,100,0.75,0.804546042324615
"NSFG men 25-44",3.31,1.5,100,0.8,0.863331679901829
"NSFG men 25-44",3.31,1.5,100,0.85,0.921988013816403
"NSFG men 25-44",3.31,1.5,100,0.9,0.980370316446087
"NSFG men 25-44",3.31,1.5,100,0.95,1.03833672944803
"NSFG men 25-44",3.31,1.5,100,1,1.09574967439865
"NSFG men 25-44",3.31,1.5,100,1.05,1.15247720497166
"NSFG men 25-44",3.31,1.5,100,1.1,1.20839426416649
"NSFG men 25-44",3.31,1.5,100,1.15,1.26338381701166
"NSFG men 25-44",3.31,1.5,100,1.2,1.31733783397675
"NSFG men 25-44",3.31,1.5,100,1.25,1.37015810363208
"NSFG men 25-44",3.31,1.5,100,1.3,1.42175685676857
"NSFG men 25-44",3.31,1.5,100,1.35,1.47205718977673
"NSFG men 25-44",3.31,1.5,100,1.4,1.52099328287744
"NSFG men 25-44",3.31,1.5,100,1.45,1.56851041789178
"NSFG men 25-44",3.31,1.5,100,1.5,1.6145648091453
"NSFG men 25-44",3.31,1.5,100,1.55,1.65912326845008
"NSFG men 25-44",3.31,1.5,100,1.6,1.70216273005172
"NSFG men 25-44",3.31,1.5,100,1.65,1.74366966375629
"NSFG men 25-44",3.31,1.5,100,1.7,1.78363940445589
"NSFG men 25-44",3.31,1.5,100,1.75,1.82207542452192
"NSFG men 25-44",3.31,1.5,100,1.8,1.8589885726794
"NSFG men 25-44",3.31,1.5,100,1.85,1.89439629958879
"NSFG men 25-44",3.31,1.5,100,1.9,1.92832188688157
"NSFG men 25-44",3.31,1.5,100,1.95,1.96079369310373
"NSFG men 25-44",3.31,1.5,100,2,1.99184442707175
"NSFG men 25-44",3.31,1.5,100,2.05,2.02151045659206
"NSFG men 25-44",3.31,1.5,100,2.1,2.04983115833389
"NSFG men 25-44",3.31,1.5,100,2.15,2.07684831283875
"NSFG men 25-44",3.31,1.5,100,2.2,2.10260554714849
"NSFG men 25-44",3.31,1.5,100,2.25,2.12714782628971
"NSFG men 25-44",3.31,1.5,100,2.3,2.15052099382333
"NSFG men 25-44",3.31,1.5,100,2.35,2.17277136082014
"NSFG men 25-44",3.31,1.5,100,2.4,2.19394534193246
"NSFG men 25-44",3.31,1.5,100,2.45,2.21408913667729
"NSFG men 25-44",3.31,1.5,100,2.5,2.23324845361504
"NSFG men 25-44",3.31,1.5,100,2.55,2.25146827478566
"NSFG men 25-44",3.31,1.5,100,2.6,2.26879265754138
"NSFG men 25-44",3.31,1.5,100,2.65,2.28526457077993
"NSFG men 25-44",3.31,1.5,100,2.7,2.30092576252369
"NSFG men 25-44",3.31,1.5,100,2.75,2.31581665579843
"NSFG men 25-44",3.31,1.5,100,2.8,2.32997626982731
"NSFG men 25-44",3.31,1.5,100,2.85,2.3434421636629
"NSFG men 25-44",3.31,1.5,100,2.9,2.35625039952075
"NSFG men 25-44",3.31,1.5,100,2.95,2.36843552324392
"NSFG men 25-44",3.31,1.5,100,3,2.38003055951036
"NSFG men 25-44",3.31,1.5,100,3.05,2.39106701958718
"NSFG men 25-44",3.31,1.5,100,3.1,2.40157491963131
"NSFG men 25-44",3.31,1.5,100,3.15,2.41158280773066
"NSFG men 25-44",3.31,1.5,100,3.2,2.42111779806904
"NSFG men 25-44",3.31,1.5,100,3.25,2.43020561077914
"NSFG men 25-44",3.31,1.5,100,3.3,2.43887061621931
"NSFG men 25-44",3.31,1.5,100,3.35,2.44713588256883
"NSFG men 25-44",3.31,1.5,100,3.4,2.45502322578418
"NSFG men 25-44",3.31,1.5,100,3.45,2.4625532610929
"NSFG men 25-44",3.31,1.5,100,3.5,2.46974545532361
"NSFG men 25-44",3.31,1.5,100,3.55,2.47661817948047
"NSFG men 25-44",3.31,1.5,100,3.6,2.48318876106774
"NSFG men 25-44",3.31,1.5,100,3.65,2.48947353575691
"NSFG men 25-44",3.31,1.5,100,3.7,2.49548789806508
"NSFG men 25-44",3.31,1.5,100,3.75,2.50124635077946
"NSFG men 25-44",3.31,1.5,100,3.8,2.50676255292105
"NSFG men 25-44",3.31,1.5,100,3.85,2.51204936609035
"NSFG men 25-44",3.31,1.5,100,3.9,2.51711889908032
"NSFG men 25-44",3.31,1.5,100,3.95,2.52198255067875
"NSFG men 25-44",3.31,1.5,100,4,2.52665105061201
"NSFG men 25-44",3.31,1.5,100,4.05,2.53113449860888
"NSFG men 25-44",3.31,1.5,100,4.1,2.53544240158329
"NSFG men 25-44",3.31,1.5,100,4.15,2.53958370895308
"NSFG men 25-44",3.31,1.5,100,4.2,2.54356684612563
"NSFG men 25-44",3.31,1.5,100,4.25,2.54739974619237
"NSFG men 25-44",3.31,1.5,100,4.3,2.55108987988323
"NSFG men 25-44",3.31,1.5,100,4.35,2.55464428383853
"NSFG men 25-44",3.31,1.5,100,4.4,2.55806958726056
"NSFG men 25-44",3.31,1.5,100,4.45,2.56137203701109
"NSFG men 25-44",3.31,1.5,100,4.5,2.56455752122208
"NSFG men 25-44",3.31,1.5,100,4.55,2.5676315914891
"NSFG men 25-44",3.31,1.5,100,4.6,2.57059948371636
"NSFG men 25-44",3.31,1.5,100,4.65,2.57346613768184
"NSFG men 25-44",3.31,1.5,100,4.7,2.5762362153904
"NSFG men 25-44",3.31,1.5,100,4.75,2.57891411828065
"NSFG men 25-44",3.31,1.5,100,4.8,2.58150400334976
"NSFG men 25-44",3.31,1.5,100,4.85,2.58400979825839
"NSFG men 25-44",3.31,1.5,100,4.9,2.58643521547522
"NSFG men 25-44",3.31,1.5,100,4.95,2.58878376551852
"NSFG men 25-44",3.31,1.5,100,5,2.59105876934923
"NSFG men 25-44",3.31,1.5,100,5.05,2.59326336996792
"NSFG men 25-44",3.31,1.5,100,5.1,2.59540054326495
"NSFG men 25-44",3.31,1.5,100,5.15,2.59747310817094
"NSFG men 25-44",3.31,1.5,100,5.2,2.59948373615176
"NSFG men 25-44",3.31,1.5,100,5.25,2.60143496009044
"NSFG men 25-44",3.31,1.5,100,5.3,2.60332918259497
"NSFG men 25-44",3.31,1.5,100,5.35,2.60516868376984
"NSFG men 25-44",3.31,1.5,100,5.4,2.60695562848597
"NSFG men 25-44",3.31,1.5,100,5.45,2.6086920731821
"NSFG men 25-44",3.31,1.5,100,5.5,2.61037997222842
"NSFG men 25-44",3.31,1.5,100,5.55,2.61202118388155
"NSFG men 25-44",3.31,1.5,100,5.6,2.61361747585772
"NSFG men 25-44",3.31,1.5,100,5.65,2.6151705305498
"NSFG men 25-44",3.31,1.5,100,5.7,2.61668194991165
"NSFG men 25-44",3.31,1.5,100,5.75,2.61815326003207
"NSFG men 25-44",3.31,1.5,100,5.8,2.6195859154191
"NSFG men 25-44",3.31,1.5,100,5.85,2.62098130301393
"NSFG men 25-44",3.31,1.5,100,5.9,2.62234074595245
"NSFG men 25-44",3.31,1.5,100,5.95,2.62366550709137
"NSFG men 25-44",3.31,1.5,100,6,2.62495679231457
"NSFG men 25-44",3.31,2,100,0,0
"NSFG men 25-44",3.31,2,100,0.05,0.0655281542462192
"NSFG men 25-44",3.31,2,100,0.1,0.13221741993079
"NSFG men 25-44",3.31,2,100,0.15,0.199963968484754
"NSFG men 25-44",3.31,2,100,0.2,0.268660215305176
"NSFG men 25-44",3.31,2,100,0.25,0.338195086500259
"NSFG men 25-44",3.31,2,100,0.3,0.408454245973185
"NSFG men 25-44",3.31,2,100,0.35,0.479320291790843
"NSFG men 25-44",3.31,2,100,0.4,0.55067293444128
"NSFG men 25-44",3.31,2,100,0.45,0.622389173753672
"NSFG men 25-44",3.31,2,100,0.5,0.694343495760217
"NSFG men 25-44",3.31,2,100,0.55,0.766408115125397
"NSFG men 25-44",3.31,2,100,0.6,0.838453292011846
"NSFG men 25-44",3.31,2,100,0.65,0.91034775297711
"NSFG men 25-44",3.31,2,100,0.7,0.981959242039976
"NSFG men 25-44",3.31,2,100,0.75,1.05315521913196
"NSFG men 25-44",3.31,2,100,0.8,1.12380370878255
"NSFG men 25-44",3.31,2,100,0.85,1.19377428419537
"NSFG men 25-44",3.31,2,100,0.9,1.26293915492672
"NSFG men 25-44",3.31,2,100,0.95,1.33117431467032
"NSFG men 25-44",3.31,2,100,1,1.3983607017777
"NSFG men 25-44",3.31,2,100,1.05,1.46438532833145
"NSFG men 25-44",3.31,2,100,1.1,1.52914234036838
"NSFG men 25-44",3.31,2,100,1.15,1.59253397844959
"NSFG men 25-44",3.31,2,100,1.2,1.65447141235062
"NSFG men 25-44",3.31,2,100,1.25,1.71487542678817
"NSFG men 25-44",3.31,2,100,1.3,1.77367693867513
"NSFG men 25-44",3.31,2,100,1.35,1.83081733193681
"NSFG men 25-44",3.31,2,100,1.4,1.88624860371598
"NSFG men 25-44",3.31,2,100,1.45,1.93993332492436
"NSFG men 25-44",3.31,2,100,1.5,1.99184442707175
"NSFG men 25-44",3.31,2,100,1.55,2.04196483473737
"NSFG men 25-44",3.31,2,100,1.6,2.0902869680915
"NSFG men 25-44",3.31,2,100,1.65,2.13681214231345
"NSFG men 25-44",3.31,2,100,1.7,2.18154989086883
"NSFG men 25-44",3.31,2,100,1.75,2.22451723797523
"NSFG men 25-44",3.31,2,100,1.8,2.26573794284248
"NSFG men 25-44",3.31,2,100,1.85,2.30524173499692
"NSFG men 25-44",3.31,2,100,1.9,2.34306355662187
"NSFG men 25-44",3.31,2,100,1.95,2.37924282465319
"NSFG men 25-44",3.31,2,100,2,2.41382272250832
"NSFG men 25-44",3.31,2,100,2.05,2.44684952885766
"NSFG men 25-44",3.31,2,100,2.1,2.47837198876063
"NSFG men 25-44",3.31,2,100,2.15,2.50844073075062
"NSFG men 25-44",3.31,2,100,2.2,2.53710773201239
"NSFG men 25-44",3.31,2,100,2.25,2.56442583260576
"NSFG men 25-44",3.31,2,100,2.3,2.59044829870803
"NSFG men 25-44",3.31,2,100,2.35,2.61522843404187
"NSFG men 25-44",3.31,2,100,2.4,2.63881923800138
"NSFG men 25-44",3.31,2,100,2.45,2.6612731084662
"NSFG men 25-44",3.31,2,100,2.5,2.6826415868894
"NSFG men 25-44",3.31,2,100,2.55,2.70297514294698
"NSFG men 25-44",3.31,2,100,2.6,2.72232299583319
"NSFG men 25-44",3.31,2,100,2.65,2.74073296916859
"NSFG men 25-44",3.31,2,100,2.7,2.7582513764429
"NSFG men 25-44",3.31,2,100,2.75,2.77492293393523
"NSFG men 25-44",3.31,2,100,2.8,2.79079069812586
"NSFG men 25-44",3.31,2,100,2.85,2.80589602472891
"NSFG men 25-44",3.31,2,100,2.9,2.82027854662273
"NSFG men 25-44",3.31,2,100,2.95,2.83397616812548
"NSFG men 25-44",3.31,2,100,3,2.84702507325007
"NSFG men 25-44",3.31,2,100,3.05,2.85945974576775
"NSFG men 25-44",3.31,2,100,3.1,2.87131299910751
"NSFG men 25-44",3.31,2,100,3.15,2.88261601431406
"NSFG men 25-44",3.31,2,100,3.2,2.89339838447803
"NSFG men 25-44",3.31,2,100,3.25,2.90368816423276
"NSFG men 25-44",3.31,2,100,3.3,2.91351192308413
"NSFG men 25-44",3.31,2,100,3.35,2.92289480149847
"NSFG men 25-44",3.31,2,100,3.4,2.93186056882064
"NSFG men 25-44",3.31,2,100,3.45,2.9404316822282
"NSFG men 25-44",3.31,2,100,3.5,2.94862934604858
"NSFG men 25-44",3.31,2,100,3.55,2.95647357087448
"NSFG men 25-44",3.31,2,100,3.6,2.96398323201004
"NSFG men 25-44",3.31,2,100,3.65,2.97117612686496
"NSFG men 25-44",3.31,2,100,3.7,2.97806903098953
"NSFG men 25-44",3.31,2,100,3.75,2.98467775250842
"NSFG men 25-44",3.31,2,100,3.8,2.99101718476794
"NSFG men 25-44",3.31,2,100,3.85,2.99710135706025
"NSFG men 25-44",3.31,2,100,3.9,3.00294348332949
"NSFG men 25-44",3.31,2,100,3.95,3.00855600879999
"NSFG men 25-44",3.31,2,100,4,3.01395065449643
"NSFG men 25-44",3.31,2,100,4.05,3.01913845965043
"NSFG men 25-44",3.31,2,100,4.1,3.02412982200818
"NSFG men 25-44",3.31,2,100,4.15,3.02893453607049
"NSFG men 25-44",3.31,2,100,4.2,3.03356182930961
"NSFG men 25-44",3.31,2,100,4.25,3.03802039641746
"NSFG men 25-44",3.31,2,100,4.3,3.04231843164831
"NSFG men 25-44",3.31,2,100,4.35,3.0464636593244
"NSFG men 25-44",3.31,2,100,4.4,3.05046336257721
"NSFG men 25-44",3.31,2,100,4.45,3.05432441040008
"NSFG men 25-44",3.31,2,100,4.5,3.05805328308893
"NSFG men 25-44",3.31,2,100,4.55,3.06165609614849
"NSFG men 25-44",3.31,2,100,4.6,3.06513862274115
"NSFG men 25-44",3.31,2,100,4.65,3.06850631475433
"NSFG men 25-44",3.31,2,100,4.7,3.07176432256076
"NSFG men 25-44",3.31,2,100,4.75,3.07491751354406
"NSFG men 25-44",3.31,2,100,4.8,3.07797048945979
"NSFG men 25-44",3.31,2,100,4.85,3.08092760269949
"NSFG men 25-44",3.31,2,100,4.9,3.08379297152243
"NSFG men 25-44",3.31,2,100,4.95,3.08657049431742
"NSFG men 25-44",3.31,2,100,5,3.0892638629534
"NSFG men 25-44",3.31,2,100,5.05,3.09187657527556
"NSFG men 25-44",3.31,2,100,5.1,3.09441194680002
"NSFG men 25-44",3.31,2,100,5.15,3.09687312165785
"NSFG men 25-44",3.31,2,100,5.2,3.0992630828361
"NSFG men 25-44",3.31,2,100,5.25,3.10158466176103
"NSFG men 25-44",3.31,2,100,5.3,3.10384054726598
"NSFG men 25-44",3.31,2,100,5.35,3.10603329398383
"NSFG men 25-44",3.31,2,100,5.4,3.1081653302016
"NSFG men 25-44",3.31,2,100,5.45,3.11023896521262
"NSFG men 25-44",3.31,2,100,5.5,3.112256396199
"NSFG men 25-44",3.31,2,100,5.55,3.11421971467573
"NSFG men 25-44",3.31,2,100,5.6,3.11613091252517
"NSFG men 25-44",3.31,2,100,5.65,3.11799188764921
"NSFG men 25-44",3.31,2,100,5.7,3.11980444926429
"NSFG men 25-44",3.31,2,100,5.75,3.12157032286333
"NSFG men 25-44",3.31,2,100,5.8,3.1232911548662
"NSFG men 25-44",3.31,2,100,5.85,3.12496851697996
"NSFG men 25-44",3.31,2,100,5.9,3.12660391028768
"NSFG men 25-44",3.31,2,100,5.95,3.12819876908423
"NSFG men 25-44",3.31,2,100,6,3.1297544644754
"NSFG men 25-44",3.31,0.5,1000,0,0
"NSFG men 25-44",3.31,0.5,1000,0.05,0.00841937637730917
"NSFG men 25-44",3.31,0.5,1000,0.1,0.0174505296448982
"NSFG men 25-44",3.31,0.5,1000,0.15,0.0271402364398349
"NSFG men 25-44",3.31,0.5,1000,0.2,0.0375384767279195
"NSFG men 25-44",3.31,0.5,1000,0.25,0.0486984472576111
"NSFG men 25-44",3.31,0.5,1000,0.3,0.0606764741269215
"NSFG men 25-44",3.31,0.5,1000,0.35,0.0735317788525363
"NSFG men 25-44",3.31,0.5,1000,0.4,0.087326042118462
"NSFG men 25-44",3.31,0.5,1000,0.45,0.102122704140268
"NSFG men 25-44",3.31,0.5,1000,0.5,0.117985945821246
"NSFG men 25-44",3.31,0.5,1000,0.55,0.134979314937539
"NSFG men 25-44",3.31,0.5,1000,0.6,0.153163995433283
"NSFG men 25-44",3.31,0.5,1000,0.65,0.172596756504148
"NSFG men 25-44",3.31,0.5,1000,0.7,0.193327648269082
"NSFG men 25-44",3.31,0.5,1000,0.75,0.215397525378959
"NSFG men 25-44",3.31,0.5,1000,0.8,0.238835485628525
"NSFG men 25-44",3.31,0.5,1000,0.85,0.263656322685299
"NSFG men 25-44",3.31,0.5,1000,0.9,0.289858118526183
"NSFG men 25-44",3.31,0.5,1000,0.95,0.31742013343096
"NSFG men 25-44",3.31,0.5,1000,1,0.34630116977597
"NSFG men 25-44",3.31,0.5,1000,1.05,0.376438574235883
"NSFG men 25-44",3.31,0.5,1000,1.1,0.407747999474159
"NSFG men 25-44",3.31,0.5,1000,1.15,0.440123984449421
"NSFG men 25-44",3.31,0.5,1000,1.2,0.473441352329402
"NSFG men 25-44",3.31,0.5,1000,1.25,0.50755738013931
"NSFG men 25-44",3.31,0.5,1000,1.3,0.542314662614684
"NSFG men 25-44",3.31,0.5,1000,1.35,0.577544561856223
"NSFG men 25-44",3.31,0.5,1000,1.4,0.613071096417937
"NSFG men 25-44",3.31,0.5,1000,1.45,0.648715084127097
"NSFG men 25-44",3.31,0.5,1000,1.5,0.684298326300622
"NSFG men 25-44",3.31,0.5,1000,1.55,0.719647617789695
"NSFG men 25-44",3.31,0.5,1000,1.6,0.754598388644364
"NSFG men 25-44",3.31,0.5,1000,1.65,0.788997822925586
"NSFG men 25-44",3.31,0.5,1000,1.7,0.822707349798979
"NSFG men 25-44",3.31,0.5,1000,1.75,0.855604454067374
"NSFG men 25-44",3.31,0.5,1000,1.8,0.88758380213644
"NSFG men 25-44",3.31,0.5,1000,1.85,0.918557721037801
"NSFG men 25-44",3.31,0.5,1000,1.9,0.948456099931583
"NSFG men 25-44",3.31,0.5,1000,1.95,0.977225804312333
"NSFG men 25-44",3.31,0.5,1000,2,1.00482970325231
"NSFG men 25-44",3.31,0.5,1000,2.05,1.03124541093471
"NSFG men 25-44",3.31,0.5,1000,2.1,1.0564638376594
"NSFG men 25-44",3.31,0.5,1000,2.15,1.08048763482371
"NSFG men 25-44",3.31,0.5,1000,2.2,1.1033296052364
"NSFG men 25-44",3.31,0.5,1000,2.25,1.12501113621577
"NSFG men 25-44",3.31,0.5,1000,2.3,1.14556069944942
"NSFG men 25-44",3.31,0.5,1000,2.35,1.16501244930583
"NSFG men 25-44",3.31,0.5,1000,2.4,1.18340494058493
"NSFG men 25-44",3.31,0.5,1000,2.45,1.20077997772646
"NSFG men 25-44",3.31,0.5,1000,2.5,1.21718160024631
"NSFG men 25-44",3.31,0.5,1000,2.55,1.23265520352912
"NSFG men 25-44",3.31,0.5,1000,2.6,1.24724678989869
"NSFG men 25-44",3.31,0.5,1000,2.65,1.26100234192284
"NSFG men 25-44",3.31,0.5,1000,2.7,1.27396730798291
"NSFG men 25-44",3.31,0.5,1000,2.75,1.28618618905695
"NSFG men 25-44",3.31,0.5,1000,2.8,1.2977022152479
"NSFG men 25-44",3.31,0.5,1000,2.85,1.30855710067471
"NSFG men 25-44",3.31,0.5,1000,2.9,1.31879086579564
"NSFG men 25-44",3.31,0.5,1000,2.95,1.32844171693365
"NSFG men 25-44",3.31,0.5,1000,3,1.33754597362905
"NSFG men 25-44",3.31,0.5,1000,3.05,1.34613803538125
"NSFG men 25-44",3.31,0.5,1000,3.1,1.35425038030185
"NSFG men 25-44",3.31,0.5,1000,3.15,1.36191358914547
"NSFG men 25-44",3.31,0.5,1000,3.2,1.36915638908314
"NSFG men 25-44",3.31,0.5,1000,3.25,1.37600571241771
"NSFG men 25-44",3.31,0.5,1000,3.3,1.38248676620063
"NSFG men 25-44",3.31,0.5,1000,3.35,1.38862310938944
"NSFG men 25-44",3.31,0.5,1000,3.4,1.39443673478645
"NSFG men 25-44",3.31,0.5,1000,3.45,1.3999481535218
"NSFG men 25-44",3.31,0.5,1000,3.5,1.40517648029532
"NSFG men 25-44",3.31,0.5,1000,3.55,1.41013951797537
"NSFG men 25-44",3.31,0.5,1000,3.6,1.41485384047694
"NSFG men 25-44",3.31,0.5,1000,3.65,1.41933487311138
"NSFG men 25-44",3.31,0.5,1000,3.7,1.42359696982376
"NSFG men 25-44",3.31,0.5,1000,3.75,1.42765348691629
"NSFG men 25-44",3.31,0.5,1000,3.8,1.43151685300369
"NSFG men 25-44",3.31,0.5,1000,3.85,1.43519863506445
"NSFG men 25-44",3.31,0.5,1000,3.9,1.43870960054431
"NSFG men 25-44",3.31,0.5,1000,3.95,1.44205977554029
"NSFG men 25-44",3.31,0.5,1000,4,1.44525849914765
"NSFG men 25-44",3.31,0.5,1000,4.05,1.44831447409249
"NSFG men 25-44",3.31,0.5,1000,4.1,1.45123581380115
"NSFG men 25-44",3.31,0.5,1000,4.15,1.45403008607665
"NSFG men 25-44",3.31,0.5,1000,4.2,1.4567043535643
"NSFG men 25-44",3.31,0.5,1000,4.25,1.45926521119439
"NSFG men 25-44",3.31,0.5,1000,4.3,1.46171882079126
"NSFG men 25-44",3.31,0.5,1000,4.35,1.46407094303613
"NSFG men 25-44",3.31,0.5,1000,4.4,1.46632696696601
"NSFG men 25-44",3.31,0.5,1000,4.45,1.46849193718495
"NSFG men 25-44",3.31,0.5,1000,4.5,1.47057057895577
"NSFG men 25-44",3.31,0.5,1000,4.55,1.47256732133187
"NSFG men 25-44",3.31,0.5,1000,4.6,1.47448631847963
"NSFG men 25-44",3.31,0.5,1000,4.65,1.4763314693324
"NSFG men 25-44",3.31,0.5,1000,4.7,1.47810643570817
"NSFG men 25-44",3.31,0.5,1000,4.75,1.47981465901333
"NSFG men 25-44",3.31,0.5,1000,4.8,1.48145937564649
"NSFG men 25-44",3.31,0.5,1000,4.85,1.48304363120763
"NSFG men 25-44",3.31,0.5,1000,4.9,1.48457029360988
"NSFG men 25-44",3.31,0.5,1000,4.95,1.48604206518344
"NSFG men 25-44",3.31,0.5,1000,5,1.48746149385415
"NSFG men 25-44",3.31,0.5,1000,5.05,1.48883098347249
"NSFG men 25-44",3.31,0.5,1000,5.1,1.49015280336245
"NSFG men 25-44",3.31,0.5,1000,5.15,1.49142909715419
"NSFG men 25-44",3.31,0.5,1000,5.2,1.4926618909587
"NSFG men 25-44",3.31,0.5,1000,5.25,1.49385310093822
"NSFG men 25-44",3.31,0.5,1000,5.3,1.49500454032116
"NSFG men 25-44",3.31,0.5,1000,5.35,1.49611792590659
"NSFG men 25-44",3.31,0.5,1000,5.4,1.49719488409908
"NSFG men 25-44",3.31,0.5,1000,5.45,1.49823695651162
"NSFG men 25-44",3.31,0.5,1000,5.5,1.49924560517081
"NSFG men 25-44",3.31,0.5,1000,5.55,1.50022221735583
"NSFG men 25-44",3.31,0.5,1000,5.6,1.50116811009985
"NSFG men 25-44",3.31,0.5,1000,5.65,1.50208453438025
"NSFG men 25-44",3.31,0.5,1000,5.7,1.50297267902178
"NSFG men 25-44",3.31,0.5,1000,5.75,1.50383367433456
"NSFG men 25-44",3.31,0.5,1000,5.8,1.50466859550734
"NSFG men 25-44",3.31,0.5,1000,5.85,1.50547846577444
"NSFG men 25-44",3.31,0.5,1000,5.9,1.50626425937332
"NSFG men 25-44",3.31,0.5,1000,5.95,1.50702690430846
"NSFG men 25-44",3.31,0.5,1000,6,1.50776728493591
"NSFG men 25-44",3.31,1,1000,0,0
"NSFG men 25-44",3.31,1,1000,0.05,0.0254127454936022
"NSFG men 25-44",3.31,1,1000,0.1,0.0526285792569355
"NSFG men 25-44",3.31,1,1000,0.15,0.0817510471227367
"NSFG men 25-44",3.31,1,1000,0.2,0.112880179175755
"NSFG men 25-44",3.31,1,1000,0.25,0.146110026815324
"NSFG men 25-44",3.31,1,1000,0.3,0.181526013934201
"NSFG men 25-44",3.31,1,1000,0.35,0.21920215571659
"NSFG men 25-44",3.31,1,1000,0.4,0.259198214823399
"NSFG men 25-44",3.31,1,1000,0.45,0.301556891749982
"NSFG men 25-44",3.31,1,1000,0.5,0.34630116977597
"NSFG men 25-44",3.31,1,1000,0.55,0.393431943352175
"NSFG men 25-44",3.31,1,1000,0.6,0.442926049086197
"NSFG men 25-44",3.31,1,1000,0.65,0.494734795132322
"NSFG men 25-44",3.31,1,1000,0.7,0.548783054777238
"NSFG men 25-44",3.31,1,1000,0.75,0.604968959697024
"NSFG men 25-44",3.31,1,1000,0.8,0.663164202421962
"NSFG men 25-44",3.31,1,1000,0.85,0.723214938720277
"NSFG men 25-44",3.31,1,1000,0.9,0.784943269122874
"NSFG men 25-44",3.31,1,1000,0.95,0.848149271736812
"NSFG men 25-44",3.31,1,1000,1,0.912613550255346
"NSFG men 25-44",3.31,1,1000,1.05,0.978100246204331
"NSFG men 25-44",3.31,1,1000,1.1,1.04436044229728
"NSFG men 25-44",3.31,1,1000,1.15,1.11113586155376
"NSFG men 25-44",3.31,1,1000,1.2,1.17816275630713
"NSFG men 25-44",3.31,1,1000,1.25,1.24517588838544
"NSFG men 25-44",3.31,1,1000,1.3,1.31191251892988
"NSFG men 25-44",3.31,1,1000,1.35,1.37811633707278
"NSFG men 25-44",3.31,1,1000,1.4,1.44354125052828
"NSFG men 25-44",3.31,1,1000,1.45,1.50795494261819
"NSFG men 25-44",3.31,1,1000,1.5,1.57114208373169
"NSFG men 25-44",3.31,1,1000,1.55,1.63290708290316
"NSFG men 25-44",3.31,1,1000,1.6,1.69307628048252
"NSFG men 25-44",3.31,1,1000,1.65,1.75149951192805
"NSFG men 25-44",3.31,1,1000,1.7,1.80805100921414
"NSFG men 25-44",3.31,1,1000,1.75,1.8626296444619
"NSFG men 25-44",3.31,1,1000,1.8,1.91515855576461
"NSFG men 25-44",3.31,1,1000,1.85,1.96558422452238
"NSFG men 25-44",3.31,1,1000,1.9,2.01387509469527
"NSFG men 25-44",3.31,1,1000,1.95,2.06001983621755
"NSFG men 25-44",3.31,1,1000,2,2.10402535767739
"NSFG men 25-44",3.31,1,1000,2.05,2.14591466864258
"NSFG men 25-44",3.31,1,1000,2.1,2.18572468173685
"NSFG men 25-44",3.31,1,1000,2.15,2.2235040309253
"NSFG men 25-44",3.31,1,1000,2.2,2.25931096739807
"NSFG men 25-44",3.31,1,1000,2.25,2.29321137945148
"NSFG men 25-44",3.31,1,1000,2.3,2.32527696887607
"NSFG men 25-44",3.31,1,1000,2.35,2.35558360415929
"NSFG men 25-44",3.31,1,1000,2.4,2.38420986055934
"NSFG men 25-44",3.31,1,1000,2.45,2.41123574883887
"NSFG men 25-44",3.31,1,1000,2.5,2.43674162805411
"NSFG men 25-44",3.31,1,1000,2.55,2.46080729308912
"NSFG men 25-44",3.31,1,1000,2.6,2.4835112243793
"NSFG men 25-44",3.31,1,1000,2.65,2.50492998524707
"NSFG men 25-44",3.31,1,1000,2.7,2.5251377512448
"NSFG men 25-44",3.31,1,1000,2.75,2.54420595565341
"NSFG men 25-44",3.31,1,1000,2.8,2.56220303562728
"NSFG men 25-44",3.31,1,1000,2.85,2.57919426424291
"NSFG men 25-44",3.31,1,1000,2.9,2.59524165476085
"NSFG men 25-44",3.31,1,1000,2.95,2.61040392463421
"NSFG men 25-44",3.31,1,1000,3,2.62473650810312
"NSFG men 25-44",3.31,1,1000,3.05,2.63829160753538
"NSFG men 25-44",3.31,1,1000,3.1,2.65111827495755
"NSFG men 25-44",3.31,1,1000,3.15,2.66326251643561
"NSFG men 25-44",3.31,1,1000,3.2,2.67476741308565
"NSFG men 25-44",3.31,1,1000,3.25,2.68567325351276
"NSFG men 25-44",3.31,1,1000,3.3,2.69601767338308
"NSFG men 25-44",3.31,1,1000,3.35,2.70583579863265
"NSFG men 25-44",3.31,1,1000,3.4,2.71516038950952
"NSFG men 25-44",3.31,1,1000,3.45,2.72402198324085
"NSFG men 25-44",3.31,1,1000,3.5,2.73244903362173
"NSFG men 25-44",3.31,1,1000,3.55,2.74046804624662
"NSFG men 25-44",3.31,1,1000,3.6,2.74810370845685
"NSFG men 25-44",3.31,1,1000,3.65,2.75537901336678
"NSFG men 25-44",3.31,1,1000,3.7,2.76231537756681
"NSFG men 25-44",3.31,1,1000,3.75,2.76893275228943
"NSFG men 25-44",3.31,1,1000,3.8,2.77524972797371
"NSFG men 25-44",3.31,1,1000,3.85,2.78128363227933
"NSFG men 25-44",3.31,1,1000,3.9,2.78705062168907
"NSFG men 25-44",3.31,1,1000,3.95,2.792565766904
"NSFG men 25-44",3.31,1,1000,4,2.79784313228217
"NSFG men 25-44",3.31,1,1000,4.05,2.80289584960312
"NSFG men 25-44",3.31,1,1000,4.1,2.80773618645953
"NSFG men 25-44",3.31,1,1000,4.15,2.8123756095878
"NSFG men 25-44",3.31,1,1000,4.2,2.81682484345122
"NSFG men 25-44",3.31,1,1000,4.25,2.82109392438646
"NSFG men 25-44",3.31,1,1000,4.3,2.8251922506165
"NSFG men 25-44",3.31,1,1000,4.35,2.82912862842251
"NSFG men 25-44",3.31,1,1000,4.4,2.83291131475465
"NSFG men 25-44",3.31,1,1000,4.45,2.83654805654715
"NSFG men 25-44",3.31,1,1000,4.5,2.84004612698868
"NSFG men 25-44",3.31,1,1000,4.55,2.84341235898311
"NSFG men 25-44",3.31,1,1000,4.6,2.84665317602083
"NSFG men 25-44",3.31,1,1000,4.65,2.84977462066534
"NSFG men 25-44",3.31,1,1000,4.7,2.85278238084563
"NSFG men 25-44",3.31,1,1000,4.75,2.8556818141303
"NSFG men 25-44",3.31,1,1000,4.8,2.8584779701464
"NSFG men 25-44",3.31,1,1000,4.85,2.86117561129297
"NSFG men 25-44",3.31,1,1000,4.9,2.86377923188772
"NSFG men 25-44",3.31,1,1000,4.95,2.86629307587382
"NSFG men 25-44",3.31,1,1000,5,2.86872115320372
"NSFG men 25-44",3.31,1,1000,5.05,2.87106725500708
"NSFG men 25-44",3.31,1,1000,5.1,2.87333496764106
"NSFG men 25-44",3.31,1,1000,5.15,2.87552768571319
"NSFG men 25-44",3.31,1,1000,5.2,2.87764862415924
"NSFG men 25-44",3.31,1,1000,5.25,2.87970082945153
"NSFG men 25-44",3.31,1,1000,5.3,2.88168719000726
"NSFG men 25-44",3.31,1,1000,5.35,2.88361044585979
"NSFG men 25-44",3.31,1,1000,5.4,2.88547319765115
"NSFG men 25-44",3.31,1,1000,5.45,2.88727791499884
"NSFG men 25-44",3.31,1,1000,5.5,2.88902694428547
"NSFG men 25-44",3.31,1,1000,5.55,2.89072251591599
"NSFG men 25-44",3.31,1,1000,5.6,2.89236675108308
"NSFG men 25-44",3.31,1,1000,5.65,2.89396166807834
"NSFG men 25-44",3.31,1,1000,5.7,2.89550918818353
"NSFG men 25-44",3.31,1,1000,5.75,2.89701114117329
"NSFG men 25-44",3.31,1,1000,5.8,2.8984692704582
"NSFG men 25-44",3.31,1,1000,5.85,2.89988523789483
"NSFG men 25-44",3.31,1,1000,5.9,2.90126062828706
"NSFG men 25-44",3.31,1,1000,5.95,2.90259695360103
"NSFG men 25-44",3.31,1,1000,6,2.90389565691439
"NSFG men 25-44",3.31,1.5,1000,0,0
"NSFG men 25-44",3.31,1.5,1000,0.05,0.055550149953514
"NSFG men 25-44",3.31,1.5,1000,0.1,0.114075408955124
"NSFG men 25-44",3.31,1.5,1000,0.15,0.175573861796186
"NSFG men 25-44",3.31,1.5,1000,0.2,0.240020361729187
"NSFG men 25-44",3.31,1.5,1000,0.25,0.307366237178664
"NSFG men 25-44",3.31,1.5,1000,0.3,0.377539506772913
"NSFG men 25-44",3.31,1.5,1000,0.35,0.450445547796843
"NSFG men 25-44",3.31,1.5,1000,0.4,0.525968141465365
"NSFG men 25-44",3.31,1.5,1000,0.45,0.603970806101109
"NSFG men 25-44",3.31,1.5,1000,0.5,0.684298326300622
"NSFG men 25-44",3.31,1.5,1000,0.55,0.7667783913659
"NSFG men 25-44",3.31,1.5,1000,0.6,0.851223267954591
"NSFG men 25-44",3.31,1.5,1000,0.65,0.937431448281938
"NSFG men 25-44",3.31,1.5,1000,0.7,1.02518923480025
"NSFG men 25-44",3.31,1.5,1000,0.75,1.11427224398843
"NSFG men 25-44",3.31,1.5,1000,0.8,1.20444683478243
"NSFG men 25-44",3.31,1.5,1000,0.85,1.29547148998211
"NSFG men 25-44",3.31,1.5,1000,0.9,1.38709819927849
"NSFG men 25-44",3.31,1.5,1000,0.95,1.47907390627317
"NSFG men 25-44",3.31,1.5,1000,1,1.57114208373169
"NSFG men 25-44",3.31,1.5,1000,1.05,1.66304448736307
"NSFG men 25-44",3.31,1.5,1000,1.1,1.75452311018071
"NSFG men 25-44",3.31,1.5,1000,1.15,1.8453223266015
"NSFG men 25-44",3.31,1.5,1000,1.2,1.93519119176757
"NSFG men 25-44",3.31,1.5,1000,1.25,2.02388585482524
"NSFG men 25-44",3.31,1.5,1000,1.3,2.11117204860333
"NSFG men 25-44",3.31,1.5,1000,1.35,2.19682761660263
"NSFG men 25-44",3.31,1.5,1000,1.4,2.28064502133724
"NSFG men 25-44",3.31,1.5,1000,1.45,2.36243375056868
"NSFG men 25-44",3.31,1.5,1000,1.5,2.44202251420204
"NSFG men 25-44",3.31,1.5,1000,1.55,2.5192611166563
"NSFG men 25-44",3.31,1.5,1000,1.6,2.59402190060524
"NSFG men 25-44",3.31,1.5,1000,1.65,2.66620068407492
"NSFG men 25-44",3.31,1.5,1000,1.7,2.73571714742108
"NSFG men 25-44",3.31,1.5,1000,1.75,2.80251466374288
"NSFG men 25-44",3.31,1.5,1000,1.8,2.86655960123655
"NSFG men 25-44",3.31,1.5,1000,1.85,2.92784015542112
"NSFG men 25-44",3.31,1.5,1000,1.9,2.98636479071495
"NSFG men 25-44",3.31,1.5,1000,1.95,3.04216038337523
"NSFG men 25-44",3.31,1.5,1000,2,3.09527016153046
"NSFG men 25-44",3.31,1.5,1000,2.05,3.14575153424785
"NSFG men 25-44",3.31,1.5,1000,2.1,3.19367389226274
"NSFG men 25-44",3.31,1.5,1000,2.15,3.23911645029481
"NSFG men 25-44",3.31,1.5,1000,2.2,3.28216618670523
"NSFG men 25-44",3.31,1.5,1000,2.25,3.32291592209322
"NSFG men 25-44",3.31,1.5,1000,2.3,3.36146256530073
"NSFG men 25-44",3.31,1.5,1000,2.35,3.39790554377276
"NSFG men 25-44",3.31,1.5,1000,2.4,3.43234542556982
"NSFG men 25-44",3.31,1.5,1000,2.45,3.4648827325847
"NSFG men 25-44",3.31,1.5,1000,2.5,3.49561693857346
"NSFG men 25-44",3.31,1.5,1000,2.55,3.52464564128852
"NSFG men 25-44",3.31,1.5,1000,2.6,3.55206389508027
"NSFG men 25-44",3.31,1.5,1000,2.65,3.57796368858247
"NSFG men 25-44",3.31,1.5,1000,2.7,3.60243355129259
"NSFG men 25-44",3.31,1.5,1000,2.75,3.62555827279374
"NSFG men 25-44",3.31,1.5,1000,2.8,3.647418718855
"NSFG men 25-44",3.31,1.5,1000,2.85,3.66809172953138
"NSFG men 25-44",3.31,1.5,1000,2.9,3.68765008552919
"NSFG men 25-44",3.31,1.5,1000,2.95,3.70616253039853
"NSFG men 25-44",3.31,1.5,1000,3,3.7236938374748
"NSFG men 25-44",3.31,1.5,1000,3.05,3.7403049118519
"NSFG men 25-44",3.31,1.5,1000,3.1,3.75605291898273
"NSFG men 25-44",3.31,1.5,1000,3.15,3.77099143273629
"NSFG men 25-44",3.31,1.5,1000,3.2,3.78517059687399
"NSFG men 25-44",3.31,1.5,1000,3.25,3.79863729493117
"NSFG men 25-44",3.31,1.5,1000,3.3,3.81143532439837
"NSFG men 25-44",3.31,1.5,1000,3.35,3.82360557189281
"NSFG men 25-44",3.31,1.5,1000,3.4,3.83518618669956
"NSFG men 25-44",3.31,1.5,1000,3.45,3.84621275064983
"NSFG men 25-44",3.31,1.5,1000,3.5,3.85671844280153
"NSFG men 25-44",3.31,1.5,1000,3.55,3.86673419780252
"NSFG men 25-44",3.31,1.5,1000,3.6,3.8762888571605
"NSFG men 25-44",3.31,1.5,1000,3.65,3.88540931292321
"NSFG men 25-44",3.31,1.5,1000,3.7,3.89412064349902
"NSFG men 25-44",3.31,1.5,1000,3.75,3.90244624152679
"NSFG men 25-44",3.31,1.5,1000,3.8,3.91040793384423
"NSFG men 25-44",3.31,1.5,1000,3.85,3.91802609371099
"NSFG men 25-44",3.31,1.5,1000,3.9,3.92531974552299
"NSFG men 25-44",3.31,1.5,1000,3.95,3.93230666231147
"NSFG men 25-44",3.31,1.5,1000,4,3.93900345636036
"NSFG men 25-44",3.31,1.5,1000,4.05,3.94542566329964
"NSFG men 25-44",3.31,1.5,1000,4.1,3.95158782004602
"NSFG men 25-44",3.31,1.5,1000,4.15,3.95750353696602
"NSFG men 25-44",3.31,1.5,1000,4.2,3.96318556463396
"NSFG men 25-44",3.31,1.5,1000,4.25,3.96864585554872
"NSFG men 25-44",3.31,1.5,1000,4.3,3.9738956211617
"NSFG men 25-44",3.31,1.5,1000,4.35,3.97894538455313
"NSFG men 25-44",3.31,1.5,1000,4.4,3.98380502907776
"NSFG men 25-44",3.31,1.5,1000,4.45,3.9884838432828
"NSFG men 25-44",3.31,1.5,1000,4.5,3.99299056238352
"NSFG men 25-44",3.31,1.5,1000,4.55,3.99733340656297
"NSFG men 25-44",3.31,1.5,1000,4.6,4.00152011634472
"NSFG men 25-44",3.31,1.5,1000,4.65,4.00555798526962
"NSFG men 25-44",3.31,1.5,1000,4.7,4.00945389009143
"NSFG men 25-44",3.31,1.5,1000,4.75,4.01321431868889
"NSFG men 25-44",3.31,1.5,1000,4.8,4.01684539587778
"NSFG men 25-44",3.31,1.5,1000,4.85,4.02035290729144
"NSFG men 25-44",3.31,1.5,1000,4.9,4.02374232148506
"NSFG men 25-44",3.31,1.5,1000,4.95,4.02701881040631
"NSFG men 25-44",3.31,1.5,1000,5,4.03018726836366
"NSFG men 25-44",3.31,1.5,1000,5.05,4.03325232961252
"NSFG men 25-44",3.31,1.5,1000,5.1,4.03621838466956
"NSFG men 25-44",3.31,1.5,1000,5.15,4.03908959545656
"NSFG men 25-44",3.31,1.5,1000,5.2,4.04186990936627
"NSFG men 25-44",3.31,1.5,1000,5.25,4.04456307233554
"NSFG men 25-44",3.31,1.5,1000,5.3,4.04717264100338
"NSFG men 25-44",3.31,1.5,1000,5.35,4.04970199402545
"NSFG men 25-44",3.31,1.5,1000,5.4,4.05215434261017
"NSFG men 25-44",3.31,1.5,1000,5.45,4.05453274033668
"NSFG men 25-44",3.31,1.5,1000,5.5,4.05684009230924
"NSFG men 25-44",3.31,1.5,1000,5.55,4.05907916369866
"NSFG men 25-44",3.31,1.5,1000,5.6,4.06125258771695
"NSFG men 25-44",3.31,1.5,1000,5.65,4.06336287306735
"NSFG men 25-44",3.31,1.5,1000,5.7,4.06541241090908
"NSFG men 25-44",3.31,1.5,1000,5.75,4.06740348137213
"NSFG men 25-44",3.31,1.5,1000,5.8,4.06933825965514
"NSFG men 25-44",3.31,1.5,1000,5.85,4.07121882173663
"NSFG men 25-44",3.31,1.5,1000,5.9,4.07304714972714
"NSFG men 25-44",3.31,1.5,1000,5.95,4.07482513688804
"NSFG men 25-44",3.31,1.5,1000,6,4.07655459234043
"NSFG men 25-44",3.31,2,1000,0,0
"NSFG men 25-44",3.31,2,1000,0.05,0.0908994414425871
"NSFG men 25-44",3.31,2,1000,0.1,0.184375471298866
"NSFG men 25-44",3.31,2,1000,0.15,0.28027335842115
"NSFG men 25-44",3.31,2,1000,0.2,0.378429385227543
"NSFG men 25-44",3.31,2,1000,0.25,0.478672364945415
"NSFG men 25-44",3.31,2,1000,0.3,0.580824982608733
"NSFG men 25-44",3.31,2,1000,0.35,0.684704942534022
"NSFG men 25-44",3.31,2,1000,0.4,0.790125915096325
"NSFG men 25-44",3.31,2,1000,0.45,0.896898284112821
"NSFG men 25-44",3.31,2,1000,0.5,1.00482970325231
"NSFG men 25-44",3.31,2,1000,0.55,1.11372547599999
"NSFG men 25-44",3.31,2,1000,0.6,1.22338877931337
"NSFG men 25-44",3.31,2,1000,0.65,1.33362075680503
"NSFG men 25-44",3.31,2,1000,0.7,1.44422051373603
"NSFG men 25-44",3.31,2,1000,0.75,1.55498505390358
"NSFG men 25-44",3.31,2,1000,0.8,1.66570920793123
"NSFG men 25-44",3.31,2,1000,0.85,1.77618561298731
"NSFG men 25-44",3.31,2,1000,0.9,1.8862048135628
"NSFG men 25-44",3.31,2,1000,0.95,1.99555555769902
"NSFG men 25-44",3.31,2,1000,1,2.10402535767739
"NSFG men 25-44",3.31,2,1000,1.05,2.21140136459156
"NSFG men 25-44",3.31,2,1000,1.1,2.31747157377878
"NSFG men 25-44",3.31,2,1000,1.15,2.42202634222372
"NSFG men 25-44",3.31,2,1000,1.2,2.52486017344986
"NSFG men 25-44",3.31,2,1000,1.25,2.62577371758157
"NSFG men 25-44",3.31,2,1000,1.3,2.7245759375506
"NSFG men 25-44",3.31,2,1000,1.35,2.82108639097672
"NSFG men 25-44",3.31,2,1000,1.4,2.91513756083226
"NSFG men 25-44",3.31,2,1000,1.45,3.0065771412017
"NSFG men 25-44",3.31,2,1000,1.5,3.09527016153046
"NSFG men 25-44",3.31,2,1000,1.55,3.18110082573692
"NSFG men 25-44",3.31,2,1000,1.6,3.26397395460648
"NSFG men 25-44",3.31,2,1000,1.65,3.34381594691978
"NSFG men 25-44",3.31,2,1000,1.7,3.42057521020359
"NSFG men 25-44",3.31,2,1000,1.75,3.49422204985997
"NSFG men 25-44",3.31,2,1000,1.8,3.56474804113656
"NSFG men 25-44",3.31,2,1000,1.85,3.63216493850994
"NSFG men 25-44",3.31,2,1000,1.9,3.69650319920078
"NSFG men 25-44",3.31,2,1000,1.95,3.75781021059641
"NSFG men 25-44",3.31,2,1000,2,3.81614831552515
"NSFG men 25-44",3.31,2,1000,2.05,3.87159272592262
"NSFG men 25-44",3.31,2,1000,2.1,3.92422940643905
"NSFG men 25-44",3.31,2,1000,2.15,3.97415299710557
"NSFG men 25-44",3.31,2,1000,2.2,4.02146483022837
"NSFG men 25-44",3.31,2,1000,2.25,4.06627108270888
"NSFG men 25-44",3.31,2,1000,2.3,4.1086810920038
"NSFG men 25-44",3.31,2,1000,2.35,4.14880585253659
"NSFG men 25-44",3.31,2,1000,2.4,4.18675669981351
"NSFG men 25-44",3.31,2,1000,2.45,4.22264418182437
"NSFG men 25-44",3.31,2,1000,2.5,4.25657711142049
"NSFG men 25-44",3.31,2,1000,2.55,4.28866178908039
"NSFG men 25-44",3.31,2,1000,2.6,4.3190013825808
"NSFG men 25-44",3.31,2,1000,2.65,4.34769544835851
"NSFG men 25-44",3.31,2,1000,2.7,4.37483957855627
"NSFG men 25-44",3.31,2,1000,2.75,4.4005251576875
"NSFG men 25-44",3.31,2,1000,2.8,4.42483921334564
"NSFG men 25-44",3.31,2,1000,2.85,4.4478643462669
"NSFG men 25-44",3.31,2,1000,2.9,4.46967872619458
"NSFG men 25-44",3.31,2,1000,2.95,4.49035614128286
"NSFG men 25-44",3.31,2,1000,3,4.50996609012995
"NSFG men 25-44",3.31,2,1000,3.05,4.52857390688315
"NSFG men 25-44",3.31,2,1000,3.1,4.54624091116174
"NSFG men 25-44",3.31,2,1000,3.15,4.56302457576806
"NSFG men 25-44",3.31,2,1000,3.2,4.57897870628152
"NSFG men 25-44",3.31,2,1000,3.25,4.59415362764387
"NSFG men 25-44",3.31,2,1000,3.3,4.60859637374423
"NSFG men 25-44",3.31,2,1000,3.35,4.62235087679981
"NSFG men 25-44",3.31,2,1000,3.4,4.63545815400882
"NSFG men 25-44",3.31,2,1000,3.45,4.64795648953265
"NSFG men 25-44",3.31,2,1000,3.5,4.65988161035506
"NSFG men 25-44",3.31,2,1000,3.55,4.67126685497439
"NSFG men 25-44",3.31,2,1000,3.6,4.68214333422233
"NSFG men 25-44",3.31,2,1000,3.65,4.69254008377677
"NSFG men 25-44",3.31,2,1000,3.7,4.7024842081571
"NSFG men 25-44",3.31,2,1000,3.75,4.71200101616438
"NSFG men 25-44",3.31,2,1000,3.8,4.72111414786476
"NSFG men 25-44",3.31,2,1000,3.85,4.72984569331697
"NSFG men 25-44",3.31,2,1000,3.9,4.73821630332145
"NSFG men 25-44",3.31,2,1000,3.95,4.74624529252246
"NSFG men 25-44",3.31,2,1000,4,4.75395073523055
"NSFG men 25-44",3.31,2,1000,4.05,4.76134955435485
"NSFG men 25-44",3.31,2,1000,4.1,4.76845760384523
"NSFG men 25-44",3.31,2,1000,4.15,4.77528974504565
"NSFG men 25-44",3.31,2,1000,4.2,4.78185991735512
"NSFG men 25-44",3.31,2,1000,4.25,4.78818120358266
"NSFG men 25-44",3.31,2,1000,4.3,4.79426589036842
"NSFG men 25-44",3.31,2,1000,4.35,4.80012552402696
"NSFG men 25-44",3.31,2,1000,4.4,4.80577096215045
"NSFG men 25-44",3.31,2,1000,4.45,4.81121242129064
"NSFG men 25-44",3.31,2,1000,4.5,4.81645952101882
"NSFG men 25-44",3.31,2,1000,4.55,4.82152132464377
"NSFG men 25-44",3.31,2,1000,4.6,4.82640637684856
"NSFG men 25-44",3.31,2,1000,4.65,4.83112273848834
"NSFG men 25-44",3.31,2,1000,4.7,4.83567801877382
"NSFG men 25-44",3.31,2,1000,4.75,4.84007940504825
"NSFG men 25-44",3.31,2,1000,4.8,4.84433369034925
"NSFG men 25-44",3.31,2,1000,4.85,4.84844729893246
"NSFG men 25-44",3.31,2,1000,4.9,4.85242630991944
"NSFG men 25-44",3.31,2,1000,4.95,4.8562764792195
"NSFG men 25-44",3.31,2,1000,5,4.86000325986276
"NSFG men 25-44",3.31,2,1000,5.05,4.86361182087054
"NSFG men 25-44",3.31,2,1000,5.1,4.86710706477878
"NSFG men 25-44",3.31,2,1000,5.15,4.87049364392092
"NSFG men 25-44",3.31,2,1000,5.2,4.87377597556716
"NSFG men 25-44",3.31,2,1000,5.25,4.87695825600972
"NSFG men 25-44",3.31,2,1000,5.3,4.88004447367568
"NSFG men 25-44",3.31,2,1000,5.35,4.8830384213426
"NSFG men 25-44",3.31,2,1000,5.4,4.88594370752561
"NSFG men 25-44",3.31,2,1000,5.45,4.88876376709903
"NSFG men 25-44",3.31,2,1000,5.5,4.89150187121063
"NSFG men 25-44",3.31,2,1000,5.55,4.89416113654111
"NSFG men 25-44",3.31,2,1000,5.6,4.89674453395836
"NSFG men 25-44",3.31,2,1000,5.65,4.89925489661033
"NSFG men 25-44",3.31,2,1000,5.7,4.90169492749849
"NSFG men 25-44",3.31,2,1000,5.75,4.90406720656903
"NSFG men 25-44",3.31,2,1000,5.8,4.90637419735707
"NSFG men 25-44",3.31,2,1000,5.85,4.90861825321542
"NSFG men 25-44",3.31,2,1000,5.9,4.91080162315774
"NSFG men 25-44",3.31,2,1000,5.95,4.91292645734293
"NSFG men 25-44",3.31,2,1000,6,4.91499481222595
"NSFG men 25-44",3.31,0.5,10000,0,0
"NSFG men 25-44",3.31,0.5,10000,0.05,0.00846356100493794
"NSFG men 25-44",3.31,0.5,10000,0.1,0.017560354569239
"NSFG men 25-44",3.31,0.5,10000,0.15,0.0273453893995482
"NSFG men 25-44",3.31,0.5,10000,0.2,0.0378800696950344
"NSFG men 25-44",3.31,0.5,10000,0.25,0.0492332987954063
"NSFG men 25-44",3.31,0.5,10000,0.3,0.0614825865567079
"NSFG men 25-44",3.31,0.5,10000,0.35,0.0747148183893744
"NSFG men 25-44",3.31,0.5,10000,0.4,0.0890261149321196
"NSFG men 25-44",3.31,0.5,10000,0.45,0.104520188172831
"NSFG men 25-44",3.31,0.5,10000,0.5,0.121305149708008
"NSFG men 25-44",3.31,0.5,10000,0.55,0.139489843615338
"NSFG men 25-44",3.31,0.5,10000,0.6,0.159181476917587
"NSFG men 25-44",3.31,0.5,10000,0.65,0.180485401670561
"NSFG men 25-44",3.31,0.5,10000,0.7,0.203505909769972
"NSFG men 25-44",3.31,0.5,10000,0.75,0.228345926390055
"NSFG men 25-44",3.31,0.5,10000,0.8,0.255104397593928
"NSFG men 25-44",3.31,0.5,10000,0.85,0.283871781929511
"NSFG men 25-44",3.31,0.5,10000,0.9,0.314725025854477
"NSFG men 25-44",3.31,0.5,10000,0.95,0.347723333693974
"NSFG men 25-44",3.31,0.5,10000,1,0.382905099713401
"NSFG men 25-44",3.31,0.5,10000,1.05,0.420285036134052
"NSFG men 25-44",3.31,0.5,10000,1.1,0.459849898517977
"NSFG men 25-44",3.31,0.5,10000,1.15,0.501552309935264
"NSFG men 25-44",3.31,0.5,10000,1.2,0.545304271605767
"NSFG men 25-44",3.31,0.5,10000,1.25,0.590972875963435
"NSFG men 25-44",3.31,0.5,10000,1.3,0.638379737262452
"NSFG men 25-44",3.31,0.5,10000,1.35,0.687304032897182
"NSFG men 25-44",3.31,0.5,10000,1.4,0.737488166460276
"NSFG men 25-44",3.31,0.5,10000,1.45,0.788645091564576
"NSFG men 25-44",3.31,0.5,10000,1.5,0.84046671768684
"NSFG men 25-44",3.31,0.5,10000,1.55,0.892633049386076
"NSFG men 25-44",3.31,0.5,10000,1.6,0.944821660911795
"NSFG men 25-44",3.31,0.5,10000,1.65,0.996716947716067
"NSFG men 25-44",3.31,0.5,10000,1.7,1.04801853502684
"NSFG men 25-44",3.31,0.5,10000,1.75,1.09844833642614
"NSFG men 25-44",3.31,0.5,10000,1.8,1.14775597863836
"NSFG men 25-44",3.31,0.5,10000,1.85,1.19572253586325
"NSFG men 25-44",3.31,0.5,10000,1.9,1.24216267883628
"NSFG men 25-44",3.31,0.5,10000,1.95,1.28692542771934
"NSFG men 25-44",3.31,0.5,10000,2,1.32989372563767
"NSFG men 25-44",3.31,0.5,10000,2.05,1.37098304922885
"NSFG men 25-44",3.31,0.5,10000,2.1,1.4101392629717
"NSFG men 25-44",3.31,0.5,10000,2.15,1.44733591305469
"NSFG men 25-44",3.31,0.5,10000,2.2,1.48257114468864
"NSFG men 25-44",3.31,0.5,10000,2.25,1.51586441217518
"NSFG men 25-44",3.31,0.5,10000,2.3,1.54725313225578
"NSFG men 25-44",3.31,0.5,10000,2.35,1.57678940828106
"NSFG men 25-44",3.31,0.5,10000,2.4,1.60453692683304
"NSFG men 25-44",3.31,0.5,10000,2.45,1.63056810156108
"NSFG men 25-44",3.31,0.5,10000,2.5,1.65496151316568
"NSFG men 25-44",3.31,0.5,10000,2.55,1.67779967132378
"NSFG men 25-44",3.31,0.5,10000,2.6,1.69916710495267
"NSFG men 25-44",3.31,0.5,10000,2.65,1.71914877202286
"NSFG men 25-44",3.31,0.5,10000,2.7,1.73782876911913
"NSFG men 25-44",3.31,0.5,10000,2.75,1.75528931373236
"NSFG men 25-44",3.31,0.5,10000,2.8,1.77160996826045
"NSFG men 25-44",3.31,0.5,10000,2.85,1.78686707324654
"NSFG men 25-44",3.31,0.5,10000,2.9,1.80113335783973
"NSFG men 25-44",3.31,0.5,10000,2.95,1.81447769724696
"NSFG men 25-44",3.31,0.5,10000,3,1.82696498956521
"NSFG men 25-44",3.31,0.5,10000,3.05,1.83865612745411
"NSFG men 25-44",3.31,0.5,10000,3.1,1.84960804333744
"NSFG men 25-44",3.31,0.5,10000,3.15,1.85987381000007
"NSFG men 25-44",3.31,0.5,10000,3.2,1.86950278143754
"NSFG men 25-44",3.31,0.5,10000,3.25,1.87854076153513
"NSFG men 25-44",3.31,0.5,10000,3.3,1.88703019056173
"NSFG men 25-44",3.31,0.5,10000,3.35,1.89501034154962
"NSFG men 25-44",3.31,0.5,10000,3.4,1.90251752040277
"NSFG men 25-44",3.31,0.5,10000,3.45,1.90958526505692
"NSFG men 25-44",3.31,0.5,10000,3.5,1.91624454023152
"NSFG men 25-44",3.31,0.5,10000,3.55,1.92252392529976
"NSFG men 25-44",3.31,0.5,10000,3.6,1.92844979359025
"NSFG men 25-44",3.31,0.5,10000,3.65,1.93404648205328
"NSFG men 25-44",3.31,0.5,10000,3.7,1.93933645070325
"NSFG men 25-44",3.31,0.5,10000,3.75,1.94434043161371
"NSFG men 25-44",3.31,0.5,10000,3.8,1.94907756751184
"NSFG men 25-44",3.31,0.5,10000,3.85,1.95356554021604
"NSFG men 25-44",3.31,0.5,10000,3.9,1.95782068929717
"NSFG men 25-44",3.31,0.5,10000,3.95,1.9618581214357
"NSFG men 25-44",3.31,0.5,10000,4,1.96569181100248
"NSFG men 25-44",3.31,0.5,10000,4.05,1.96933469241973
"NSFG men 25-44",3.31,0.5,10000,4.1,1.97279874486796
"NSFG men 25-44",3.31,0.5,10000,4.15,1.97609506989845
"NSFG men 25-44",3.31,0.5,10000,4.2,1.97923396249496
"NSFG men 25-44",3.31,0.5,10000,4.25,1.98222497610534
"NSFG men 25-44",3.31,0.5,10000,4.3,1.98507698213593
"NSFG men 25-44",3.31,0.5,10000,4.35,1.98779822437154
"NSFG men 25-44",3.31,0.5,10000,4.4,1.99039636875263
"NSFG men 25-44",3.31,0.5,10000,4.45,1.99287854890954
"NSFG men 25-44",3.31,0.5,10000,4.5,1.99525140782332
"NSFG men 25-44",3.31,0.5,10000,4.55,1.99752113595244
"NSFG men 25-44",3.31,0.5,10000,4.6,1.99969350613712
"NSFG men 25-44",3.31,0.5,10000,4.65,2.00177390556588
"NSFG men 25-44",3.31,0.5,10000,4.7,2.00376736506465
"NSFG men 25-44",3.31,0.5,10000,4.75,2.00567858594545
"NSFG men 25-44",3.31,0.5,10000,4.8,2.00751196463077
"NSFG men 25-44",3.31,0.5,10000,4.85,2.00927161525
"NSFG men 25-44",3.31,0.5,10000,4.9,2.01096139038678
"NSFG men 25-44",3.31,0.5,10000,4.95,2.0125849001395
"NSFG men 25-44",3.31,0.5,10000,5,2.01414552964267
"NSFG men 25-44",3.31,0.5,10000,5.05,2.0156464551832
"NSFG men 25-44",3.31,0.5,10000,5.1,2.01709065903333
"NSFG men 25-44",3.31,0.5,10000,5.15,2.01848094311094
"NSFG men 25-44",3.31,0.5,10000,5.2,2.01981994156787
"NSFG men 25-44",3.31,0.5,10000,5.25,2.0211101323976
"NSFG men 25-44",3.31,0.5,10000,5.3,2.02235384814545
"NSFG men 25-44",3.31,0.5,10000,5.35,2.023553285797
"NSFG men 25-44",3.31,0.5,10000,5.4,2.02471051591339
"NSFG men 25-44",3.31,0.5,10000,5.45,2.02582749107635
"NSFG men 25-44",3.31,0.5,10000,5.5,2.02690605369986
"NSFG men 25-44",3.31,0.5,10000,5.55,2.0279479432606
"NSFG men 25-44",3.31,0.5,10000,5.6,2.02895480299442
"NSFG men 25-44",3.31,0.5,10000,5.65,2.0299281861023
"NSFG men 25-44",3.31,0.5,10000,5.7,2.03086956150516
"NSFG men 25-44",3.31,0.5,10000,5.75,2.03178031918356
"NSFG men 25-44",3.31,0.5,10000,5.8,2.0326617751353
"NSFG men 25-44",3.31,0.5,10000,5.85,2.03351517598107
"NSFG men 25-44",3.31,0.5,10000,5.9,2.0343417032456
"NSFG men 25-44",3.31,0.5,10000,5.95,2.03514247733966
"NSFG men 25-44",3.31,0.5,10000,6,2.03591856126584
"NSFG men 25-44",3.31,1,10000,0,0
"NSFG men 25-44",3.31,1,10000,0.05,0.0266482549122681
"NSFG men 25-44",3.31,1,10000,0.1,0.0554366817788188
"NSFG men 25-44",3.31,1,10000,0.15,0.086525641362102
"NSFG men 25-44",3.31,1,10000,0.2,0.120080829756999
"NSFG men 25-44",3.31,1,10000,0.25,0.156274075477454
"NSFG men 25-44",3.31,1,10000,0.3,0.195281834442629
"NSFG men 25-44",3.31,1,10000,0.35,0.237281450610878
"NSFG men 25-44",3.31,1,10000,0.4,0.282445991078589
"NSFG men 25-44",3.31,1,10000,0.45,0.330938372158798
"NSFG men 25-44",3.31,1,10000,0.5,0.382905099713401
"NSFG men 25-44",3.31,1,10000,0.55,0.438469730041382
"NSFG men 25-44",3.31,1,10000,0.6,0.497726225727558
"NSFG men 25-44",3.31,1,10000,0.65,0.560732561897817
"NSFG men 25-44",3.31,1,10000,0.7,0.627505031667732
"NSFG men 25-44",3.31,1,10000,0.75,0.698013652645482
"NSFG men 25-44",3.31,1,10000,0.8,0.772178985148373
"NSFG men 25-44",3.31,1,10000,0.85,0.849870665118685
"NSFG men 25-44",3.31,1,10000,0.9,0.930908042606745
"NSFG men 25-44",3.31,1,10000,0.95,1.01506327555054
"NSFG men 25-44",3.31,1,10000,1,1.10206666769223
"NSFG men 25-44",3.31,1,10000,1.05,1.19161293581212
"NSFG men 25-44",3.31,1,10000,1.1,1.28336640972177
"NSFG men 25-44",3.31,1,10000,1.15,1.37696410794332
"NSFG men 25-44",3.31,1,10000,1.2,1.4720176569246
"NSFG men 25-44",3.31,1,10000,1.25,1.56811606268157
"NSFG men 25-44",3.31,1,10000,1.3,1.6648305661928
"NSFG men 25-44",3.31,1,10000,1.35,1.76172141905243
"NSFG men 25-44",3.31,1,10000,1.4,1.85834569558855
"NSFG men 25-44",3.31,1,10000,1.45,1.95426536957591
"NSFG men 25-44",3.31,1,10000,1.5,2.04905529361651
"NSFG men 25-44",3.31,1,10000,1.55,2.14231094890691
"NSFG men 25-44",3.31,1,10000,1.6,2.23365577417549
"NSFG men 25-44",3.31,1,10000,1.65,2.32274771106275
"NSFG men 25-44",3.31,1,10000,1.7,2.40928453000747
"NSFG men 25-44",3.31,1,10000,1.75,2.49300759889331
"NSFG men 25-44",3.31,1,10000,1.8,2.57370396118613
"NSFG men 25-44",3.31,1,10000,1.85,2.6512067944363
"NSFG men 25-44",3.31,1,10000,1.9,2.72539445596132
"NSFG men 25-44",3.31,1,10000,1.95,2.79618837957242
"NSFG men 25-44",3.31,1,10000,2,2.86355008909535
"NSFG men 25-44",3.31,1,10000,2.05,2.92747757084461
"NSFG men 25-44",3.31,1,10000,2.1,2.98800121821636
"NSFG men 25-44",3.31,1,10000,2.15,3.04517953536954
"NSFG men 25-44",3.31,1,10000,2.2,3.09909476409977
"NSFG men 25-44",3.31,1,10000,2.25,3.14984857619953
"NSFG men 25-44",3.31,1,10000,2.3,3.19755795080823
"NSFG men 25-44",3.31,1,10000,2.35,3.24235133181959
"NSFG men 25-44",3.31,1,10000,2.4,3.28436513496476
"NSFG men 25-44",3.31,1,10000,2.45,3.32374064910004
"NSFG men 25-44",3.31,1,10000,2.5,3.36062135302288
"NSFG men 25-44",3.31,1,10000,2.55,3.39515064906989
"NSFG men 25-44",3.31,1,10000,2.6,3.42746999858209
"NSFG men 25-44",3.31,1,10000,2.65,3.45771743231492
"NSFG men 25-44",3.31,1,10000,2.7,3.48602640084867
"NSFG men 25-44",3.31,1,10000,2.75,3.51252492555948
"NSFG men 25-44",3.31,1,10000,2.8,3.53733500911418
"NSFG men 25-44",3.31,1,10000,2.85,3.56057226508815
"NSFG men 25-44",3.31,1,10000,2.9,3.58234572853448
"NSFG men 25-44",3.31,1,10000,2.95,3.60275781259588
"NSFG men 25-44",3.31,1,10000,3,3.62190438008873
"NSFG men 25-44",3.31,1,10000,3.05,3.63987490304586
"NSFG men 25-44",3.31,1,10000,3.1,3.65675268721967
"NSFG men 25-44",3.31,1,10000,3.15,3.67261514234534
"NSFG men 25-44",3.31,1,10000,3.2,3.68753408243278
"NSFG men 25-44",3.31,1,10000,3.25,3.70157604344083
"NSFG men 25-44",3.31,1,10000,3.3,3.71480260836557
"NSFG men 25-44",3.31,1,10000,3.35,3.72727073205765
"NSFG men 25-44",3.31,1,10000,3.4,3.73903305999192
"NSFG men 25-44",3.31,1,10000,3.45,3.75013823678462
"NSFG men 25-44",3.31,1,10000,3.5,3.760631201526
"NSFG men 25-44",3.31,1,10000,3.55,3.77055346801148
"NSFG men 25-44",3.31,1,10000,3.6,3.7799433887502
"NSFG men 25-44",3.31,1,10000,3.65,3.78883640224372
"NSFG men 25-44",3.31,1,10000,3.7,3.7972652634902
"NSFG men 25-44",3.31,1,10000,3.75,3.80526025801104
"NSFG men 25-44",3.31,1,10000,3.8,3.81284939993977
"NSFG men 25-44",3.31,1,10000,3.85,3.82005861487958
"NSFG men 25-44",3.31,1,10000,3.9,3.82691190834179
"NSFG men 25-44",3.31,1,10000,3.95,3.83343152063724
"NSFG men 25-44",3.31,1,10000,4,3.83963806911779
"NSFG men 25-44",3.31,1,10000,4.05,3.84555067866416
"NSFG men 25-44",3.31,1,10000,4.1,3.85118710129708
"NSFG men 25-44",3.31,1,10000,4.15,3.85656382575633
"NSFG men 25-44",3.31,1,10000,4.2,3.8616961778516
"NSFG men 25-44",3.31,1,10000,4.25,3.86659841234279
"NSFG men 25-44",3.31,1,10000,4.3,3.87128379705869
"NSFG men 25-44",3.31,1,10000,4.35,3.87576468991354
"NSFG men 25-44",3.31,1,10000,4.4,3.8800526094314
"NSFG men 25-44",3.31,1,10000,4.45,3.88415829934103
"NSFG men 25-44",3.31,1,10000,4.5,3.88809178775798
"NSFG men 25-44",3.31,1,10000,4.55,3.89186244142764
"NSFG men 25-44",3.31,1,10000,4.6,3.89547901546244
"NSFG men 25-44",3.31,1,10000,4.65,3.89894969896882
"NSFG men 25-44",3.31,1,10000,4.7,3.90228215692451
"NSFG men 25-44",3.31,1,10000,4.75,3.90548356863504
"NSFG men 25-44",3.31,1,10000,4.8,3.90856066306821
"NSFG men 25-44",3.31,1,10000,4.85,3.91151975133899
"NSFG men 25-44",3.31,1,10000,4.9,3.91436675659216
"NSFG men 25-44",3.31,1,10000,4.95,3.91710724150783
"NSFG men 25-44",3.31,1,10000,5,3.91974643363453
"NSFG men 25-44",3.31,1,10000,5.05,3.9222892487358
"NSFG men 25-44",3.31,1,10000,5.1,3.92474031231974
"NSFG men 25-44",3.31,1,10000,5.15,3.92710397950524
"NSFG men 25-44",3.31,1,10000,5.2,3.92938435336503
"NSFG men 25-44",3.31,1,10000,5.25,3.93158530187314
"NSFG men 25-44",3.31,1,10000,5.3,3.93371047357274
"NSFG men 25-44",3.31,1,10000,5.35,3.93576331207006
"NSFG men 25-44",3.31,1,10000,5.4,3.93774706945098
"NSFG men 25-44",3.31,1,10000,5.45,3.939664818708
"NSFG men 25-44",3.31,1,10000,5.5,3.9415194652577
"NSFG men 25-44",3.31,1,10000,5.55,3.94331375762213
"NSFG men 25-44",3.31,1,10000,5.6,3.9450502973407
"NSFG men 25-44",3.31,1,10000,5.65,3.94673154817372
"NSFG men 25-44",3.31,1,10000,5.7,3.94835984465344
"NSFG men 25-44",3.31,1,10000,5.75,3.94993740003368
"NSFG men 25-44",3.31,1,10000,5.8,3.9514663136847
"NSFG men 25-44",3.31,1,10000,5.85,3.95294857797616
"NSFG men 25-44",3.31,1,10000,5.9,3.9543860846875
"NSFG men 25-44",3.31,1,10000,5.95,3.95578063098146
"NSFG men 25-44",3.31,1,10000,6,3.95713392497402
"NSFG men 25-44",3.31,1.5,10000,0,0
"NSFG men 25-44",3.31,1.5,10000,0.05,0.0640281913329195
"NSFG men 25-44",3.31,1.5,10000,0.1,0.132381480583396
"NSFG men 25-44",3.31,1.5,10000,0.15,0.205172851583965
"NSFG men 25-44",3.31,1.5,10000,0.2,0.282480001649366
"NSFG men 25-44",3.31,1.5,10000,0.25,0.364341851727488
"NSFG men 25-44",3.31,1.5,10000,0.3,0.450756471991681
"NSFG men 25-44",3.31,1.5,10000,0.35,0.541680383794659
"NSFG men 25-44",3.31,1.5,10000,0.4,0.637029057825464
"NSFG men 25-44",3.31,1.5,10000,0.45,0.736678364009972
"NSFG men 25-44",3.31,1.5,10000,0.5,0.84046671768684
"NSFG men 25-44",3.31,1.5,10000,0.55,0.948197679714057
"NSFG men 25-44",3.31,1.5,10000,0.6,1.05964278692595
"NSFG men 25-44",3.31,1.5,10000,0.65,1.17454440990049
"NSFG men 25-44",3.31,1.5,10000,0.7,1.29261846698117
"NSFG men 25-44",3.31,1.5,10000,0.75,1.41355688935823
"NSFG men 25-44",3.31,1.5,10000,0.8,1.53702986407333
"NSFG men 25-44",3.31,1.5,10000,0.85,1.66268810126854
"NSFG men 25-44",3.31,1.5,10000,0.9,1.79016562172963
"NSFG men 25-44",3.31,1.5,10000,0.95,1.91908360355648
"NSFG men 25-44",3.31,1.5,10000,1,2.04905529361651
"NSFG men 25-44",3.31,1.5,10000,1.05,2.17969088532756
"NSFG men 25-44",3.31,1.5,10000,1.1,2.31060057298007
"NSFG men 25-44",3.31,1.5,10000,1.15,2.44139492128461
"NSFG men 25-44",3.31,1.5,10000,1.2,2.57168370189984
"NSFG men 25-44",3.31,1.5,10000,1.25,2.70107537514335
"NSFG men 25-44",3.31,1.5,10000,1.3,2.82917859873518
"NSFG men 25-44",3.31,1.5,10000,1.35,2.95560572762008
"NSFG men 25-44",3.31,1.5,10000,1.4,3.0799775227082
"NSFG men 25-44",3.31,1.5,10000,1.45,3.20192837142359
"NSFG men 25-44",3.31,1.5,10000,1.5,3.32111170706879
"NSFG men 25-44",3.31,1.5,10000,1.55,3.43720552051729
"NSFG men 25-44",3.31,1.5,10000,1.6,3.54991777941475
"NSFG men 25-44",3.31,1.5,10000,1.65,3.65899138337221
"NSFG men 25-44",3.31,1.5,10000,1.7,3.7642081994132
"NSFG men 25-44",3.31,1.5,10000,1.75,3.86539181291228
"NSFG men 25-44",3.31,1.5,10000,1.8,3.96240882973319
"NSFG men 25-44",3.31,1.5,10000,1.85,4.05516876796944
"NSFG men 25-44",3.31,1.5,10000,1.9,4.14362271408765
"NSFG men 25-44",3.31,1.5,10000,1.95,4.22776097710598
"NSFG men 25-44",3.31,1.5,10000,2,4.30760997894716
"NSFG men 25-44",3.31,1.5,10000,2.05,4.38322859858532
"NSFG men 25-44",3.31,1.5,10000,2.1,4.4547041618404
"NSFG men 25-44",3.31,1.5,10000,2.15,4.52214824565621
"NSFG men 25-44",3.31,1.5,10000,2.2,4.58569244582391
"NSFG men 25-44",3.31,1.5,10000,2.25,4.64548423802126
"NSFG men 25-44",3.31,1.5,10000,2.3,4.70168304165657
"NSFG men 25-44",3.31,1.5,10000,2.35,4.75445657365581
"NSFG men 25-44",3.31,1.5,10000,2.4,4.80397755565414
"NSFG men 25-44",3.31,1.5,10000,2.45,4.85042081444355
"NSFG men 25-44",3.31,1.5,10000,2.5,4.89396079354101
"NSFG men 25-44",3.31,1.5,10000,2.55,4.93476947465624
"NSFG men 25-44",3.31,1.5,10000,2.6,4.97301469245895
"NSFG men 25-44",3.31,1.5,10000,2.65,5.00885881465479
"NSFG men 25-44",3.31,1.5,10000,2.7,5.04245775183851
"NSFG men 25-44",3.31,1.5,10000,2.75,5.07396025745979
"NSFG men 25-44",3.31,1.5,10000,2.8,5.10350747691263
"NSFG men 25-44",3.31,1.5,10000,2.85,5.13123270559079
"NSFG men 25-44",3.31,1.5,10000,2.9,5.15726131811825
"NSFG men 25-44",3.31,1.5,10000,2.95,5.18171083431818
"NSFG men 25-44",3.31,1.5,10000,3,5.20469109137781
"NSFG men 25-44",3.31,1.5,10000,3.05,5.22630449575219
"NSFG men 25-44",3.31,1.5,10000,3.1,5.24664633237424
"NSFG men 25-44",3.31,1.5,10000,3.15,5.26580511253038
"NSFG men 25-44",3.31,1.5,10000,3.2,5.28386294521434
"NSFG men 25-44",3.31,1.5,10000,3.25,5.30089591983276
"NSFG men 25-44",3.31,1.5,10000,3.3,5.3169744907881
"NSFG men 25-44",3.31,1.5,10000,3.35,5.3321638567158
"NSFG men 25-44",3.31,1.5,10000,3.4,5.34652432903116
"NSFG men 25-44",3.31,1.5,10000,3.45,5.36011168598076
"NSFG men 25-44",3.31,1.5,10000,3.5,5.37297750963591
"NSFG men 25-44",3.31,1.5,10000,3.55,5.38516950425051
"NSFG men 25-44",3.31,1.5,10000,3.6,5.39673179517393
"NSFG men 25-44",3.31,1.5,10000,3.65,5.4077052080962
"NSFG men 25-44",3.31,1.5,10000,3.7,5.41812752884145
"NSFG men 25-44",3.31,1.5,10000,3.75,5.42803374424309
"NSFG men 25-44",3.31,1.5,10000,3.8,5.43745626485714
"NSFG men 25-44",3.31,1.5,10000,3.85,5.44642513041618
"NSFG men 25-44",3.31,1.5,10000,3.9,5.45496819901516
"NSFG men 25-44",3.31,1.5,10000,3.95,5.46311132106333
"NSFG men 25-44",3.31,1.5,10000,4,5.47087849904706
"NSFG men 25-44",3.31,1.5,10000,4.05,5.47829203413397
"NSFG men 25-44",3.31,1.5,10000,4.1,5.48537266061701
"NSFG men 25-44",3.31,1.5,10000,4.15,5.49213966915386
"NSFG men 25-44",3.31,1.5,10000,4.2,5.49861101970607
"NSFG men 25-44",3.31,1.5,10000,4.25,5.50480344502697
"NSFG men 25-44",3.31,1.5,10000,4.3,5.51073254549074
"NSFG men 25-44",3.31,1.5,10000,4.35,5.51641287599714
"NSFG men 25-44",3.31,1.5,10000,4.4,5.52185802563138
"NSFG men 25-44",3.31,1.5,10000,4.45,5.52708069070397
"NSFG men 25-44",3.31,1.5,10000,4.5,5.53209274174444
"NSFG men 25-44",3.31,1.5,10000,4.55,5.53690528497484
"NSFG men 25-44",3.31,1.5,10000,4.6,5.54152871874346
"NSFG men 25-44",3.31,1.5,10000,4.65,5.54597278535771
"NSFG men 25-44",3.31,1.5,10000,4.7,5.55024661871627
"NSFG men 25-44",3.31,1.5,10000,4.75,5.5543587881052
"NSFG men 25-44",3.31,1.5,10000,4.8,5.5583173384901
"NSFG men 25-44",3.31,1.5,10000,4.85,5.56212982760666
"NSFG men 25-44",3.31,1.5,10000,4.9,5.56580336012436
"NSFG men 25-44",3.31,1.5,10000,4.95,5.56934461913409
"NSFG men 25-44",3.31,1.5,10000,5,5.57275989518696
"NSFG men 25-44",3.31,1.5,10000,5.05,5.57605511309194
"NSFG men 25-44",3.31,1.5,10000,5.1,5.57923585666064
"NSFG men 25-44",3.31,1.5,10000,5.15,5.58230739157126
"NSFG men 25-44",3.31,1.5,10000,5.2,5.58527468650792
"NSFG men 25-44",3.31,1.5,10000,5.25,5.58814243271788
"NSFG men 25-44",3.31,1.5,10000,5.3,5.59091506211675
"NSFG men 25-44",3.31,1.5,10000,5.35,5.59359676405976
"NSFG men 25-44",3.31,1.5,10000,5.4,5.59619150088748
"NSFG men 25-44",3.31,1.5,10000,5.45,5.59870302234441
"NSFG men 25-44",3.31,1.5,10000,5.5,5.60113487896049
"NSFG men 25-44",3.31,1.5,10000,5.55,5.60349043447797
"NSFG men 25-44",3.31,1.5,10000,5.6,5.60577287739873
"NSFG men 25-44",3.31,1.5,10000,5.65,5.6079852317209
"NSFG men 25-44",3.31,1.5,10000,5.7,5.61013036692777
"NSFG men 25-44",3.31,1.5,10000,5.75,5.61221100728666
"NSFG men 25-44",3.31,1.5,10000,5.8,5.61422974051067
"NSFG men 25-44",3.31,1.5,10000,5.85,5.6161890258315
"NSFG men 25-44",3.31,1.5,10000,5.9,5.6180912015282
"NSFG men 25-44",3.31,1.5,10000,5.95,5.61993849195223
"NSFG men 25-44",3.31,1.5,10000,6,5.62173301408654
"NSFG men 25-44",3.31,2,10000,0,0
"NSFG men 25-44",3.31,2,10000,0.05,0.116194523032155
"NSFG men 25-44",3.31,2,10000,0.1,0.236736423808352
"NSFG men 25-44",3.31,2,10000,0.15,0.361423081613192
"NSFG men 25-44",3.31,2,10000,0.2,0.49003181898936
"NSFG men 25-44",3.31,2,10000,0.25,0.622323470466792
"NSFG men 25-44",3.31,2,10000,0.3,0.758045732943197
"NSFG men 25-44",3.31,2,10000,0.35,0.89693620197107
"NSFG men 25-44",3.31,2,10000,0.4,1.03872501897491
"NSFG men 25-44",3.31,2,10000,0.45,1.18313707404247
"NSFG men 25-44",3.31,2,10000,0.5,1.32989372563767
"NSFG men 25-44",3.31,2,10000,0.55,1.47871401125606
"NSFG men 25-44",3.31,2,10000,0.6,1.62931533221081
"NSFG men 25-44",3.31,2,10000,0.65,1.78141360526833
"NSFG men 25-44",3.31,2,10000,0.7,1.93472289398297
"NSFG men 25-44",3.31,2,10000,0.75,2.08895458384656
"NSFG men 25-44",3.31,2,10000,0.8,2.24381627864227
"NSFG men 25-44",3.31,2,10000,0.85,2.39901079186276
"NSFG men 25-44",3.31,2,10000,0.9,2.55423583087583
"NSFG men 25-44",3.31,2,10000,0.95,2.70918498743073
"NSFG men 25-44",3.31,2,10000,1,2.86355008909535
"NSFG men 25-44",3.31,2,10000,1.05,3.0170238389645
"NSFG men 25-44",3.31,2,10000,1.1,3.16930096024589
"NSFG men 25-44",3.31,2,10000,1.15,3.32007697562063
"NSFG men 25-44",3.31,2,10000,1.2,3.46904575333213
"NSFG men 25-44",3.31,2,10000,1.25,3.61589797118887
"NSFG men 25-44",3.31,2,10000,1.3,3.7603218493088
"NSFG men 25-44",3.31,2,10000,1.35,3.90200608317978
"NSFG men 25-44",3.31,2,10000,1.4,4.04064416286108
"NSFG men 25-44",3.31,2,10000,1.45,4.17593935098371
"NSFG men 25-44",3.31,2,10000,1.5,4.30760997894716
"NSFG men 25-44",3.31,2,10000,1.55,4.43539493028456
"NSFG men 25-44",3.31,2,10000,1.6,4.55905910506535
"NSFG men 25-44",3.31,2,10000,1.65,4.67839847568543
"NSFG men 25-44",3.31,2,10000,1.7,4.79324426316391
"NSFG men 25-44",3.31,2,10000,1.75,4.90346585676056
"NSFG men 25-44",3.31,2,10000,1.8,5.00897230260808
"NSFG men 25-44",3.31,2,10000,1.85,5.10971239183223
"NSFG men 25-44",3.31,2,10000,1.9,5.20567351680358
"NSFG men 25-44",3.31,2,10000,1.95,5.29687952447606
"NSFG men 25-44",3.31,2,10000,2,5.38338780149184
"NSFG men 25-44",3.31,2,10000,2.05,5.46528580619824
"NSFG men 25-44",3.31,2,10000,2.1,5.5426872377438
"NSFG men 25-44",3.31,2,10000,2.15,5.61572801002264
"NSFG men 25-44",3.31,2,10000,2.2,5.68456217884032
"NSFG men 25-44",3.31,2,10000,2.25,5.74935795194813
"NSFG men 25-44",3.31,2,10000,2.3,5.81029389148157
"NSFG men 25-44",3.31,2,10000,2.35,5.86755539618501
"NSFG men 25-44",3.31,2,10000,2.4,5.92133152726446
"NSFG men 25-44",3.31,2,10000,2.45,5.97181221819242
"NSFG men 25-44",3.31,2,10000,2.5,6.01918588685666
"NSFG men 25-44",3.31,2,10000,2.55,6.06363744938913
"NSFG men 25-44",3.31,2,10000,2.6,6.10534671964007
"NSFG men 25-44",3.31,2,10000,2.65,6.14448716686641
"NSFG men 25-44",3.31,2,10000,2.7,6.18122499664664
"NSFG men 25-44",3.31,2,10000,2.75,6.21571851587829
"NSFG men 25-44",3.31,2,10000,2.8,6.24811774136171
"NSFG men 25-44",3.31,2,10000,2.85,6.27856421227549
"NSFG men 25-44",3.31,2,10000,2.9,6.30719096918404
"NSFG men 25-44",3.31,2,10000,2.95,6.33412266554087
"NSFG men 25-44",3.31,2,10000,3,6.35947578151428
"NSFG men 25-44",3.31,2,10000,3.05,6.38335891401778
"NSFG men 25-44",3.31,2,10000,3.1,6.40587312082452
"NSFG men 25-44",3.31,2,10000,3.15,6.42711230040942
"NSFG men 25-44",3.31,2,10000,3.2,6.44716359259215
"NSFG men 25-44",3.31,2,10000,3.25,6.46610778809138
"NSFG men 25-44",3.31,2,10000,3.3,6.48401973773202
"NSFG men 25-44",3.31,2,10000,3.35,6.50096875427896
"NSFG men 25-44",3.31,2,10000,3.4,6.51701900173109
"NSFG men 25-44",3.31,2,10000,3.45,6.5322298684334
"NSFG men 25-44",3.31,2,10000,3.5,6.54665632159174
"NSFG men 25-44",3.31,2,10000,3.55,6.56034924174688
"NSFG men 25-44",3.31,2,10000,3.6,6.57335573652042
"NSFG men 25-44",3.31,2,10000,3.65,6.5857194335203
"NSFG men 25-44",3.31,2,10000,3.7,6.59748075272248
"NSFG men 25-44",3.31,2,10000,3.75,6.60867715895384
"NSFG men 25-44",3.31,2,10000,3.8,6.61934339531574
"NSFG men 25-44",3.31,2,10000,3.85,6.62951169852634
"NSFG men 25-44",3.31,2,10000,3.9,6.63921199724172
"NSFG men 25-44",3.31,2,10000,3.95,6.64847209445284
"NSFG men 25-44",3.31,2,10000,4,6.65731783506007
"NSFG men 25-44",3.31,2,10000,4.05,6.66577325970772
"NSFG men 25-44",3.31,2,10000,4.1,6.6738607459246
"NSFG men 25-44",3.31,2,10000,4.15,6.68160113756933
"NSFG men 25-44",3.31,2,10000,4.2,6.68901386352439
"NSFG men 25-44",3.31,2,10000,4.25,6.6961170465237
"NSFG men 25-44",3.31,2,10000,4.3,6.7029276029392
"NSFG men 25-44",3.31,2,10000,4.35,6.70946133429137
"NSFG men 25-44",3.31,2,10000,4.4,6.71573301119015
"NSFG men 25-44",3.31,2,10000,4.45,6.7217564503568
"NSFG men 25-44",3.31,2,10000,4.5,6.72754458532344
"NSFG men 25-44",3.31,2,10000,4.55,6.73310953135754
"NSFG men 25-44",3.31,2,10000,4.6,6.73846264511092
"NSFG men 25-44",3.31,2,10000,4.65,6.7436145794503
"NSFG men 25-44",3.31,2,10000,4.7,6.74857533388573
"NSFG men 25-44",3.31,2,10000,4.75,6.75335430097649
"NSFG men 25-44",3.31,2,10000,4.8,6.75796030906069
"NSFG men 25-44",3.31,2,10000,4.85,6.76240166162293
"NSFG men 25-44",3.31,2,10000,4.9,6.76668617358743
"NSFG men 25-44",3.31,2,10000,4.95,6.77082120479707
"NSFG men 25-44",3.31,2,10000,5,6.77481369091631
"NSFG men 25-44",3.31,2,10000,5.05,6.77867017197433
"NSFG men 25-44",3.31,2,10000,5.1,6.78239681874523
"NSFG men 25-44",3.31,2,10000,5.15,6.785999457145
"NSFG men 25-44",3.31,2,10000,5.2,6.7894835908088
"NSFG men 25-44",3.31,2,10000,5.25,6.79285442199742
"NSFG men 25-44",3.31,2,10000,5.3,6.79611687096928
"NSFG men 25-44",3.31,2,10000,5.35,6.79927559394166
"NSFG men 25-44",3.31,2,10000,5.4,6.80233499975476
"NSFG men 25-44",3.31,2,10000,5.45,6.80529926534173
"NSFG men 25-44",3.31,2,10000,5.5,6.80817235009957
"NSFG men 25-44",3.31,2,10000,5.55,6.81095800924679
"NSFG men 25-44",3.31,2,10000,5.6,6.81365980624754
"NSFG men 25-44",3.31,2,10000,5.65,6.81628112437408
"NSFG men 25-44",3.31,2,10000,5.7,6.81882517747415
"NSFG men 25-44",3.31,2,10000,5.75,6.82129502000376
"NSFG men 25-44",3.31,2,10000,5.8,6.82369355638141
"NSFG men 25-44",3.31,2,10000,5.85,6.82602354971444
"NSFG men 25-44",3.31,2,10000,5.9,6.82828762994485
"NSFG men 25-44",3.31,2,10000,5.95,6.83048830145714
"NSFG men 25-44",3.31,2,10000,6,6.83262795018842
"NSFG men 25-44",3.31,0.5,1e+05,0,0
"NSFG men 25-44",3.31,0.5,1e+05,0.05,0.00845598042951092
"NSFG men 25-44",3.31,0.5,1e+05,0.1,0.0175353144409886
"NSFG men 25-44",3.31,0.5,1e+05,0.15,0.0272881429357571
"NSFG men 25-44",3.31,0.5,1e+05,0.2,0.0377688610047505
"NSFG men 25-44",3.31,0.5,1e+05,0.25,0.0490364981480447
"NSFG men 25-44",3.31,0.5,1e+05,0.3,0.061155136020401
"NSFG men 25-44",3.31,0.5,1e+05,0.35,0.0741943671899277
"NSFG men 25-44",3.31,0.5,1e+05,0.4,0.0882297977885333
"NSFG men 25-44",3.31,0.5,1e+05,0.45,0.103343595434415
"NSFG men 25-44",3.31,0.5,1e+05,0.5,0.119625080822484
"NSFG men 25-44",3.31,0.5,1e+05,0.55,0.137171356007148
"NSFG men 25-44",3.31,0.5,1e+05,0.6,0.156087953327899
"NSFG men 25-44",3.31,0.5,1e+05,0.65,0.176489474319619
"NSFG men 25-44",3.31,0.5,1e+05,0.7,0.198500165422926
"NSFG men 25-44",3.31,0.5,1e+05,0.75,0.222254344094479
"NSFG men 25-44",3.31,0.5,1e+05,0.8,0.247896542452069
"NSFG men 25-44",3.31,0.5,1e+05,0.85,0.275581174901758
"NSFG men 25-44",3.31,0.5,1e+05,0.9,0.305471464416615
"NSFG men 25-44",3.31,0.5,1e+05,0.95,0.337737290191028
"NSFG men 25-44",3.31,0.5,1e+05,1,0.372551569835171
"NSFG men 25-44",3.31,0.5,1e+05,1.05,0.410084797393882
"NSFG men 25-44",3.31,0.5,1e+05,1.1,0.450497465926874
"NSFG men 25-44",3.31,0.5,1e+05,1.15,0.493930340460074
"NSFG men 25-44",3.31,0.5,1e+05,1.2,0.540492906791445
"NSFG men 25-44",3.31,0.5,1e+05,1.25,0.590250740655229
"NSFG men 25-44",3.31,0.5,1e+05,1.3,0.643212910215572
"NSFG men 25-44",3.31,0.5,1e+05,1.35,0.699320731558265
"NSFG men 25-44",3.31,0.5,1e+05,1.4,0.758439185587633
"NSFG men 25-44",3.31,0.5,1e+05,1.45,0.820352098298346
"NSFG men 25-44",3.31,0.5,1e+05,1.5,0.884761857640343
"NSFG men 25-44",3.31,0.5,1e+05,1.55,0.951294056761765
"NSFG men 25-44",3.31,0.5,1e+05,1.6,1.01950704362726
"NSFG men 25-44",3.31,0.5,1e+05,1.65,1.08890592056251
"NSFG men 25-44",3.31,0.5,1e+05,1.7,1.15896008488019
"NSFG men 25-44",3.31,0.5,1e+05,1.75,1.2291229880139
"NSFG men 25-44",3.31,0.5,1e+05,1.8,1.29885251059216
"NSFG men 25-44",3.31,0.5,1e+05,1.85,1.36763029595591
"NSFG men 25-44",3.31,0.5,1e+05,1.9,1.43497858599831
"NSFG men 25-44",3.31,0.5,1e+05,1.95,1.50047350758459
"NSFG men 25-44",3.31,0.5,1e+05,2,1.5637542550414
"NSFG men 25-44",3.31,0.5,1e+05,2.05,1.62452809266673
"NSFG men 25-44",3.31,0.5,1e+05,2.1,1.68257148799876
"NSFG men 25-44",3.31,0.5,1e+05,2.15,1.73772795344116
"NSFG men 25-44",3.31,0.5,1e+05,2.2,1.78990332199352
"NSFG men 25-44",3.31,0.5,1e+05,2.25,1.83905922751719
"NSFG men 25-44",3.31,0.5,1e+05,2.3,1.88520552271658
"NSFG men 25-44",3.31,0.5,1e+05,2.35,1.92839227356034
"NSFG men 25-44",3.31,0.5,1e+05,2.4,1.96870184234917
"NSFG men 25-44",3.31,0.5,1e+05,2.45,2.00624143540988
"NSFG men 25-44",3.31,0.5,1e+05,2.5,2.04113636249811
"NSFG men 25-44",3.31,0.5,1e+05,2.55,2.07352414418671
"NSFG men 25-44",3.31,0.5,1e+05,2.6,2.10354951577061
"NSFG men 25-44",3.31,0.5,1e+05,2.65,2.131360312065
"NSFG men 25-44",3.31,0.5,1e+05,2.7,2.15710417459556
"NSFG men 25-44",3.31,0.5,1e+05,2.75,2.180925997339
"NSFG men 25-44",3.31,0.5,1e+05,2.8,2.20296601525374
"NSFG men 25-44",3.31,0.5,1e+05,2.85,2.22335843751031
"NSFG men 25-44",3.31,0.5,1e+05,2.9,2.24223053136175
"NSFG men 25-44",3.31,0.5,1e+05,2.95,2.25970207046383
"NSFG men 25-44",3.31,0.5,1e+05,3,2.27588507130251
"NSFG men 25-44",3.31,0.5,1e+05,3.05,2.29088375191733
"NSFG men 25-44",3.31,0.5,1e+05,3.1,2.3047946574683
"NSFG men 25-44",3.31,0.5,1e+05,3.15,2.31770690685968
"NSFG men 25-44",3.31,0.5,1e+05,3.2,2.32970252331993
"NSFG men 25-44",3.31,0.5,1e+05,3.25,2.34085681942345
"NSFG men 25-44",3.31,0.5,1e+05,3.3,2.35123881351272
"NSFG men 25-44",3.31,0.5,1e+05,3.35,2.36091165989449
"NSFG men 25-44",3.31,0.5,1e+05,3.4,2.36993307963476
"NSFG men 25-44",3.31,0.5,1e+05,3.45,2.3783557823766
"NSFG men 25-44",3.31,0.5,1e+05,3.5,2.3862278724701
"NSFG men 25-44",3.31,0.5,1e+05,3.55,2.39359323494969
"NSFG men 25-44",3.31,0.5,1e+05,3.6,2.40049189862528
"NSFG men 25-44",3.31,0.5,1e+05,3.65,2.40696037486556
"NSFG men 25-44",3.31,0.5,1e+05,3.7,2.41303197162506
"NSFG men 25-44",3.31,0.5,1e+05,3.75,2.41873708297158
"NSFG men 25-44",3.31,0.5,1e+05,3.8,2.42410345486551
"NSFG men 25-44",3.31,0.5,1e+05,3.85,2.42915642827414
"NSFG men 25-44",3.31,0.5,1e+05,3.9,2.43391916091252
"NSFG men 25-44",3.31,0.5,1e+05,3.95,2.43841282901732
"NSFG men 25-44",3.31,0.5,1e+05,4,2.44265681060708
"NSFG men 25-44",3.31,0.5,1e+05,4.05,2.44666885167936
"NSFG men 25-44",3.31,0.5,1e+05,4.1,2.45046521675864
"NSFG men 25-44",3.31,0.5,1e+05,4.15,2.45406082514811
"NSFG men 25-44",3.31,0.5,1e+05,4.2,2.45746937416395
"NSFG men 25-44",3.31,0.5,1e+05,4.25,2.46070345054719
"NSFG men 25-44",3.31,0.5,1e+05,4.3,2.46377463116149
"NSFG men 25-44",3.31,0.5,1e+05,4.35,2.46669357399771
"NSFG men 25-44",3.31,0.5,1e+05,4.4,2.46947010042082
"NSFG men 25-44",3.31,0.5,1e+05,4.45,2.47211326951283
"NSFG men 25-44",3.31,0.5,1e+05,4.5,2.47463144528775
"NSFG men 25-44",3.31,0.5,1e+05,4.55,2.47703235748259
"NSFG men 25-44",3.31,0.5,1e+05,4.6,2.47932315656075
"NSFG men 25-44",3.31,0.5,1e+05,4.65,2.48151046350279
"NSFG men 25-44",3.31,0.5,1e+05,4.7,2.48360041490273
"NSFG men 25-44",3.31,0.5,1e+05,4.75,2.4855987038365
"NSFG men 25-44",3.31,0.5,1e+05,4.8,2.4875106169224
"NSFG men 25-44",3.31,0.5,1e+05,4.85,2.48934106795093
"NSFG men 25-44",3.31,0.5,1e+05,4.9,2.49109462842313
"NSFG men 25-44",3.31,0.5,1e+05,4.95,2.49277555530196
"NSFG men 25-44",3.31,0.5,1e+05,5,2.49438781625029
"NSFG men 25-44",3.31,0.5,1e+05,5.05,2.495935112601
"NSFG men 25-44",3.31,0.5,1e+05,5.1,2.49742090027983
"NSFG men 25-44",3.31,0.5,1e+05,5.15,2.49884840887889
"NSFG men 25-44",3.31,0.5,1e+05,5.2,2.50022065905874
"NSFG men 25-44",3.31,0.5,1e+05,5.25,2.50154047843887
"NSFG men 25-44",3.31,0.5,1e+05,5.3,2.50281051612008
"NSFG men 25-44",3.31,0.5,1e+05,5.35,2.50403325596801
"NSFG men 25-44",3.31,0.5,1e+05,5.4,2.50521102877382
"NSFG men 25-44",3.31,0.5,1e+05,5.45,2.50634602339652
"NSFG men 25-44",3.31,0.5,1e+05,5.5,2.50744029698112
"NSFG men 25-44",3.31,0.5,1e+05,5.55,2.50849578433729
"NSFG men 25-44",3.31,0.5,1e+05,5.6,2.50951430655475
"NSFG men 25-44",3.31,0.5,1e+05,5.65,2.5104975789246
"NSFG men 25-44",3.31,0.5,1e+05,5.7,2.51144721822848
"NSFG men 25-44",3.31,0.5,1e+05,5.75,2.51236474945172
"NSFG men 25-44",3.31,0.5,1e+05,5.8,2.51325161197142
"NSFG men 25-44",3.31,0.5,1e+05,5.85,2.51410916526503
"NSFG men 25-44",3.31,0.5,1e+05,5.9,2.51493869418112
"NSFG men 25-44",3.31,0.5,1e+05,5.95,2.51574141380996
"NSFG men 25-44",3.31,0.5,1e+05,6,2.51651847398777
"NSFG men 25-44",3.31,1,1e+05,0,0
"NSFG men 25-44",3.31,1,1e+05,0.05,0.0260022556141747
"NSFG men 25-44",3.31,1,1e+05,0.1,0.0539981869464036
"NSFG men 25-44",3.31,1,1e+05,0.15,0.0841525364328915
"NSFG men 25-44",3.31,1,1e+05,0.2,0.116643945605193
"NSFG men 25-44",3.31,1,1e+05,0.25,0.151665761420039
"NSFG men 25-44",3.31,1,1e+05,0.3,0.189426597649986
"NSFG men 25-44",3.31,1,1e+05,0.35,0.230150461269202
"NSFG men 25-44",3.31,1,1e+05,0.4,0.274076181382664
"NSFG men 25-44",3.31,1,1e+05,0.45,0.321455804802959
"NSFG men 25-44",3.31,1,1e+05,0.5,0.372551569835171
"NSFG men 25-44",3.31,1,1e+05,0.55,0.427631072578546
"NSFG men 25-44",3.31,1,1e+05,0.6,0.486960338432288
"NSFG men 25-44",3.31,1,1e+05,0.65,0.550794733957209
"NSFG men 25-44",3.31,1,1e+05,0.7,0.619367991391886
"NSFG men 25-44",3.31,1,1e+05,0.75,0.692880003927224
"NSFG men 25-44",3.31,1,1e+05,0.8,0.771484371845157
"NSFG men 25-44",3.31,1,1e+05,0.85,0.855276825637539
"NSFG men 25-44",3.31,1,1e+05,0.9,0.944285569181766
"NSFG men 25-44",3.31,1,1e+05,0.95,1.03846430766689
"NSFG men 25-44",3.31,1,1e+05,1,1.13768834665303
"NSFG men 25-44",3.31,1,1e+05,1.05,1.24175377333316
"NSFG men 25-44",3.31,1,1e+05,1.1,1.35037942873165
"NSFG men 25-44",3.31,1,1e+05,1.15,1.4632111802001
"NSFG men 25-44",3.31,1,1e+05,1.2,1.57982791084915
"NSFG men 25-44",3.31,1,1e+05,1.25,1.69974864784664
"NSFG men 25-44",3.31,1,1e+05,1.3,1.82244033998525
"NSFG men 25-44",3.31,1,1e+05,1.35,1.94732594669169
"NSFG men 25-44",3.31,1,1e+05,1.4,2.07379269076347
"NSFG men 25-44",3.31,1,1e+05,1.45,2.20120052506045
"NSFG men 25-44",3.31,1,1e+05,1.5,2.32889103185926
"NSFG men 25-44",3.31,1,1e+05,1.55,2.45619706860601
"NSFG men 25-44",3.31,1,1e+05,1.6,2.58245345080353
"NSFG men 25-44",3.31,1,1e+05,1.65,2.70700879318118
"NSFG men 25-44",3.31,1,1e+05,1.7,2.82923832605123
"NSFG men 25-44",3.31,1,1e+05,1.75,2.9485571347086
"NSFG men 25-44",3.31,1,1e+05,1.8,3.06443295248626
"NSFG men 25-44",3.31,1,1e+05,1.85,3.17639748869377
"NSFG men 25-44",3.31,1,1e+05,1.9,3.284055347525
"NSFG men 25-44",3.31,1,1e+05,1.95,3.38708986217198
"NSFG men 25-44",3.31,1,1e+05,2,3.48526553671703
"NSFG men 25-44",3.31,1,1e+05,2.05,3.57842715603095
"NSFG men 25-44",3.31,1,1e+05,2.1,3.66649592294688
"NSFG men 25-44",3.31,1,1e+05,2.15,3.74946318468367
"NSFG men 25-44",3.31,1,1e+05,2.2,3.8273824157666
"NSFG men 25-44",3.31,1,1e+05,2.25,3.9003601440337
"NSFG men 25-44",3.31,1,1e+05,2.3,3.96854645714784
"NSFG men 25-44",3.31,1,1e+05,2.35,4.03212563024816
"NSFG men 25-44",3.31,1,1e+05,2.4,4.09130729288844
"NSFG men 25-44",3.31,1,1e+05,2.45,4.14631842505122
"NSFG men 25-44",3.31,1,1e+05,2.5,4.19739635297814
"NSFG men 25-44",3.31,1,1e+05,2.55,4.24478281528155
"NSFG men 25-44",3.31,1,1e+05,2.6,4.28871909241642
"NSFG men 25-44",3.31,1,1e+05,2.65,4.32944213810219
"NSFG men 25-44",3.31,1,1e+05,2.7,4.367181617093
"NSFG men 25-44",3.31,1,1e+05,2.75,4.40215773593997
"NSFG men 25-44",3.31,1,1e+05,2.8,4.43457974794398
"NSFG men 25-44",3.31,1,1e+05,2.85,4.46464501658231
"NSFG men 25-44",3.31,1,1e+05,2.9,4.49253853017402
"NSFG men 25-44",3.31,1,1e+05,2.95,4.51843277201794
"NSFG men 25-44",3.31,1,1e+05,3,4.54248786295012
"NSFG men 25-44",3.31,1,1e+05,3.05,4.56485190604453
"NSFG men 25-44",3.31,1,1e+05,3.1,4.58566147527109
"NSFG men 25-44",3.31,1,1e+05,3.15,4.60504220090275
"NSFG men 25-44",3.31,1,1e+05,3.2,4.6231094141225
"NSFG men 25-44",3.31,1,1e+05,3.25,4.63996882157255
"NSFG men 25-44",3.31,1,1e+05,3.3,4.65571718755574
"NSFG men 25-44",3.31,1,1e+05,3.35,4.67044300734614
"NSFG men 25-44",3.31,1,1e+05,3.4,4.68422715972479
"NSFG men 25-44",3.31,1,1e+05,3.45,4.69714353057144
"NSFG men 25-44",3.31,1,1e+05,3.5,4.7092596022547
"NSFG men 25-44",3.31,1,1e+05,3.55,4.72063700580656
"NSFG men 25-44",3.31,1,1e+05,3.6,4.73133203456143
"NSFG men 25-44",3.31,1,1e+05,3.65,4.74139611919119
"NSFG men 25-44",3.31,1,1e+05,3.7,4.75087626496652
"NSFG men 25-44",3.31,1,1e+05,3.75,4.75981545269628
"NSFG men 25-44",3.31,1,1e+05,3.8,4.76825300520451
"NSFG men 25-44",3.31,1,1e+05,3.85,4.77622492144936
"NSFG men 25-44",3.31,1,1e+05,3.9,4.78376418051086
"NSFG men 25-44",3.31,1,1e+05,3.95,4.79090101770767
"NSFG men 25-44",3.31,1,1e+05,4,4.79766317507235
"NSFG men 25-44",3.31,1,1e+05,4.05,4.80407612833946
"NSFG men 25-44",3.31,1,1e+05,4.1,4.8101632924969
"NSFG men 25-44",3.31,1,1e+05,4.15,4.81594620782841
"NSFG men 25-44",3.31,1,1e+05,4.2,4.8214447082442
"NSFG men 25-44",3.31,1,1e+05,4.25,4.8266770735612
"NSFG men 25-44",3.31,1,1e+05,4.3,4.83166016726141
"NSFG men 25-44",3.31,1,1e+05,4.35,4.83640956112615
"NSFG men 25-44",3.31,1,1e+05,4.4,4.84093964802147
"NSFG men 25-44",3.31,1,1e+05,4.45,4.84526374399231
"NSFG men 25-44",3.31,1,1e+05,4.5,4.84939418071556
"NSFG men 25-44",3.31,1,1e+05,4.55,4.8533423892611
"NSFG men 25-44",3.31,1,1e+05,4.6,4.85711897601809
"NSFG men 25-44",3.31,1,1e+05,4.65,4.86073379155919
"NSFG men 25-44",3.31,1,1e+05,4.7,4.86419599313899
"NSFG men 25-44",3.31,1,1e+05,4.75,4.86751410145289
"NSFG men 25-44",3.31,1,1e+05,4.8,4.87069605222
"NSFG men 25-44",3.31,1,1e+05,4.85,4.87374924309646
"NSFG men 25-44",3.31,1,1e+05,4.9,4.87668057637446
"NSFG men 25-44",3.31,1,1e+05,4.95,4.87949649787599
"NSFG men 25-44",3.31,1,1e+05,5,4.88220303240893
"NSFG men 25-44",3.31,1,1e+05,5.05,4.8848058161158
"NSFG men 25-44",3.31,1,1e+05,5.1,4.88731012601209
"NSFG men 25-44",3.31,1,1e+05,5.15,4.889720906981
"NSFG men 25-44",3.31,1,1e+05,5.2,4.89204279646473
"NSFG men 25-44",3.31,1,1e+05,5.25,4.8942801470681
"NSFG men 25-44",3.31,1,1e+05,5.3,4.89643704726902
"NSFG men 25-44",3.31,1,1e+05,5.35,4.89851734041056
"NSFG men 25-44",3.31,1,1e+05,5.4,4.90052464213246
"NSFG men 25-44",3.31,1,1e+05,5.45,4.90246235638399
"NSFG men 25-44",3.31,1,1e+05,5.5,4.90433369014641
"NSFG men 25-44",3.31,1,1e+05,5.55,4.90614166698055
"NSFG men 25-44",3.31,1,1e+05,5.6,4.90788913950401
"NSFG men 25-44",3.31,1,1e+05,5.65,4.90957880089232
"NSFG men 25-44",3.31,1,1e+05,5.7,4.91121319548927
"NSFG men 25-44",3.31,1,1e+05,5.75,4.91279472860375
"NSFG men 25-44",3.31,1,1e+05,5.8,4.91432567556276
"NSFG men 25-44",3.31,1,1e+05,5.85,4.91580819008427
"NSFG men 25-44",3.31,1,1e+05,5.9,4.91724431202692
"NSFG men 25-44",3.31,1,1e+05,5.95,4.91863597456904
"NSFG men 25-44",3.31,1,1e+05,6,4.91998501086411
"NSFG men 25-44",3.31,1.5,1e+05,0,0
"NSFG men 25-44",3.31,1.5,1e+05,0.05,0.063535483172886
"NSFG men 25-44",3.31,1.5,1e+05,0.1,0.131944083038106
"NSFG men 25-44",3.31,1.5,1e+05,0.15,0.205531307057795
"NSFG men 25-44",3.31,1.5,1e+05,0.2,0.284585282561466
"NSFG men 25-44",3.31,1.5,1e+05,0.25,0.369364932240098
"NSFG men 25-44",3.31,1.5,1e+05,0.3,0.460087938030388
"NSFG men 25-44",3.31,1.5,1e+05,0.35,0.556919622992296
"NSFG men 25-44",3.31,1.5,1e+05,0.4,0.659963797135127
"NSFG men 25-44",3.31,1.5,1e+05,0.45,0.769256333266135
"NSFG men 25-44",3.31,1.5,1e+05,0.5,0.884761857640343
"NSFG men 25-44",3.31,1.5,1e+05,0.55,1.00637355950514
"NSFG men 25-44",3.31,1.5,1e+05,0.6,1.13391581222438
"NSFG men 25-44",3.31,1.5,1e+05,0.65,1.26714908468455
"NSFG men 25-44",3.31,1.5,1e+05,0.7,1.40577650643691
"NSFG men 25-44",3.31,1.5,1e+05,0.75,1.54945142210595
"NSFG men 25-44",3.31,1.5,1e+05,0.8,1.69778531260215
"NSFG men 25-44",3.31,1.5,1e+05,0.85,1.85035555175828
"NSFG men 25-44",3.31,1.5,1e+05,0.9,2.00671258534491
"NSFG men 25-44",3.31,1.5,1e+05,0.95,2.16638624541631
"NSFG men 25-44",3.31,1.5,1e+05,1,2.32889103185926
"NSFG men 25-44",3.31,1.5,1e+05,1.05,2.49373029616472
"NSFG men 25-44",3.31,1.5,1e+05,1.1,2.66039934689524
"NSFG men 25-44",3.31,1.5,1e+05,1.15,2.82838756380609
"NSFG men 25-44",3.31,1.5,1e+05,1.2,2.99717966300751
"NSFG men 25-44",3.31,1.5,1e+05,1.25,3.16625630552866
"NSFG men 25-44",3.31,1.5,1e+05,1.3,3.33509429286666
"NSFG men 25-44",3.31,1.5,1e+05,1.35,3.50316665041686
"NSFG men 25-44",3.31,1.5,1e+05,1.4,3.66994296327747
"NSFG men 25-44",3.31,1.5,1e+05,1.45,3.83489039063516
"NSFG men 25-44",3.31,1.5,1e+05,1.5,3.9974758245222
"NSFG men 25-44",3.31,1.5,1e+05,1.55,4.15716964295755
"NSFG men 25-44",3.31,1.5,1e+05,1.6,4.31345139673897
"NSFG men 25-44",3.31,1.5,1e+05,1.65,4.46581753541101
"NSFG men 25-44",3.31,1.5,1e+05,1.7,4.61379093081162
"NSFG men 25-44",3.31,1.5,1e+05,1.75,4.75693156221244
"NSFG men 25-44",3.31,1.5,1e+05,1.8,4.89484739790483
"NSFG men 25-44",3.31,1.5,1e+05,1.85,5.0272043563689
"NSFG men 25-44",3.31,1.5,1e+05,1.9,5.15373430905158
"NSFG men 25-44",3.31,1.5,1e+05,1.95,5.27424036280063
"NSFG men 25-44",3.31,1.5,1e+05,2,5.38859903818437
"NSFG men 25-44",3.31,1.5,1e+05,2.05,5.49675933811311
"NSFG men 25-44",3.31,1.5,1e+05,2.1,5.59873901058001
"NSFG men 25-44",3.31,1.5,1e+05,2.15,5.69461852170817
"NSFG men 25-44",3.31,1.5,1e+05,2.2,5.78453336925136
"NSFG men 25-44",3.31,1.5,1e+05,2.25,5.86866539362198
"NSFG men 25-44",3.31,1.5,1e+05,2.3,5.94723370082539
"NSFG men 25-44",3.31,1.5,1e+05,2.35,6.02048572030747
"NSFG men 25-44",3.31,1.5,1e+05,2.4,6.08868880268803
"NSFG men 25-44",3.31,1.5,1e+05,2.45,6.15212263759264
"NSFG men 25-44",3.31,1.5,1e+05,2.5,6.21107265561307
"NSFG men 25-44",3.31,1.5,1e+05,2.55,6.26582448039607
"NSFG men 25-44",3.31,1.5,1e+05,2.6,6.31665942120653
"NSFG men 25-44",3.31,1.5,1e+05,2.65,6.36385094313258
"NSFG men 25-44",3.31,1.5,1e+05,2.7,6.40766201888289
"NSFG men 25-44",3.31,1.5,1e+05,2.75,6.44834324907637
"NSFG men 25-44",3.31,1.5,1e+05,2.8,6.48613163297432
"NSFG men 25-44",3.31,1.5,1e+05,2.85,6.52124987502128
"NSFG men 25-44",3.31,1.5,1e+05,2.9,6.55390612125137
"NSFG men 25-44",3.31,1.5,1e+05,2.95,6.58429403120009
"NSFG men 25-44",3.31,1.5,1e+05,3,6.61259310372204
"NSFG men 25-44",3.31,1.5,1e+05,3.05,6.63896918788872
"NSFG men 25-44",3.31,1.5,1e+05,3.1,6.66357512219456
"NSFG men 25-44",3.31,1.5,1e+05,3.15,6.68655145621569
"NSFG men 25-44",3.31,1.5,1e+05,3.2,6.70802721845128
"NSFG men 25-44",3.31,1.5,1e+05,3.25,6.72812070228457
"NSFG men 25-44",3.31,1.5,1e+05,3.3,6.74694024888206
"NSFG men 25-44",3.31,1.5,1e+05,3.35,6.76458501150868
"NSFG men 25-44",3.31,1.5,1e+05,3.4,6.78114569031045
"NSFG men 25-44",3.31,1.5,1e+05,3.45,6.7967052302491
"NSFG men 25-44",3.31,1.5,1e+05,3.5,6.81133947770727
"NSFG men 25-44",3.31,1.5,1e+05,3.55,6.82511779345398
"NSFG men 25-44",3.31,1.5,1e+05,3.6,6.83810362128701
"NSFG men 25-44",3.31,1.5,1e+05,3.65,6.85035501285881
"NSFG men 25-44",3.31,1.5,1e+05,3.7,6.86192511003408
"NSFG men 25-44",3.31,1.5,1e+05,3.75,6.87286258669761
"NSFG men 25-44",3.31,1.5,1e+05,3.8,6.88321205229174
"NSFG men 25-44",3.31,1.5,1e+05,3.85,6.89301441956513
"NSFG men 25-44",3.31,1.5,1e+05,3.9,6.90230723909882
"NSFG men 25-44",3.31,1.5,1e+05,3.95,6.91112500317446
"NSFG men 25-44",3.31,1.5,1e+05,4,6.91949942148746
"NSFG men 25-44",3.31,1.5,1e+05,4.05,6.92745967110529
"NSFG men 25-44",3.31,1.5,1e+05,4.1,6.93503262294156
"NSFG men 25-44",3.31,1.5,1e+05,4.15,6.94224304687213
"NSFG men 25-44",3.31,1.5,1e+05,4.2,6.94911379746777
"NSFG men 25-44",3.31,1.5,1e+05,4.25,6.9556659821649
"NSFG men 25-44",3.31,1.5,1e+05,4.3,6.96191911354631
"NSFG men 25-44",3.31,1.5,1e+05,4.35,6.967891247259
"NSFG men 25-44",3.31,1.5,1e+05,4.4,6.97359910696012
"NSFG men 25-44",3.31,1.5,1e+05,4.45,6.97905819755365
"NSFG men 25-44",3.31,1.5,1e+05,4.5,6.98428290786151
"NSFG men 25-44",3.31,1.5,1e+05,4.55,6.98928660376322
"NSFG men 25-44",3.31,1.5,1e+05,4.6,6.99408171273767
"NSFG men 25-44",3.31,1.5,1e+05,4.65,6.99867980064862
"NSFG men 25-44",3.31,1.5,1e+05,4.7,7.00309164153229
"NSFG men 25-44",3.31,1.5,1e+05,4.75,7.00732728106944
"NSFG men 25-44",3.31,1.5,1e+05,4.8,7.01139609435625
"NSFG men 25-44",3.31,1.5,1e+05,4.85,7.01530683852632
"NSFG men 25-44",3.31,1.5,1e+05,4.9,7.01906770072041
"NSFG men 25-44",3.31,1.5,1e+05,4.95,7.02268634185078
"NSFG men 25-44",3.31,1.5,1e+05,5,7.02616993656153
"NSFG men 25-44",3.31,1.5,1e+05,5.05,7.02952520974638
"NSFG men 25-44",3.31,1.5,1e+05,5.1,7.03275846994867
"NSFG men 25-44",3.31,1.5,1e+05,5.15,7.03587563993603
"NSFG men 25-44",3.31,1.5,1e+05,5.2,7.03888228471284
"NSFG men 25-44",3.31,1.5,1e+05,5.25,7.04178363720744
"NSFG men 25-44",3.31,1.5,1e+05,5.3,7.04458462184767
"NSFG men 25-44",3.31,1.5,1e+05,5.35,7.04728987621712
"NSFG men 25-44",3.31,1.5,1e+05,5.4,7.04990377096557
"NSFG men 25-44",3.31,1.5,1e+05,5.45,7.05243042813039
"NSFG men 25-44",3.31,1.5,1e+05,5.5,7.05487373801006
"NSFG men 25-44",3.31,1.5,1e+05,5.55,7.05723737471785
"NSFG men 25-44",3.31,1.5,1e+05,5.6,7.05952481053085
"NSFG men 25-44",3.31,1.5,1e+05,5.65,7.06173932913907
"NSFG men 25-44",3.31,1.5,1e+05,5.7,7.06388403788918
"NSFG men 25-44",3.31,1.5,1e+05,5.75,7.06596187910842
"NSFG men 25-44",3.31,1.5,1e+05,5.8,7.06797564058662
"NSFG men 25-44",3.31,1.5,1e+05,5.85,7.06992796528671
"NSFG men 25-44",3.31,1.5,1e+05,5.9,7.0718213603477
"NSFG men 25-44",3.31,1.5,1e+05,5.95,7.07365820543843
"NSFG men 25-44",3.31,1.5,1e+05,6,7.07544076051488
"NSFG men 25-44",3.31,2,1e+05,0,0
"NSFG men 25-44",3.31,2,1e+05,0.05,0.130067682294308
"NSFG men 25-44",3.31,2,1e+05,0.1,0.266689269025022
"NSFG men 25-44",3.31,2,1e+05,0.15,0.409675369979962
"NSFG men 25-44",3.31,2,1e+05,0.2,0.558783509801316
"NSFG men 25-44",3.31,2,1e+05,0.25,0.713726062613653
"NSFG men 25-44",3.31,2,1e+05,0.3,0.874178590982207
"NSFG men 25-44",3.31,2,1e+05,0.35,1.03978806130786
"NSFG men 25-44",3.31,2,1e+05,0.4,1.2101805254931
"NSFG men 25-44",3.31,2,1e+05,0.45,1.38496798321038
"NSFG men 25-44",3.31,2,1e+05,0.5,1.5637542550414
"NSFG men 25-44",3.31,2,1e+05,0.55,1.74613979453152
"NSFG men 25-44",3.31,2,1e+05,0.6,1.93172544258279
"NSFG men 25-44",3.31,2,1e+05,0.65,2.12011518048536
"NSFG men 25-44",3.31,2,1e+05,0.7,2.31091797079009
"NSFG men 25-44",3.31,2,1e+05,0.75,2.5037487919828
"NSFG men 25-44",3.31,2,1e+05,0.8,2.69822897767839
"NSFG men 25-44",3.31,2,1e+05,0.85,2.89398596767827
"NSFG men 25-44",3.31,2,1e+05,0.9,3.09065257005374
"NSFG men 25-44",3.31,2,1e+05,0.95,3.28786582318584
"NSFG men 25-44",3.31,2,1e+05,1,3.48526553671703
"NSFG men 25-44",3.31,2,1e+05,1.05,3.68249258271109
"NSFG men 25-44",3.31,2,1e+05,1.1,3.8791870050255
"NSFG men 25-44",3.31,2,1e+05,1.15,4.07498601823074
"NSFG men 25-44",3.31,2,1e+05,1.2,4.26952197996273
"NSFG men 25-44",3.31,2,1e+05,1.25,4.46242044522732
"NSFG men 25-44",3.31,2,1e+05,1.3,4.65329845048006
"NSFG men 25-44",3.31,2,1e+05,1.35,4.84176323028682
"NSFG men 25-44",3.31,2,1e+05,1.4,5.02741163699887
"NSFG men 25-44",3.31,2,1e+05,1.45,5.20983060345864
"NSFG men 25-44",3.31,2,1e+05,1.5,5.38859903818437
"NSFG men 25-44",3.31,2,1e+05,1.55,5.56329153723453
"NSFG men 25-44",3.31,2,1e+05,1.6,5.73348419656693
"NSFG men 25-44",3.31,2,1e+05,1.65,5.89876258463035
"NSFG men 25-44",3.31,2,1e+05,1.7,6.0587315964912
"NSFG men 25-44",3.31,2,1e+05,1.75,6.21302652399554
"NSFG men 25-44",3.31,2,1e+05,1.8,6.36132435377721
"NSFG men 25-44",3.31,2,1e+05,1.85,6.50335415862304
"NSFG men 25-44",3.31,2,1e+05,1.9,6.63890553104599
"NSFG men 25-44",3.31,2,1e+05,1.95,6.76783428753689
"NSFG men 25-44",3.31,2,1e+05,2,6.89006505301413
"NSFG men 25-44",3.31,2,1e+05,2.05,7.00559071542245
"NSFG men 25-44",3.31,2,1e+05,2.1,7.11446905156494
"NSFG men 25-44",3.31,2,1e+05,2.15,7.2168170389334
"NSFG men 25-44",3.31,2,1e+05,2.2,7.31280348323607
"NSFG men 25-44",3.31,2,1e+05,2.25,7.40264061895322
"NSFG men 25-44",3.31,2,1e+05,2.3,7.48657529805056
"NSFG men 25-44",3.31,2,1e+05,2.35,7.56488029094127
"NSFG men 25-44",3.31,2,1e+05,2.4,7.6378461059602
"NSFG men 25-44",3.31,2,1e+05,2.45,7.70577360896963
"NSFG men 25-44",3.31,2,1e+05,2.5,7.7689676085798
"NSFG men 25-44",3.31,2,1e+05,2.55,7.82773147443508
"NSFG men 25-44",3.31,2,1e+05,2.6,7.88236278032482
"NSFG men 25-44",3.31,2,1e+05,2.65,7.93314991064035
"NSFG men 25-44",3.31,2,1e+05,2.7,7.98036953540649
"NSFG men 25-44",3.31,2,1e+05,2.75,8.02428484198322
"NSFG men 25-44",3.31,2,1e+05,2.8,8.06514440649546
"NSFG men 25-44",3.31,2,1e+05,2.85,8.10318159137864
"NSFG men 25-44",3.31,2,1e+05,2.9,8.13861436403185
"NSFG men 25-44",3.31,2,1e+05,2.95,8.17164544307258
"NSFG men 25-44",3.31,2,1e+05,3,8.20246269136945
"NSFG men 25-44",3.31,2,1e+05,3.05,8.23123968773096
"NSFG men 25-44",3.31,2,1e+05,3.1,8.25813642111496
"NSFG men 25-44",3.31,2,1e+05,3.15,8.28330006207814
"NSFG men 25-44",3.31,2,1e+05,3.2,8.30686577571367
"NSFG men 25-44",3.31,2,1e+05,3.25,8.32895754848072
"NSFG men 25-44",3.31,2,1e+05,3.3,8.34968900816412
"NSFG men 25-44",3.31,2,1e+05,3.35,8.36916422181926
"NSFG men 25-44",3.31,2,1e+05,3.4,8.38747846109323
"NSFG men 25-44",3.31,2,1e+05,3.45,8.40471892791071
"NSFG men 25-44",3.31,2,1e+05,3.5,8.42096543631722
"NSFG men 25-44",3.31,2,1e+05,3.55,8.43629104841463
"NSFG men 25-44",3.31,2,1e+05,3.6,8.45076266392649
"NSFG men 25-44",3.31,2,1e+05,3.65,8.46444156409735
"NSFG men 25-44",3.31,2,1e+05,3.7,8.47738391145248
"NSFG men 25-44",3.31,2,1e+05,3.75,8.48964120749614
"NSFG men 25-44",3.31,2,1e+05,3.8,8.50126071077148
"NSFG men 25-44",3.31,2,1e+05,3.85,8.5122858178928
"NSFG men 25-44",3.31,2,1e+05,3.9,8.52275641023229
"NSFG men 25-44",3.31,2,1e+05,3.95,8.53270916893064
"NSFG men 25-44",3.31,2,1e+05,4,8.54217786082825
"NSFG men 25-44",3.31,2,1e+05,4.05,8.55119359780223
"NSFG men 25-44",3.31,2,1e+05,4.1,8.55978507185596
"NSFG men 25-44",3.31,2,1e+05,4.15,8.56797876815639
"NSFG men 25-44",3.31,2,1e+05,4.2,8.5757991580559
"NSFG men 25-44",3.31,2,1e+05,4.25,8.58326887397629
"NSFG men 25-44",3.31,2,1e+05,4.3,8.5904088678774
"NSFG men 25-44",3.31,2,1e+05,4.35,8.59723855488369
"NSFG men 25-44",3.31,2,1e+05,4.4,8.60377594350089
"NSFG men 25-44",3.31,2,1e+05,4.45,8.61003775372327
"NSFG men 25-44",3.31,2,1e+05,4.5,8.61603952420894
"NSFG men 25-44",3.31,2,1e+05,4.55,8.62179570958862
"NSFG men 25-44",3.31,2,1e+05,4.6,8.62731976886907
"NSFG men 25-44",3.31,2,1e+05,4.65,8.63262424579848
"NSFG men 25-44",3.31,2,1e+05,4.7,8.63772084197523
"NSFG men 25-44",3.31,2,1e+05,4.75,8.6426204834036
"NSFG men 25-44",3.31,2,1e+05,4.8,8.64733338112972
"NSFG men 25-44",3.31,2,1e+05,4.85,8.6518690865277
"NSFG men 25-44",3.31,2,1e+05,4.9,8.65623654174835
"NSFG men 25-44",3.31,2,1e+05,4.95,8.660444125792
"NSFG men 25-44",3.31,2,1e+05,5,8.66449969662001
"NSFG men 25-44",3.31,2,1e+05,5.05,8.6684106296785
"NSFG men 25-44",3.31,2,1e+05,5.1,8.67218385317033
"NSFG men 25-44",3.31,2,1e+05,5.15,8.67582588037761
"NSFG men 25-44",3.31,2,1e+05,5.2,8.67934283930758
"NSFG men 25-44",3.31,2,1e+05,5.25,8.68274049990695
"NSFG men 25-44",3.31,2,1e+05,5.3,8.68602429906636
"NSFG men 25-44",3.31,2,1e+05,5.35,8.68919936361438
"NSFG men 25-44",3.31,2,1e+05,5.4,8.69227053148117
"NSFG men 25-44",3.31,2,1e+05,5.45,8.6952423711946
"NSFG men 25-44",3.31,2,1e+05,5.5,8.69811919985566
"NSFG men 25-44",3.31,2,1e+05,5.55,8.70090509972618
"NSFG men 25-44",3.31,2,1e+05,5.6,8.70360393354897
"NSFG men 25-44",3.31,2,1e+05,5.65,8.7062193587093
"NSFG men 25-44",3.31,2,1e+05,5.7,8.70875484033639
"NSFG men 25-44",3.31,2,1e+05,5.75,8.71121366343419
"NSFG men 25-44",3.31,2,1e+05,5.8,8.7135989441227
"NSFG men 25-44",3.31,2,1e+05,5.85,8.71591364006363
"NSFG men 25-44",3.31,2,1e+05,5.9,8.71816056013697
"NSFG men 25-44",3.31,2,1e+05,5.95,8.72034237342988
"NSFG men 25-44",3.31,2,1e+05,6,8.72246161759282
"NSFG men 25-44",3.31,0.5,1e+06,0,0
"NSFG men 25-44",3.31,0.5,1e+06,0.05,0.00845881069509483
"NSFG men 25-44",3.31,0.5,1e+06,0.1,0.0175415071810229
"NSFG men 25-44",3.31,0.5,1e+06,0.15,0.0272983565230031
"NSFG men 25-44",3.31,0.5,1e+06,0.2,0.0377839185022509
"NSFG men 25-44",3.31,0.5,1e+06,0.25,0.0490574416915559
"NSFG men 25-44",3.31,0.5,1e+06,0.3,0.0611833045486225
"NSFG men 25-44",3.31,0.5,1e+06,0.35,0.0742315086357539
"NSFG men 25-44",3.31,0.5,1e+06,0.4,0.0882782322037063
"NSFG men 25-44",3.31,0.5,1e+06,0.45,0.103406453440134
"NSFG men 25-44",3.31,0.5,1e+06,0.5,0.119706653458422
"NSFG men 25-44",3.31,0.5,1e+06,0.55,0.137277609211156
"NSFG men 25-44",3.31,0.5,1e+06,0.6,0.156227285328302
"NSFG men 25-44",3.31,0.5,1e+06,0.65,0.176673830405864
"NSFG men 25-44",3.31,0.5,1e+06,0.7,0.198746675961827
"NSFG men 25-44",3.31,0.5,1e+06,0.75,0.222587722812905
"NSFG men 25-44",3.31,0.5,1e+06,0.8,0.2483525766532
"NSFG men 25-44",3.31,0.5,1e+06,0.85,0.276211757534826
"NSFG men 25-44",3.31,0.5,1e+06,0.9,0.306351750976893
"NSFG men 25-44",3.31,0.5,1e+06,0.95,0.338975685389766
"NSFG men 25-44",3.31,0.5,1e+06,1,0.374303307197917
"NSFG men 25-44",3.31,0.5,1e+06,1.05,0.412569784330942
"NSFG men 25-44",3.31,0.5,1e+06,1.1,0.454022719127347
"NSFG men 25-44",3.31,0.5,1e+06,1.15,0.498916637955818
"NSFG men 25-44",3.31,0.5,1e+06,1.2,0.547504223874062
"NSFG men 25-44",3.31,0.5,1e+06,1.25,0.600023766097885
"NSFG men 25-44",3.31,0.5,1e+06,1.3,0.656682784026031
"NSFG men 25-44",3.31,0.5,1e+06,1.35,0.717638513334629
"NSFG men 25-44",3.31,0.5,1e+06,1.4,0.78297674411037
"NSFG men 25-44",3.31,0.5,1e+06,1.45,0.852691115217889
"NSFG men 25-44",3.31,0.5,1e+06,1.5,0.926665197760331
"NSFG men 25-44",3.31,0.5,1e+06,1.55,1.00465953428994
"NSFG men 25-44",3.31,0.5,1e+06,1.6,1.08630538485154
"NSFG men 25-44",3.31,0.5,1e+06,1.65,1.17110641019689
"NSFG men 25-44",3.31,0.5,1e+06,1.7,1.25844892841549
"NSFG men 25-44",3.31,0.5,1e+06,1.75,1.3476206609629
"NSFG men 25-44",3.31,0.5,1e+06,1.8,1.43783700827496
"NSFG men 25-44",3.31,0.5,1e+06,1.85,1.52827294730097
"NSFG men 25-44",3.31,0.5,1e+06,1.9,1.61809783437335
"NSFG men 25-44",3.31,0.5,1e+06,1.95,1.70650998286791
"NSFG men 25-44",3.31,0.5,1e+06,2,1.79276801571192
"NSFG men 25-44",3.31,0.5,1e+06,2.05,1.87621660518526
"NSFG men 25-44",3.31,0.5,1e+06,2.1,1.95630508066145
"NSFG men 25-44",3.31,0.5,1e+06,2.15,2.03259827898455
"NSFG men 25-44",3.31,0.5,1e+06,2.2,2.10477980560679
"NSFG men 25-44",3.31,0.5,1e+06,2.25,2.17264852523231
"NSFG men 25-44",3.31,0.5,1e+06,2.3,2.23610958210932
"NSFG men 25-44",3.31,0.5,1e+06,2.35,2.29516152757376
"NSFG men 25-44",3.31,0.5,1e+06,2.4,2.34988118763717
"NSFG men 25-44",3.31,0.5,1e+06,2.45,2.40040775934786
"NSFG men 25-44",3.31,0.5,1e+06,2.5,2.44692734258943
"NSFG men 25-44",3.31,0.5,1e+06,2.55,2.48965876993645
"NSFG men 25-44",3.31,0.5,1e+06,2.6,2.52884125789223
"NSFG men 25-44",3.31,0.5,1e+06,2.65,2.56472411261146
"NSFG men 25-44",3.31,0.5,1e+06,2.7,2.59755850248513
"NSFG men 25-44",3.31,0.5,1e+06,2.75,2.62759116066522
"NSFG men 25-44",3.31,0.5,1e+06,2.8,2.65505979355561
"NSFG men 25-44",3.31,0.5,1e+06,2.85,2.68018993259391
"NSFG men 25-44",3.31,0.5,1e+06,2.9,2.70319296196804
"NSFG men 25-44",3.31,0.5,1e+06,2.95,2.72426507179753
"NSFG men 25-44",3.31,0.5,1e+06,3,2.74358691505788
"NSFG men 25-44",3.31,0.5,1e+06,3.05,2.7613237801933
"NSFG men 25-44",3.31,0.5,1e+06,3.1,2.77762612537517
"NSFG men 25-44",3.31,0.5,1e+06,3.15,2.79263035198604
"NSFG men 25-44",3.31,0.5,1e+06,3.2,2.80645972273274
"NSFG men 25-44",3.31,0.5,1e+06,3.25,2.81922535330213
"NSFG men 25-44",3.31,0.5,1e+06,3.3,2.83102722570842
"NSFG men 25-44",3.31,0.5,1e+06,3.35,2.84195518680068
"NSFG men 25-44",3.31,0.5,1e+06,3.4,2.85208990730665
"NSFG men 25-44",3.31,0.5,1e+06,3.45,2.861503785837
"NSFG men 25-44",3.31,0.5,1e+06,3.5,2.87026178899149
"NSFG men 25-44",3.31,0.5,1e+06,3.55,2.87842222357393
"NSFG men 25-44",3.31,0.5,1e+06,3.6,2.88603744034705
"NSFG men 25-44",3.31,0.5,1e+06,3.65,2.89315447108269
"NSFG men 25-44",3.31,0.5,1e+06,3.7,2.8998156021627
"NSFG men 25-44",3.31,0.5,1e+06,3.75,2.90605888888163
"NSFG men 25-44",3.31,0.5,1e+06,3.8,2.91191861506186
"NSFG men 25-44",3.31,0.5,1e+06,3.85,2.91742570274648
"NSFG men 25-44",3.31,0.5,1e+06,3.9,2.92260807668196
"NSFG men 25-44",3.31,0.5,1e+06,3.95,2.92749098811375
"NSFG men 25-44",3.31,0.5,1e+06,4,2.93209730214626
"NSFG men 25-44",3.31,0.5,1e+06,4.05,2.93644775260141
"NSFG men 25-44",3.31,0.5,1e+06,4.1,2.940561167974
"NSFG men 25-44",3.31,0.5,1e+06,4.15,2.94445467174472
"NSFG men 25-44",3.31,0.5,1e+06,4.2,2.94814385998521
"NSFG men 25-44",3.31,0.5,1e+06,4.25,2.95164295888084
"NSFG men 25-44",3.31,0.5,1e+06,4.3,2.95496496451023
"NSFG men 25-44",3.31,0.5,1e+06,4.35,2.95812176695812
"NSFG men 25-44",3.31,0.5,1e+06,4.4,2.96112426059995
"NSFG men 25-44",3.31,0.5,1e+06,4.45,2.96398244218209
"NSFG men 25-44",3.31,0.5,1e+06,4.5,2.96670549813006
"NSFG men 25-44",3.31,0.5,1e+06,4.55,2.9693018823466
"NSFG men 25-44",3.31,0.5,1e+06,4.6,2.97177938560983
"NSFG men 25-44",3.31,0.5,1e+06,4.65,2.97414519754861
"NSFG men 25-44",3.31,0.5,1e+06,4.7,2.97640596205369
"NSFG men 25-44",3.31,0.5,1e+06,4.75,2.97856782688027
"NSFG men 25-44",3.31,0.5,1e+06,4.8,2.98063648810573
"NSFG men 25-44",3.31,0.5,1e+06,4.85,2.9826172300268
"NSFG men 25-44",3.31,0.5,1e+06,4.9,2.98451496101003
"NSFG men 25-44",3.31,0.5,1e+06,4.95,2.98633424574786
"NSFG men 25-44",3.31,0.5,1e+06,5,2.98807933431885
"NSFG men 25-44",3.31,0.5,1e+06,5.05,2.98975418840314
"NSFG men 25-44",3.31,0.5,1e+06,5.1,2.99136250496298
"NSFG men 25-44",3.31,0.5,1e+06,5.15,2.99290773766165
"NSFG men 25-44",3.31,0.5,1e+06,5.2,2.99439311626248
"NSFG men 25-44",3.31,0.5,1e+06,5.25,2.9958216642215
"NSFG men 25-44",3.31,0.5,1e+06,5.3,2.99719621466286
"NSFG men 25-44",3.31,0.5,1e+06,5.35,2.99851942490458
"NSFG men 25-44",3.31,0.5,1e+06,5.4,2.99979378968319
"NSFG men 25-44",3.31,0.5,1e+06,5.45,3.00102165320925
"NSFG men 25-44",3.31,0.5,1e+06,5.5,3.00220522017098
"NSFG men 25-44",3.31,0.5,1e+06,5.55,3.00334656579042
"NSFG men 25-44",3.31,0.5,1e+06,5.6,3.0044476450249
"NSFG men 25-44",3.31,0.5,1e+06,5.65,3.00551030099695
"NSFG men 25-44",3.31,0.5,1e+06,5.7,3.00653627272639
"NSFG men 25-44",3.31,0.5,1e+06,5.75,3.00752720223091
"NSFG men 25-44",3.31,0.5,1e+06,5.8,3.00848464105422
"NSFG men 25-44",3.31,0.5,1e+06,5.85,3.00941005627481
"NSFG men 25-44",3.31,0.5,1e+06,5.9,3.01030483604284
"NSFG men 25-44",3.31,0.5,1e+06,5.95,3.01117029468786
"NSFG men 25-44",3.31,0.5,1e+06,6,3.01200767743564
"NSFG men 25-44",3.31,1,1e+06,0,0
"NSFG men 25-44",3.31,1,1e+06,0.05,0.026029766447829
"NSFG men 25-44",3.31,1,1e+06,0.1,0.0540621390509024
"NSFG men 25-44",3.31,1,1e+06,0.15,0.0842655334704452
"NSFG men 25-44",3.31,1,1e+06,0.2,0.116823941005656
"NSFG men 25-44",3.31,1,1e+06,0.25,0.151938511046038
"NSFG men 25-44",3.31,1,1e+06,0.3,0.1898292277434
"NSFG men 25-44",3.31,1,1e+06,0.35,0.230736612712158
"NSFG men 25-44",3.31,1,1e+06,0.4,0.274923329722177
"NSFG men 25-44",3.31,1,1e+06,0.45,0.322675485371478
"NSFG men 25-44",3.31,1,1e+06,0.5,0.374303307197917
"NSFG men 25-44",3.31,1,1e+06,0.55,0.430140740083676
"NSFG men 25-44",3.31,1,1e+06,0.6,0.490543350997227
"NSFG men 25-44",3.31,1,1e+06,0.65,0.55588381490326
"NSFG men 25-44",3.31,1,1e+06,0.7,0.626544246377467
"NSFG men 25-44",3.31,1,1e+06,0.75,0.702904835452367
"NSFG men 25-44",3.31,1,1e+06,0.8,0.785328707220808
"NSFG men 25-44",3.31,1,1e+06,0.85,0.874143617411033
"NSFG men 25-44",3.31,1,1e+06,0.9,0.969621841628841
"NSFG men 25-44",3.31,1,1e+06,0.95,1.07196014714923
"NSFG men 25-44",3.31,1,1e+06,1,1.18126185149982
"NSFG men 25-44",3.31,1,1e+06,1.05,1.29752266516246
"NSFG men 25-44",3.31,1,1e+06,1.1,1.42062145052047
"NSFG men 25-44",3.31,1,1e+06,1.15,1.55031639469428
"NSFG men 25-44",3.31,1,1e+06,1.2,1.68624649883113
"NSFG men 25-44",3.31,1,1e+06,1.25,1.82793777360236
"NSFG men 25-44",3.31,1,1e+06,1.3,1.97481313884257
"NSFG men 25-44",3.31,1,1e+06,1.35,2.12620480717718
"NSFG men 25-44",3.31,1,1e+06,1.4,2.2813679250253
"NSFG men 25-44",3.31,1,1e+06,1.45,2.43949444462738
"NSFG men 25-44",3.31,1,1e+06,1.5,2.59972656001383
"NSFG men 25-44",3.31,1,1e+06,1.55,2.76116948601678
"NSFG men 25-44",3.31,1,1e+06,1.6,2.92290381205457
"NSFG men 25-44",3.31,1,1e+06,1.65,3.08399803572301
"NSFG men 25-44",3.31,1,1e+06,1.7,3.24352208056385
"NSFG men 25-44",3.31,1,1e+06,1.75,3.40056253273679
"NSFG men 25-44",3.31,1,1e+06,1.8,3.55423993692586
"NSFG men 25-44",3.31,1,1e+06,1.85,3.70372782141631
"NSFG men 25-44",3.31,1,1e+06,1.9,3.8482723685521
"NSFG men 25-44",3.31,1,1e+06,1.95,3.98721108875735
"NSFG men 25-44",3.31,1,1e+06,2,4.11998870484292
"NSFG men 25-44",3.31,1,1e+06,2.05,4.24616872166328
"NSFG men 25-44",3.31,1,1e+06,2.1,4.36543968509526
"NSFG men 25-44",3.31,1,1e+06,2.15,4.47761573813759
"NSFG men 25-44",3.31,1,1e+06,2.2,4.58263165463349
"NSFG men 25-44",3.31,1,1e+06,2.25,4.68053303243911
"NSFG men 25-44",3.31,1,1e+06,2.3,4.7714627222065
"NSFG men 25-44",3.31,1,1e+06,2.35,4.85564480670925
"NSFG men 25-44",3.31,1,1e+06,2.4,4.93336749614679
"NSFG men 25-44",3.31,1,1e+06,2.45,5.00496617768697
"NSFG men 25-44",3.31,1,1e+06,2.5,5.07080760418889
"NSFG men 25-44",3.31,1,1e+06,2.55,5.13127589667132
"NSFG men 25-44",3.31,1,1e+06,2.6,5.18676072980898
"NSFG men 25-44",3.31,1,1e+06,2.65,5.23764781113908
"NSFG men 25-44",3.31,1,1e+06,2.7,5.28431157175945
"NSFG men 25-44",3.31,1,1e+06,2.75,5.32710986050893
"NSFG men 25-44",3.31,1,1e+06,2.8,5.36638036580561
"NSFG men 25-44",3.31,1,1e+06,2.85,5.40243846593616
"NSFG men 25-44",3.31,1,1e+06,2.9,5.43557621581626
"NSFG men 25-44",3.31,1,1e+06,2.95,5.46606220417611
"NSFG men 25-44",3.31,1,1e+06,3,5.49414205059095
"NSFG men 25-44",3.31,1,1e+06,3.05,5.5200393503088
"NSFG men 25-44",3.31,1,1e+06,3.1,5.54395691226381
"NSFG men 25-44",3.31,1,1e+06,3.15,5.5660781696103
"NSFG men 25-44",3.31,1,1e+06,3.2,5.58656867143702
"NSFG men 25-44",3.31,1,1e+06,3.25,5.60557758872533
"NSFG men 25-44",3.31,1,1e+06,3.3,5.62323918731186
"NSFG men 25-44",3.31,1,1e+06,3.35,5.63967423608874
"NSFG men 25-44",3.31,1,1e+06,3.4,5.65499133053019
"NSFG men 25-44",3.31,1,1e+06,3.45,5.66928812049232
"NSFG men 25-44",3.31,1,1e+06,3.5,5.68265243767932
"NSFG men 25-44",3.31,1,1e+06,3.55,5.69516332271692
"NSFG men 25-44",3.31,1,1e+06,3.6,5.70689195486263
"NSFG men 25-44",3.31,1,1e+06,3.65,5.71790248936898
"NSFG men 25-44",3.31,1,1e+06,3.7,5.72825280868949
"NSFG men 25-44",3.31,1,1e+06,3.75,5.73799519430405
"NSFG men 25-44",3.31,1,1e+06,3.8,5.74717692611367
"NSFG men 25-44",3.31,1,1e+06,3.85,5.75584081624618
"NSFG men 25-44",3.31,1,1e+06,3.9,5.76402568382349
"NSFG men 25-44",3.31,1,1e+06,3.95,5.77176677683741
"NSFG men 25-44",3.31,1,1e+06,4,5.7790961468179
"NSFG men 25-44",3.31,1,1e+06,4.05,5.78604298148958
"NSFG men 25-44",3.31,1,1e+06,4.1,5.79263390012541
"NSFG men 25-44",3.31,1,1e+06,4.15,5.7988932158349
"NSFG men 25-44",3.31,1,1e+06,4.2,5.80484316858048
"NSFG men 25-44",3.31,1,1e+06,4.25,5.81050413230269
"NSFG men 25-44",3.31,1,1e+06,4.3,5.81589479915753
"NSFG men 25-44",3.31,1,1e+06,4.35,5.8210323435265
"NSFG men 25-44",3.31,1,1e+06,4.4,5.82593256815156
"NSFG men 25-44",3.31,1,1e+06,4.45,5.83061003447153
"NSFG men 25-44",3.31,1,1e+06,4.5,5.83507817899049
"NSFG men 25-44",3.31,1,1e+06,4.55,5.83934941729132
"NSFG men 25-44",3.31,1,1e+06,4.6,5.8434352371144
"NSFG men 25-44",3.31,1,1e+06,4.65,5.84734628175184
"NSFG men 25-44",3.31,1,1e+06,4.7,5.85109242485774
"NSFG men 25-44",3.31,1,1e+06,4.75,5.85468283764334
"NSFG men 25-44",3.31,1,1e+06,4.8,5.85812604931016
"NSFG men 25-44",3.31,1,1e+06,4.85,5.86143000147296
"NSFG men 25-44",3.31,1,1e+06,4.9,5.8646020972348
"NSFG men 25-44",3.31,1,1e+06,4.95,5.86764924549869
"NSFG men 25-44",3.31,1,1e+06,5,5.87057790103141
"NSFG men 25-44",3.31,1,1e+06,5.05,5.87339410073514
"NSFG men 25-44",3.31,1,1e+06,5.1,5.87610349652946
"NSFG men 25-44",3.31,1,1e+06,5.15,5.87871138520018
"NSFG men 25-44",3.31,1,1e+06,5.2,5.88122273553044
"NSFG men 25-44",3.31,1,1e+06,5.25,5.88364221299398
"NSFG men 25-44",3.31,1,1e+06,5.3,5.88597420225865
"NSFG men 25-44",3.31,1,1e+06,5.35,5.88822282772096
"NSFG men 25-44",3.31,1,1e+06,5.4,5.89039197226761
"NSFG men 25-44",3.31,1,1e+06,5.45,5.89248529443869
"NSFG men 25-44",3.31,1,1e+06,5.5,5.8945062441482
"NSFG men 25-44",3.31,1,1e+06,5.55,5.89645807710076
"NSFG men 25-44",3.31,1,1e+06,5.6,5.89834386802842
"NSFG men 25-44",3.31,1,1e+06,5.65,5.90016652285875
"NSFG men 25-44",3.31,1,1e+06,5.7,5.90192878991327
"NSFG men 25-44",3.31,1,1e+06,5.75,5.90363327022533
"NSFG men 25-44",3.31,1,1e+06,5.8,5.9052824270575
"NSFG men 25-44",3.31,1,1e+06,5.85,5.9068785946899
"NSFG men 25-44",3.31,1,1e+06,5.9,5.90842398654435
"NSFG men 25-44",3.31,1,1e+06,5.95,5.90992070270224
"NSFG men 25-44",3.31,1,1e+06,6,5.91137073686867
"NSFG men 25-44",3.31,1.5,1e+06,0,0
"NSFG men 25-44",3.31,1.5,1e+06,0.05,0.0642962435808543
"NSFG men 25-44",3.31,1.5,1e+06,0.1,0.133781550980333
"NSFG men 25-44",3.31,1.5,1e+06,0.15,0.208878864228346
"NSFG men 25-44",3.31,1.5,1e+06,0.2,0.290024857681801
"NSFG men 25-44",3.31,1.5,1e+06,0.25,0.377658969946006
"NSFG men 25-44",3.31,1.5,1e+06,0.3,0.472208704571514
"NSFG men 25-44",3.31,1.5,1e+06,0.35,0.57407181884887
"NSFG men 25-44",3.31,1.5,1e+06,0.4,0.683596766634631
"NSFG men 25-44",3.31,1.5,1e+06,0.45,0.801063293391449
"NSFG men 25-44",3.31,1.5,1e+06,0.5,0.926665197760331
"NSFG men 25-44",3.31,1.5,1e+06,0.55,1.0604969671757
"NSFG men 25-44",3.31,1.5,1e+06,0.6,1.20254542865085
"NSFG men 25-44",3.31,1.5,1e+06,0.65,1.35268691790223
"NSFG men 25-44",3.31,1.5,1e+06,0.7,1.51068986759504
"NSFG men 25-44",3.31,1.5,1e+06,0.75,1.67622218921735
"NSFG men 25-44",3.31,1.5,1e+06,0.8,1.84886240829786
"NSFG men 25-44",3.31,1.5,1e+06,0.85,2.02811325751409
"NSFG men 25-44",3.31,1.5,1e+06,0.9,2.21341636880427
"NSFG men 25-44",3.31,1.5,1e+06,0.95,2.40416682281922
"NSFG men 25-44",3.31,1.5,1e+06,1,2.59972656001383
"NSFG men 25-44",3.31,1.5,1e+06,1.05,2.7994359631498
"NSFG men 25-44",3.31,1.5,1e+06,1.1,3.002623223984
"NSFG men 25-44",3.31,1.5,1e+06,1.15,3.20861136648091
"NSFG men 25-44",3.31,1.5,1e+06,1.2,3.41672299724
"NSFG men 25-44",3.31,1.5,1e+06,1.25,3.62628299163676
"NSFG men 25-44",3.31,1.5,1e+06,1.3,3.83661941375397
"NSFG men 25-44",3.31,1.5,1e+06,1.35,4.04706302755303
"NSFG men 25-44",3.31,1.5,1e+06,1.4,4.25694580546455
"NSFG men 25-44",3.31,1.5,1e+06,1.45,4.46559889677732
"NSFG men 25-44",3.31,1.5,1e+06,1.5,4.67235059540534
"NSFG men 25-44",3.31,1.5,1e+06,1.55,4.87652494875531
"NSFG men 25-44",3.31,1.5,1e+06,1.6,5.07744176274889
"NSFG men 25-44",3.31,1.5,1e+06,1.65,5.27441884113656
"NSFG men 25-44",3.31,1.5,1e+06,1.7,5.46677727585107
"NSFG men 25-44",3.31,1.5,1e+06,1.75,5.6538503862041
"NSFG men 25-44",3.31,1.5,1e+06,1.8,5.83499642328355
"NSFG men 25-44",3.31,1.5,1e+06,1.85,6.00961444681231
"NSFG men 25-44",3.31,1.5,1e+06,1.9,6.17716202332221
"NSFG men 25-44",3.31,1.5,1e+06,1.95,6.33717285335696
"NSFG men 25-44",3.31,1.5,1e+06,2,6.48927231270289
"NSFG men 25-44",3.31,1.5,1e+06,2.05,6.63318919465866
"NSFG men 25-44",3.31,1.5,1e+06,2.1,6.76876250327251
"NSFG men 25-44",3.31,1.5,1e+06,2.15,6.89594278292571
"NSFG men 25-44",3.31,1.5,1e+06,2.2,7.01478807016832
"NSFG men 25-44",3.31,1.5,1e+06,2.25,7.12545507854333
"NSFG men 25-44",3.31,1.5,1e+06,2.3,7.22818664071701
"NSFG men 25-44",3.31,1.5,1e+06,2.35,7.32329668631201
"NSFG men 25-44",3.31,1.5,1e+06,2.4,7.41115409625552
"NSFG men 25-44",3.31,1.5,1e+06,2.45,7.49216665632605
"NSFG men 25-44",3.31,1.5,1e+06,2.5,7.56676608598246
"NSFG men 25-44",3.31,1.5,1e+06,2.55,7.63539481304733
"NSFG men 25-44",3.31,1.5,1e+06,2.6,7.69849486295812
"NSFG men 25-44",3.31,1.5,1e+06,2.65,7.75649897502385
"NSFG men 25-44",3.31,1.5,1e+06,2.7,7.80982386672423
"NSFG men 25-44",3.31,1.5,1e+06,2.75,7.85886544219264
"NSFG men 25-44",3.31,1.5,1e+06,2.8,7.90399567366955
"NSFG men 25-44",3.31,1.5,1e+06,2.85,7.94556086148473
"NSFG men 25-44",3.31,1.5,1e+06,2.9,7.9838809853003
"NSFG men 25-44",3.31,1.5,1e+06,2.95,8.01924988509194
"NSFG men 25-44",3.31,1.5,1e+06,3,8.05193604553929
"NSFG men 25-44",3.31,1.5,1e+06,3.05,8.0821837957123
"NSFG men 25-44",3.31,1.5,1e+06,3.1,8.11021477303988
"NSFG men 25-44",3.31,1.5,1e+06,3.15,8.1362295341571
"NSFG men 25-44",3.31,1.5,1e+06,3.2,8.16040922422432
"NSFG men 25-44",3.31,1.5,1e+06,3.25,8.18291724040826
"NSFG men 25-44",3.31,1.5,1e+06,3.3,8.20390084462417
"NSFG men 25-44",3.31,1.5,1e+06,3.35,8.22349269584895
"NSFG men 25-44",3.31,1.5,1e+06,3.4,8.24181228393222
"NSFG men 25-44",3.31,1.5,1e+06,3.45,8.2589672554765
"NSFG men 25-44",3.31,1.5,1e+06,3.5,8.27505462861146
"NSFG men 25-44",3.31,1.5,1e+06,3.55,8.29016189786559
"NSFG men 25-44",3.31,1.5,1e+06,3.6,8.30436803327455
"NSFG men 25-44",3.31,1.5,1e+06,3.65,8.31774437971968
"NSFG men 25-44",3.31,1.5,1e+06,3.7,8.33035546354526
"NSFG men 25-44",3.31,1.5,1e+06,3.75,8.34225971398641
"NSFG men 25-44",3.31,1.5,1e+06,3.8,8.35351010702148
"NSFG men 25-44",3.31,1.5,1e+06,3.85,8.36415473907507
"NSFG men 25-44",3.31,1.5,1e+06,3.9,8.37423733763561
"NSFG men 25-44",3.31,1.5,1e+06,3.95,8.38379771538736
"NSFG men 25-44",3.31,1.5,1e+06,4,8.39287217393882
"NSFG men 25-44",3.31,1.5,1e+06,4.05,8.40149386269481
"NSFG men 25-44",3.31,1.5,1e+06,4.1,8.40969309789048
"NSFG men 25-44",3.31,1.5,1e+06,4.15,8.41749764629863
"NSFG men 25-44",3.31,1.5,1e+06,4.2,8.42493297764504
"NSFG men 25-44",3.31,1.5,1e+06,4.25,8.43202248932627
"NSFG men 25-44",3.31,1.5,1e+06,4.3,8.43878770662248
"NSFG men 25-44",3.31,1.5,1e+06,4.35,8.44524846123316
"NSFG men 25-44",3.31,1.5,1e+06,4.4,8.45142305063684
"NSFG men 25-44",3.31,1.5,1e+06,4.45,8.45732838048286
"NSFG men 25-44",3.31,1.5,1e+06,4.5,8.46298009196355
"NSFG men 25-44",3.31,1.5,1e+06,4.55,8.46839267588382
"NSFG men 25-44",3.31,1.5,1e+06,4.6,8.47357957494138
"NSFG men 25-44",3.31,1.5,1e+06,4.65,8.47855327555086
"NSFG men 25-44",3.31,1.5,1e+06,4.7,8.48332539038622
"NSFG men 25-44",3.31,1.5,1e+06,4.75,8.48790673267633
"NSFG men 25-44",3.31,1.5,1e+06,4.8,8.49230738316647
"NSFG men 25-44",3.31,1.5,1e+06,4.85,8.49653675054985
"NSFG men 25-44",3.31,1.5,1e+06,4.9,8.50060362607973
"NSFG men 25-44",3.31,1.5,1e+06,4.95,8.50451623298863
"NSFG men 25-44",3.31,1.5,1e+06,5,8.50828227126914
"NSFG men 25-44",3.31,1.5,1e+06,5.05,8.51190895830598
"NSFG men 25-44",3.31,1.5,1e+06,5.1,8.51540306579349
"NSFG men 25-44",3.31,1.5,1e+06,5.15,8.51877095332249
"NSFG men 25-44",3.31,1.5,1e+06,5.2,8.52201859897782
"NSFG men 25-44",3.31,1.5,1e+06,5.25,8.52515162724891
"NSFG men 25-44",3.31,1.5,1e+06,5.3,8.52817533452244
"NSFG men 25-44",3.31,1.5,1e+06,5.35,8.53109471239656
"NSFG men 25-44",3.31,1.5,1e+06,5.4,8.53391446902962
"NSFG men 25-44",3.31,1.5,1e+06,5.45,8.53663904871357
"NSFG men 25-44",3.31,1.5,1e+06,5.5,8.53927264984174
"NSFG men 25-44",3.31,1.5,1e+06,5.55,8.5418192414226
"NSFG men 25-44",3.31,1.5,1e+06,5.6,8.54428257827518
"NSFG men 25-44",3.31,1.5,1e+06,5.65,8.54666621502772
"NSFG men 25-44",3.31,1.5,1e+06,5.7,8.54897351902853
"NSFG men 25-44",3.31,1.5,1e+06,5.75,8.55120768226694
"NSFG men 25-44",3.31,1.5,1e+06,5.8,8.55337173239235
"NSFG men 25-44",3.31,1.5,1e+06,5.85,8.55546854291054
"NSFG men 25-44",3.31,1.5,1e+06,5.9,8.55750084262859
"NSFG men 25-44",3.31,1.5,1e+06,5.95,8.5594712244127
"NSFG men 25-44",3.31,1.5,1e+06,6,8.56138215331731
"NSFG men 25-44",3.31,2,1e+06,0,0
"NSFG men 25-44",3.31,2,1e+06,0.05,0.142290580110466
"NSFG men 25-44",3.31,2,1e+06,0.1,0.293421738071546
"NSFG men 25-44",3.31,2,1e+06,0.15,0.453320076664902
"NSFG men 25-44",3.31,2,1e+06,0.2,0.621808588336958
"NSFG men 25-44",3.31,2,1e+06,0.25,0.798614433148576
"NSFG men 25-44",3.31,2,1e+06,0.3,0.983380515086147
"NSFG men 25-44",3.31,2,1e+06,0.35,1.17567956838951
"NSFG men 25-44",3.31,2,1e+06,0.4,1.37502940324765
"NSFG men 25-44",3.31,2,1e+06,0.45,1.58090807849903
"NSFG men 25-44",3.31,2,1e+06,0.5,1.79276801571192
"NSFG men 25-44",3.31,2,1e+06,0.55,2.01004837460063
"NSFG men 25-44",3.31,2,1e+06,0.6,2.23218531155197
"NSFG men 25-44",3.31,2,1e+06,0.65,2.45861999912645
"NSFG men 25-44",3.31,2,1e+06,0.7,2.6888044754415
"NSFG men 25-44",3.31,2,1e+06,0.75,2.92220551668933
"NSFG men 25-44",3.31,2,1e+06,0.8,3.15830679264684
"NSFG men 25-44",3.31,2,1e+06,0.85,3.39660958732752
"NSFG men 25-44",3.31,2,1e+06,0.9,3.63663235868111
"NSFG men 25-44",3.31,2,1e+06,0.95,3.87790938440675
"NSFG men 25-44",3.31,2,1e+06,1,4.11998870484292
"NSFG men 25-44",3.31,2,1e+06,1.05,4.36242953532592
"NSFG men 25-44",3.31,2,1e+06,1.1,4.6047992841159
"NSFG men 25-44",3.31,2,1e+06,1.15,4.84667028133205
"NSFG men 25-44",3.31,2,1e+06,1.2,5.0876163019648
"NSFG men 25-44",3.31,2,1e+06,1.25,5.32720895454165
"NSFG men 25-44",3.31,2,1e+06,1.3,5.56501400954925
"NSFG men 25-44",3.31,2,1e+06,1.35,5.8005877623866
"NSFG men 25-44",3.31,2,1e+06,1.4,6.03347356967225
"NSFG men 25-44",3.31,2,1e+06,1.45,6.26319877081452
"NSFG men 25-44",3.31,2,1e+06,1.5,6.48927231270289
"NSFG men 25-44",3.31,2,1e+06,1.55,6.71118353118827
"NSFG men 25-44",3.31,2,1e+06,1.6,6.92840269036373
"NSFG men 25-44",3.31,2,1e+06,1.65,7.14038399536226
"NSFG men 25-44",3.31,2,1e+06,1.7,7.34657180082348
"NSFG men 25-44",3.31,2,1e+06,1.75,7.5464105417459
"NSFG men 25-44",3.31,2,1e+06,1.8,7.73935845123164
"NSFG men 25-44",3.31,2,1e+06,1.85,7.92490443585265
"NSFG men 25-44",3.31,2,1e+06,1.9,8.10258673286853
"NSFG men 25-44",3.31,2,1e+06,1.95,8.27201144143362
"NSFG men 25-44",3.31,2,1e+06,2,8.43286890393405
"NSFG men 25-44",3.31,2,1e+06,2.05,8.58494622047225
"NSFG men 25-44",3.31,2,1e+06,2.1,8.72813474585924
"NSFG men 25-44",3.31,2,1e+06,2.15,8.86243205624807
"NSFG men 25-44",3.31,2,1e+06,2.2,8.98793847457069
"NSFG men 25-44",3.31,2,1e+06,2.25,9.10484876966462
"NSFG men 25-44",3.31,2,1e+06,2.3,9.21344005801854
"NSFG men 25-44",3.31,2,1e+06,2.35,9.31405719129817
"NSFG men 25-44",3.31,2,1e+06,2.4,9.40709697517715
"NSFG men 25-44",3.31,2,1e+06,2.45,9.49299244667946
"NSFG men 25-44",3.31,2,1e+06,2.5,9.57219819036839
"NSFG men 25-44",3.31,2,1e+06,2.55,9.64517736788841
"NSFG men 25-44",3.31,2,1e+06,2.6,9.71239083317179
"NSFG men 25-44",3.31,2,1e+06,2.65,9.77428844900824
"NSFG men 25-44",3.31,2,1e+06,2.7,9.83130252894911
"NSFG men 25-44",3.31,2,1e+06,2.75,9.88384320331315
"NSFG men 25-44",3.31,2,1e+06,2.8,9.93229544041945
"NSFG men 25-44",3.31,2,1e+06,2.85,9.97701743068253
"NSFG men 25-44",3.31,2,1e+06,2.9,10.0183400481399
"NSFG men 25-44",3.31,2,1e+06,2.95,10.0565671295137
"NSFG men 25-44",3.31,2,1e+06,3,10.091976345909
"NSFG men 25-44",3.31,2,1e+06,3.05,10.1248204802986
"NSFG men 25-44",3.31,2,1e+06,3.1,10.1553289608894
"NSFG men 25-44",3.31,2,1e+06,3.15,10.1837095339454
"NSFG men 25-44",3.31,2,1e+06,3.2,10.2101499885177
"NSFG men 25-44",3.31,2,1e+06,3.25,10.2348198695282
"NSFG men 25-44",3.31,2,1e+06,3.3,10.2578721349696
"NSFG men 25-44",3.31,2,1e+06,3.35,10.2794447281154
"NSFG men 25-44",3.31,2,1e+06,3.4,10.2996620471819
"NSFG men 25-44",3.31,2,1e+06,3.45,10.318636303464
"NSFG men 25-44",3.31,2,1e+06,3.5,10.33646876517
"NSFG men 25-44",3.31,2,1e+06,3.55,10.3532508885084
"NSFG men 25-44",3.31,2,1e+06,3.6,10.3690653404772
"NSFG men 25-44",3.31,2,1e+06,3.65,10.383986919621
"NSFG men 25-44",3.31,2,1e+06,3.7,10.3980833820474
"NSFG men 25-44",3.31,2,1e+06,3.75,10.4114161804476
"NSFG men 25-44",3.31,2,1e+06,3.8,10.424041123924
"NSFG men 25-44",3.31,2,1e+06,3.85,10.4360089662193
"NSFG men 25-44",3.31,2,1e+06,3.9,10.4473659295585
"NSFG men 25-44",3.31,2,1e+06,3.95,10.4581541708363
"NSFG men 25-44",3.31,2,1e+06,4,10.4684121963495
"NSFG men 25-44",3.31,2,1e+06,4.05,10.4781752307249
"NSFG men 25-44",3.31,2,1e+06,4.1,10.487475545155
"NSFG men 25-44",3.31,2,1e+06,4.15,10.4963427495353
"NSFG men 25-44",3.31,2,1e+06,4.2,10.5048040526111
"NSFG men 25-44",3.31,2,1e+06,4.25,10.5128844937969
"NSFG men 25-44",3.31,2,1e+06,4.3,10.5206071499164
"NSFG men 25-44",3.31,2,1e+06,4.35,10.5279933197476
"NSFG men 25-44",3.31,2,1e+06,4.4,10.5350626889194
"NSFG men 25-44",3.31,2,1e+06,4.45,10.5418334774104
"NSFG men 25-44",3.31,2,1e+06,4.5,10.5483225716389
"NSFG men 25-44",3.31,2,1e+06,4.55,10.5545456428922
"NSFG men 25-44",3.31,2,1e+06,4.6,10.560517253643
"NSFG men 25-44",3.31,2,1e+06,4.65,10.5662509531108
"NSFG men 25-44",3.31,2,1e+06,4.7,10.5717593632712
"NSFG men 25-44",3.31,2,1e+06,4.75,10.5770542563688
"NSFG men 25-44",3.31,2,1e+06,4.8,10.5821466248678
"NSFG men 25-44",3.31,2,1e+06,4.85,10.587046744663
"NSFG men 25-44",3.31,2,1e+06,4.9,10.5917642322793
"NSFG men 25-44",3.31,2,1e+06,4.95,10.5963080967011
"NSFG men 25-44",3.31,2,1e+06,5,10.6006867864003
"NSFG men 25-44",3.31,2,1e+06,5.05,10.6049082320654
"NSFG men 25-44",3.31,2,1e+06,5.1,10.6089798854778
"NSFG men 25-44",3.31,2,1e+06,5.15,10.612908754929
"NSFG men 25-44",3.31,2,1e+06,5.2,10.6167014375307
"NSFG men 25-44",3.31,2,1e+06,5.25,10.6203641487281
"NSFG men 25-44",3.31,2,1e+06,5.3,10.6239027492949
"NSFG men 25-44",3.31,2,1e+06,5.35,10.6273227700548
"NSFG men 25-44",3.31,2,1e+06,5.4,10.6306294345514
"NSFG men 25-44",3.31,2,1e+06,5.45,10.6338276798616
"NSFG men 25-44",3.31,2,1e+06,5.5,10.636922175728
"NSFG men 25-44",3.31,2,1e+06,5.55,10.6399173421677
"NSFG men 25-44",3.31,2,1e+06,5.6,10.6428173656983
"NSFG men 25-44",3.31,2,1e+06,5.65,10.645626214305
"NSFG men 25-44",3.31,2,1e+06,5.7,10.6483476512655
"NSFG men 25-44",3.31,2,1e+06,5.75,10.6509852479306
"NSFG men 25-44",3.31,2,1e+06,5.8,10.6535423955548
"NSFG men 25-44",3.31,2,1e+06,5.85,10.6560223162578
"NSFG men 25-44",3.31,2,1e+06,5.9,10.6584280731916
"NSFG men 25-44",3.31,2,1e+06,5.95,10.6607625799809
"NSFG men 25-44",3.31,2,1e+06,6,10.6630286094963
